Cohort,Segment,ForecastMonth,OpeningGBV,Coll_Principal,Coll_Interest,InterestRevenue,ClosingGBV,PQ_Coll_Rate,PQ_Revenue_Rate,PQ_Principal_Rate,PQ_Interest_Rate
201912,NRP-S,2025-10-31,60918.41999999999,0.0,-246.76357354376577,507.65349999999995,61179.309926456226,-0.004050721826727709,0.008333333333333333,0.0,-0.004050721826727709
201912,NRP-S,2025-11-30,61179.309926456226,0.0,-222.7842172020388,509.82758272046857,61466.35329197466,-0.0036414960788189368,0.008333333333333333,0.0,-0.0036414960788189368
201912,NRP-S,2025-12-31,61466.35329197466,0.0,-200.06353747834822,512.2196107664555,61778.50936526277,-0.0032548463795796633,0.008333333333333333,0.0,-0.0032548463795796633
201912,NRP-S,2026-01-31,61778.50936526277,0.0,-178.4986796792184,514.8209113771898,62114.831596960736,-0.002889332900925995,0.008333333333333333,0.0,-0.002889332900925995
201912,NRP-S,2026-02-28,62114.831596960736,0.0,-157.99679361136847,517.6235966413395,62474.458399990704,-0.0025436242769931172,0.008333333333333335,0.0,-0.0025436242769931172
201912,NRP-S,2026-03-31,62474.458399990704,0.0,-138.47389496216857,520.6204866665893,62856.60499169512,-0.002216488121843233,0.008333333333333335,0.0,-0.002216488121843233
201912,NRP-S,2026-04-30,62856.60499169512,0.0,-119.85387384439086,523.8050415974594,63260.55615944819,-0.0019067824910401453,0.008333333333333335,0.0,-0.0019067824910401453
201912,NRP-S,2026-05-31,63260.55615944819,0.0,-102.06762931806556,527.171301328735,63685.65983145886,-0.0016134481818465864,0.008333333333333335,0.0,-0.0016134481818465864
201912,NRP-S,2026-06-30,63685.65983145886,0.0,-85.05231205084426,530.7138319288239,64131.32135133684,-0.0013355017797716355,0.008333333333333333,0.0,-0.0013355017797716355
201912,NRP-S,2026-07-31,64131.32135133684,0.0,-68.75066005234032,534.427677927807,64596.998369212306,-0.001072029370417879,0.008333333333333335,0.0,-0.001072029370417879
201912,NRP-S,2026-08-31,64596.998369212306,0.0,-53.110414723656824,538.3083197434358,65082.19627423209,-0.0008221808453095225,0.008333333333333333,0.0,-0.0008221808453095225
201912,NRP-S,2026-09-30,65082.19627423209,0.0,-38.083806385608796,542.3516356186008,65586.46410346508,-0.0005851647388348397,0.008333333333333333,0.0,-0.0005851647388348397
201912,NRP-S,2026-10-31,65586.46410346508,0.0,-23.62710005681379,546.5538675288757,66109.39087093715,-0.00036024354079434995,0.008333333333333333,0.0,-0.00036024354079434995
201912,NRP-S,2026-11-30,66109.39087093715,0.0,-9.700193601181695,550.911590591143,66650.60226792711,-0.00014672943546127984,0.008333333333333335,0.0,-0.00014672943546127984
201912,NRP-S,2026-12-31,66650.60226792711,0.0,0.0,555.4216855660593,67206.02395349318,0.0,0.008333333333333333,0.0,0.0
201912,NRP-S,2027-01-31,67206.02395349318,0.0,0.0,560.0501996124432,67766.07415310561,0.0,0.008333333333333335,0.0,0.0
201912,NRP-S,2027-02-28,67766.07415310561,0.0,0.0,564.7172846092135,68330.79143771483,0.0,0.008333333333333335,0.0,0.0
201912,NRP-S,2027-03-31,68330.79143771483,0.0,0.0,569.4232619809569,68900.21469969579,0.0,0.008333333333333333,0.0,0.0
201912,NRP-S,2027-04-30,68900.21469969579,0.0,0.0,574.1684558307983,69474.3831555266,0.0,0.008333333333333333,0.0,0.0
201912,NRP-S,2027-05-31,69474.3831555266,0.0,0.0,578.9531929627216,70053.33634848932,0.0,0.008333333333333333,0.0,0.0
201912,NRP-S,2027-06-30,70053.33634848932,0.0,0.0,583.7778029040777,70637.1141513934,0.0,0.008333333333333333,0.0,0.0
201912,NRP-S,2027-07-31,70637.1141513934,0.0,0.0,588.6426179282784,71225.75676932167,0.0,0.008333333333333333,0.0,0.0
201912,NRP-S,2027-08-31,71225.75676932167,0.0,0.0,593.5479730776806,71819.30474239936,0.0,0.008333333333333333,0.0,0.0
201912,NRP-S,2027-09-30,71819.30474239936,0.0,0.0,598.4942061866614,72417.79894858602,0.0,0.008333333333333335,0.0,0.0
201912,NRP-S,2027-10-31,72417.79894858602,0.0,0.0,603.4816579048835,73021.2806064909,0.0,0.008333333333333333,0.0,0.0
201912,NRP-S,2027-11-30,73021.2806064909,0.0,0.0,608.5106717207575,73629.79127821165,0.0,0.008333333333333333,0.0,0.0
201912,NRP-S,2027-12-31,73629.79127821165,0.0,0.0,613.5815939850971,74243.37287219675,0.0,0.008333333333333335,0.0,0.0
201912,NRP-S,2028-01-31,74243.37287219675,0.0,0.0,618.6947739349729,74862.06764613172,0.0,0.008333333333333333,0.0,0.0
201912,NRP-S,2028-02-29,74862.06764613172,0.0,0.0,623.8505637177644,75485.91820984948,0.0,0.008333333333333335,0.0,0.0
201912,NRP-S,2028-03-31,75485.91820984948,0.0,0.0,629.0493184154124,76114.9675282649,0.0,0.008333333333333333,0.0,0.0
201912,NRP-S,2028-04-30,76114.9675282649,-520.0120457641053,0.0,634.2913960688742,76229.24687856967,-0.006831928891922624,0.008333333333333333,-0.006831928891922624,0.0
201912,NRP-S,2028-05-31,76229.24687856967,-520.7927941592026,0.0,635.2437239880807,76343.69780839855,-0.0068319288919226236,0.008333333333333335,-0.0068319288919226236,0.0
201912,NRP-S,2028-06-30,76343.69780839855,-521.5747147734079,0.0,636.1974817366546,76458.3205753618,-0.0068319288919226236,0.008333333333333333,-0.0068319288919226236,0.0
201912,NRP-S,2028-07-31,76458.3205753618,-522.3578093666962,0.0,637.1526714613483,76573.11543745644,-0.006831928891922623,0.008333333333333333,-0.006831928891922623,0.0
201912,NRP-S,2028-08-31,76573.11543745644,-523.1420797016849,0.0,638.109295312137,76688.08265306689,-0.0068319288919226236,0.008333333333333333,-0.0068319288919226236,0.0
201912,NRP-S,2028-09-30,76688.08265306689,-523.9275275436378,0.0,639.0673554422241,76803.22248096547,-0.006831928891922623,0.008333333333333333,-0.006831928891922623,0.0
201912,NRP-S,2028-10-31,76803.22248096547,-524.7141546604691,0.0,640.0268540080457,76918.53518031305,-0.0068319288919226236,0.008333333333333335,-0.0068319288919226236,0.0
201912,NRP-S,2028-11-30,76918.53518031305,-525.5019628227475,0.0,640.9877931692754,77034.02101065958,-0.0068319288919226236,0.008333333333333333,-0.0068319288919226236,0.0
201912,NRP-S,2028-12-31,77034.02101065958,-526.2909538036996,0.0,641.9501750888298,77149.6802319447,-0.0068319288919226236,0.008333333333333333,-0.0068319288919226236,0.0
201912,NRP-S,2029-01-31,77149.6802319447,-527.0811293792146,0.0,642.9140019328726,77265.51310449836,-0.006831928891922623,0.008333333333333333,-0.006831928891922623,0.0
202001,NON PRIME,2025-10-31,98748.52000000002,0.0,0.0,822.9043333333335,99571.42433333336,0.0,0.008333333333333333,0.0,0.0
202001,NON PRIME,2025-11-30,99571.42433333336,0.0,0.0,829.7618694444446,100401.1862027778,0.0,0.008333333333333333,0.0,0.0
202001,NON PRIME,2025-12-31,100401.1862027778,0.0,0.0,836.676551689815,101237.86275446761,0.0,0.008333333333333333,0.0,0.0
202001,NON PRIME,2026-01-31,101237.86275446761,0.0,0.0,843.6488562872302,102081.51161075484,0.0,0.008333333333333333,0.0,0.0
202001,NON PRIME,2026-02-28,102081.51161075484,0.0,0.0,850.679263422957,102932.1908741778,0.0,0.008333333333333333,0.0,0.0
202001,NON PRIME,2026-03-31,102932.1908741778,0.0,0.0,857.7682572848151,103789.95913146262,0.0,0.008333333333333335,0.0,0.0
202001,NON PRIME,2026-04-30,103789.95913146262,0.0,0.0,864.9163260955219,104654.87545755814,0.0,0.008333333333333333,0.0,0.0
202001,NON PRIME,2026-05-31,104654.87545755814,0.0,0.0,872.1239621463179,105526.99941970446,0.0,0.008333333333333335,0.0,0.0
202001,NON PRIME,2026-06-30,105526.99941970446,0.0,0.0,879.3916618308705,106406.39108153533,0.0,0.008333333333333333,0.0,0.0
202001,NON PRIME,2026-07-31,106406.39108153533,0.0,0.0,886.7199256794611,107293.11100721479,0.0,0.008333333333333333,0.0,0.0
202001,NON PRIME,2026-08-31,107293.11100721479,0.0,0.0,894.1092583934566,108187.22026560824,0.0,0.008333333333333333,0.0,0.0
202001,NON PRIME,2026-09-30,108187.22026560824,0.0,0.0,901.5601688800688,109088.7804344883,0.0,0.008333333333333335,0.0,0.0
202001,NON PRIME,2026-10-31,109088.7804344883,0.0,0.0,909.0731702874026,109997.85360477571,0.0,0.008333333333333333,0.0,0.0
202001,NON PRIME,2026-11-30,109997.85360477571,0.0,0.0,916.6487800397977,110914.50238481551,0.0,0.008333333333333335,0.0,0.0
202001,NON PRIME,2026-12-31,110914.50238481551,0.0,0.0,924.2875198734627,111838.78990468898,0.0,0.008333333333333333,0.0,0.0
202001,NON PRIME,2027-01-31,111838.78990468898,0.0,0.0,931.9899158724082,112770.7798205614,0.0,0.008333333333333333,0.0,0.0
202001,NON PRIME,2027-02-28,112770.7798205614,0.0,0.0,939.7564985046783,113710.53631906607,0.0,0.008333333333333333,0.0,0.0
202001,NON PRIME,2027-03-31,113710.53631906607,0.0,0.0,947.587802658884,114658.12412172496,0.0,0.008333333333333333,0.0,0.0
202001,NON PRIME,2027-04-30,114658.12412172496,0.0,0.0,955.4843676810415,115613.608489406,0.0,0.008333333333333335,0.0,0.0
202001,NON PRIME,2027-05-31,115613.608489406,0.0,0.0,963.4467374117168,116577.05522681773,0.0,0.008333333333333333,0.0,0.0
202001,NON PRIME,2027-06-30,116577.05522681773,0.0,0.0,971.4754602234812,117548.5306870412,0.0,0.008333333333333335,0.0,0.0
202001,NON PRIME,2027-07-31,117548.5306870412,0.0,0.0,979.5710890586766,118528.10177609988,0.0,0.008333333333333333,0.0,0.0
202001,NON PRIME,2027-08-31,118528.10177609988,0.0,0.0,987.7341814674991,119515.83595756738,0.0,0.008333333333333333,0.0,0.0
202001,NON PRIME,2027-09-30,119515.83595756738,0.0,0.0,995.965299646395,120511.80125721378,0.0,0.008333333333333335,0.0,0.0
202001,NON PRIME,2027-10-31,120511.80125721378,0.0,0.0,1004.2650104767816,121516.06626769056,0.0,0.008333333333333335,0.0,0.0
202001,NON PRIME,2027-11-30,121516.06626769056,0.0,0.0,1012.633885564088,122528.70015325466,0.0,0.008333333333333333,0.0,0.0
202001,NON PRIME,2027-12-31,122528.70015325466,0.0,0.0,1021.0725012771222,123549.77265453179,0.0,0.008333333333333333,0.0,0.0
202001,NON PRIME,2028-01-31,123549.77265453179,0.0,0.0,1029.581438787765,124579.35409331955,0.0,0.008333333333333333,0.0,0.0
202001,NON PRIME,2028-02-29,124579.35409331955,0.0,0.0,1038.1612841109963,125617.51537743054,0.0,0.008333333333333335,0.0,0.0
202001,NON PRIME,2028-03-31,125617.51537743054,0.0,0.0,1046.8126281452544,126664.3280055758,0.0,0.008333333333333333,0.0,0.0
202001,NON PRIME,2028-04-30,126664.3280055758,0.0,0.0,1055.5360667131317,127719.86407228892,0.0,0.008333333333333335,0.0,0.0
202001,NON PRIME,2028-05-31,127719.86407228892,0.0,0.0,1064.3322006024077,128784.19627289133,0.0,0.008333333333333333,0.0,0.0
202001,NON PRIME,2028-06-30,128784.19627289133,0.0,0.0,1073.201635607428,129857.39790849877,0.0,0.008333333333333335,0.0,0.0
202001,NON PRIME,2028-07-31,129857.39790849877,0.0,0.0,1082.144982570823,130939.54289106959,0.0,0.008333333333333333,0.0,0.0
202001,NON PRIME,2028-08-31,130939.54289106959,0.0,0.0,1091.16285742558,132030.70574849518,0.0,0.008333333333333333,0.0,0.0
202001,NON PRIME,2028-09-30,132030.70574849518,0.0,0.0,1100.2558812374598,133130.96162973263,0.0,0.008333333333333333,0.0,0.0
202001,NON PRIME,2028-10-31,133130.96162973263,0.0,0.0,1109.424680247772,134240.38630998041,0.0,0.008333333333333333,0.0,0.0
202001,NON PRIME,2028-11-30,134240.38630998041,0.0,0.0,1118.6698859165035,135359.0561958969,0.0,0.008333333333333333,0.0,0.0
202001,NON PRIME,2028-12-31,135359.0561958969,0.0,0.0,1127.9921349658077,136487.04833086272,0.0,0.008333333333333335,0.0,0.0
202001,NON PRIME,2029-01-31,136487.04833086272,0.0,0.0,1137.3920694238561,137624.44040028658,0.0,0.008333333333333335,0.0,0.0
202001,NRP-S,2025-10-31,4571.870000000001,0.0,0.0,38.098916666666675,4609.968916666668,0.0,0.008333333333333333,0.0,0.0
202001,NRP-S,2025-11-30,4609.968916666668,0.0,0.0,38.4164076388889,4648.385324305556,0.0,0.008333333333333333,0.0,0.0
202001,NRP-S,2025-12-31,4648.385324305556,0.0,0.0,38.73654436921297,4687.12186867477,0.0,0.008333333333333333,0.0,0.0
202001,NRP-S,2026-01-31,4687.12186867477,0.0,0.0,39.05934890562308,4726.1812175803925,0.0,0.008333333333333333,0.0,0.0
202001,NRP-S,2026-02-28,4726.1812175803925,0.0,0.0,39.384843479836604,4765.566061060229,0.0,0.008333333333333333,0.0,0.0
202001,NRP-S,2026-03-31,4765.566061060229,0.0,0.0,39.713050508835245,4805.279111569064,0.0,0.008333333333333333,0.0,0.0
202001,NRP-S,2026-04-30,4805.279111569064,0.0,0.0,40.04399259640887,4845.3231041654735,0.0,0.008333333333333333,0.0,0.0
202001,NRP-S,2026-05-31,4845.3231041654735,0.0,0.0,40.37769253471228,4885.7007967001855,0.0,0.008333333333333333,0.0,0.0
202001,NRP-S,2026-06-30,4885.7007967001855,0.0,0.0,40.71417330583488,4926.414970006021,0.0,0.008333333333333335,0.0,0.0
202001,NRP-S,2026-07-31,4926.414970006021,0.0,0.0,41.05345808338351,4967.468428089404,0.0,0.008333333333333335,0.0,0.0
202001,NRP-S,2026-08-31,4967.468428089404,0.0,0.0,41.39557023407837,5008.8639983234825,0.0,0.008333333333333333,0.0,0.0
202001,NRP-S,2026-09-30,5008.8639983234825,0.0,0.0,41.740533319362356,5050.604531642844,0.0,0.008333333333333333,0.0,0.0
202001,NRP-S,2026-10-31,5050.604531642844,0.0,0.0,42.0883710970237,5092.692902739868,0.0,0.008333333333333333,0.0,0.0
202001,NRP-S,2026-11-30,5092.692902739868,0.0,0.0,42.43910752283224,5135.1320102627005,0.0,0.008333333333333333,0.0,0.0
202001,NRP-S,2026-12-31,5135.1320102627005,0.0,0.0,42.79276675218917,5177.9247770148895,0.0,0.008333333333333333,0.0,0.0
202001,NRP-S,2027-01-31,5177.9247770148895,0.0,0.0,43.149373141790754,5221.07415015668,0.0,0.008333333333333335,0.0,0.0
202001,NRP-S,2027-02-28,5221.07415015668,0.0,0.0,43.50895125130567,5264.583101407986,0.0,0.008333333333333333,0.0,0.0
202001,NRP-S,2027-03-31,5264.583101407986,0.0,0.0,43.87152584506655,5308.454627253052,0.0,0.008333333333333333,0.0,0.0
202001,NRP-S,2027-04-30,5308.454627253052,0.0,0.0,44.237121893775445,5352.6917491468275,0.0,0.008333333333333335,0.0,0.0
202001,NRP-S,2027-05-31,5352.6917491468275,0.0,0.0,44.60576457622357,5397.297513723051,0.0,0.008333333333333335,0.0,0.0
202001,NRP-S,2027-06-30,5397.297513723051,0.0,0.0,44.97747928102543,5442.274993004077,0.0,0.008333333333333333,0.0,0.0
202001,NRP-S,2027-07-31,5442.274993004077,0.0,0.0,45.35229160836732,5487.627284612445,0.0,0.008333333333333335,0.0,0.0
202001,NRP-S,2027-08-31,5487.627284612445,0.0,0.0,45.730227371770376,5533.357511984215,0.0,0.008333333333333333,0.0,0.0
202001,NRP-S,2027-09-30,5533.357511984215,0.0,0.0,46.11131259986846,5579.468824584083,0.0,0.008333333333333333,0.0,0.0
202001,NRP-S,2027-10-31,5579.468824584083,0.0,0.0,46.495573538200695,5625.964398122284,0.0,0.008333333333333333,0.0,0.0
202001,NRP-S,2027-11-30,5625.964398122284,0.0,0.0,46.88303665101904,5672.847434773304,0.0,0.008333333333333333,0.0,0.0
202001,NRP-S,2027-12-31,5672.847434773304,0.0,0.0,47.27372862311086,5720.121163396415,0.0,0.008333333333333333,0.0,0.0
202001,NRP-S,2028-01-31,5720.121163396415,0.0,0.0,47.66767636163679,5767.788839758052,0.0,0.008333333333333333,0.0,0.0
202001,NRP-S,2028-02-29,5767.788839758052,0.0,0.0,48.06490699798377,5815.853746756035,0.0,0.008333333333333333,0.0,0.0
202001,NRP-S,2028-03-31,5815.853746756035,0.0,0.0,48.46544788963363,5864.319194645669,0.0,0.008333333333333333,0.0,0.0
202001,NRP-S,2028-04-30,5864.319194645669,0.0,0.0,48.86932662204725,5913.188521267716,0.0,0.008333333333333333,0.0,0.0
202001,NRP-S,2028-05-31,5913.188521267716,-886.9782781901574,0.0,49.276571010564304,5075.486814088123,-0.15,0.008333333333333333,-0.15,0.0
202001,NRP-S,2028-06-30,5075.486814088123,-761.3230221132184,0.0,42.29572345073436,4356.4595154256385,-0.15,0.008333333333333333,-0.15,0.0
202001,NRP-S,2028-07-31,4356.4595154256385,-653.4689273138457,0.0,36.30382929521365,3739.2944174070067,-0.15,0.008333333333333333,-0.15,0.0
202001,NRP-S,2028-08-31,3739.2944174070067,-560.894162611051,0.0,31.160786811725057,3209.5610416076806,-0.15,0.008333333333333333,-0.15,0.0
202001,NRP-S,2028-09-30,3209.5610416076806,-481.4341562411521,0.0,26.74634201339734,2754.873227379926,-0.15,0.008333333333333333,-0.15,0.0
202001,NRP-S,2028-10-31,2754.873227379926,-413.2309841069889,0.0,22.957276894832717,2364.5995201677697,-0.15,0.008333333333333333,-0.15,0.0
202001,NRP-S,2028-11-30,2364.5995201677697,-354.68992802516544,0.0,19.704996001398083,2029.6145881440023,-0.15,0.008333333333333335,-0.15,0.0
202001,NRP-S,2028-12-31,2029.6145881440023,-304.4421882216003,0.0,16.91345490120002,1742.085854823602,-0.15,0.008333333333333333,-0.15,0.0
202001,NRP-S,2029-01-31,1742.085854823602,-261.3128782235403,0.0,14.517382123530018,1495.2903587235917,-0.15,0.008333333333333335,-0.15,0.0
202101,NON PRIME,2025-10-31,832148.8999999999,0.0,0.0,6934.574166666666,839083.4741666666,0.0,0.008333333333333333,0.0,0.0
202101,NON PRIME,2025-11-30,839083.4741666666,0.0,0.0,6992.362284722222,846075.8364513889,0.0,0.008333333333333333,0.0,0.0
202101,NON PRIME,2025-12-31,846075.8364513889,0.0,0.0,7050.6319704282405,853126.4684218172,0.0,0.008333333333333333,0.0,0.0
202101,NON PRIME,2026-01-31,853126.4684218172,0.0,0.0,7109.387236848477,860235.8556586656,0.0,0.008333333333333335,0.0,0.0
202101,NON PRIME,2026-02-28,860235.8556586656,0.0,0.0,7168.632130488881,867404.4877891545,0.0,0.008333333333333333,0.0,0.0
202101,NON PRIME,2026-03-31,867404.4877891545,0.0,0.0,7228.370731576288,874632.8585207309,0.0,0.008333333333333333,0.0,0.0
202101,NON PRIME,2026-04-30,874632.8585207309,0.0,0.0,7288.607154339425,881921.4656750703,0.0,0.008333333333333335,0.0,0.0
202101,NON PRIME,2026-05-31,881921.4656750703,0.0,0.0,7349.345547292253,889270.8112223626,0.0,0.008333333333333335,0.0,0.0
202101,NON PRIME,2026-06-30,889270.8112223626,0.0,0.0,7410.590093519689,896681.4013158822,0.0,0.008333333333333333,0.0,0.0
202101,NON PRIME,2026-07-31,896681.4013158822,0.0,0.0,7472.345010965685,904153.7463268479,0.0,0.008333333333333333,0.0,0.0
202101,NON PRIME,2026-08-31,904153.7463268479,0.0,0.0,7534.614552723734,911688.3608795716,0.0,0.008333333333333335,0.0,0.0
202101,NON PRIME,2026-09-30,911688.3608795716,0.0,0.0,7597.4030073297645,919285.7638869014,0.0,0.008333333333333335,0.0,0.0
202101,NON PRIME,2026-10-31,919285.7638869014,0.0,0.0,7660.714699057513,926946.478585959,0.0,0.008333333333333335,0.0,0.0
202101,NON PRIME,2026-11-30,926946.478585959,0.0,0.0,7724.553988216325,934671.0325741753,0.0,0.008333333333333333,0.0,0.0
202101,NON PRIME,2026-12-31,934671.0325741753,0.0,0.0,7788.925271451461,942459.9578456267,0.0,0.008333333333333335,0.0,0.0
202101,NON PRIME,2027-01-31,942459.9578456267,0.0,0.0,7853.83298204689,950313.7908276736,0.0,0.008333333333333333,0.0,0.0
202101,NON PRIME,2027-02-28,950313.7908276736,0.0,0.0,7919.281590230614,958233.0724179043,0.0,0.008333333333333333,0.0,0.0
202101,NON PRIME,2027-03-31,958233.0724179043,0.0,0.0,7985.275603482536,966218.3480213868,0.0,0.008333333333333333,0.0,0.0
202101,NON PRIME,2027-04-30,966218.3480213868,0.0,0.0,8051.81956684489,974270.1675882316,0.0,0.008333333333333333,0.0,0.0
202101,NON PRIME,2027-05-31,974270.1675882316,0.0,0.0,8118.9180632352645,982389.0856514669,0.0,0.008333333333333335,0.0,0.0
202101,NON PRIME,2027-06-30,982389.0856514669,0.0,0.0,8186.575713762224,990575.661365229,0.0,0.008333333333333333,0.0,0.0
202101,NON PRIME,2027-07-31,990575.661365229,0.0,0.0,8254.797178043576,998830.4585432727,0.0,0.008333333333333335,0.0,0.0
202101,NON PRIME,2027-08-31,998830.4585432727,0.0,0.0,8323.587154527273,1007154.0456978,0.0,0.008333333333333333,0.0,0.0
202101,NON PRIME,2027-09-30,1007154.0456978,0.0,0.0,8392.950380815,1015546.996078615,0.0,0.008333333333333333,0.0,0.0
202101,NON PRIME,2027-10-31,1015546.996078615,0.0,0.0,8462.891633988458,1024009.8877126034,0.0,0.008333333333333333,0.0,0.0
202101,NON PRIME,2027-11-30,1024009.8877126034,0.0,0.0,8533.415730938363,1032543.3034435418,0.0,0.008333333333333333,0.0,0.0
202101,NON PRIME,2027-12-31,1032543.3034435418,0.0,0.0,8604.527528696182,1041147.830972238,0.0,0.008333333333333335,0.0,0.0
202101,NON PRIME,2028-01-31,1041147.830972238,0.0,0.0,8676.23192476865,1049824.0628970065,0.0,0.008333333333333333,0.0,0.0
202101,NON PRIME,2028-02-29,1049824.0628970065,0.0,0.0,8748.533857475055,1058572.5967544816,0.0,0.008333333333333333,0.0,0.0
202101,NON PRIME,2028-03-31,1058572.5967544816,0.0,0.0,8821.438306287348,1067394.035060769,0.0,0.008333333333333335,0.0,0.0
202101,NON PRIME,2028-04-30,1067394.035060769,0.0,0.0,8894.950292173075,1076288.985352942,0.0,0.008333333333333333,0.0,0.0
202101,NON PRIME,2028-05-31,1076288.985352942,0.0,0.0,8969.074877941184,1085258.0602308833,0.0,0.008333333333333333,0.0,0.0
202101,NON PRIME,2028-06-30,1085258.0602308833,0.0,0.0,9043.817168590695,1094301.877399474,0.0,0.008333333333333333,0.0,0.0
202101,NON PRIME,2028-07-31,1094301.877399474,0.0,0.0,9119.182311662284,1103421.0597111362,0.0,0.008333333333333335,0.0,0.0
202101,NON PRIME,2028-08-31,1103421.0597111362,0.0,0.0,9195.175497592802,1112616.235208729,0.0,0.008333333333333333,0.0,0.0
202101,NON PRIME,2028-09-30,1112616.235208729,0.0,0.0,9271.801960072742,1121888.0371688018,0.0,0.008333333333333333,0.0,0.0
202101,NON PRIME,2028-10-31,1121888.0371688018,0.0,0.0,9349.066976406682,1131237.1041452084,0.0,0.008333333333333335,0.0,0.0
202101,NON PRIME,2028-11-30,1131237.1041452084,0.0,0.0,9426.975867876738,1140664.0800130852,0.0,0.008333333333333335,0.0,0.0
202101,NON PRIME,2028-12-31,1140664.0800130852,0.0,0.0,9505.534000109043,1150169.614013194,0.0,0.008333333333333333,0.0,0.0
202101,NON PRIME,2029-01-31,1150169.614013194,0.0,0.0,9584.746783443285,1159754.3607966374,0.0,0.008333333333333333,0.0,0.0
202101,NRP-M,2025-10-31,3035583.9,-222020.26904639698,0.0,30987.601764138864,2844551.2327177417,-0.07313923,0.010208119025845033,-0.07313923,0.0
202101,NRP-M,2025-11-30,2844551.2327177417,-208048.28685652645,0.0,29402.38128329281,2665905.3271445083,-0.07313923,0.010336386613505,-0.07313923,0.0
202101,NRP-M,2025-12-31,2665905.3271445083,-194982.26288024744,0.0,27878.018005699774,2498801.0822699605,-0.07313923,0.010457242319088782,-0.07313923,0.0
202101,NRP-M,2026-01-31,2498801.0822699605,-182760.38708039158,0.0,26415.40196668109,2342456.0971562504,-0.07313923,0.010571230400894822,-0.07313923,0.0
202101,NRP-M,2026-02-28,2342456.0971562504,-171325.43525481335,0.0,25014.72931543837,2196145.3912168755,-0.07313923,0.010678846594310279,-0.07313923,0.0
202101,NRP-M,2026-03-31,2196145.3912168755,-160624.38288165105,0.0,23675.640231170542,2059196.6485663948,-0.07313923,0.010780543185281537,-0.07313923,0.0
202101,NRP-M,2026-04-30,2059196.6485663948,-150608.05729472672,0.0,22397.333123771463,1930985.9243954397,-0.07313923,0.010876733477283193,-0.07313923,0.0
202101,NRP-M,2026-05-31,1930985.9243954397,-141230.82365112068,0.0,21178.659182277603,1810933.7599265964,-0.07313923,0.010967795733108876,-0.07313923,0.0
202101,NRP-M,2026-06-30,1810933.7599265964,-132450.30078203612,0.0,20018.200609780088,1698501.6597543405,-0.07313923,0.011054076660756215,-0.07313923,0.0
202101,NRP-M,2026-07-31,1698501.6597543405,-124227.10354815445,0.0,18914.335295477995,1593188.891501664,-0.07313923,0.011135894502578014,-0.07313923,0.0
202101,NRP-M,2026-08-31,1593188.891501664,-116524.60876898524,0.0,17865.290195704863,1494529.5729283837,-0.07313923,0.01121354177838002,-0.07313923,0.0
202101,NRP-M,2026-09-30,1494529.5729283837,-109308.74217621083,0.0,16869.185304637307,1402090.0160568103,-0.07313923,0.011287287725985775,-0.07313923,0.0
202101,NRP-M,2026-10-31,1402090.0160568103,-102547.78416508273,0.0,15924.069774988451,1315466.3016667159,-0.07313923,0.011357380476734838,-0.07313923,0.0
202101,NRP-M,2026-11-30,1315466.3016667159,-96212.19239485131,0.0,15027.951485783195,1234282.0607576477,-0.07313923,0.011424048998246896,-0.07313923,0.0
202101,NRP-M,2026-12-31,1234282.0607576477,-90274.43952662757,0.0,14178.821137522857,1158186.442368543,-0.07313923,0.01148750483242005,-0.07313923,0.0
202101,NRP-M,2027-01-31,1158186.442368543,-84708.86459127461,0.0,13374.67177603769,1086852.249553306,-0.07313923,0.011547943652911261,-0.07313923,0.0
202101,NRP-M,2027-02-28,1086852.249553306,-79491.53665609665,0.0,12613.514498160395,1019974.2273953697,-0.07313923,0.011605546663168358,-0.07313923,0.0
202101,NRP-M,2027-03-31,1019974.2273953697,-74600.12961154224,0.0,11893.390969438462,957267.4887532659,-0.07313923,0.011660481853359871,-0.07313923,0.0
202101,NRP-M,2027-04-30,957267.4887532659,-70013.80703144753,0.0,11212.383281917195,898466.0650037356,-0.07313923,0.011712905132211345,-0.07313923,0.0
202101,NRP-M,2027-05-31,898466.0650037356,-65713.11617550316,0.0,10568.62159489952,843321.570423132,-0.07313923,0.011762961347745035,-0.07313923,0.0
202101,NRP-M,2027-06-30,843321.570423132,-61679.89030313865,0.0,9960.289930539946,791601.9700505333,-0.07313923,0.011810785209184705,-0.07313923,0.0
202101,NRP-M,2027-07-31,791601.9700505333,-57897.15855597907,0.0,9385.630436724141,743090.4419312784,-0.07313923,0.011856502120788042,-0.07313923,0.0
202101,NRP-M,2027-08-31,743090.4419312784,-54349.06274321342,0.0,8842.946379930827,697584.3255679959,-0.07313923,0.011900228937070125,-0.07313923,0.0
202101,NRP-M,2027-09-30,697584.3255679959,-51020.78043211253,0.0,8330.604089036571,654894.14922492,-0.07313923,0.011942074647754623,-0.07313923,0.0
202101,NRP-M,2027-10-31,654894.14922492,-47898.45380581574,0.0,7847.034035963086,614842.7294550673,-0.07313923,0.011982140999809213,-0.07313923,0.0
202101,NRP-M,2027-11-30,614842.7294550673,-44969.123803441944,0.0,7390.731209574241,577264.3368611996,-0.07313923,0.012020523063067879,-0.07313923,0.0
202101,NRP-M,2027-12-31,577264.3368611996,-42220.669104488756,0.0,6960.25491439159,542003.9226711023,-0.07313923,0.012057309745197631,-0.07313923,0.0
202101,NRP-M,2028-01-31,542003.9226711023,-39641.749561143966,0.0,6554.2281047554325,508916.4012147138,-0.07313923,0.012092584261115496,-0.07313923,0.0
202101,NRP-M,2028-02-29,508916.4012147138,-37221.75371921523,0.0,6171.336347384695,477865.98384288326,-0.07313923,0.01212642456139075,-0.07313923,0.0
202101,NRP-M,2028-03-31,477865.98384288326,-34950.75010146092,0.0,5810.326490360881,448725.56023178325,-0.07313923,0.012158903723666693,-0.07313923,0.0
202101,NRP-M,2028-04-30,448725.56023178325,-32819.441956671246,0.0,5470.005103943051,421376.12337905506,-0.07313923,0.0121900903106959,-0.07313923,0.0
202101,NRP-M,2028-05-31,421376.12337905506,-30819.125204329084,0.0,5149.2367479488485,395706.23492267483,-0.07313923,0.012220048698195405,-0.07313923,0.0
202101,NRP-M,2028-06-30,395706.23492267483,-28941.649328443546,0.0,4846.942111406846,371611.5277056381,-0.07313923,0.012248839375386617,-0.07313923,0.0
202101,NRP-M,2028-07-31,371611.5277056381,-27179.380995514035,0.0,4562.09606254274,348994.2427726668,-0.07313923,0.012276519220782836,-0.07313923,0.0
202101,NRP-M,2028-08-31,348994.2427726668,-25525.170190825913,0.0,4293.725640692665,327762.7982225336,-0.07313923,0.012303141755520528,-0.07313923,0.0
202101,NRP-M,2028-09-30,327762.7982225336,-23972.318684641476,0.0,4040.9080162608134,307831.387554153,-0.07313923,0.012328757376293971,-0.07313923,0.0
202101,NRP-M,2028-10-31,307831.387554153,-22514.55065554233,0.0,3802.7684402043487,289119.60533881496,-0.07313923,0.01235341356974319,-0.07313923,0.0
202101,NRP-M,2028-11-30,289119.60533881496,-21145.985312384815,0.0,3578.4782006086116,271552.09822703875,-0.07313923,0.012377155109958892,-0.07313923,0.0
202101,NRP-M,2028-12-31,271552.09822703875,-19861.11136920998,0.0,3367.2526006016947,255058.23945843047,-0.07313923,0.01240002424060229,-0.07313923,0.0
202101,NRP-M,2029-01-31,255058.23945843047,-18654.76323914522,0.0,3168.3489690586116,239571.82518834385,-0.07313923,0.012422060842990296,-0.07313923,0.0
202101,NRP-S,2025-10-31,2237190.62,-165640.8776038016,0.0,23819.2618567433,2095369.0042529418,-0.07403968,0.010646952317698926,-0.07403968,0.0
202101,NRP-S,2025-11-30,2095369.0042529418,-155140.45055680643,0.0,21875.9234666784,1962104.4771628138,-0.07403968,0.01044012936255005,-0.07403968,0.0
202101,NRP-S,2025-12-31,1962104.4771628138,-145273.58761570204,0.0,20106.250498944373,1836937.1400460561,-0.07403968,0.010247288425750824,-0.07403968,0.0
202101,NRP-S,2026-01-31,1836937.1400460561,-136006.23802912518,0.0,18493.060342631878,1719423.9623595627,-0.07403968,0.010067334335767317,-0.07403968,0.0
202101,NRP-S,2026-02-28,1719423.9623595627,-127305.59995743407,0.0,17021.047318541758,1609139.4097206704,-0.07403968,0.009899273065372314,-0.07403968,0.0
202101,NRP-S,2026-03-31,1609139.4097206704,-119140.16697110732,0.0,15676.559435099878,1505675.802184663,-0.07403968,0.009742200918328862,-0.07403968,0.0
202101,NRP-S,2026-04-30,1505675.802184663,-111479.75457749574,0.0,14447.40353950659,1408643.4511466736,-0.07403968,0.009595295028680213,-0.07403968,0.0
202101,NRP-S,2026-05-31,1408643.4511466736,-104295.51035699535,0.0,13322.67506795706,1317670.6158576354,-0.07403968,0.009457804994664934,-0.07403968,0.0
202101,NRP-S,2026-06-30,1317670.6158576354,-97559.91074350225,0.0,12292.609123914677,1232403.314238048,-0.07403968,0.009329045495875885,-0.07403968,0.0
202101,NRP-S,2026-07-31,1232403.314238048,-91246.74701712451,0.0,11348.450064624274,1152505.0172855477,-0.07403968,0.009208389764547676,-0.07403968,0.0
202101,NRP-S,2026-08-31,1152505.0172855477,-85331.10267821641,0.0,10482.337163671342,1077656.2517710025,-0.07403968,0.009095263800551603,-0.07403968,0.0
202101,NRP-S,2026-09-30,1077656.2517710025,-79789.32403112446,0.0,9687.204250402363,1007554.1319902805,-0.07403968,0.008989141235419523,-0.07403968,0.0
202101,NRP-S,2026-10-31,1007554.1319902805,-74598.98551523812,0.0,8956.691513168122,941911.8379882105,-0.07403968,0.008889538764012059,-0.07403968,0.0
202101,NRP-S,2026-11-30,941911.8379882105,-69738.85107285895,0.0,8285.067899309102,880458.0548146607,-0.07403968,0.008796012073704082,-0.07403968,0.0
202101,NRP-S,2026-12-31,880458.0548146607,-65188.83263189993,0.0,7667.162756303053,822936.3849390638,-0.07403968,0.00870815221051844,-0.07403968,0.0
202101,NRP-S,2027-01-31,822936.3849390638,-60929.9466012451,0.0,7098.305540459555,769104.7438782783,-0.07403968,0.008625582329775302,-0.07403968,0.0
202101,NRP-S,2027-02-28,769104.7438782783,-56944.26912322968,0.0,6574.272576190914,718734.7473312395,-0.07403968,0.008547954785767628,-0.07403968,0.0
202101,NRP-S,2027-03-31,718734.7473312395,-53214.890697285824,0.0,6091.239983823525,671611.0966177772,-0.07403968,0.008474948520912802,-0.07403968,0.0
202101,NRP-S,2027-04-30,671611.0966177772,-49725.87067802931,0.0,5645.742010229056,627530.967949977,-0.07403968,0.008406266719923066,-0.07403968,0.0
202101,NRP-S,2027-05-31,627530.967949977,-46462.19205710656,0.0,5234.634096894593,586303.4099897651,-0.07403968,0.008341634698913962,-0.07403968,0.0
202101,NRP-S,2027-06-30,586303.4099897651,-43409.716858551015,0.0,4885.86174991471,547779.5548811288,-0.07403968,0.008333333333333335,-0.07403968,0.0
202101,NRP-S,2027-07-31,547779.5548811288,-40557.42295394121,0.0,4564.829624009407,511786.96155119705,-0.07403968,0.008333333333333333,-0.07403968,0.0
202101,NRP-S,2027-08-31,511786.96155119705,-37892.54286142293,0.0,4264.891346259976,478159.3100360341,-0.07403968,0.008333333333333333,-0.07403968,0.0
202101,NRP-S,2027-09-30,478159.3100360341,-35402.76230408875,0.0,3984.6609169669514,446741.2086489123,-0.07403968,0.008333333333333335,-0.07403968,0.0
202101,NRP-S,2027-10-31,446741.2086489123,-33076.5761311787,0.0,3722.843405407603,417387.47592314123,-0.07403968,0.008333333333333333,-0.07403968,0.0
202101,NRP-S,2027-11-30,417387.47592314123,-30903.23515335708,0.0,3478.228966026177,389962.4697358103,-0.07403968,0.008333333333333333,-0.07403968,0.0
202101,NRP-S,2027-12-31,389962.4697358103,-28872.696471249077,0.0,3249.6872477984193,364339.4605123596,-0.07403968,0.008333333333333333,-0.07403968,0.0
202101,NRP-S,2028-01-31,364339.4605123596,-26975.57706770774,0.0,3036.1621709363303,340400.04561558826,-0.07403968,0.008333333333333333,-0.07403968,0.0
202101,NRP-S,2028-02-29,340400.04561558826,-25203.110449363558,0.0,2836.6670467965687,318033.6022130213,-0.07403968,0.008333333333333333,-0.07403968,0.0
202101,NRP-S,2028-03-31,318033.6022130213,-23547.10613709939,0.0,2650.2800184418443,297136.77609436377,-0.07403968,0.008333333333333333,-0.07403968,0.0
202101,NRP-S,2028-04-30,297136.77609436377,-21999.91181825834,0.0,2476.139800786365,277613.0040768918,-0.07403968,0.008333333333333333,-0.07403968,0.0
202101,NRP-S,2028-05-31,277613.0040768918,-20554.377985691764,0.0,2313.4417006407652,259372.06779184082,-0.07403968,0.008333333333333333,-0.07403968,0.0
202101,NRP-S,2028-06-30,259372.06779184082,-19203.8249002462,0.0,2161.4338982653403,242329.67678985995,-0.07403968,0.008333333333333333,-0.07403968,0.0
202101,NRP-S,2028-07-31,242329.67678985995,-17942.011724024658,0.0,2019.413973248833,226407.0790390841,-0.07403968,0.008333333333333333,-0.07403968,0.0
202101,NRP-S,2028-08-31,226407.0790390841,-16763.107681788493,0.0,1886.7256586590345,211530.69701595465,-0.07403968,0.008333333333333335,-0.07403968,0.0
202101,NRP-S,2028-09-30,211530.69701595465,-15661.665117238237,0.0,1762.7558084662887,197631.7877071827,-0.07403968,0.008333333333333333,-0.07403968,0.0
202101,NRP-S,2028-10-31,197631.7877071827,-14632.59431966774,0.0,1646.9315642265226,184646.12495174148,-0.07403968,0.008333333333333333,-0.07403968,0.0
202101,NRP-S,2028-11-30,184646.12495174148,-13671.140004666955,0.0,1538.717707931179,172513.7026550057,-0.07403968,0.008333333333333333,-0.07403968,0.0
202101,NRP-S,2028-12-31,172513.7026550057,-12772.859340191771,0.0,1437.6141887917145,161178.45750360566,-0.07403968,0.008333333333333335,-0.07403968,0.0
202101,NRP-S,2029-01-31,161178.45750360566,-11933.601416460562,0.0,1343.1538125300474,150588.00989967515,-0.07403968,0.008333333333333335,-0.07403968,0.0
202101,PRIME,2025-10-31,3441726.03,-236122.29539272736,0.0,28681.05025,3234284.784857272,-0.068605779,0.008333333333333333,-0.068605779,0.0
202101,PRIME,2025-11-30,3234284.784857272,-221890.62717298057,0.0,26952.373207143934,3039346.5308914357,-0.068605779,0.008333333333333333,-0.068605779,0.0
202101,PRIME,2025-12-31,3039346.5308914357,-208516.73640275453,0.0,25327.88775742863,2856157.6822461095,-0.068605779,0.008333333333333333,-0.068605779,0.0
202101,PRIME,2026-01-31,2856157.6822461095,-195948.92273732883,0.0,23801.314018717578,2684010.073527498,-0.068605779,0.008333333333333333,-0.068605779,0.0
202101,PRIME,2026-02-28,2684010.073527498,-184138.60193820132,0.0,22366.750612729153,2522238.2222020263,-0.068605779,0.008333333333333333,-0.068605779,0.0
202101,PRIME,2026-03-31,2522238.2222020263,-173040.11805774513,0.0,21018.651851683553,2370216.7559959646,-0.068605779,0.008333333333333333,-0.068605779,0.0
202101,PRIME,2026-04-30,2370216.7559959646,-162610.56694395607,0.0,19851.206116506313,2227457.395168515,-0.068605779,0.008375270348709033,-0.068605779,0.0
202101,PRIME,2026-05-31,2227457.395168515,-152816.4497848468,0.0,19069.743199107837,2093710.688582776,-0.068605779,0.008561215689454364,-0.068605779,0.0
202101,PRIME,2026-06-30,2093710.688582776,-143640.6527908478,0.0,18290.84282969047,1968360.878621619,-0.068605779,0.008736088958915075,-0.068605779,0.0
202101,PRIME,2026-07-31,1968360.878621619,-135040.93143096063,0.0,17519.754640691044,1850839.7018313494,-0.068605779,0.00890068220262515,-0.068605779,0.0
202101,PRIME,2026-08-31,1850839.7018313494,-126978.29954826746,0.0,16760.685906938354,1740622.0881900203,-0.068605779,0.009055719893167499,-0.068605779,0.0
202101,PRIME,2026-09-30,1740622.0881900203,-119416.73430488305,0.0,16016.970586473906,1637222.324471611,-0.068605779,0.009201865640536077,-0.068605779,0.0
202101,PRIME,2026-10-31,1637222.324471611,-112322.91296656565,0.0,15291.21142075116,1540190.6229257965,-0.068605779,0.009339728143327248,-0.068605779,0.0
202101,PRIME,2026-11-30,1540190.6229257965,-105665.97749431954,0.0,14585.399548126023,1449110.044979603,-0.068605779,0.009469866476929408,-0.068605779,0.0
202101,PRIME,2026-12-31,1449110.044979603,-99417.32349255071,0.0,13901.015306176188,1363593.7367932284,-0.068605779,0.009592794801427142,-0.068605779,0.0
202101,PRIME,2027-01-31,1363593.7367932284,-93550.4105522204,0.0,13239.113264559499,1283282.4395055675,-0.068605779,0.009708986560538186,-0.068605779,0.0
202101,PRIME,2027-02-28,1283282.4395055675,-88040.59143929984,0.0,12600.394012333594,1207842.2420786014,-0.068605779,0.009818878233219155,-0.068605779,0.0
202101,PRIME,2027-03-31,1207842.2420786014,-82864.95792690903,0.0,11985.264799355567,1136962.548951048,-0.068605779,0.009922872691329184,-0.068605779,0.0
202101,PRIME,2027-04-30,1136962.548951048,-78002.20136461228,0.0,11393.890782650853,1070354.2383690865,-0.068605779,0.010021342209699661,-0.068605779,0.0
202101,PRIME,2027-05-31,1070354.2383690865,-73432.48632926287,0.0,10826.238341206139,1007747.9903810298,-0.068605779,0.010114631168931723,-0.068605779,0.0
202101,PRIME,2027-06-30,1007747.9903810298,-69137.33591577507,0.0,10282.111685080423,948892.7661503352,-0.068605779,0.010203058486073243,-0.068605779,0.0
202101,PRIME,2027-07-31,948892.7661503352,-65099.52740920858,0.0,9761.183787871776,893554.4225289983,-0.068605779,0.010286919803881496,-0.068605779,0.0
202101,PRIME,2027-08-31,893554.4225289983,-61302.99723649709,0.0,9263.022508039747,841514.447800541,-0.068605779,0.010366489465546946,-0.068605779,0.0
202101,PRIME,2027-09-30,841514.447800541,-57732.75423111095,0.0,8787.112628397159,792568.8061978272,-0.068605779,0.010442022298445331,-0.068605779,0.0
202101,PRIME,2027-10-31,792568.8061978272,-54374.80036030197,0.0,8332.87442941266,746526.8802669379,-0.068605779,0.01051375522762216,-0.068605779,0.0
202101,PRIME,2027-11-30,746526.8802669379,-51216.05816515301,0.0,7899.679316874768,703210.5014186597,-0.068605779,0.010581908737231345,-0.068605779,0.0
202101,PRIME,2027-12-31,703210.5014186597,-48244.304250807756,0.0,7486.862944752086,662453.060112604,-0.068605779,0.010646688195992607,-0.068605779,0.0
202101,PRIME,2028-01-31,662453.060112604,-45448.10823995903,0.0,7093.73620712126,624098.6880797663,-0.068605779,0.010708285060854672,-0.068605779,0.0
202101,PRIME,2028-02-29,624098.6880797663,-42816.776668590384,0.0,6719.594416674303,588001.5058278503,-0.068605779,0.010766877971413824,-0.068605779,0.0
202101,PRIME,2028-03-31,588001.5058278503,-40340.30136049271,0.0,6363.724939792741,554024.9294071504,-0.068605779,0.010822633746206517,-0.068605779,0.0
202101,PRIME,2028-04-30,554024.9294071504,-38009.31186739756,0.0,6025.413518031489,522041.0310577843,-0.068605779,0.010875708290742707,-0.068605779,0.0
202101,PRIME,2028-05-31,522041.0310577843,-35815.03160568249,0.0,5703.9494718868655,491929.9489239886,-0.068605779,0.010926247426048585,-0.068605779,0.0
202101,PRIME,2028-06-30,491929.9489239886,-33749.23735936046,0.0,5398.629953934288,463579.34151856246,-0.06860577900000002,0.010974387645523217,-0.06860577900000002,0.0
202101,PRIME,2028-07-31,463579.34151856246,-31804.221853188024,0.0,5108.76339398495,436883.8830593594,-0.068605779,0.011020256807065651,-0.068605779,0.0
202101,PRIME,2028-08-31,436883.8830593594,-29972.759129832255,0.0,4833.672258138638,411744.7961876658,-0.068605779,0.011063974766681625,-0.068605779,0.0
202101,PRIME,2028-09-30,411744.7961876658,-28248.072491651044,0.0,4572.695225928556,388069.4189219433,-0.068605779,0.011105653959119874,-0.068605779,0.0
202101,PRIME,2028-10-31,388069.4189219433,-26623.804791217262,0.0,4325.188874683831,365770.80300540983,-0.068605779,0.011145399930505229,-0.068605779,0.0
202101,PRIME,2028-11-30,365770.80300540983,-25093.990875641684,0.0,4090.528947375349,344767.3410771435,-0.068605779,0.011183311827420106,-0.068605779,0.0
202101,PRIME,2028-12-31,344767.3410771435,-23653.03200835613,0.0,3868.111269223904,324982.4203380113,-0.068605779,0.011219482846428873,-0.068605779,0.0
202101,PRIME,2029-01-31,324982.4203380113,-22295.67210859471,0.0,3657.3523689536255,306344.1005983702,-0.068605779,0.011254000647633943,-0.068605779,0.0
202201,NON PRIME,2025-10-31,1301210.18,-123275.83919683749,-17549.275104020766,13267.11785205893,1173652.1835512007,-0.10822626234053769,0.01019598375111001,-0.094739375,-0.013486887340537688
202201,NON PRIME,2025-11-30,1173652.1835512007,-111191.07433702603,-14093.098034509023,10045.315139029533,1058413.3263186952,-0.10674727498265632,0.008559022238287606,-0.094739375,-0.012007899982656327
202201,NON PRIME,2025-12-31,1058413.3263186952,-100273.41702710424,-11309.351788671771,8820.111052655795,955650.6685555751,-0.10542456906119652,0.008333333333333335,-0.094739375,-0.010685194061196515
202201,NON PRIME,2026-01-31,955650.6685555751,-90537.74705728734,-9078.457219688662,7963.7555712964595,863998.2198498955,-0.1042391404670303,0.008333333333333333,-0.09473937500000001,-0.00949976546703029
202201,NON PRIME,2026-02-28,863998.2198498955,-81854.65134969169,-7288.093814654036,7199.9851654157965,782055.4598509655,-0.10317468614672923,0.008333333333333335,-0.094739375,-0.00843531114672923
202201,NON PRIME,2026-03-31,782055.4598509655,-74091.44548161807,-5848.045423477704,6517.12883209138,708633.0977779612,-0.10221716362715458,0.008333333333333333,-0.094739375,-0.007477788627154591
202201,NON PRIME,2026-04-30,708633.0977779612,-67135.45678779793,-4687.647904244892,5905.275814816344,642715.2689007346,-0.1013544313937019,0.008333333333333335,-0.094739375,-0.006615056393701909
202201,NON PRIME,2026-05-31,642715.2689007346,-60890.442878612535,-3751.2582373025143,5355.960574172789,583429.5283589923,-0.10057595368237433,0.008333333333333335,-0.094739375,-0.005836578682374333
202201,NON PRIME,2026-06-30,583429.5283589923,-55273.748873275705,-2994.84989521544,4861.912736324936,530022.8423268261,-0.09987255690054424,0.008333333333333333,-0.094739375,-0.005133181900544237
202201,NON PRIME,2026-07-31,530022.8423268261,-50214.032817767045,-2383.43463210616,4416.857019390217,481842.23189634306,-0.09923622766703367,0.008333333333333333,-0.094739375,-0.004496852667033681
202201,NON PRIME,2026-08-31,481842.23189634306,-45649.43189846461,-1889.095999464761,4015.3519324695258,438319.0559308832,-0.09865994458567127,0.008333333333333333,-0.094739375,-0.00392056958567126
202201,NON PRIME,2026-09-30,438319.0559308832,-41526.07340948192,-1489.4793798642722,3652.658799424027,398956.161940961,-0.09813753750220054,0.008333333333333335,-0.094739375,-0.0033981625022005482
202201,NON PRIME,2026-10-31,398956.161940961,-37796.85743468544,-1166.625319778179,3324.634682841342,363317.3138693388,-0.09766356926260376,0.008333333333333333,-0.094739375,-0.00292419426260377
202201,NON PRIME,2026-11-30,363317.3138693388,-34420.455242659984,-906.0628725046205,3027.6442822444897,331018.4400364187,-0.09723323598024072,0.008333333333333333,-0.09473937499999999,-0.0024938609802407363
202201,NON PRIME,2026-12-31,331018.4400364187,-31360.48012252528,-696.1011918216767,2758.487000303489,301720.3457223752,-0.09684228259555597,0.008333333333333333,-0.094739375,-0.0021029075955559806
202201,NON PRIME,2027-01-31,301720.3457223752,-28584.79697852175,-527.2732381289078,2514.3362143531267,275122.6117200777,-0.09648693112475026,0.008333333333333333,-0.094739375,-0.0017475561247502769
202201,NON PRIME,2027-02-28,275122.6117200777,-26064.944282727836,-391.8968855494881,2292.6884310006476,250958.45898280104,-0.09616381947986058,0.008333333333333333,-0.094739375,-0.0014244444798605718
202201,NON PRIME,2027-03-31,250958.45898280104,-23775.647554993706,-283.7271415001033,2091.3204915233423,228990.40477783055,-0.09586994913027687,0.008333333333333335,-0.094739375,-0.001130574130276868
202201,NON PRIME,2027-04-30,228990.40477783055,-21694.40782964868,-197.67944444238813,1908.253373148588,209006.5708768881,-0.0956026401863041,0.008333333333333333,-0.094739375,-0.000863265186304113
202201,NON PRIME,2027-05-31,209006.5708768881,-19801.15189576958,-129.60868141925886,1741.7214239740676,190817.5317236733,-0.09535949273541611,0.008333333333333335,-0.094739375,-0.0006201177354160924
202201,NON PRIME,2027-06-30,190817.5317236733,-18077.93369454348,-76.13208572095927,1590.1460976972776,174253.61204110616,-0.09513835346405017,0.008333333333333333,-0.09473937499999999,-0.00039897846405018833
202201,NON PRIME,2027-07-31,174253.61204110616,-16508.678296266873,-34.486839395626994,1452.1134336758848,159162.56033911955,-0.09493728676200981,0.008333333333333335,-0.09473937500000001,-0.00019791176200979754
202201,NON PRIME,2027-08-31,159162.56033911955,-15078.961489927973,-2.4152346281811297,1326.3546694926629,145407.53828405603,-0.09475454964046214,0.008333333333333333,-0.094739375,-1.5174640462148337e-05
202201,NON PRIME,2027-09-30,145407.53828405603,-13775.819297320042,0.0,1211.729485700467,132843.44847243646,-0.094739375,0.008333333333333333,-0.094739375,0.0
202201,NON PRIME,2027-10-31,132843.44847243646,-12585.505281123334,0.0,1107.028737270304,121364.97192858343,-0.094739375,0.008333333333333335,-0.094739375,0.0
202201,NON PRIME,2027-11-30,121364.97192858343,-11498.041587406538,0.0,1011.3747660715286,110878.30510724842,-0.094739375,0.008333333333333333,-0.094739375,0.0
202201,NON PRIME,2027-12-31,110878.30510724842,-10504.541326920023,0.0,923.985875893737,101297.74965622213,-0.094739375,0.008333333333333335,-0.094739375,0.0
202201,NON PRIME,2028-01-31,101297.74965622213,-9596.88549133695,0.0,844.1479138018512,92545.01207868704,-0.094739375,0.008333333333333335,-0.094739375,0.0
202201,NON PRIME,2028-02-29,92545.01207868704,-8767.65660370226,0.0,771.2084339890588,84548.56390897384,-0.09473937499999999,0.008333333333333335,-0.09473937499999999,0.0
202201,NON PRIME,2028-03-31,84548.56390897384,-8010.078101883739,0.0,704.5713659081154,77243.0571729982,-0.094739375,0.008333333333333333,-0.094739375,0.0
202201,NON PRIME,2028-04-30,77243.0571729982,-7317.958959659117,0.0,643.6921431083184,70568.79035644741,-0.094739375,0.008333333333333333,-0.094739375,0.0
202201,NON PRIME,2028-05-31,70568.79035644741,-6685.643092875855,0.0,588.0732529703952,64471.22051654195,-0.094739375,0.008333333333333335,-0.094739375,0.0
202201,NON PRIME,2028-06-30,64471.22051654195,-6107.963137224362,0.0,537.2601709711829,58900.51755028877,-0.094739375,0.008333333333333333,-0.094739375,0.0
202201,NON PRIME,2028-07-31,58900.51755028877,-5580.198219890889,0.0,490.8376462524065,53811.15697665029,-0.094739375,0.008333333333333335,-0.094739375,0.0
202201,NON PRIME,2028-08-31,53811.15697665029,-5098.035379994738,0.0,448.4263081387524,49161.5479047943,-0.094739375,0.008333333333333333,-0.094739375,0.0
202201,NON PRIME,2028-09-30,49161.5479047943,-4657.5343225327715,0.0,409.67956587328587,44913.693148134815,-0.094739375,0.008333333333333333,-0.094739375,0.0
202201,NON PRIME,2028-10-31,44913.693148134815,-4255.095217796074,0.0,374.2807762344568,41032.8787065732,-0.09473937499999999,0.008333333333333335,-0.09473937499999999,0.0
202201,NON PRIME,2028-11-30,41032.8787065732,-3887.4292831115536,0.0,341.94065588811003,37487.39007934976,-0.094739375,0.008333333333333333,-0.094739375,0.0
202201,NON PRIME,2028-12-31,37487.39007934976,-3551.5319064987966,0.0,312.3949173279147,34248.25309017888,-0.094739375,0.008333333333333335,-0.094739375,0.0
202201,NON PRIME,2029-01-31,34248.25309017888,-3244.6580926053657,0.0,285.40210908482396,31288.99710665834,-0.094739375,0.008333333333333333,-0.094739375,0.0
202201,NRP-M,2025-10-31,194456.57,-13898.58246711319,-2365.65235366973,2189.8642195375055,180382.1993987546,-0.08363942046690899,0.011261456578903482,-0.071473967,-0.012165453466908987
202201,NRP-M,2025-11-30,180382.1993987546,-12892.631367214006,-2213.6233717681143,2044.492436156789,167320.4370959293,-0.0837458174328393,0.011334225012065711,-0.071473967,-0.012271850432839316
202201,NRP-M,2025-12-31,167320.4370959293,-11959.055399420025,-2069.4657971779047,1907.5770116463098,155199.49291097766,-0.08384224569384195,0.0114007412648142,-0.071473967,-0.012368278693841953
202201,NRP-M,2026-01-31,155199.49291097766,-11092.723434735952,-1933.1482848835908,1778.85015995227,143952.47135131038,-0.08392986004851946,0.011461700850869515,-0.071473967,-0.012455893048519453
202201,NRP-M,2026-02-28,143952.47135131038,-10288.854186932003,-1804.543327780853,1658.0021319466762,133517.0759685442,-0.08400965541744256,0.011517705228556909,-0.071473967,-0.012535688417442556
202201,NRP-M,2026-03-31,133517.0759685442,-9542.99508171222,-1683.4534556454175,1544.69599054297,123835.32342172954,-0.08408249248959378,0.011569276658716604,-0.071473967,-0.01260852548959377
202201,NRP-M,2026-04-30,123835.32342172954,-8851.001819679024,-1569.6315119220599,1438.5789025013412,114853.26899262979,-0.084149118713995,0.011616870394904721,-0.071473967,-0.012675151713994996
202201,NRP-M,2026-05-31,114853.26899262979,-8209.018757821344,-1462.7963379690766,1339.2907316850294,106520.74462852441,-0.08421018557522354,0.01166088473956255,-0.071473967,-0.012736218575223533
202201,NRP-M,2026-06-30,106520.74462852441,-7613.460186394581,-1362.6448830872362,1246.470536037715,98791.1100950803,-0.08426626288414221,0.011701669382659683,-0.071473967,-0.01279229588414221
202201,NRP-M,2026-07-31,98791.1100950803,-7060.992542829135,-1268.8615244484029,1159.7614328582936,91621.01746066105,-0.08431785065741819,0.011739532350047443,-0.071473967,-0.01284388365741819
202201,NRP-M,2026-08-31,91621.01746066105,-6548.517578489712,-1181.1252036852231,1078.8141923922524,84970.18887087837,-0.08436538903853344,0.011774745820253072,-0.071473967,-0.012891422038533442
202201,NRP-M,2026-09-30,84970.18887087837,-6073.1564753409275,-1099.1148517905733,1003.2898398905505,78801.20738363742,-0.0844092666197384,0.01180755101551158,-0.071473967,-0.012935299619738404
202201,NRP-M,2026-10-31,78801.20738363742,-5632.234896098257,-1022.5134704582006,932.8614849386025,73079.32050201956,-0.08444982745198742,0.011838162331663784,-0.071473967,-0.012975860451987429
202201,NRP-M,2026-11-30,73079.32050201956,-5223.268941943769,-951.0111582640467,867.2155494915263,67772.25595130326,-0.08448737697331475,0.011866770839331499,-0.071473967,-0.013013409973314754
202201,NRP-M,2026-12-31,67772.25595130326,-4843.9519853790025,-884.3073083709095,806.0525293054097,62850.049186858756,-0.08452218704163939,0.01189354726341981,-0.071473967,-0.013048220041639387
202201,NRP-M,2027-01-31,62850.049186858756,-4492.14234152992,-822.112156445737,749.0873948204306,58284.88208370353,-0.08455450022283846,0.01191864452791958,-0.071473967,-0.013080533222838456
202201,NRP-M,2027-02-28,58284.88208370353,-4165.851738649518,-764.1478199966833,696.0497151483304,54050.932240205664,-0.08458453345699794,0.011942199937004695,-0.071473967,-0.013110566456997933
202201,NRP-M,2027-03-31,54050.932240205664,-3863.234547255696,-710.1489409471836,646.6835712229271,50124.23232322571,-0.08461248120344127,0.011964337050636343,-0.071473967,-0.013138514203441268
202201,NRP-M,2027-04-30,50124.23232322571,-3582.5777269705677,-659.8630201348022,600.747310308812,46482.53888642916,-0.08463851814723115,0.011985167302611194,-0.071473967,-0.01316455114723116
202201,NRP-M,2027-05-31,46482.53888642916,-3322.2914504448545,-613.0505141584698,558.0131831061082,43105.21010493194,-0.08466280153540127,0.012004791400691396,-0.071473967,-0.013188834535401279
202201,NRP-M,2027-06-30,43105.21010493194,-3080.900364567972,-569.4847505311718,518.2668960056423,39973.09188583844,-0.08468547319947943,0.012023300541721384,-0.071473967,-0.013211506199479433
202201,NRP-M,2027-07-31,39973.09188583844,-2857.035450336384,-528.9517056047929,481.3071041513067,37068.41183404857,-0.08470666131134968,0.012040777469151014,-0.071473967,-0.013232694311349692
202201,NRP-M,2027-08-31,37068.41183404857,-2649.426444169197,-491.2496805848602,446.94486547668293,34374.6805747712,-0.08472648191172953,0.012057297395896232,-0.071473967,-0.013252514911729532
202201,NRP-M,2027-09-30,34374.6805747712,-2456.8947850367376,-456.18890365255083,415.00307150696227,31876.599957588875,-0.0847450402441646,0.012072928811782117,-0.071473967,-0.013271073244164605
202201,NRP-M,2027-10-31,31876.599957588875,-2278.3470534409084,-423.5910803753343,385.3158672248382,29559.977690997468,-0.08476243192219726,0.012087734191773671,-0.071473967,-0.013288464922197256
202201,NRP-M,2027-11-30,29559.977690997468,-2112.7688700070894,-393.2889099152596,357.72806950987143,27411.64798058499,-0.08477874395302985,0.012101770618684128,-0.071473967,-0.013304776953029849
202201,NRP-M,2027-12-31,27411.64798058499,-1959.2192231799481,-365.12558079886554,332.0945914327264,25419.3977680389,-0.08479405563740973,0.012115090331961837,-0.071473967,-0.013320088637409732
202201,NRP-M,2028-01-31,25419.3977680389,-1816.825197232686,-338.95425700860454,308.2798779062404,23571.898191703847,-0.08480843936247229,0.01212774121241599,-0.071473967,-0.01333447236247229
202201,NRP-M,2028-02-29,23571.898191703847,-1684.7770734812004,-314.6375627450612,286.1573567754219,21858.640912253006,-0.08482196130178254,0.01213976721128616,-0.071473967,-0.013347994301782544
202201,NRP-M,2028-03-31,21858.640912253006,-1562.3237792272212,-292.0470722750095,265.6089082972691,20269.87896904804,-0.08483468203472572,0.012151208730840182,-0.071473967,-0.013360715034725721
202201,NRP-M,2028-04-30,20269.87896904804,-1448.7686605277336,-271.0628097292508,246.52435506218447,18796.571853853242,-0.084846657095642,0.012162102962658307,-0.071473967,-0.013372690095641999
202201,NRP-M,2028-05-31,18796.571853853242,-1343.4655563954354,-251.57276247172302,228.8009736964573,17430.33450868254,-0.08485793746162178,0.012172484188894996,-0.071473967,-0.013383970461621774
202201,NRP-M,2028-06-30,17430.33450868254,-1245.815153472537,-233.472410667942,212.34302912351595,16163.389973665577,-0.08486856998662903,0.012182384051077272,-0.071473967,-0.01339460298662902
202201,NRP-M,2028-07-31,16163.389973665577,-1155.2616015859044,-216.66427488853142,197.0613317211834,14988.525428912324,-0.08487859778856198,0.012191831790376167,-0.071473967,-0.01340463078856197
202201,NRP-M,2028-08-31,14988.525428912324,-1071.2893718847404,-201.05748295389574,182.8728173695262,13899.051391443212,-0.08488806059496186,0.0122008544627593,-0.071473967,-0.013414093594961858
202201,NRP-M,2028-09-30,13899.051391443212,-993.4203404833162,-186.56735672791336,169.70015012005322,12888.763844352035,-0.08489699505231522,0.012209477131980902,-0.071473967,-0.013423028052315237
202201,NRP-M,2028-10-31,12888.763844352035,-921.2110816820106,-173.1150191767568,157.47134701667213,11951.909090509938,-0.08490543500324202,0.01221772304298037,-0.071473967,-0.013431468003242006
202201,NRP-M,2028-11-30,11951.909090509938,-854.2503559221074,-160.62702170326804,146.11942444949622,11083.151137334058,-0.08491341173530252,0.012225613777929255,-0.071473967,-0.013439444735302513
202201,NRP-M,2028-12-31,11083.151137334058,-792.156778645827,-149.03499153123795,135.58206531426342,10277.541432471256,-0.0849209542046775,0.012233169396882945,-0.071473967,-0.0134469872046775
202201,NRP-M,2029-01-31,10277.541432471256,-734.5766571855833,-138.27529873408167,125.80130617457746,9530.490782726169,-0.08492808923756252,0.012240408564748376,-0.071473967,-0.013454122237562519
202201,NRP-S,2025-10-31,469898.68,-939.79736,-5089.444933642184,4612.57537243645,468482.01307879423,-0.01283094111616186,0.009816106256004913,-0.002,-0.010830941116161858
202201,NRP-S,2025-11-30,468482.01307879423,-936.9640261575885,-4932.396391353736,4451.937916363272,467064.5905776462,-0.01252846481541257,0.009502900414694253,-0.002,-0.01052846481541257
202201,NRP-S,2025-12-31,467064.5905776462,-934.1291811552925,-4791.980500036341,4308.559964621417,465647.04086107604,-0.012259781188100382,0.00922476259502517,-0.002,-0.010259781188100382
202201,NRP-S,2026-01-31,465647.04086107604,-931.2940817221521,-4666.108597051569,4180.271611680765,464229.90979398304,-0.012020698485322672,0.008977339583111262,-0.002,-0.01002069848532267
202201,NRP-S,2026-02-28,464229.90979398304,-928.4598195879661,-4552.993724973818,4065.216509056714,462813.672758478,-0.01180762684376445,0.008756903472378126,-0.002,-0.00980762684376445
202201,NRP-S,2026-03-31,462813.672758478,-925.627345516956,-4451.101019950306,3961.8002944082896,461398.74468741904,-0.011617479521338903,0.00856024903239144,-0.002,-0.009617479521338903
202201,NRP-S,2026-04-30,461398.74468741904,-922.797489374838,-4359.107245045314,3868.648527985079,459985.488480984,-0.011447592337942859,0.008384609998464448,-0.002,-0.00944759233794286
202201,NRP-S,2026-05-31,459985.488480984,-919.9709769619681,-4275.867605833439,3833.2124040082003,458622.8623021968,-0.011295657608577373,0.008333333333333333,-0.002,-0.009295657608577373
202201,NRP-S,2026-06-30,458622.8623021968,-917.2457246043936,-4200.833927908511,3821.85718585164,457326.63983553555,-0.011159669683323567,0.008333333333333333,-0.002,-0.009159669683323568
202201,NRP-S,2026-07-31,457326.63983553555,-914.6532796710711,-4133.263216913859,3811.0553319627966,456089.7786709134,-0.011037879836609274,0.008333333333333333,-0.002,-0.009037879836609275
202201,NRP-S,2026-08-31,456089.7786709134,-912.1795573418269,-4072.315592207055,3800.7481555909453,454906.03167695546,-0.010928758728323508,0.008333333333333333,-0.002,-0.008928758728323508
202201,NRP-S,2026-09-30,454906.03167695546,-909.812063353911,-4017.259257200141,3790.883597307962,453769.8439537094,-0.010830965028955553,0.008333333333333333,-0.002,-0.008830965028955553
202201,NRP-S,2026-10-31,453769.8439537094,-907.5396879074189,-3967.4545379004317,3781.4153662809117,452676.26509418245,-0.010743319087341479,0.008333333333333333,-0.002,-0.008743319087341479
202201,NRP-S,2026-11-30,452676.26509418245,-905.3525301883649,-3922.340584557262,3772.302209118187,451620.874188555,-0.01066478074290286,0.008333333333333333,-0.002,-0.00866478074290286
202201,NRP-S,2026-12-31,451620.874188555,-903.24174837711,-3881.4242423847722,3763.507284904625,450599.7154826977,-0.010594430559390506,0.008333333333333333,-0.002,-0.008594430559390506
202201,NRP-S,2027-01-31,450599.7154826977,-901.1994309653954,-3844.2706978598326,3754.997629022481,449609.24298289494,-0.010531453895264269,0.008333333333333333,-0.002,-0.008531453895264269
202201,NRP-S,2027-02-28,449609.24298289494,-899.2184859657899,-3810.4955854317836,3746.7436915241246,448646.27260302147,-0.010475127335353182,0.008333333333333333,-0.002,-0.008475127335353182
202201,NRP-S,2027-03-31,448646.27260302147,-897.292545206043,-3779.7583008927513,3738.7189383585123,447707.9406952812,-0.010424807095716627,0.008333333333333333,-0.002,-0.008424807095716627
202201,NRP-S,2027-04-30,447707.9406952812,-895.4158813905624,-3751.756316076769,3730.89950579401,446791.66800360783,-0.010379919083522102,0.008333333333333333,-0.002,-0.008379919083522104
202201,NRP-S,2027-05-31,446791.66800360783,-893.5833360072157,-3726.2203279399914,3723.2639000300655,445895.1282396907,-0.010339950349991538,0.008333333333333333,-0.002,-0.008339950349991536
202201,NRP-S,2027-06-30,445895.1282396907,-891.7902564793814,-3702.9101056619247,3715.7927353307555,445016.22061288013,-0.010304441719918114,0.008333333333333333,-0.002,-0.008304441719918114
202201,NRP-S,2027-07-31,445016.22061288013,-890.0324412257603,-3681.6109239035745,3708.4685051073343,444153.0457528581,-0.010272981418145227,0.008333333333333333,-0.002,-0.008272981418145227
202201,NRP-S,2027-08-31,444153.0457528581,-888.3060915057163,-3662.1304900698287,3701.275381273818,443303.8845525564,-0.01024519954346449,0.008333333333333333,-0.002,-0.00824519954346449
202201,NRP-S,2027-09-30,443303.8845525564,-886.6077691051128,-3644.2962893568492,3694.19903793797,442467.1795320324,-0.010220763264989606,0.008333333333333333,-0.002,-0.008220763264989607
202201,NRP-S,2027-10-31,442467.1795320324,-884.9343590640648,-3627.9532843015672,3687.2264961002707,441641.518384767,-0.010199372636267866,0.008333333333333335,-0.002,-0.008199372636267865
202201,NRP-S,2027-11-30,441641.518384767,-883.283036769534,-3612.961916097067,3680.3459865397253,440825.6194184401,-0.010180756939046165,0.008333333333333335,-0.002,-0.008180756939046165
202201,NRP-S,2027-12-31,440825.6194184401,-881.6512388368802,-3599.1963635711263,3673.5468284870008,440018.31864451914,-0.010164671482386554,0.008333333333333333,-0.002,-0.008164671482386554
202201,NRP-S,2028-01-31,440018.31864451914,-880.0366372890383,-3586.5430228195323,3666.8193220376597,439218.5583064483,-0.010150894794262007,0.008333333333333333,-0.002,-0.008150894794262007
202201,NRP-S,2028-02-29,439218.5583064483,-878.4371166128966,-3574.8991763374465,3660.154652553736,438425.3766660516,-0.010139226152286566,0.008333333333333335,-0.002,-0.008139226152286568
202201,NRP-S,2028-03-31,438425.3766660516,-876.8507533321033,-3564.171825335665,3653.5448055504307,437637.8988929343,-0.010129483408188967,0.008333333333333335,-0.002,-0.008129483408188967
202201,NRP-S,2028-04-30,437637.8988929343,-875.2757977858687,-3554.276662952059,3646.982490774453,436855.3289229709,-0.010121501067304943,0.008333333333333333,-0.002,-0.008121501067304943
202201,NRP-S,2028-05-31,436855.3289229709,-873.7106578459419,-3545.1371694210643,3640.461074358091,436076.942170062,-0.010115128589964311,0.008333333333333333,-0.002,-0.008115128589964311
202201,NRP-S,2028-06-30,436076.942170062,-872.153884340124,-3536.683813067587,3633.9745180838504,435302.07899073814,-0.010110228886370115,0.008333333333333335,-0.002,-0.008110228886370115
202201,NRP-S,2028-07-31,435302.07899073814,-870.6041579814763,-3528.8533433422404,3627.517324922818,434530.13881433726,-0.010106676980555663,0.008333333333333333,-0.002,-0.008106676980555665
202201,NRP-S,2028-08-31,434530.13881433726,-869.0602776286745,-3521.588164092353,3621.0844901194773,433760.57486273575,-0.01010435882238546,0.008333333333333333,-0.002,-0.00810435882238546
202201,NRP-S,2028-09-30,433760.57486273575,-867.5211497254716,-3514.835776931085,3614.671457189465,432992.8893932687,-0.010103170229436735,0.008333333333333335,-0.002,-0.008103170229436737
202201,NRP-S,2028-10-31,432992.8893932687,-865.9857787865374,-3508.54828597808,3608.2740782772394,432226.6294067813,-0.010103015943043392,0.008333333333333335,-0.002,-0.008103015943043392
202201,NRP-S,2028-11-30,432226.6294067813,-864.4532588135626,-3502.6819564417747,3601.888578389844,431461.38276991574,-0.010103808784870811,0.008333333333333333,-0.002,-0.008103808784870811
202201,NRP-S,2028-12-31,431461.38276991574,-862.9227655398315,-3497.1968205312573,3595.511523082632,430696.77470692724,-0.010105468902175651,0.008333333333333335,-0.002,-0.008105468902175651
202201,NRP-S,2029-01-31,430696.77470692724,-861.3935494138545,-3492.0563250532773,3589.1397892243936,429932.4646216845,-0.010107923091435938,0.008333333333333333,-0.002,-0.008107923091435938
202201,PRIME,2025-10-31,114921.47,-12642.56998433558,-1067.5120541728331,1023.9632682193659,102235.35122971094,-0.11929957072867596,0.008910112864196445,-0.11001051399999999,-0.009289056728675965
202201,PRIME,2025-11-30,102235.35122971094,-11246.963537751033,-953.7786481115162,903.266323429288,90937.87536727768,-0.1193397590863546,0.008835166237163442,-0.110010514,-0.009329245086354587
202201,PRIME,2025-12-31,90937.87536727768,-10004.122411222157,-851.6620976736964,797.321183486146,80879.41204186797,-0.11937583174284394,0.008767756891899493,-0.110010514,-0.009365317742843939
202201,PRIME,2026-01-31,80879.41204186797,-8897.585690743685,-760.0860534841511,704.2158681782533,71925.9561658184,-0.11940828327521041,0.008706985503476579,-0.110010514,-0.009397769275210428
202201,PRIME,2026-02-28,71925.9561658184,-7912.611407743151,-678.0477440078436,622.3090759111144,63957.606089978515,-0.11943753840332764,0.008652079292160405,-0.110010514,-0.009427024403327633
202201,PRIME,2026-03-31,63957.606089978515,-7036.009120168067,-604.6199889585633,550.1870887779131,56867.1640696298,-0.11946396333811245,0.008602371514716866,-0.110010514,-0.009453449338112437
202201,PRIME,2026-04-30,56867.1640696298,-6255.985949022306,-538.9506458974263,486.6285132780444,50558.855987988114,-0.11948787505210944,0.008557284704442135,-0.110010514,-0.009477361052109431
202201,PRIME,2026-05-31,50558.855987988114,-5562.005734490551,-480.260337234272,430.5752396961952,44947.16515595949,-0.11950954889407224,0.008516316900020289,-0.11001051400000002,-0.009499034894072235
202201,PRIME,2026-06-30,44947.16515595949,-4944.660741649994,-427.83906979691676,381.10837399130816,39955.77371850389,-0.11952922487558879,0.008479030271851916,-0.110010514,-0.009518710875588782
202201,PRIME,2026-07-31,39955.77371850389,-4395.5552040403045,-381.04218716036814,337.42817451242905,35516.60450181565,-0.11954711288668116,0.008445041682578229,-0.110010514,-0.009536598886681149
202201,PRIME,2026-08-31,35516.60450181565,-3907.199916779454,-339.28596888625515,298.83723651241445,31568.95585266236,-0.11956339704288522,0.008414014816566643,-0.110010514,-0.009552883042885207
202201,PRIME,2026-09-30,31568.95585266236,-3472.9170597946945,-302.0430983756832,264.72632793698426,28058.722022428967,-0.11957823932437783,0.008385653588687147,-0.110010514,-0.009567725324377824
202201,PRIME,2026-10-31,28058.722022428967,-3086.7544318705304,-268.83815325708747,234.5624031285129,24937.691840429863,-0.11959178263519264,0.008359696601328227,-0.110010514,-0.009581268635192633
202201,PRIME,2026-11-30,24937.691840429863,-2743.408297339295,-239.24322261587568,207.87841624495468,22162.91873671965,-0.11960415338518184,0.008335912464357864,-0.11001051399999999,-0.009593639385181837
202201,PRIME,2026-12-31,22162.91873671965,-2438.1540819667593,-212.8737191717177,184.69098947266377,19696.581925053833,-0.11961546367745504,0.008333333333333335,-0.110010514,-0.009604949677455041
202201,PRIME,2027-01-31,19696.581925053833,-2166.8311016182815,-189.38852780224275,164.13818270878195,17504.50047834209,-0.11962581316829592,0.008333333333333333,-0.11001051399999999,-0.009615299168295928
202201,PRIME,2027-02-28,17504.50047834209,-1925.6790949356594,-168.47690754515767,145.87083731951745,15556.215313180792,-0.11963529065407305,0.008333333333333335,-0.110010514,-0.00962477665407306
202201,PRIME,2027-03-31,15556.215313180792,-1711.3472424976899,-149.86020021167045,129.63512760983994,13824.64299808127,-0.11964397542970223,0.008333333333333333,-0.110010514,-0.009633461429702235
202201,PRIME,2027-04-30,13824.64299808127,-1520.8560820854216,-133.28925108658473,115.20535831734394,12285.703023226608,-0.11965193845523432,0.008333333333333335,-0.110010514,-0.009641424455234325
202201,PRIME,2027-05-31,12285.703023226608,-1351.556504436513,-118.54142347720759,102.3808585268884,10917.985953839776,-0.11965924336071304,0.008333333333333333,-0.11001051399999999,-0.009648729360713044
202201,PRIME,2027-06-30,10917.985953839776,-1201.093246626694,-105.41788530317011,90.98321628199814,9702.458038191911,-0.11966594731424561,0.008333333333333333,-0.110010514,-0.009655433314245601
202201,PRIME,2027-07-31,9702.458038191911,-1067.3723958449239,-93.74114995957407,80.8538169849326,8622.198309372345,-0.11967210177400321,0.008333333333333335,-0.110010514,-0.009661587774003203
202201,PRIME,2027-08-31,8622.198309372345,-948.5324678239826,-83.35285298145688,71.85165257810287,7662.164641145008,-0.11967775314142083,0.008333333333333333,-0.110010514,-0.009667239141420834
202201,PRIME,2027-09-30,7662.164641145008,-842.918670524988,-74.11174600662082,63.85137200954174,6808.985596622942,-0.1196829433300419,0.008333333333333333,-0.110010514,-0.009672429330041882
202201,PRIME,2027-10-31,6808.985596622942,-749.0600053030865,-65.89188996454841,56.74154663852452,6050.775247993831,-0.11968771026213176,0.008333333333333335,-0.11001051400000002,-0.009677196262131744
202201,PRIME,2027-11-30,6050.775247993831,-665.6488951302788,-58.58103015583164,50.42312706661526,5376.968449774336,-0.11969208830326875,0.008333333333333333,-0.110010514,-0.009681574303268745
202201,PRIME,2027-12-31,5376.968449774336,-591.5230629214578,-52.07913681558795,44.80807041478613,4778.174320452076,-0.11969610864353443,0.008333333333333333,-0.110010514,-0.009685594643534433
202201,PRIME,2028-01-31,4778.174320452076,-525.6494129745337,-46.29709579324913,39.81811933710063,4246.045931021395,-0.11969979963260724,0.008333333333333333,-0.11001051400000002,-0.009689285632607233
202201,PRIME,2028-02-29,4246.045931021395,-467.1096953392722,-41.15553507067448,35.38371609184495,3773.164416703293,-0.1197031870749647,0.008333333333333333,-0.110010514,-0.009692673074964697
202201,PRIME,2028-03-31,3773.164416703293,-415.0877568880395,-36.58377393884816,31.443036805860782,3352.935922682266,-0.1197062944904808,0.008333333333333335,-0.110010514,-0.009695780490480801
202201,PRIME,2028-04-30,3352.935922682266,-368.8582042633404,-32.51888273140975,27.941132689018886,2979.4999683765354,-0.11970914334493406,0.008333333333333333,-0.110010514,-0.009698629344934049
202201,PRIME,2028-05-31,2979.4999683765354,-327.7763229840864,-28.904842051381753,24.829166403137794,2647.6479697442046,-0.11971175325429385,0.008333333333333333,-0.11001051399999999,-0.009701239254293857
202201,PRIME,2028-06-30,2647.6479697442046,-291.2691140426164,-25.691791413142408,22.063733081201704,2352.750797369648,-0.11971414216610571,0.008333333333333333,-0.110010514,-0.009703628166105689
202201,PRIME,2028-07-31,2352.750797369648,-258.8273245325448,-22.835358147509798,19.606256644747067,2090.6943713343403,-0.11971632652083285,0.008333333333333333,-0.110010514,-0.009705812520832848
202201,PRIME,2028-08-31,2090.6943713343403,-229.99836240739765,-20.29605828002106,17.422453094452838,1857.8224037413743,-0.11971832139562022,0.008333333333333335,-0.110010514,-0.009707807395620213
202201,PRIME,2028-09-30,1857.8224037413743,-204.37999755630412,-18.038761890029832,15.481853364511453,1650.885497659552,-0.11972014063261165,0.008333333333333333,-0.110010514,-0.009709626632611644
202201,PRIME,2028-10-31,1650.885497659552,-181.6147621526731,-16.032216191879236,13.757379147162935,1466.9958984621624,-0.11972179695366819,0.008333333333333335,-0.110010514,-0.009711282953668191
202201,PRIME,2028-11-30,1466.9958984621624,-161.3849728257143,-14.248620251186908,12.22496582051802,1303.5872712057792,-0.11972330206309112,0.008333333333333333,-0.110010514,-0.00971278806309111
202201,PRIME,2028-12-31,1303.5872712057792,-143.40830574920517,-12.663245862081043,10.863227260048161,1158.3789468545413,-0.11972466673974556,0.008333333333333335,-0.110010514,-0.009714152739745548
202201,PRIME,2029-01-31,1158.3789468545413,-127.43386335024677,-11.254099668444463,9.65315789045451,1029.3441417263045,-0.11972590091980186,0.008333333333333333,-0.110010514,-0.00971538691980186
202301,NON PRIME,2025-10-31,7243912.09,-552775.528309744,0.0,111906.02525719015,6803042.586947446,-0.076308978,0.015448285935395739,-0.076308978,0.0
202301,NON PRIME,2025-11-30,6803042.586947446,-519133.2271004357,0.0,102600.45725910961,6386509.817106119,-0.076308978,0.015081554458583342,-0.076308978,0.0
202301,NON PRIME,2025-12-31,6386509.817106119,-487348.0371303349,0.0,94370.38668051291,5993532.166656298,-0.076308978,0.014776519473554085,-0.076308978,0.0
202301,NON PRIME,2026-01-31,5993532.166656298,-457360.31424766773,0.0,87041.7008456631,5623213.553254293,-0.076308978,0.014522605105867375,-0.076308978,0.0
202301,NON PRIME,2026-02-28,5623213.553254293,-429101.6793245837,0.0,80475.37157107505,5274587.245500784,-0.076308978,0.014311277850100848,-0.076308978,0.0
202301,NON PRIME,2026-03-31,5274587.245500784,-402498.36207599996,0.0,74559.4702056991,4946648.353630483,-0.076308978,0.014135602794189862,-0.076308978,0.0
202301,NON PRIME,2026-04-30,4946648.353630483,-377473.68039092474,0.0,69203.15007042806,4638377.823309986,-0.076308978,0.013989906927513443,-0.076308978,0.0
202301,NON PRIME,2026-05-31,4638377.823309986,-353949.8712746496,0.0,64332.079618046315,4348760.031653383,-0.076308978,0.013869521213806251,-0.076308978,0.0
202301,NON PRIME,2026-06-30,4348760.031653383,-331849.4335827173,0.0,59884.95324124903,4076795.5513119143,-0.076308978,0.01377058122438662,-0.076308978,0.0
202301,NON PRIME,2026-07-31,4076795.5513119143,-311096.1020355587,0.0,55810.80823372883,3821510.257510084,-0.076308978,0.01368987174639378,-0.076308978,0.0
202301,NON PRIME,2026-08-31,3821510.257510084,-291615.54216711136,0.0,52066.948849159315,3581961.664192132,-0.076308978,0.01362470472160493,-0.076308978,0.0
202301,NON PRIME,2026-09-30,3581961.664192132,-273335.8338296808,0.0,48617.33047170881,3357243.16083416,-0.076308978,0.013572822668015308,-0.076308978,0.0
202301,NON PRIME,2026-10-31,3357243.16083416,-256187.79450074438,0.0,45431.29462163919,3146486.6609550547,-0.076308978,0.013532321742924056,-0.076308978,0.0
202301,NON PRIME,2026-11-30,3146486.6609550547,-240105.18138811272,0.0,42482.57302821116,2948864.052595153,-0.076308978,0.013501590060870115,-0.076308978,0.0
202301,NON PRIME,2026-12-31,2948864.052595153,-225024.80211447438,0.0,39748.499208099856,2763587.749688778,-0.076308978,0.013479257944468182,-0.076308978,0.0
202301,NON PRIME,2027-01-31,2763587.749688778,-210886.55679207048,0.0,37209.38092755578,2589910.573824263,-0.076308978,0.013464157572614122,-0.076308978,0.0
202301,NON PRIME,2027-02-28,2589910.573824263,-197633.42899992308,0.0,34847.998042692205,2427125.1428670324,-0.076308978,0.013455290076381144,-0.076308978,0.0
202301,NON PRIME,2027-03-31,2427125.1428670324,-185211.43913028724,0.0,32649.198533050167,2274562.9022697955,-0.076308978,0.013451798572892465,-0.076308978,0.0
202301,NON PRIME,2027-04-30,2274562.9022697955,-173569.57046892197,0.0,30599.571807729797,2131592.9036086034,-0.076308978,0.01345294596038402,-0.076308978,0.0
202301,NON PRIME,2027-05-31,2131592.9036086034,-162659.67598642505,0.0,28687.183105089836,1997620.4107272683,-0.076308978,0.013458096551421665,-0.076308978,0.0
202301,NON PRIME,2027-06-30,1997620.4107272683,-152436.37197453808,0.0,26901.356415125632,1872085.3951678558,-0.076308978,0.013466700815963193,-0.076308978,0.0
202301,NON PRIME,2027-07-31,1872085.3951678558,-142856.9232339852,0.0,25232.496112909143,1754460.9680467797,-0.076308978,0.013478282656356462,-0.076308978,0.0
202301,NON PRIME,2027-08-31,1754460.9680467797,-133881.12341254042,0.0,23671.939611720994,1644251.7842459604,-0.076308978,0.013492428753245323,-0.076308978,0.0
202301,NON PRIME,2027-09-30,1644251.7842459604,-125471.17323048574,0.0,22211.834981198623,1540992.4459966733,-0.076308978,0.013508779612718971,-0.076308978,0.0
202301,NON PRIME,2027-10-31,1540992.4459966733,-117591.55865972633,0.0,20845.03874480612,1444245.926081753,-0.076308978,0.01352702201685622,-0.076308978,0.0
202301,NON PRIME,2027-11-30,1444245.926081753,-110208.93059996213,0.0,19565.03005896943,1353602.0255407605,-0.076308978,0.013546882636566933,-0.076308978,0.0
202301,NON PRIME,2027-12-31,1353602.0255407605,-103291.98718774533,0.0,18365.838248638203,1268675.8766016534,-0.076308978,0.013568122610706865,-0.076308978,0.0
202301,NON PRIME,2028-01-31,1268675.8766016534,-96811.35955672628,0.0,17241.981280245847,1189106.498325173,-0.076308978,0.013590532931414436,-0.076308978,0.0
202301,NON PRIME,2028-02-29,1189106.498325173,-90739.50162035266,0.0,16188.413230601793,1114555.409935422,-0.076308978,0.01361393050446093,-0.076308978,0.0
202301,NON PRIME,2028-03-31,1114555.409935422,-85050.5842565431,0.0,15200.479187833742,1044705.3048667127,-0.076308978,0.01363815477663373,-0.076308978,0.0
202301,NON PRIME,2028-04-30,1044705.3048667127,-79720.39412555727,0.0,14273.876320087249,979258.7870612426,-0.076308978,0.013663064840958535,-0.076308978,0.0
202301,NON PRIME,2028-05-31,979258.7870612426,-74726.23723816304,0.0,13404.620086209105,917937.1699092888,-0.076308978,0.013688536945822456,-0.076308978,0.0
202301,NON PRIME,2028-06-30,917937.1699092888,-70046.84730399017,0.0,12589.014753170924,860479.3373584695,-0.076308978,0.013714462346496962,-0.076308978,0.0
202301,NON PRIME,2028-07-31,860479.3373584695,-65662.29882394202,0.0,11823.627537680324,806640.6660722077,-0.076308978,0.013740745447737214,-0.076308978,0.0
202301,NON PRIME,2028-08-31,806640.6660722077,-61553.924841209446,0.0,11105.265812182828,756192.0070431811,-0.076308978,0.013767302194492539,-0.076308978,0.0
202301,NON PRIME,2028-09-30,756192.0070431811,-57704.23922923395,0.0,10430.956914455819,708918.724728403,-0.076308978,0.013794058674651102,-0.076308978,0.0
202301,NON PRIME,2028-10-31,708918.724728403,-54096.86336908776,0.0,9797.930180079986,664619.7915393952,-0.076308978,0.013820949903437399,-0.076308978,0.0
202301,NON PRIME,2028-11-30,664619.7915393952,-50716.45705094429,0.0,9203.600882055105,623106.935370506,-0.076308978,0.013847918763805821,-0.076308978,0.0
202301,NON PRIME,2028-12-31,623106.935370506,-47548.65342283536,0.0,8645.555814713303,584203.837762384,-0.076308978,0.013874915081104921,-0.076308978,0.0
202301,NON PRIME,2029-01-31,584203.837762384,-44579.99780332533,0.0,8121.540302255457,547745.3802613141,-0.076308978,0.013901894813568086,-0.076308978,0.0
202301,NRP-L,2025-10-31,1160678.27,-43145.2433508788,0.0,12008.559083856844,1129541.585732978,-0.03717244,0.010346156548495428,-0.03717244,0.0
202301,NRP-L,2025-11-30,1129541.585732978,-41987.81682316399,0.0,10717.149466783632,1098270.9183765978,-0.03717244,0.009488052146242229,-0.03717244,0.0
202301,NRP-L,2025-12-31,1098270.9183765978,-40825.40981709898,0.0,9642.178468717606,1067087.6870282164,-0.03717244,0.008779417088608821,-0.03717244,0.0
202301,NRP-L,2026-01-31,1067087.6870282164,-39666.25302079516,0.0,8892.397391901804,1036313.8313993231,-0.03717244,0.008333333333333335,-0.03717244,0.0
202301,NRP-L,2026-02-28,1036313.8313993231,-38522.31371886146,0.0,8635.94859499436,1006427.466275456,-0.03717244,0.008333333333333333,-0.03717244,0.0
202301,NRP-L,2026-03-31,1006427.466275456,-37411.36460447641,0.0,8386.895552295467,977402.9972232751,-0.03717244,0.008333333333333333,-0.03717244,0.0
202301,NRP-L,2026-04-30,977402.9972232751,-36332.45427010236,0.0,8145.024976860626,949215.5679300334,-0.03717244,0.008333333333333333,-0.03717244,0.0
202301,NRP-L,2026-05-31,949215.5679300334,-35284.65874594509,0.0,7910.129732750279,921841.0389168386,-0.037172439999999994,0.008333333333333333,-0.037172439999999994,0.0
202301,NRP-L,2026-06-30,921841.0389168386,-34267.08070867385,0.0,7682.008657640322,895255.9668658051,-0.03717244,0.008333333333333333,-0.03717244,0.0
202301,NRP-L,2026-07-31,895255.9668658051,-33278.84871296113,0.0,7460.466390548376,869437.5845433924,-0.03717244,0.008333333333333333,-0.03717244,0.0
202301,NRP-L,2026-08-31,869437.5845433924,-32319.116445184183,0.0,7245.31320452827,844363.7813027365,-0.03717244,0.008333333333333333,-0.03717244,0.0
202301,NRP-L,2026-09-30,844363.7813027365,-31387.061998649096,0.0,7036.364844189472,820013.0841482768,-0.03717244,0.008333333333333335,-0.03717244,0.0
202301,NRP-L,2026-10-31,820013.0841482768,-30481.887169716774,0.0,6833.442367902307,796364.6393464623,-0.03717244,0.008333333333333333,-0.03717244,0.0
202301,NRP-L,2026-11-30,796364.6393464623,-29602.81677422801,0.0,6636.371994553853,773398.1945667882,-0.03717244,0.008333333333333333,-0.03717244,0.0
202301,NRP-L,2026-12-31,773398.1945667882,-28749.09798364226,0.0,6444.984954723234,751094.0815378692,-0.03717244,0.008333333333333333,-0.03717244,0.0
202301,NRP-L,2027-01-31,751094.0815378692,-27919.99968032155,0.0,6259.11734614891,729433.1992036966,-0.03717244,0.008333333333333333,-0.03717244,0.0
202301,NRP-L,2027-02-28,729433.1992036966,-27114.81183140746,0.0,6078.609993364138,708396.9973656533,-0.03717244,0.008333333333333333,-0.03717244,0.0
202301,NRP-L,2027-03-31,708396.9973656533,-26332.844880754907,0.0,5903.308311380445,687967.4607962788,-0.03717244,0.008333333333333335,-0.03717244,0.0
202301,NRP-L,2027-04-30,687967.4607962788,-25573.429158402025,0.0,5733.062173302323,668127.093811179,-0.03717244,0.008333333333333333,-0.03717244,0.0
202301,NRP-L,2027-05-31,668127.093811179,-24835.914307070427,0.0,5567.725781759826,648858.9052858684,-0.03717244,0.008333333333333333,-0.03717244,0.0
202301,NRP-L,2027-06-30,648858.9052858684,-24119.66872520463,0.0,5407.157544048904,630146.3941047126,-0.03717244,0.008333333333333333,-0.03717244,0.0
202301,NRP-L,2027-07-31,630146.3941047126,-23424.079026073785,0.0,5251.219950872605,611973.5350295114,-0.03717244,0.008333333333333333,-0.03717244,0.0
202301,NRP-L,2027-08-31,611973.5350295114,-22748.54951247241,0.0,5099.779458579263,594324.7649756182,-0.03717244,0.008333333333333335,-0.03717244,0.0
202301,NRP-L,2027-09-30,594324.7649756182,-22092.50166657027,0.0,4952.706374796819,577184.9696838447,-0.03717244,0.008333333333333333,-0.03717244,0.0
202301,NRP-L,2027-10-31,577184.9696838447,-21455.373654474537,0.0,4809.874747365373,560539.4707767356,-0.03717244,0.008333333333333333,-0.03717244,0.0
202301,NRP-L,2027-11-30,560539.4707767356,-20836.619845079957,0.0,4671.162256472797,544374.0131881284,-0.03717244,0.008333333333333333,-0.03717244,0.0
202301,NRP-L,2027-12-31,544374.0131881284,-20235.71034279491,0.0,4536.4501099010695,528674.7529552345,-0.03717244,0.008333333333333333,-0.03717244,0.0
202301,NRP-L,2028-01-31,528674.7529552345,-19652.13053374328,0.0,4405.622941293621,513428.24536278483,-0.03717244,0.008333333333333333,-0.03717244,0.0
202301,NRP-L,2028-02-29,513428.24536278483,-19085.3806450534,0.0,4278.568711356541,498621.433429088,-0.03717244,0.008333333333333335,-0.03717244,0.0
202301,NRP-L,2028-03-31,498621.433429088,-18534.975316856766,0.0,4155.178611909067,484241.63672414026,-0.037172439999999994,0.008333333333333333,-0.037172439999999994,0.0
202301,NRP-L,2028-04-30,484241.63672414026,-18000.443186629902,0.0,4035.346972701169,470276.5405102115,-0.03717244,0.008333333333333333,-0.03717244,0.0
202301,NRP-L,2028-05-31,470276.5405102115,-17481.326485523405,0.0,3918.971170918429,456714.1851956065,-0.037172439999999994,0.008333333333333333,-0.037172439999999994,0.0
202301,NRP-L,2028-06-30,456714.1851956065,-16977.18064633257,0.0,3805.9515432967214,443542.9560925707,-0.03717244,0.008333333333333335,-0.03717244,0.0
202301,NRP-L,2028-07-31,443542.9560925707,-16487.573922773718,0.0,3696.1913007714224,430751.5734705684,-0.03717244,0.008333333333333333,-0.03717244,0.0
202301,NRP-L,2028-08-31,430751.5734705684,-16012.087019740296,0.0,3589.59644558807,418329.08289641613,-0.03717244,0.008333333333333333,-0.03717244,0.0
202301,NRP-L,2028-09-30,418329.08289641613,-15550.312734222056,0.0,3486.0756908034678,406264.84585299756,-0.03717244,0.008333333333333333,-0.03717244,0.0
202301,NRP-L,2028-10-31,406264.84585299756,-15101.8556065798,0.0,3385.540382108313,394548.53062852606,-0.03717244,0.008333333333333333,-0.03717244,0.0
202301,NRP-L,2028-11-30,394548.53062852606,-14666.331581877048,0.0,3287.904421904384,383170.1034685534,-0.03717244,0.008333333333333333,-0.03717244,0.0
202301,NRP-L,2028-12-31,383170.1034685534,-14243.367680978594,0.0,3193.0841955712785,372119.81998314604,-0.03717244,0.008333333333333333,-0.03717244,0.0
202301,NRP-L,2029-01-31,372119.81998314604,-13832.601681134298,0.0,3100.9984998595505,361388.21680187125,-0.03717244,0.008333333333333333,-0.03717244,0.0
202301,NRP-M,2025-10-31,11951897.25,-462241.9328599192,0.0,162870.7147190532,11652526.031859133,-0.038675193,0.013627184982623006,-0.038675193,0.0
202301,NRP-M,2025-11-30,11652526.031859133,-450663.6932196761,0.0,159353.84321238234,11361216.18185184,-0.038675193,0.013675476268123626,-0.038675193,0.0
202301,NRP-M,2025-12-31,11361216.18185184,-439397.22854784294,0.0,155865.84705437743,11077684.800358374,-0.038675193,0.013719116383275424,-0.038675193,0.0
202301,NRP-M,2026-01-31,11077684.800358374,-428431.59764702653,0.0,152414.8318261788,10801668.034537526,-0.038675193,0.013758726175459337,-0.038675193,0.0
202301,NRP-M,2026-02-28,10801668.034537526,-417756.59595766943,0.0,149007.0979411586,10532918.536521016,-0.038675193,0.013794822935191079,-0.038675193,0.0
202301,NRP-M,2026-03-31,10532918.536521016,-407362.6572532278,0.0,145647.52082539359,10271203.400093181,-0.038675193,0.013827840813577623,-0.038675193,0.0
202301,NRP-M,2026-04-30,10271203.400093181,-397240.77384085994,0.0,142339.84292594055,10016302.469178261,-0.038675193,0.013858146643717447,-0.038675193,0.0
202301,NRP-M,2026-05-31,10016302.469178261,-387382.43114184577,0.0,139086.90013599006,9768006.938172406,-0.038675193,0.013886052319604198,-0.038675193,0.0
202301,NRP-M,2026-06-30,9768006.938172406,-377779.55355915683,0.0,135890.79891036658,9526118.183523616,-0.038675193,0.01391182456876835,-0.038675193,0.0
202301,NRP-M,2026-07-31,9526118.183523616,-368424.45928858523,0.0,132753.05593431284,9290446.780169344,-0.038675193,0.013935692732001024,-0.038675193,0.0
202301,NRP-M,2026-08-31,9290446.780169344,-359309.8222792779,0.0,129674.70908883006,9060811.666978896,-0.038675193,0.013957855004952344,-0.038675193,0.0
202301,NRP-M,2026-09-30,9060811.666978896,-350428.6399570605,0.0,126656.40622287903,8837039.433244715,-0.038675193,0.013978483482276096,-0.038675193,0.0
202301,NRP-M,2026-10-31,8837039.433244715,-341774.2056293499,0.0,123698.47662664112,8618963.704242006,-0.038675193,0.013997728261943773,-0.038675193,0.0
202301,NRP-M,2026-11-30,8618963.704242006,-333340.0847215545,0.0,120800.98891820334,8406424.608438656,-0.038675193,0.014015720806290037,-0.038675193,0.0
202301,NRP-M,2026-12-31,8406424.608438656,-325120.0941713144,0.0,117963.7981833334,8199268.312450674,-0.038675193,0.014032576711021393,-0.038675193,0.0
202301,NRP-M,2027-01-31,8199268.312450674,-317108.2844428141,0.0,115186.58455768264,7997346.612565543,-0.038675193,0.014048397999461807,-0.038675193,0.0
202301,NRP-M,2027-02-28,7997346.612565543,-309298.92372886854,0.0,112468.88495195529,7800516.57378863,-0.038675193,0.014063275033652112,-0.038675193,0.0
202301,NRP-M,2027-03-31,7800516.57378863,-301686.48399097397,0.0,109810.11925020732,7608640.209047863,-0.038675193,0.014077288114378519,-0.038675193,0.0
202301,NRP-M,2027-04-30,7608640.209047863,-294265.6285524864,0.0,107209.61202864147,7421584.192524019,-0.038675193,0.014090508827208371,-0.038675193,0.0
202301,NRP-M,2027-05-31,7421584.192524019,-287031.2010116156,0.0,104666.610624773,7239219.602137176,-0.038675193,0.014103001180018516,-0.038675193,0.0
202301,NRP-M,2027-06-30,7239219.602137176,-279978.2152820385,0.0,102180.30021842278,7061421.68707356,-0.038675193,0.014114822568479193,-0.038675193,0.0
202301,NRP-M,2027-07-31,7061421.68707356,-273101.84660195553,0.0,99749.81645473004,6888069.656926335,-0.038675193,0.014126024598889094,-0.038675193,0.0
202301,NRP-M,2027-08-31,6888069.656926335,-266397.4233790698,0.0,97374.25603643477,6719046.489583699,-0.038675193,0.01413665379218684,-0.038675193,0.0
202301,NRP-M,2027-09-30,6719046.489583699,-259860.41976062203,0.0,95052.68563147675,6554238.755454553,-0.038675193,0.014146752188548417,-0.038675193,0.0
202301,NRP-M,2027-10-31,6554238.755454553,-253486.44883528462,0.0,92784.14937754282,6393536.455996811,-0.038675193,0.014156357868459738,-0.038675193,0.0
202301,NRP-M,2027-11-30,6393536.455996811,-247271.25638821267,0.0,90567.67521382398,6236832.874822423,-0.038675193,0.014165505403332161,-0.038675193,0.0
202301,NRP-M,2027-12-31,6236832.874822423,-241210.715142502,0.0,88402.28022906937,6084024.43990899,-0.038675193,0.01417422624645628,-0.038675193,0.0
202301,NRP-M,2028-01-31,6084024.43990899,-235300.81943019707,0.0,86286.97518186066,5935010.595660654,-0.038675193,0.014182549073249846,-0.038675193,0.0
202301,NRP-M,2028-02-29,5935010.595660654,-229537.68024422074,0.0,84220.76832219506,5789693.683738628,-0.038675193,0.014190500078259767,-0.038675193,0.0
202301,NRP-M,2028-03-31,5789693.683738628,-223917.5206294724,0.0,82202.66862165449,5647978.831730811,-0.038675193,0.014198103235156486,-0.038675193,0.0
202301,NRP-M,2028-04-30,5647978.831730811,-218436.67137710363,0.0,80231.68850163683,5509773.848855344,-0.038675193,0.014205380524956748,-0.038675193,0.0
202301,NRP-M,2028-05-31,5509773.848855344,-213091.56699083323,0.0,78306.84613453473,5374989.127999046,-0.038675193,0.014212352136885435,-0.038675193,0.0
202301,NRP-M,2028-06-30,5374989.127999046,-207878.7418982648,0.0,76427.16738074417,5243537.553481526,-0.038675193,0.014219036645604493,-0.038675193,0.0
202301,NRP-M,2028-07-31,5243537.553481526,-202794.82688364582,0.0,74591.68741447205,5115334.414012352,-0.038675193,0.01422545116797071,-0.038675193,0.0
202301,NRP-M,2028-08-31,5115334.414012352,-197836.5457214696,0.0,72799.45208309613,4990297.3203739785,-0.038675193,0.014231611502012024,-0.038675193,0.0
202301,NRP-M,2028-09-30,4990297.3203739785,-193000.71199284642,0.0,71049.51903799783,4868346.12741913,-0.038675193,0.014237532250417757,-0.038675193,0.0
202301,NRP-M,2028-10-31,4868346.12741913,-188284.22606873742,0.0,69340.95866908722,4749402.86001948,-0.038675193,0.01424322693050733,-0.038675193,0.0
202301,NRP-M,2028-11-30,4749402.86001948,-183684.07224600535,0.0,67672.85487046653,4633391.642643941,-0.038675193,0.014248708072363642,-0.038675193,0.0
202301,NRP-M,2028-12-31,4633391.642643941,-179197.3160238414,0.0,66044.30566067151,4520238.632280771,-0.038675193,0.014253987306582358,-0.038675193,0.0
202301,NRP-M,2029-01-31,4520238.632280771,-174821.10150951482,0.0,64454.423677555395,4409871.954448811,-0.038675193,0.014259075442889553,-0.038675193,0.0
202301,NRP-S,2025-10-31,4875102.47,-301684.62549783074,-146253.0741,73406.76792225438,4500571.538324423,-0.09188272500000001,0.01505748204760389,-0.061882725,-0.030000000000000002
202301,NRP-S,2025-11-30,4500571.538324423,-278507.6308489572,-135017.1461497327,67522.8155768026,4154569.5769025357,-0.091882725,0.015003164598499319,-0.061882725,-0.03
202301,NRP-S,2025-12-31,4154569.5769025357,-257096.08662082598,-124637.08730707607,62151.48236808655,3834987.8853427204,-0.09188272500000001,0.014959788545513771,-0.061882725,-0.03
202301,NRP-S,2026-01-31,3834987.8853427204,-237319.5006869951,-115049.63656028161,57238.67725137878,3539857.4253468225,-0.091882725,0.014925386718989216,-0.061882725,-0.03
202301,NRP-S,2026-02-28,3539857.4253468225,-219056.02359194544,-106195.72276040466,52738.14221833852,3267343.821212811,-0.091882725,0.014898380324787071,-0.061882725,-0.029999999999999995
202301,NRP-S,2026-03-31,3267343.821212811,-202192.13916856155,-98020.31463638433,48609.88637789767,3015741.253785763,-0.091882725,0.014877493474149923,-0.061882725,-0.03
202301,NRP-S,2026-04-30,3015741.253785763,-186622.28667917958,-90472.23761357288,44819.007138588604,2783465.7366315993,-0.09188272500000001,0.014861688509359275,-0.061882725,-0.03
202301,NRP-S,2026-05-31,2783465.7366315993,-172248.4447268957,-83503.97209894797,41334.79072293927,2569048.110528695,-0.091882725,0.014850116593481196,-0.061882725,-0.029999999999999995
202301,NRP-S,2026-06-30,2569048.110528695,-158979.69773561682,-77071.44331586084,38130.01661535479,2371126.986092572,-0.091882725,0.014842079624389696,-0.06188272499999999,-0.03
202301,NRP-S,2026-07-31,2371126.986092572,-146731.79922044545,-71133.80958277716,35180.41259597191,2188441.789885321,-0.09188272499999998,0.014837000634009239,-0.06188272499999999,-0.03
202301,NRP-S,2026-08-31,2188441.789885321,-135426.74146198112,-65653.25369655964,32464.222210877706,2019826.0169376582,-0.091882725,0.01483440060454105,-0.061882725,-0.030000000000000002
202301,NRP-S,2026-09-30,2019826.0169376582,-124992.33795399845,-60594.78050812974,29961.857118916505,1864200.7555944466,-0.091882725,0.014833880179612161,-0.061882725,-0.03
202301,NRP-S,2026-10-31,1864200.7555944466,-115361.82270324335,-55926.02266783339,27655.61421048845,1720568.5244338582,-0.091882725,0.014835105139558734,-0.061882725,-0.03
202301,NRP-S,2026-11-30,1720568.5244338582,-106473.46884119623,-51617.055733015746,25529.442693277964,1588007.4425529242,-0.091882725,0.014837794793251992,-0.061882725,-0.03
202301,NRP-S,2026-12-31,1588007.4425529242,-98270.2278654559,-47640.22327658772,23568.750141814904,1465665.7415526954,-0.091882725,0.014841712645833156,-0.061882725,-0.029999999999999995
202301,NRP-S,2027-01-31,1465665.7415526954,-90699.39002642652,-43969.97224658086,21760.23925932754,1352756.6185390155,-0.09188272500000001,0.014846658854340965,-0.061882725,-0.03
202301,NRP-S,2027-02-28,1352756.6185390155,-83712.2658169798,-40582.698556170464,20091.769108454646,1248553.4232743199,-0.091882725,0.014852464096722636,-0.06188272499999999,-0.03
202301,NRP-S,2027-03-31,1248553.4232743199,-77263.88814029333,-37456.602698229595,18552.236044785244,1152385.1684805823,-0.091882725,0.014858984564819162,-0.061882725,-0.03
202301,NRP-S,2027-04-30,1152385.1684805823,-71312.73447516254,-34571.55505441747,17131.470682669384,1063632.3496336716,-0.091882725,0.014866097856203058,-0.06188272499999999,-0.03
202301,NRP-S,2027-05-31,1063632.3496336716,-65820.46819348435,-31908.970489010146,15820.148041233022,981723.0589924102,-0.091882725,0.01487369958866114,-0.061882725000000006,-0.03
202301,NRP-S,2027-06-30,981723.0589924102,-60751.6980857861,-29451.691769772304,14609.708634652918,906129.3777715047,-0.091882725,0.014881700598585885,-0.061882725,-0.03
202301,NRP-S,2027-07-31,906129.3777715047,-56073.75509905514,-27183.88133314514,13492.288737968653,836364.0300772731,-0.091882725,0.014890024613428827,-0.061882725,-0.03
202301,NRP-S,2027-08-31,836364.0300772731,-51756.48527316362,-25090.920902318194,12460.658416619133,771977.2823184105,-0.091882725,0.014898606310780571,-0.061882725,-0.03
202301,NRP-S,2027-09-30,771977.2823184105,-47772.057867957556,-23159.318469552312,11508.166182534369,712554.072163435,-0.09188272499999998,0.014907389694127943,-0.061882725,-0.03
202301,NRP-S,2027-10-31,712554.072163435,-44094.78769532,-21376.622164903052,10628.68935251079,657711.3516557228,-0.09188272499999998,0.014916326729058309,-0.06188272499999999,-0.030000000000000002
202301,NRP-S,2027-11-30,657711.3516557228,-40700.97070388939,-19731.340549671684,9816.589350856033,607095.6297530178,-0.091882725,0.01492537619450196,-0.061882725,-0.03
202301,NRP-S,2027-12-31,607095.6297530178,-37568.73190470782,-18212.868892590534,9066.671329099758,560380.7002848192,-0.091882725,0.014934502712181134,-0.061882725,-0.03
202301,NRP-S,2028-01-31,560380.7002848192,-34677.88477103289,-16811.421008544577,8374.147579270184,517265.542084512,-0.091882725,0.014943675924267088,-0.061882725,-0.030000000000000002
202301,NRP-S,2028-02-29,517265.542084512,-32009.801292791784,-15517.96626253536,7734.604300081661,477472.3788292665,-0.091882725,0.01495286979471361,-0.061882725,-0.03
202301,NRP-S,2028-03-31,477472.3788292665,-29547.29191418732,-14324.171364877995,7143.971342077611,440744.8868922788,-0.09188272499999998,0.0149620620141299,-0.061882725,-0.03
202301,NRP-S,2028-04-30,440744.8868922788,-27274.494630710993,-13222.346606768364,6598.494611894133,406846.54026669357,-0.091882725,0.014971233491602258,-0.061882725,-0.03
202301,NRP-S,2028-05-31,406846.54026669357,-25176.772568525226,-12205.396208000806,6094.71086007162,375559.0823502392,-0.091882725,0.014980367919747953,-0.061882725000000006,-0.029999999999999995
202301,NRP-S,2028-06-30,375559.0823502392,-23240.619414332206,-11266.772470507176,5629.424613327096,346681.1150787269,-0.091882725,0.014989451401623147,-0.061882725,-0.03
202301,NRP-S,2028-07-31,346681.1150787269,-21453.57210711021,-10400.433452361807,5199.687042510962,320026.79656176583,-0.091882725,0.014998472130015443,-0.061882725,-0.030000000000000002
202301,NRP-S,2028-08-31,320026.79656176583,-19804.130244262702,-9600.803896852975,4802.776582849202,295424.63900349935,-0.09188272500000001,0.015007420111216394,-0.061882725000000006,-0.03
202301,NRP-S,2028-09-30,295424.63900349935,-18281.681693677823,-8862.73917010498,4436.181144480212,272716.3992841967,-0.091882725,0.015016286926655652,-0.06188272499999999,-0.03
202301,NRP-S,2028-10-31,272716.3992841967,-16876.43393989414,-8181.491978525902,4097.581769488793,251756.05513526546,-0.09188272499999998,0.015025065526839545,-0.06188272499999999,-0.03
202301,NRP-S,2028-11-30,251756.05513526546,-15579.35072702047,-7552.681654057964,3784.8376072115752,232408.8603613986,-0.091882725,0.015033750052915422,-0.061882725,-0.03
202301,NRP-S,2028-12-31,232408.8603613986,-14382.09359330783,-6972.265810841958,3495.972093006761,214550.4730502556,-0.091882725,0.015042335681911963,-0.061882725,-0.03
202301,NRP-S,2029-01-31,214550.4730502556,-13276.967922388878,-6436.514191507667,3229.1602273192425,198066.1511636783,-0.091882725,0.015050818492312785,-0.061882725,-0.03
202404,NON PRIME,2025-10-31,1439613.0899999996,-129378.62007927995,-31833.672638049462,29336.792878272157,1307737.5901609426,-0.11198306950468855,0.0203782482127001,-0.089870411,-0.022112658504688555
202404,NON PRIME,2025-11-30,1307737.5901609426,-117526.91470791347,-28614.66355596424,25821.079269093087,1187417.091166158,-0.11175145485103945,0.019744847485737026,-0.089870411,-0.021881043851039447
202404,NON PRIME,2025-12-31,1187417.091166158,-106713.66201152708,-25795.048503749527,22888.187172571837,1077796.5678234533,-0.11159407381035782,0.019275608665943515,-0.089870411,-0.02172366281035782
202404,NON PRIME,2026-01-31,1077796.5678234533,-96862.02052468312,-23301.341449749558,20398.986077213864,978032.1919262345,-0.11148983543072094,0.018926564331530962,-0.089870411,-0.02161942443072095
202404,NON PRIME,2026-02-28,978032.1919262345,-87896.15505964158,-21080.212840992357,18256.78062794841,887312.604653549,-0.11142411139453903,0.018666850415211465,-0.089870411,-0.021553700394539035
202404,NON PRIME,2026-03-31,887312.604653549,-79743.14846569496,-19091.557328496423,16392.55103226755,804870.4498916251,-0.11138656802106554,0.01847438089608568,-0.089870411,-0.021516157021065553
202404,NON PRIME,2026-04-30,804870.4498916251,-72334.03813351525,-17304.213930107606,14755.756923923784,729987.9547519259,-0.11136978885942769,0.01833308320104264,-0.089870411,-0.021499377859427685
202404,NON PRIME,2026-05-31,729987.9547519259,-65604.31751860498,-15693.256678111864,13308.47345467857,661998.8540098876,-0.11136837761157915,0.018231086373474793,-0.089870411,-0.021497966611579163
202404,NON PRIME,2026-06-30,661998.8540098876,-59494.10909139759,-14238.238212047592,12021.572843231506,600288.0795496738,-0.11137836093949481,0.018159507029980378,-0.089870411,-0.021507949939494807
202404,NON PRIME,2026-07-31,600288.0795496738,-53948.136427529884,-12922.024555162767,10872.189361182354,544290.1079281636,-0.1113967830793134,0.018111619623262368,-0.089870411,-0.021526372079313412
202404,NON PRIME,2026-08-31,544290.1079281636,-48915.57570273842,-11730.004178869593,9842.005700331918,493486.5337468875,-0.11142142581362534,0.018082279205469013,-0.089870411,-0.021551014813625348
202404,NON PRIME,2026-09-30,493486.5337468875,-44349.83761079815,-10649.53857836913,8916.07454802797,447403.2321057482,-0.11145061197835406,0.01806751337332557,-0.089870411,-0.02158020097835405
202404,NON PRIME,2026-10-31,447403.2321057482,-40208.31235207198,-9669.571530551586,8081.994706544282,405607.3429296689,-0.11148306561816351,0.0180642295955386,-0.08987041099999998,-0.021612654618163522
202404,NON PRIME,2026-11-30,405607.3429296689,-36452.09861370729,-8780.34446553859,7329.325704070022,367704.2255544931,-0.11151781117308089,0.018070002508166882,-0.08987041100000001,-0.02164740017308088
202404,NON PRIME,2026-12-31,367704.2255544931,-33045.729877018995,-7973.184052476552,6649.165158028642,333334.4767830262,-0.11155409994987023,0.018082917453564176,-0.089870411,-0.02168368894987023
202404,NON PRIME,2027-01-31,333334.4767830262,-29956.90642896052,-7240.3398103725085,6033.838735698286,302171.06927939143,-0.11159135592069412,0.01810145411278842,-0.089870411,-0.02172094492069413
202404,NON PRIME,2027-02-28,302171.06927939143,-27156.23818844838,-6574.85701185455,5476.669048383627,273916.64312747214,-0.11162913537931954,0.01812439907448527,-0.089870411,-0.021758724379319548
202404,NON PRIME,2027-03-31,273916.64312747214,-24617.001297606246,-5970.474963025585,4971.800598311834,248300.96746515212,-0.11166709664442474,0.018150779527471482,-0.089870411,-0.021796685644424732
202404,NON PRIME,2027-04-30,248300.96746515212,-22314.909997790848,-5421.543892399742,4514.065041302008,225078.57861626355,-0.11170497712250466,0.01817981253712004,-0.089870411,-0.02183456612250466
202404,NON PRIME,2027-05-31,225078.57861626355,-20227.904367539417,-4922.9557673939,4098.875819225256,204026.59430055547,-0.11174257581310311,0.018210865931464003,-0.089870411,-0.0218721648131031
202404,NON PRIME,2027-06-30,204026.59430055547,-18335.953884721177,-4470.085753577363,3722.144465924635,184942.6991281816,-0.11177973987402118,0.018243427915291634,-0.089870411,-0.02190932887402117
202404,NON PRIME,2027-07-31,184942.6991281816,-16620.87638209902,-4058.7419777146924,3380.2131179749595,167643.2938863428,-0.11181635423997417,0.018277083301526675,-0.089870411,-0.021945943239974165
202404,NON PRIME,2027-08-31,167643.2938863428,-15066.171722959416,-3685.1219030865855,3069.7993041488066,151961.79956444562,-0.11185233355507093,0.01831149479936871,-0.089870411,-0.02198192255507094
202404,NON PRIME,2027-09-30,151961.79956444562,-13656.869383156349,-3345.7740735694088,2787.950165663536,137747.1062733834,-0.11188761587095505,0.018346388195285827,-0.089870411,-0.02201720487095506
202404,NON PRIME,2027-10-31,137747.1062733834,-12379.389054849644,-3037.5642963492646,2532.0040198312777,124862.15694201578,-0.11192215770109354,0.018381540551611078,-0.089870411,-0.02205174670109355
202404,NON PRIME,2027-11-30,124862.15694201578,-11221.413362725461,-2757.645554880193,2299.557720934356,113182.65574534448,-0.1119559301229862,0.01841677075947229,-0.089870411,-0.022085519122986196
202404,NON PRIME,2027-12-31,113182.65574534448,-10171.77178990562,-2503.4311024594167,2088.438660575355,102595.8915135548,-0.11198891569467705,0.01845193193976859,-0.08987041100000001,-0.022118504694677035
202404,NON PRIME,2028-01-31,102595.8915135548,-9220.334937234582,-2272.5703019223843,1896.6805308972316,92999.66680529506,-0.11202110600733502,0.018486905303090478,-0.089870411,-0.022150695007335026
202404,NON PRIME,2028-02-29,92999.66680529506,-8357.918278654923,-2062.926861594661,1722.502179290382,84301.32384433586,-0.11205249973708788,0.018521595167610955,-0.08987041099999998,-0.022182088737087883
202404,NON PRIME,2028-03-31,84301.32384433586,-7576.194621734563,-1872.559180771283,1564.2890342873206,76416.85907611733,-0.11208310109047831,0.018555924900726502,-0.089870411,-0.022212690090478323
202404,NON PRIME,2028-04-30,76416.85907611733,-6867.614532499744,-1699.7025658301334,1420.5766945455537,69270.118672333,-0.11211291856154597,0.018589833601123873,-0.089870411,-0.02224250756154598
202404,NON PRIME,2028-05-31,69270.118672333,-6225.334035101341,-1542.7531149326564,1290.0363568924042,62792.06787919142,-0.11214196393655998,0.018623273377004538,-0.089870411,-0.022271552936559982
202404,NON PRIME,2028-06-30,62792.06787919142,-5643.148947842831,-1400.2530981356008,1171.4618229900432,56920.127656203025,-0.11217025149624886,0.018656207106347782,-0.089870411,-0.022299840496248873
202404,NON PRIME,2028-07-31,56920.127656203025,-5115.4352666354325,-1270.877682753189,1063.7578727340328,51597.57257954843,-0.1121977973760334,0.018688606588500984,-0.089870411,-0.022327386376033393
202404,NON PRIME,2028-08-31,51597.57257954843,-4637.095054326348,-1153.4228724745453,965.9298299506564,46772.98448269819,-0.11222461905303008,0.01872045101465721,-0.089870411,-0.022354208053030074
202404,NON PRIME,2028-09-30,46772.98448269819,-4203.507339156709,-1046.7945441309087,877.0741751485989,42399.75677455918,-0.11225073493502982,0.018751725699116713,-0.08987041100000001,-0.022380323935029818
202404,NON PRIME,2028-10-31,42399.75677455918,-3810.483567629668,-949.9984788946109,796.37008307758,38435.644811112485,-0.11227616403169267,0.018782421024533334,-0.089870411,-0.022405753031692663
202404,NON PRIME,2028-11-30,38435.644811112485,-3454.2271962246964,-862.1312956382803,723.0717811649038,34842.35810041441,-0.11230092569215944,0.01881253156330162,-0.089870411,-0.02243051469215944
202404,NON PRIME,2028-12-31,34842.35810041441,-3131.297042693422,-782.3722035993121,656.5016396562438,31585.190493777915,-0.11232503939640599,0.018842055344366476,-0.089870411,-0.022454628396406006
202404,NON PRIME,2029-01-31,31585.190493777915,-2838.574051189114,-709.975499685438,596.0439163058215,28632.684859209185,-0.11234852459014279,0.018870993240431413,-0.089870411,-0.022478113590142783
202404,NRP-L,2025-10-31,312423.2,-21247.939947630402,-4559.404292546433,4071.5191508889734,290687.3749107121,-0.08260380227901395,0.013032064042903899,-0.068010122,-0.014593680279013956
202404,NRP-L,2025-11-30,290687.3749107121,-19769.683831537273,-4300.938225138626,3761.1735497672053,270377.9264038034,-0.08280587371250459,0.01293889544023882,-0.068010122,-0.014795751712504567
202404,NRP-L,2025-12-31,270377.9264038034,-18388.435760829692,-4042.852438642749,3479.5259475756175,251426.16415190656,-0.08296271998910078,0.012869119879183566,-0.068010122,-0.014952597989100778
202404,NRP-L,2026-01-31,251426.16415190656,-17099.524097963193,-3790.4313240759143,3222.4125299231614,233758.62125979064,-0.08308584547079127,0.012816536181875827,-0.068010122,-0.015075723470791261
202404,NRP-L,2026-02-28,233758.62125979064,-15897.952350430156,-3546.8880529029443,2986.682915312446,217300.46377176998,-0.08318341500535643,0.012776781875322397,-0.068010122,-0.01517329300535643
202404,NRP-L,2026-03-31,217300.46377176998,-14778.631051774659,-3314.0964827934336,2769.8699263933518,201977.60616359525,-0.0832613387957185,0.0127467280939747,-0.068010122,-0.01525121679571848
202404,NRP-L,2026-04-30,201977.60616359525,-13736.521636454067,-3093.054358888376,2569.9817194861753,187718.01188773898,-0.08332396999353996,0.012724092379848161,-0.068010122,-0.015313847993539954
202404,NRP-L,2026-05-31,187718.01188773898,-12766.72489008258,-2884.1826400295286,2385.367434476457,174452.47179210332,-0.08337456471397013,0.012707184624898855,-0.068010122,-0.015364442713970125
202404,NRP-L,2026-06-30,174452.47179210332,-11864.533889782506,-2687.5223625717153,2214.6281836361336,162115.04372338526,-0.08341559224048167,0.012694736628755409,-0.068010122,-0.015405470240481669
202404,NRP-L,2026-07-31,162115.04372338526,-11025.463901662766,-2502.8660209908417,2056.556665046744,150643.2704657784,-0.08344894842539609,0.012685785463290003,-0.068010122,-0.015438826425396082
202404,NRP-L,2026-08-31,150643.2704657784,-10245.267202856587,-2329.8462830970107,1910.0952409674007,139978.2522207922,-0.08347610515273754,0.012679592225139036,-0.068010122,-0.015465983152737523
202404,NRP-L,2026-09-30,139978.2522207922,-9519.93801088285,-2167.996430601863,1774.3061674626922,130064.62394677018,-0.08349821673047438,0.012675584523401692,-0.068010122,-0.015488094730474362
202404,NRP-L,2026-10-31,130064.62394677018,-8845.710942503962,-2016.791780783213,1648.3499719885779,120850.47119547157,-0.08351619674641682,0.012673315171873147,-0.068010122,-0.015506074746416815
202404,NRP-L,2026-11-30,120850.47119547157,-8219.055289761509,-1875.6781482557278,1531.4693934225043,112287.20715087684,-0.08353077433756417,0.012672432124368005,-0.068010122,-0.015520652337564174
202404,NRP-L,2026-12-31,112287.20715087684,-7636.666657370407,-1744.091376738757,1422.9771860816236,104329.4263028493,-0.08354253589640474,0.012672656326464806,-0.068010122,-0.015532413896404739
202404,NRP-L,2027-01-31,104329.4263028493,-7095.45701104679,-1621.4706597728295,1322.2466541887638,96934.74528621844,-0.08355195633412157,0.012673765217020584,-0.068010122,-0.015541834334121573
202404,NRP-L,2027-02-28,96934.74528621844,-6592.543852954642,-1507.2675086211864,1228.7041489105682,90063.63807355319,-0.08355942276074055,0.012675580312122174,-0.068010122,-0.015549300760740535
202404,NRP-L,2027-03-31,90063.63807355319,-6125.239013146198,-1400.9516520895709,1141.82300036901,83679.27040868643,-0.08356525259494045,0.012677957772886167,-0.068010122,-0.015555130594940451
202404,NRP-L,2027-04-30,83679.27040868643,-5691.037389365754,-1302.0147656781648,1061.1185171331083,77747.33677077561,-0.08356970753796147,0.012680781177353067,-0.068010122,-0.015559585537961475
202404,NRP-L,2027-05-31,77747.33677077561,-5287.605858955536,-1209.9726626500437,986.1437937846175,72235.90204295465,-0.08357300444596,0.01268395593654982,-0.068010122,-0.015562882445959995
202404,NRP-L,2027-06-30,72235.90204295465,-4912.7725107213955,-1124.3663964645266,916.4861410233217,67115.24927679206,-0.08357532385483292,0.012687404948280962,-0.068010122,-0.015565201854832917
202404,NRP-L,2027-07-31,67115.24927679206,-4564.51629137504,-1044.7625960648488,851.7640038576266,62357.7343932098,-0.08357681671279338,0.012691065190637086,-0.068010122,-0.01556669471279338
202404,NRP-L,2027-08-31,62357.7343932098,-4240.957123725795,-970.753265256556,791.6242691429542,57937.6482733704,-0.08357760973352264,0.012694885034648645,-0.068010122,-0.015567487733522633
202404,NRP-L,2027-09-30,57937.6482733704,-3940.3465274650107,-901.9552132076726,735.7398889756922,53831.08642167342,-0.08357780967955385,0.01269882211138792,-0.068010122,-0.015567687679553846
202404,NRP-L,2027-10-31,53831.08642167342,-3661.058754930553,-838.0092370721359,683.8077644831784,50015.82619415391,-0.08357750681010366,0.012702841609525168,-0.068010122,-0.015567384810103654
202404,NRP-L,2027-11-30,50015.82619415391,-3401.582441395203,-778.5791445100838,635.5468475656204,46471.21145581424,-0.08357677767190187,0.012706914909263383,-0.068010122,-0.015566655671901864
202404,NRP-L,2027-12-31,46471.21145581424,-3160.5127605977245,-723.3506797452479,590.6964276378908,43178.04444310916,-0.08357568737014372,0.012711018480754193,-0.068010122,-0.015565565370143713
202404,NRP-L,2028-01-31,43178.04444310916,-2936.5440702972764,-672.030399179128,549.0145774143235,40118.48455104708,-0.08357429142561136,0.012715132991668905,-0.068010122,-0.01556416942561136
202404,NRP-L,2028-02-29,40118.48455104708,-2728.4630287718273,-624.344529659309,510.27673698984466,37275.95372960579,-0.0835726373005191,0.01271924258107418,-0.068010122,-0.015562515300519095
202404,NRP-L,2028-03-31,37275.95372960579,-2535.142160816845,-580.0378329892023,474.2744193939537,34635.04815519369,-0.08357076565775079,0.012723334266220781,-0.068010122,-0.015560643657750792
202404,NRP-L,2028-04-30,34635.04815519369,-2355.533850510598,-538.8724932499279,440.8140237814123,32181.455835214576,-0.08356871140444756,0.012727397456073989,-0.068010122,-0.015558589404447569
202404,NRP-L,2028-05-31,32181.455835214576,-2188.6647374905556,-500.62703832081706,409.7157447246414,29901.879804127846,-0.08356650456032551,0.012731423550960356,-0.068010122,-0.015556382560325491
202404,NRP-L,2028-06-30,29901.879804127846,-2033.6304935080711,-465.09530315396097,380.8125678665979,27783.96657533241,-0.08356417098289226,0.012735405611991928,-0.068010122,-0.015554048982892248
202404,NRP-L,2028-07-31,27783.96657533241,-1889.5909564322797,-432.08543953086877,353.9493436083065,25816.239522977572,-0.0835617329753202,0.01273933808726056,-0.068010122,-0.015551610975320188
202404,NRP-L,2028-08-31,25816.239522977572,-1755.7655995389266,-401.41897494922125,328.98193163601894,23988.036880125444,-0.08355920979769962,0.012743216584398776,-0.068010122,-0.015549087797699621
202404,NRP-L,2028-09-30,23988.036880125444,-1631.429314757831,-372.92992176570084,305.77641000774844,22289.454053609657,-0.08355661809842316,0.012747037681148895,-0.068010122,-0.01554649609842315
202404,NRP-L,2028-10-31,22289.454053609657,-1515.9084894993875,-346.4639366166447,284.2083432682638,20711.28997076189,-0.0835539722793,0.01275079876719716,-0.068010122,-0.015543850279299986
202404,NRP-L,2028-11-30,20711.28997076189,-1408.5773576888926,-321.87752934725773,264.1621046829791,19244.997188408717,-0.08355128480548686,0.012754497911810249,-0.068010122,-0.015541162805486862
202404,NRP-L,2028-12-31,19244.997188408717,-1308.854606673334,-299.03732012412104,245.53024820260165,17882.635509813867,-0.08354856646931028,0.012758133752832388,-0.068010122,-0.015538444469310264
202404,NRP-L,2029-01-31,17882.635509813867,-1216.2002227039734,-277.8193430259837,228.2129262129404,16616.82887029685,-0.0835458266154365,0.012761705403417674,-0.068010122,-0.015535704615436487
202404,NRP-M,2025-10-31,2980564.9000000004,-137008.55967511373,-43089.04092071106,43066.65947594438,2843533.95888012,-0.06042398224438085,0.01444916011590433,-0.045967313,-0.014456669244380839
202404,NRP-M,2025-11-30,2843533.95888012,-130709.61551397161,-41949.55818309113,40888.89935790969,2711763.684540967,-0.06071992675095808,0.014379606485871941,-0.045967313,-0.014752613750958082
202404,NRP-M,2025-12-31,2711763.684540967,-124652.4900693279,-40645.07787748536,38857.33152724502,2585323.448121399,-0.06095574215744908,0.014329173205158023,-0.045967313,-0.014988429157449074
202404,NRP-M,2026-01-31,2585323.448121399,-118840.37214603562,-39242.13162767043,36951.113321481156,2464192.0576691744,-0.061146122311533276,0.014292646186430303,-0.045967313,-0.015178809311533285
202404,NRP-M,2026-02-28,2464192.0576691744,-113272.28760699299,-37786.59981305019,35155.09756940029,2348288.2678185315,-0.061301588465846484,0.014266378896883846,-0.045967313,-0.015334275465846486
202404,NRP-M,2026-03-31,2348288.2678185315,-107944.50182104227,-36310.438083284,33457.87641001696,2237491.2043242217,-0.06142982609129735,0.014247772246930324,-0.045967313,-0.015462513091297342
202404,NRP-M,2026-04-30,2237491.2043242217,-102851.45852391845,-34836.028647858024,31850.559289746405,2131654.2764421916,-0.06153654901779225,0.014234942791368903,-0.045967313,-0.015569236017792247
202404,NRP-M,2026-05-31,2131654.2764421916,-97986.41933300675,-33379.06130257216,30325.991740912843,2030614.7875475255,-0.0616260723360979,0.014226505712515458,-0.045967313,-0.01565875933609789
202404,NRP-M,2026-06-30,2030614.7875475255,-93341.90552162561,-31950.480613632826,28878.245460575035,1934200.646872842,-0.0617017008364153,0.01422142970575563,-0.045967313,-0.0157343878364153
202404,NRP-M,2026-07-31,1934200.646872842,-88910.0065396064,-30557.826190750537,27502.27910469186,1842235.0932471768,-0.06176599771254806,0.01421893801408697,-0.045967313,-0.01579868471254806
202404,NRP-M,2026-08-31,1842235.0932471768,-84682.59715087718,-29206.170322037004,26193.708646842704,1754540.0344211054,-0.06182097382162586,0.014218439732723208,-0.04596731300000001,-0.015853660821625846
202404,NRP-M,2026-09-30,1754540.0344211054,-80651.49093326573,-27898.783492755367,24948.649315013914,1670938.4093100983,-0.061868223178980504,0.014219481360107861,-0.045967313,-0.015900910178980508
202404,NRP-M,2026-10-31,1670938.4093100983,-76808.54886447941,-26637.612891267287,23763.605047850866,1591255.8526022024,-0.061909021409387456,0.014221712132203874,-0.045967313,-0.015941708409387453
202404,NRP-M,2026-11-30,1591255.8526022024,-73145.7558396473,-25423.630421057467,22635.38996406941,1515321.856305567,-0.06194439825595168,0.014224858891832792,-0.045967313,-0.01597708525595168
202404,NRP-M,2026-12-31,1515321.856305567,-69655.27406453903,-24257.088388860637,21561.071691165944,1442970.5655433333,-0.061975191648302924,0.014228707651411397,-0.045967313,-0.01600787864830292
202404,NRP-M,2027-01-31,1442970.5655433333,-66329.47963611742,-23137.709045683463,20537.929807903936,1374041.3066694364,-0.06200208848204265,0.014233089917652356,-0.045967313,-0.016034775482042653
202404,NRP-M,2027-02-28,1374041.3066694364,-63160.98681860297,-22064.826187374296,19563.42485996837,1308378.9185234276,-0.06202565570067006,0.014237872446053686,-0.045967313,-0.01605834270067006
202404,NRP-M,2027-03-31,1308378.9185234276,-60142.6632703679,-21037.491643306705,18635.174855326866,1245833.9384650795,-0.06204636421786019,0.01424294949383441,-0.045967313,-0.016079051217860182
202404,NRP-M,2027-04-30,1245833.9384650795,-57267.63859544705,-20054.55580117128,17750.937108295137,1186262.6811767563,-0.062064607496471455,0.014248236912027815,-0.045967313,-0.016097294496471452
202404,NRP-M,2027-05-31,1186262.6811767563,-54529.307965871165,-19114.72876389703,16908.593949241676,1129527.2383962297,-0.062080716099670544,0.01425366760460557,-0.045967313,-0.01611340309967054
202404,NRP-M,2027-06-30,1129527.2383962297,-51921.33210938511,-18216.626943685733,16106.14125797135,1075495.42060113,-0.062094969177243484,0.014259188012889192,-0.045967313,-0.016127656177243488
202404,NRP-M,2027-07-31,1075495.42060113,-49437.634628838794,-17358.808626879487,15341.679082238197,1024040.65642765,-0.06210760359944957,0.014264755375400133,-0.045967313,-0.016140290599449575
202404,NRP-M,2027-08-31,1024040.65642765,-47072.39737873525,-16539.80113150199,14613.403813531962,975041.8617309447,-0.06211882127038531,0.014270335578775354,-0.045967313,-0.01615150827038531
202404,NRP-M,2027-09-30,975041.8617309447,-44820.05444628906,-15758.121518758056,13919.601539886467,928383.2873057841,-0.06212879502168821,0.014275901462503026,-0.045967313,-0.0161614820216882
202404,NRP-M,2027-10-31,928383.2873057841,-42675.28515155391,-15012.292336853541,13258.642299709063,883954.3521170856,-0.06213767339114835,0.014281431474478955,-0.045967313,-0.01617036039114834
202404,NRP-M,2027-11-30,883954.3521170856,-40633.00638147829,-14300.853519384465,12628.975034819938,841649.4672510427,-0.06214558451948931,0.014286908599491964,-0.045967313,-0.016178271519489303
202404,NRP-M,2027-12-31,841649.4672510427,-38688.36449741193,-13622.371295809478,12029.123094058967,801367.8545518803,-0.062152639345304114,0.014292319501309663,-0.045967313,-0.01618532634530412
202404,NRP-M,2028-01-31,801367.8545518803,-36836.72699832476,-12975.444773216826,11457.68017717179,763013.3629575105,-0.06215893423800513,0.014297653832869113,-0.04596731300000001,-0.016191621238005126
202404,NRP-M,2028-02-29,763013.3629575105,-35073.67407825049,-12358.7106989921,10913.306636523812,726494.2848167917,-0.062164553178191105,0.01430290367946221,-0.045967313,-0.016197240178191102
202404,NRP-M,2028-03-31,726494.2848167917,-33394.99018288461,-11770.846800368448,10394.726074510896,691723.1739080496,-0.06216956957155285,0.014308063107657141,-0.045967313,-0.01620225657155285
202404,NRP-M,2028-04-30,691723.1739080496,-31796.65564438475,-11210.57400999775,9900.722189449863,658616.6664431168,-0.06217404776451718,0.014313127798673348,-0.045967313,-0.01620673476451718
202404,NRP-M,2028-05-31,658616.6664431168,-30274.838453407352,-10676.657819912789,9430.13583373486,627095.3060035316,-0.062178044315945084,0.014318094749503758,-0.045967313,-0.016210731315945078
202404,NRP-M,2028-06-30,627095.3060035316,-28825.886211895115,-10167.908954630226,8981.862256204671,597083.3730932109,-0.06218160906837619,0.01432296202860445,-0.045967313,-0.01621429606837619
202404,NRP-M,2028-07-31,597083.3730932109,-27446.318298071405,-9683.183514025868,8554.848506745117,568508.7197878587,-0.062184786053824645,0.014327728575703642,-0.045967313,-0.016217473053824635
202404,NRP-M,2028-08-31,568508.7197878587,-26132.818265717793,-9221.38270528241,8148.090985703271,541302.6098025617,-0.06218761426243869,0.014332394037410304,-0.045967313,-0.016220301262438695
202404,NRP-M,2028-09-30,541302.6098025617,-24882.226492511225,-8781.452258627878,7760.633124116005,515399.5641755386,-0.06219012829703115,0.014336958631968669,-0.045967313,-0.016222815297031144
202404,NRP-M,2028-10-31,515399.5641755386,-23691.533086520572,-8362.38160221458,7391.56318334741,490737.21267015085,-0.062192358932259384,0.014341423037816029,-0.045967313,-0.01622504593225938
202404,NRP-M,2028-11-30,490737.21267015085,-22557.871055556392,-7963.202856166877,7040.012164701434,467256.150923129,-0.06219433359384958,0.014345788301637071,-0.045967313,-0.016227020593849575
202404,NRP-M,2028-12-31,467256.150923129,-21478.509740658712,-7582.989693661126,6705.151821085615,444899.8033098948,-0.062196076770535465,0.014350055762430654,-0.045967313,-0.016228763770535462
202404,NRP-M,2029-01-31,444899.8033098948,-20450.84851238437,-7220.856107210301,6386.19276396513,423614.29145426524,-0.06219761036918228,0.0143542269887605,-0.045967313,-0.016230297369182283
202404,NRP-S,2025-10-31,1135465.04,-54177.73353804198,-18420.50649949546,17843.03635417325,1080709.8363166358,-0.06393701037025097,0.015714298305629253,-0.04771413617282482,-0.016222874197426157
202404,NRP-S,2025-11-30,1080709.8363166358,-52379.11048066094,-17631.441324154453,16744.788820675672,1027444.0733324961,-0.06478200665169395,0.015494250406516738,-0.04846732094082139,-0.01631468571087257
202404,NRP-S,2025-12-31,1027444.0733324961,-50065.444235755494,-16844.486958298236,15751.767096720092,976285.9092351624,-0.06512269906529568,0.015331021420591315,-0.04872814543897182,-0.016394553626323864
202404,NRP-S,2026-01-31,976285.9092351624,-48763.88474664234,-16074.223444135796,14848.734244125153,926296.5352885096,-0.06641303288047383,0.015209411611561497,-0.0499483648031392,-0.016464668077334634
202404,NRP-S,2026-02-28,926296.5352885096,-46367.50733127147,-15308.638085712471,14004.44434308639,878624.8342146121,-0.06658358642977537,0.01511874848881356,-0.05005687224861483,-0.016526714181160525
202404,NRP-S,2026-03-31,878624.8342146121,-43981.211080741225,-14569.365575292384,13224.527609030343,833298.7851676089,-0.06663888200743948,0.015051392919995852,-0.05005687224861483,-0.016582009758824644
202404,NRP-S,2026-04-30,833298.7851676089,-41712.33083406094,-13859.092319426782,12500.968517474663,790228.3305315959,-0.06668847254146679,0.015001784161920061,-0.05005687224861483,-0.016631600292851954
202404,NRP-S,2026-05-31,790228.3305315959,-39556.35858865627,-13178.105142868633,11826.410148766035,749320.276948837,-0.06673319810750117,0.014965813919643037,-0.05005687224861483,-0.01667632585888634
202404,NRP-S,2026-06-30,749320.276948837,-37508.629376524616,-12526.289083741962,11195.149811707633,710480.5083002781,-0.0667737414820858,0.014940406867532332,-0.050056872248614825,-0.016716869233470974
202404,NRP-S,2026-07-31,710480.5083002781,-35564.43203911795,-11903.242002752691,10602.666817678823,673615.5010760863,-0.06681066332900559,0.014923233915373934,-0.05005687224861483,-0.016753791080390757
202404,NRP-S,2026-08-31,673615.5010760863,-33719.08508205232,-11308.35800923222,10045.299715919546,638633.3577007214,-0.06684442834132256,0.014912512701789664,-0.05005687224861483,-0.016787556092707726
202404,NRP-S,2026-09-30,638633.3577007214,-31967.98840012895,-10740.88877752282,9520.02223062576,605444.5027536954,-0.06687542494087219,0.01490686653904331,-0.05005687224861483,-0.016818552692257353
202404,NRP-S,2026-10-31,605444.5027536954,-30306.65812796786,-10199.98896615238,9024.285464864919,573962.14112444,-0.06690398031510247,0.01490522322660537,-0.05005687224861483,-0.01684710806648764
202404,NRP-S,2026-11-30,573962.14112444,-28730.74957380753,-9684.750062974601,8555.9052685207,544102.5467561785,-0.06693037203032755,0.014906741499986331,-0.05005687224861483,-0.016873499781712716
202404,NRP-S,2026-12-31,544102.5467561785,-27236.071673120005,-9194.225709442717,8112.980813512245,515785.230187128,-0.0669548370978086,0.014910756918672921,-0.05005687224861483,-0.016897964849193776
202404,NRP-S,2027-01-31,515785.230187128,-25818.59537519946,-8727.4506894354,7693.835006577091,488933.0191290702,-0.06697757912164619,0.014916741613143422,-0.05005687224861483,-0.016920706873031363
202404,NRP-S,2027-02-28,488933.0191290702,-24474.45767667342,-8283.455166230995,7296.970362583611,463472.0766487494,-0.06699877398596568,0.014924274035698399,-0.05005687224861483,-0.016941901737350856
202404,NRP-S,2027-03-31,463472.0766487494,-23199.96253160667,-7861.275328063956,6921.035943161962,439331.8747322408,-0.06701857441826196,0.014933016015131355,-0.05005687224861483,-0.016961702169647135
202404,NRP-S,2027-04-30,439331.8747322408,-21991.579528216233,-7459.961301366675,6564.802295997034,416445.13619865495,-0.06703711367979551,0.014942695200520285,-0.05005687224861483,-0.016980241431180678
202404,NRP-S,2027-05-31,416445.13619865495,-20845.940981253076,-7078.582973699503,6227.142234822505,394747.7544785249,-0.06705450857188514,0.014953091520444602,-0.05005687224861483,-0.016997636323270296
202404,NRP-S,2027-06-30,394747.7544785249,-19759.837916359094,-6716.234210254019,5907.01592254495,374178.6982744567,-0.06707086190164374,0.014964026661401323,-0.05005687224861483,-0.01701398965302891
202404,NRP-S,2027-07-31,374178.6982744567,-18730.215297677474,-6372.035831492564,5603.459152780615,354679.90629806725,-0.06708626451727555,0.014975355835650826,-0.05005687224861483,-0.017029392268660716
202404,NRP-S,2027-08-31,354679.90629806725,-17754.166758713032,-6045.1376331115325,5315.574029178754,336196.17593542143,-0.06710079699813616,0.014986961298877844,-0.05005687224861483,-0.017043924749521325
202404,NRP-S,2027-09-30,336196.17593542143,-16828.929029272225,-5734.719664819362,5042.521457554801,318675.0486988846,-0.06711453106600994,0.014998747215147974,-0.050056872248614825,-0.01705765881739512
202404,NRP-S,2027-10-31,318675.0486988846,-15951.876201541178,-5439.992935569822,4783.515020132598,302066.6945819062,-0.06712753076982858,0.01501063556642783,-0.05005687224861483,-0.01707065852121375
202404,NRP-S,2027-11-30,302066.6945819062,-15120.513941247833,-5160.199675729073,4537.815912472189,286323.7968774015,-0.06713985348516381,0.015022562877224943,-0.05005687224861483,-0.017082981236548972
202404,NRP-S,2027-12-31,286323.7968774015,-14332.473722030429,-4894.613258186991,4304.728704540047,271401.4386017241,-0.06715155076142729,0.015034477579183725,-0.05005687224861483,-0.017094678512812447
202404,NRP-S,2028-01-31,271401.4386017241,-13585.507140176785,-4642.537858474609,4083.597746590234,257256.99134966295,-0.06716266904318316,0.015046337880997114,-0.05005687224861483,-0.01710579679456834
202404,NRP-S,2028-02-29,257256.99134966295,-12877.48035105309,-4403.307916925589,3873.8040841671013,243850.00716585136,-0.0671732502868724,0.015058110039473478,-0.05005687224861483,-0.017116378038257572
202404,NRP-S,2028-03-31,243850.00716585136,-12206.368656524834,-4176.287452642557,3674.762778912747,231142.11383559674,-0.06718333249022602,0.015069766950687048,-0.05005687224861483,-0.01712646024161119
202404,NRP-S,2028-04-30,231142.11383559674,-11570.251263543252,-3960.8692686211543,3485.920556020587,219096.9138594529,-0.06719295014845779,0.015081286997747193,-0.050056872248614825,-0.017136077899842957
202404,NRP-S,2028-05-31,219096.9138594529,-10967.306227128403,-3756.4740791880026,3306.7537173081323,207679.88727044465,-0.06720213464878592,0.015092653105234338,-0.05005687224861483,-0.017145262400171092
202404,NRP-S,2028-06-30,207679.88727044465,-10395.805585703378,-3562.549584425821,3136.766272564786,196858.29837288026,-0.06721091461279717,0.015103851960782462,-0.05005687224861483,-0.017154042364182345
202404,NRP-S,2028-07-31,196858.29837288026,-9854.110692730968,-3378.5695111119217,2975.4882522100384,186601.10642124744,-0.06721931619452554,0.015114873372388907,-0.05005687224861483,-0.017162443945910703
202404,NRP-S,2028-08-31,186601.10642124744,-9340.667745578565,-3204.032635595735,2822.4741722106824,176878.8802122838,-0.06722736334078826,0.015125709736356095,-0.05005687224861483,-0.017170491092173428
202404,NRP-S,2028-09-30,176878.8802122838,-8854.003510264336,-3038.461800764368,2677.3016282681338,167663.71652952323,-0.06723507801923997,0.015136355595732688,-0.050056872248614825,-0.01717820577062515
202404,NRP-S,2028-10-31,167663.71652952323,-8392.721239046316,-2881.40293662015,2539.5700009535212,158929.16235481028,-0.06724248041872107,0.01514680727303536,-0.05005687224861483,-0.017185608170106233
202404,NRP-S,2028-11-30,158929.16235481028,-7955.496776574104,-2732.424091886397,2408.8992570771256,150650.1407434269,-0.06724958912574934,0.015157062564133095,-0.05005687224861483,-0.017192716877134508
202404,NRP-S,2028-12-31,150650.1407434269,-7541.074849429564,-2591.1144823627174,2284.928835382813,142802.8802470174,-0.06725642128040538,0.015167120482643877,-0.05005687224861483,-0.017199549031790544
202404,NRP-S,2029-01-31,142802.8802470174,-7148.265533259192,-2457.083560386245,2167.3166068468777,135364.84776021884,-0.06726299271436477,0.01517698104616587,-0.05005687224861483,-0.017206120465749947
202405,NON PRIME,2025-10-31,1749500.3,-103641.37019033995,-38184.25216305268,35767.55791250507,1643442.2355591124,-0.08106636069361783,0.020444442285894475,-0.05924055582633506,-0.021825804867282778
202405,NON PRIME,2025-11-30,1643442.2355591124,-95684.25237697086,-35635.74974415384,32761.79896064382,1544884.0323986316,-0.07990545653492262,0.01993486491449332,-0.05822185307560768,-0.021683603459314936
202405,NON PRIME,2025-12-31,1544884.0323986316,-91135.62480899665,-33374.01974036009,30239.630548068715,1450614.0183973436,-0.08059481614036716,0.0195740456331326,-0.05899188735059734,-0.02160292878976982
202405,NON PRIME,2026-01-31,1450614.0183973436,-85808.48058719534,-31281.42273649274,28024.324593208512,1361548.439666864,-0.0807174767641157,0.019318939592332173,-0.05915321339717758,-0.021564263366938122
202405,NON PRIME,2026-02-28,1361548.439666864,-82955.58110700607,-29347.577516863268,26060.30329813827,1275305.5843411328,-0.08248194140734871,0.019140195485453725,-0.06092738142118776,-0.021554559986160952
202405,NON PRIME,2026-03-31,1275305.5843411328,-77701.02976572294,-27501.86644590044,24252.947210394876,1194355.635339904,-0.0824923042001536,0.01901736141375464,-0.06092738142118776,-0.021564922778965843
202405,NON PRIME,2026-04-30,1194355.635339904,-72768.96134689938,-25785.165117938657,22616.219702616832,1118417.7285776827,-0.0825165667148967,0.018935917438176138,-0.06092738142118776,-0.021589185293708943
202405,NON PRIME,2026-05-31,1118417.7285776827,-68142.26353727092,-24183.562192554287,21121.750530460315,1047213.6533783178,-0.08255039541195226,0.018885386015224673,-0.060927381421187754,-0.0216230139907645
202405,NON PRIME,2026-06-30,1047213.6533783178,-63803.98568885628,-22686.13397746172,19748.458197020977,980471.9919090207,-0.08259071048902039,0.01885809847237221,-0.06092738142118776,-0.02166332906783263
202405,NON PRIME,2026-07-31,980471.9919090207,-59737.591023832625,-21284.00969851542,18480.30066439923,917930.6918510719,-0.08263530359964238,0.018848371821837868,-0.06092738142118776,-0.02170792217845463
202405,NON PRIME,2026-08-31,917930.6918510719,-55927.11338062503,-19969.765116796498,17304.782155947047,859338.5955095974,-0.08268258069067298,0.018851948528979607,-0.06092738142118777,-0.021755199269485215
202405,NON PRIME,2026-09-30,859338.5955095974,-52357.25037856103,-18737.02272218795,16211.945493640931,804456.2679024894,-0.08273138605928583,0.018865608478840713,-0.06092738142118776,-0.021804004638098076
202405,NON PRIME,2026-10-31,804456.2679024894,-49013.41387116018,-17580.184026343697,15193.681808970841,753056.3518139564,-0.08278088014795092,0.018886895926097148,-0.06092738142118776,-0.021853498726763163
202405,NON PRIME,2026-11-30,753056.3518139564,-45881.751578617084,-16494.24756085209,14243.251048119171,704923.6037226063,-0.08283045351017669,0.018913924587197407,-0.06092738142118777,-0.021903072088988923
202405,NON PRIME,2026-12-31,704923.6037226063,-42949.149276805445,-15474.683205046771,13354.94452290103,659854.715763655,-0.08287966550321745,0.01894523669284923,-0.060927381421187754,-0.021952284082029684
202405,NON PRIME,2027-01-31,659854.715763655,-40203.21994990164,-14517.343971675195,12523.844449071396,617657.9962911496,-0.0829282001239444,0.018979699848893937,-0.060927381421187754,-0.02200081870275665
202405,NON PRIME,2027-02-28,617657.9962911496,-37632.28432787745,-13618.402968844679,11745.650509721236,578152.9595041488,-0.08297583388293696,0.019016430743632125,-0.06092738142118777,-0.022048452461749204
202405,NON PRIME,2027-03-31,578152.9595041488,-35225.345883497794,-12774.307453039706,11016.553255379085,541169.8594229904,-0.08302241223101973,0.01905473815238687,-0.060927381421187754,-0.022095030809831974
202405,NON PRIME,2027-04-30,541169.8594229904,-32972.0624387151,-11981.744595862567,10333.140573121347,506549.1929615341,-0.0830678321266979,0.019094079969898575,-0.06092738142118776,-0.022140450705510135
202405,NON PRIME,2027-05-31,506549.1929615341,-30862.715888162227,-11237.615355508498,9692.32773142509,474141.1894492885,-0.08311202905591779,0.0191340305464885,-0.06092738142118776,-0.02218464763473002
202405,NON PRIME,2027-06-30,474141.1894492885,-28888.181097072444,-10539.014011257213,9091.304388108385,443805.2987290672,-0.08315496730862817,0.019174255665633834,-0.06092738142118776,-0.022227585887440407
202405,NON PRIME,2027-07-31,443805.2987290672,-27039.894712410052,-9883.211697181418,8527.493911951382,415409.6862314271,-0.083196632656998,0.019214493239201314,-0.06092738142118776,-0.02226925123581025
202405,NON PRIME,2027-08-31,415409.6862314271,-25309.82439907809,-9267.642794144484,7998.521720555177,388830.7407587598,-0.08323702681780816,0.01925453831642037,-0.06092738142118776,-0.022309645396620403
202405,NON PRIME,2027-09-30,388830.7407587598,-23690.438850491937,-8689.893393253999,7502.190276948848,363952.59879196266,-0.0832761632492311,0.019294231372522556,-0.06092738142118777,-0.022348781828043333
202405,NON PRIME,2027-10-31,363952.59879196266,-22174.67880583043,-8147.691285312133,7036.459046753581,340666.6877475737,-0.08331406395170432,0.019333449108782597,-0.06092738142118776,-0.02238668253051656
202405,NON PRIME,2027-11-30,340666.6877475737,-20755.929221889095,-7638.89709627192,6599.428183947152,318871.28961335984,-0.08335075702852678,0.019372097188549233,-0.06092738142118776,-0.02242337560733901
202405,NON PRIME,2027-12-31,318871.28961335984,-19427.9926865392,-7161.496302682158,6189.325045480581,298471.12566961907,-0.08338627482412055,0.019410104475022845,-0.060927381421187754,-0.02245889340293279
202405,NON PRIME,2028-01-31,298471.12566961907,-18185.064116884147,-6713.591939915119,5804.492873374797,279376.96248619456,-0.08342065250345139,0.019447418440736722,-0.06092738142118776,-0.02249327108226364
202405,NON PRIME,2028-02-29,279376.96248619456,-17021.70675368924,-6293.397870635475,5443.38115508969,261505.23901695956,-0.08345392696964708,0.019484001496217408,-0.060927381421187754,-0.02252654554845933
202405,NON PRIME,2028-03-31,261505.23901695956,-15932.829441225167,-5899.232518969646,5104.537298057873,244777.71435482262,-0.08348613604172926,0.01951982804339467,-0.06092738142118776,-0.0225587546205415
202405,NON PRIME,2028-04-30,244777.71435482262,-14913.665165902825,-5529.513002290069,4786.599345693535,229121.13553232327,-0.08351731783294235,0.019554882103176355,-0.06092738142118776,-0.02258993641175458
202405,NON PRIME,2028-05-31,229121.13553232327,-13959.750816233516,-5182.749610959418,4488.28952934646,214466.9246344768,-0.0835475102841065,0.01958915539990973,-0.06092738142118776,-0.02262012886291872
202405,NON PRIME,2028-06-30,214466.9246344768,-13066.908119433898,-4857.540599219753,4208.408500257675,200750.8844160808,-0.0835767508169518,0.019622645810910968,-0.06092738142118776,-0.022649369395764046
202405,NON PRIME,2028-07-31,200750.8844160808,-12231.225705459334,-4552.567259351897,3945.8301223588883,187912.92157362847,-0.08360507608038609,0.019655356108821277,-0.06092738142118776,-0.02267769465919833
202405,NON PRIME,2028-08-31,187912.92157362847,-11449.042246686204,-4266.589257449331,3699.49673417201,175896.78680366496,-0.08363252176874808,0.019687292939684645,-0.06092738142118776,-0.022705140347560326
202405,NON PRIME,2028-09-30,175896.78680366496,-10716.930620348241,-3998.440213472678,3468.414808586144,164649.83077843022,-0.08365912249577438,0.019718465991408755,-0.06092738142118776,-0.02273174107458663
202405,NON PRIME,2028-10-31,164649.83077843022,-10031.683040771439,-3747.023511252565,3251.650954717847,154122.77518112407,-0.08368491171160723,0.019748887316462557,-0.06092738142118777,-0.022757530290419468
202405,NON PRIME,2028-11-30,154122.77518112407,-9390.297109152318,-3511.3083261951456,3048.3282177112396,144269.49796348787,-0.0837099216529522,0.01977857077987899,-0.06092738142118777,-0.02278254023176444
202405,NON PRIME,2028-12-31,144269.49796348787,-8789.962729864696,-3290.3258599000305,2857.62264117268,135046.8320148958,-0.08373418331865298,0.019807531609321152,-0.060927381421187754,-0.022806801897465225
202405,NON PRIME,2029-01-31,135046.8320148958,-8228.049843894627,-3083.1657719237555,2678.7600636709035,126414.37646274833,-0.08375772646462928,0.01983578602847517,-0.06092738142118776,-0.022830345043441516
202405,NRP-L,2025-10-31,474179.94,-15105.570660393161,-5878.580864053477,6115.040640904536,459310.8291164579,-0.04425356231739082,0.012896034026459526,-0.03185619927404175,-0.012397363043349065
202405,NRP-L,2025-11-30,459310.8291164579,-14482.769040723748,-5589.531122868426,5717.725740040359,444956.2546929061,-0.043700907732142455,0.012448488861103325,-0.0315315209715024,-0.012169386760640047
202405,NRP-L,2025-12-31,444956.2546929061,-12247.04879424537,-5341.843071108807,5390.333092583201,432757.6959201352,-0.039529485606384925,0.012114298958003023,-0.027524163701660675,-0.012005321904724246
202405,NRP-L,2026-01-31,432757.6959201352,-8786.996469313975,-5144.147930637397,5133.4344189735475,423959.98593915737,-0.032191557842387496,0.011862144722946569,-0.02030465674476556,-0.01188690109762194
202405,NRP-L,2026-02-28,423959.98593915737,-4937.785310242294,-5003.420479874992,4947.801370314726,418966.58151935483,-0.023448452966841903,0.01167044422683981,-0.011646819214091863,-0.011801633752750042
202405,NRP-L,2026-03-31,418966.58151935483,-4879.628031702006,-4918.998940830303,4828.166873427503,413996.12142025004,-0.023387609906733445,0.011523990424053566,-0.011646819214091862,-0.011740790692641584
202405,NRP-L,2026-04-30,413996.12142025004,-4821.737981516876,-4842.990757862481,4724.464971609109,409055.85765247984,-0.023344974117688967,0.011411858051716564,-0.011646819214091863,-0.011698154903597106
202405,NRP-L,2026-05-31,409055.85765247984,-4764.199622543729,-4773.364793143576,4632.9924589431785,404151.2856957357,-0.02331604409828572,0.011326063109159077,-0.011646819214091865,-0.011669224884193852
202405,NRP-L,2026-06-30,404151.2856957357,-4707.076959641025,-4708.642871626259,4551.019313208509,399286.585177677,-0.023297512997041126,0.01126068250747749,-0.011646819214091863,-0.011650693782949261
202405,NRP-L,2026-07-31,399286.585177677,-4650.418672176495,-4647.736277562819,4476.506886533848,394464.93711447157,-0.023286920459904166,0.011211262919193403,-0.011646819214091863,-0.011640101245812304
202405,NRP-L,2026-08-31,394464.93711447157,-4594.261808870366,-4589.834675747613,4407.915251767299,389688.7558816209,-0.023282415293486028,0.011174415865732944,-0.011646819214091863,-0.01163559607939417
202405,NRP-L,2026-09-30,389688.7558816209,-4538.634489517616,-4534.3293496762335,4344.069194480623,384959.8612369077,-0.02328259079138024,0.01114753538282808,-0.011646819214091863,-0.011635771577288376
202405,NRP-L,2026-10-31,384959.8612369077,-4483.5579085081545,-4480.759334096656,4284.063528013595,380279.60752231645,-0.023286368645816014,0.011128597964080063,-0.011646819214091863,-0.011639549431724149
202405,NRP-L,2026-11-30,380279.60752231645,-4429.047839618228,-4428.773085921338,4227.195236895775,375648.9818336726,-0.02329291592376473,0.011116018722217982,-0.011646819214091863,-0.011646096709672864
202405,NRP-L,2026-12-31,375648.9818336726,-4375.115779374463,-4378.100866586231,4172.9142151805,371068.6794028925,-0.023301584908424922,0.011108546587324854,-0.011646819214091863,-0.01165476569433306
202405,NRP-L,2027-01-31,371068.6794028925,-4321.769825017302,-4328.534613969745,4120.7870800256105,366539.162043931,-0.023311868985835017,0.011105187014588786,-0.011646819214091863,-0.011665049771743156
202405,NRP-L,2027-02-28,366539.162043931,-4269.015355210387,-4279.913119494588,4070.4703014569754,362060.70387068304,-0.023323369942337444,0.01110514434190013,-0.011646819214091863,-0.011676550728245581
202405,NRP-L,2027-03-31,362060.70387068304,-4216.855562508696,-4232.11100810075,4021.6900509964544,357633.42735107004,-0.02333577347744194,0.01110777835871655,-0.011646819214091863,-0.011688954263350076
202405,NRP-L,2027-04-30,357633.42735107004,-4165.291873273969,-4185.030474176495,3974.226950477129,353257.3319540967,-0.023348830698796473,0.011112571271409253,-0.011646819214091863,-0.011702011484704613
202405,NRP-L,2027-05-31,353257.3319540967,-4114.3242813218,-4138.595034970014,3927.9044318101096,348932.317069615,-0.023362344018847497,0.011119102355448105,-0.011646819214091862,-0.011715524804755633
202405,NRP-L,2027-06-30,348932.317069615,-4063.9516148639864,-4092.7447746837656,3882.579783295036,344658.2004633623,-0.023376156321801574,0.011127028347220782,-0.011646819214091863,-0.01172933710770971
202405,NRP-L,2027-07-31,344658.2004633623,-4014.171751451013,-4047.4326995205824,3838.1372125923936,340434.73322498304,-0.02339014258222635,0.011136068160955867,-0.011646819214091863,-0.011743323368134486
202405,NRP-L,2027-08-31,340434.73322498304,-3964.98179206897,-4002.6219272982207,3794.482436105451,336261.6119417213,-0.023404203336977493,0.011145990892761791,-0.011646819214091863,-0.01175738412288563
202405,NRP-L,2027-09-30,336261.6119417213,-3916.3782029243416,-3958.283508648788,3751.5384326609965,332138.48866280913,-0.023418259569093828,0.011156606342894677,-0.011646819214091863,-0.011771440355001963
202405,NRP-L,2027-10-31,332138.48866280913,-3868.356931497438,-3914.3947294687114,3709.2420917122404,328064.9790935552,-0.02343224867524248,0.011167757481662736,-0.011646819214091863,-0.011785429461150618
202405,NRP-L,2027-11-30,328064.9790935552,-3820.913501977464,-3870.937782401461,3667.54155344899,324040.6693626253,-0.023446121270339612,0.011179314426009205,-0.011646819214091863,-0.01179930205624775
202405,NRP-L,2027-12-31,324040.6693626253,-3774.043094079813,-3827.898722971148,3626.394087485234,320065.1216330595,-0.023459838643105104,0.011191169597995841,-0.011646819214091863,-0.01181301942901324
202405,NRP-L,2028-01-31,320065.1216330595,-3727.740608396567,-3785.266646479368,3585.7643932625083,316137.87877144606,-0.02347337072075371,0.011203233813690667,-0.011646819214091863,-0.011826551506661849
202405,NRP-L,2028-02-29,316137.87877144606,-3682.000720777522,-3743.033036982692,3545.623232503607,312258.4682461894,-0.02348669443413388,0.011215433108751066,-0.011646819214091863,-0.011839875220042019
202405,NRP-L,2028-03-31,312258.4682461894,-3636.8179277326126,-3701.191251030377,3505.9463244828385,308426.4053919093,-0.023499792399473342,0.011227706150530066,-0.011646819214091863,-0.011852973185381479
202405,NRP-L,2028-04-30,308426.4053919093,-3592.1865844517756,-3659.7361073902844,3466.7134503359207,304641.1961504032,-0.0235126518516702,0.011240002119568392,-0.011646819214091863,-0.011865832637578337
202405,NRP-L,2028-05-31,304641.1961504032,-3548.1009367284437,-3618.6635604636595,3427.9077244032737,300902.3393776143,-0.02352526377835593,0.011252278968570275,-0.011646819214091863,-0.011878444564264064
202405,NRP-L,2028-06-30,300902.3393776143,-3504.555147828389,-3577.9704400200367,3389.5149996200107,297209.3287893859,-0.023537622214895054,0.011264501986361673,-0.011646819214091863,-0.011890803000803191
202405,NRP-L,2028-07-31,297209.3287893859,-3461.5433211515656,-3537.6542436608415,3351.5233809183214,293561.6546054918,-0.02354972366891051,0.011276642609335258,-0.011646819214091863,-0.011902904454818647
202405,NRP-L,2028-08-31,293561.6546054918,-3419.059519379841,-3497.7129713297522,3313.922825997091,289958.8049407793,-0.02356156664944822,0.011288677434559928,-0.011646819214091863,-0.011914747435356358
202405,NRP-L,2028-09-30,289958.8049407793,-3377.097780679383,-3458.1449934402654,3276.7048170133057,286400.2669836729,-0.023573151280974782,0.011300587397863411,-0.011646819214091863,-0.011926332066882919
202405,NRP-L,2028-10-31,286400.2669836729,-3335.6521324264813,-3418.9489459429838,3239.8620900390706,282885.5279953425,-0.02358447898637794,0.01131235708737579,-0.011646819214091863,-0.011937659772286075
202405,NRP-L,2028-11-30,282885.5279953425,-3294.716602844677,-3380.1236470243493,3203.388411716884,279414.07615719043,-0.023595552226266317,0.011323974168694927,-0.011646819214091863,-0.011948733012174452
202405,NRP-L,2028-12-31,279414.07615719043,-3254.2852308752927,-3341.6680312029785,3167.278394592516,275985.40128970466,-0.02360637428433482,0.011335428902338818,-0.011646819214091863,-0.011959555070242957
202405,NRP-L,2029-01-31,275985.40128970466,-3214.3520745497854,-3303.5810974365077,3131.5273442301664,272598.99546194857,-0.023616949090522192,0.011346713737742129,-0.011646819214091863,-0.01197012987643033
202405,NRP-M,2025-10-31,2724042.47,-71101.77521455745,-40205.16141396781,39416.48209720964,2652152.0154686845,-0.040860940258587546,0.01446984859131423,-0.026101566329308164,-0.01475937392927938
202405,NRP-M,2025-11-30,2652152.0154686845,-65838.59912155877,-39027.29828749986,37903.317868315695,2585189.4359279415,-0.03953992712236251,0.014291532931462632,-0.024824594796058048,-0.014715332326304462
202405,NRP-M,2025-12-31,2585189.4359279415,-57228.105132177814,-37967.20308597192,36607.370712762066,2526601.4984225538,-0.03682333947956113,0.014160420974961173,-0.02213690971224167,-0.01468642976731946
202405,NRP-M,2026-01-31,2526601.4984225538,-54647.1068529316,-37060.41855426744,35532.2770954674,2470426.2501108223,-0.03629679055618992,0.014063269224549835,-0.021628700405287384,-0.014668090150902532
202405,NRP-M,2026-02-28,2470426.2501108223,-47045.238106163844,-36209.5882951294,34563.69389304132,2421735.1176025704,-0.03370059170864075,0.013990983900649052,-0.01904336877251584,-0.01465722293612491
202405,NRP-M,2026-03-31,2421735.1176025704,-46117.994913857765,-35482.52897032238,33752.160984615104,2373886.7547030053,-0.033695065695277894,0.013937181130704548,-0.01904336877251584,-0.014651696922762055
202405,NRP-M,2026-04-30,2373886.7547030053,-45206.80089400018,-34777.47910124867,32990.598549983035,2326893.0732577397,-0.03369338484103704,0.013897292482307337,-0.01904336877251584,-0.014650016068521197
202405,NRP-M,2026-05-31,2326893.0732577397,-44311.882888259854,-34091.57586478993,32269.337401795532,2280758.9519064855,-0.033694482851024145,0.013867993236413403,-0.01904336877251584,-0.014651114078508306
202405,NRP-M,2026-06-30,2280758.9519064855,-43433.333802371926,-33422.74573744777,31581.276203281,2235484.1485699466,-0.033697589776234674,0.013846827687284631,-0.01904336877251584,-0.014654221003718831
202405,NRP-M,2026-07-31,2235484.1485699466,-42571.149026331084,-32769.45847553644,30921.122995023008,2191064.664063102,-0.03370214347082862,0.013831958063672,-0.01904336877251584,-0.014658774698312789
202405,NRP-M,2026-08-31,2191064.664063102,-41725.25240218219,-32130.562996025634,30284.880285148203,2147493.7289500423,-0.033707729675695595,0.01382199292511433,-0.01904336877251584,-0.014664360903179753
202405,NRP-M,2026-09-30,2147493.7289500423,-40895.51501706083,-31505.176106750703,29669.489410447957,2104762.5272366786,-0.03371404076658694,0.013815867776691498,-0.01904336877251584,-0.014670671994071101
202405,NRP-M,2026-10-31,2104762.5272366786,-40081.76898474049,-30892.6059756037,29072.581060443972,2062860.7333367784,-0.03372084690880816,0.013812760672156716,-0.01904336877251584,-0.01467747813629231
202405,NRP-M,2026-11-30,2062860.7333367784,-39283.81767127473,-30292.29881616962,28492.2977996054,2021776.9146489394,-0.033727975603521025,0.013812031679675103,-0.01904336877251584,-0.014684606831005184
202405,NRP-M,2026-12-31,2021776.9146489394,-38501.443361419035,-29703.801322488474,27927.16619033965,1981498.8361553715,-0.03373529700023835,0.01381317888635053,-0.01904336877251584,-0.01469192822772251
202405,NRP-M,2027-01-31,1981498.8361553715,-37734.41305921769,-29126.733932237825,27376.003579220098,1942013.692743136,-0.0337427132287313,0.01381580603516111,-0.01904336877251584,-0.014699344456215449
202405,NRP-M,2027-02-28,1942013.692743136,-36982.48291218281,-28560.77162620442,26837.849426434714,1903308.2876311834,-0.03375015056964196,0.013819598454285703,-0.01904336877251584,-0.014706781797126114
202405,NRP-M,2027-03-31,1903308.2876311834,-36245.401609146276,-28005.630030824992,26311.91422279489,1865369.170214007,-0.033757553654083394,0.013824304971393853,-0.01904336877251584,-0.014714184881567557
202405,NRP-M,2027-04-30,1865369.170214007,-35522.913005267204,-27461.055289634212,25797.541149786422,1828182.7430688918,-0.033764881129495404,0.01382972419707503,-0.01904336877251584,-0.014721512356979561
202405,NRP-M,2027-05-31,1828182.7430688918,-34814.75815981049,-26926.816637439108,25294.17706701536,1791735.3453386575,-0.03377210239585057,0.013835694031634448,-0.01904336877251584,-0.014728733623334732
202405,NRP-M,2027-06-30,1791735.3453386575,-34120.67692403508,-26402.700928379498,24801.35039143467,1756013.3178776775,-0.033779195130503495,0.013842083573311964,-0.01904336877251584,-0.014735826357987652
202405,NRP-M,2027-07-31,1756013.3178776775,-33440.40918179369,-25888.508586788907,24318.654113259403,1721003.0542223542,-0.03378614339912165,0.01384878683189658,-0.019043368772515838,-0.01474277462660581
202405,NRP-M,2027-08-31,1721003.0542223542,-32773.695820182365,-25384.05060083715,23845.7326714676,1686691.0404728022,-0.03379293620562367,0.013855717811170556,-0.01904336877251584,-0.014749567433107832
202405,NRP-M,2027-09-30,1686691.0404728022,-32120.279489022014,-24889.146284805003,23382.271751120756,1653063.886450096,-0.03379956637336883,0.013862806637406688,-0.01904336877251584,-0.014756197600852993
202405,NRP-M,2027-10-31,1653063.886450096,-31479.905194197432,-24403.621610734957,22927.990308053664,1620108.3499532174,-0.03380602967798211,0.01386999649317294,-0.01904336877251584,-0.014762660905466265
202405,NRP-M,2027-11-30,1620108.3499532174,-30852.320759591268,-23927.30796364649,22482.634302582857,1587811.3555325626,-0.03381232417252808,0.013877241175401676,-0.01904336877251584,-0.014768955400012239
202405,NRP-M,2027-12-31,1587811.3555325626,-30237.277184594852,-23460.04121295053,22045.971752452668,1556160.0088874698,-0.03381844966056118,0.013884503140524713,-0.01904336877251584,-0.014775080888045342
202405,NRP-M,2028-01-31,1556160.0088874698,-29634.528918285614,-23001.66102056302,21617.788809878813,1525141.6077585,-0.033824407283463934,0.013891751931945487,-0.01904336877251584,-0.014781038510948094
202405,NRP-M,2028-02-29,1525141.6077585,-29043.83406685282,-22552.010326553238,21197.886637753687,1494743.6500028474,-0.033830199196543106,0.013898962909357783,-0.01904336877251584,-0.01478683042402726
202405,NRP-M,2028-03-31,1494743.6500028474,-28464.954547380574,-22110.934968099573,20786.07891253372,1464953.8393999012,-0.033835828314362666,0.013906116217649846,-0.01904336877251584,-0.014792459541846825
202405,NRP-M,2028-04-30,1464953.8393999012,-27897.656198405264,-21678.28339856136,20382.189820793003,1435760.0896237276,-0.033841298110304105,0.013913195946940071,-0.01904336877251584,-0.01479792933778827
202405,NRP-M,2028-05-31,1435760.0896237276,-27341.70885556504,-21253.906481673836,19986.052446307916,1407150.5267327966,-0.03384661245875307,0.013920189445818696,-0.01904336877251584,-0.014803243686237224
202405,NRP-M,2028-06-30,1407150.5267327966,-26796.886399012554,-20837.6573419945,19597.507467301028,1379113.4904590906,-0.03385177551090266,0.013927086757948813,-0.01904336877251584,-0.014808406738386815
202405,NRP-M,2028-07-31,1379113.4904590906,-26262.966777963968,-20429.391257319643,19216.402100912866,1351637.5345247197,-0.03385679159714425,0.013933880158416805,-0.01904336877251584,-0.014813422824628407
202405,NRP-M,2028-08-31,1351637.5345247197,-25739.73201672835,-20028.96558224749,18842.589245406216,1324711.42617115,-0.03386166515053876,0.013940563771064476,-0.01904336877251584,-0.014818296378022924
202405,NRP-M,2028-09-30,1324711.42617115,-25226.968205742603,-19636.239694677595,18475.926781010818,1298324.1450517408,-0.03386640064703719,0.013947133251814924,-0.01904336877251584,-0.014823031874521352
202405,NRP-M,2028-10-31,1298324.1450517408,-24724.46548048165,-19251.074959018133,18116.276998411664,1272464.8816106527,-0.03387100255903141,0.013953585525970246,-0.01904336877251584,-0.01482763378651557
202405,NRP-M,2028-11-30,1272464.8816106527,-24232.01799058737,-18873.334701379958,17763.506130211805,1247123.0350488971,-0.03387547531952764,0.01395991856979756,-0.01904336877251584,-0.014832106547011802
202405,NRP-M,2028-12-31,1247123.0350488971,-23749.423861135347,-18502.88419318542,17417.483965668824,1222288.2109602452,-0.03387982329479155,0.013966131228572744,-0.01904336877251584,-0.01483645452227571
202405,NRP-M,2029-01-31,1222288.2109602452,-23276.48514761459,-18139.5906404974,17078.08353292054,1197950.218705054,-0.03388405076375153,0.013972223064725283,-0.01904336877251584,-0.01484068199123569
202405,NRP-S,2025-10-31,1006382.0399999999,-51415.466456865965,-16989.57876263227,16398.419693180796,954375.4144736824,-0.06797124998325511,0.01629442800189558,-0.051089411787263186,-0.016881838195991924
202405,NRP-S,2025-11-30,954375.4144736824,-48495.82351975553,-16122.589678937942,15366.055312133392,905123.0565871224,-0.0677075417269934,0.016100640355040413,-0.05081420034955526,-0.01689334137743815
202405,NRP-S,2025-12-31,905123.0565871224,-46598.23471695382,-15307.242256065845,14447.47308321653,857665.0526973193,-0.0683945420708228,0.01596188825162901,-0.05148276179446603,-0.016911780276356765
202405,NRP-S,2026-01-31,857665.0526973193,-44357.6268657731,-14523.92850077885,13604.607309624162,812388.1046403915,-0.06865332239126687,0.015862378054041334,-0.051719055972107394,-0.016934266419159467
202405,NRP-S,2026-02-28,812388.1046403915,-42360.364408174275,-13777.261129513494,12828.680838178125,769079.1599408819,-0.06910197874270627,0.01579132038603251,-0.052143014116295246,-0.01695896462641102
202405,NRP-S,2026-03-31,769079.1599408819,-40102.105493345895,-13062.576222614687,12106.21522239925,728020.6934473205,-0.06912771075482955,0.015741182251421088,-0.052143014116295246,-0.01698469663853431
202405,NRP-S,2026-04-30,728020.6934473205,-37961.19329537869,-12384.143567636585,11434.732814059493,689110.0893983647,-0.06915371680524664,0.015706604107520342,-0.05214301411629525,-0.017010702688951385
202405,NRP-S,2026-05-31,689110.0893983647,-35932.277119180406,-11740.020090292956,10807.80253273655,652245.5947216279,-0.0691795083875411,0.015683709611874097,-0.052143014116295246,-0.01703649427124585
202405,NRP-S,2026-06-30,652245.5947216279,-34010.05125286123,-11128.458546335256,10220.46315284158,617327.5480752729,-0.06920477526331345,0.015669654552751062,-0.052143014116295246,-0.01706176114701821
202405,NRP-S,2026-07-31,617327.5480752729,-32189.319053666888,-10547.850760754196,9668.785001682021,584259.1632625338,-0.06922932557872824,0.015662325505848108,-0.052143014116295246,-0.017086311462433
202405,NRP-S,2026-08-31,584259.1632625338,-30465.03379757315,-9996.693294663915,9149.577091270063,552947.0132615668,-0.06925304665535181,0.015660134520061857,-0.052143014116295246,-0.017110032539056564
202405,NRP-S,2026-09-30,552947.0132615668,-28832.32391806117,-9473.566439311058,8660.18796748114,523301.31087167567,-0.06927587895162743,0.015661876743666422,-0.052143014116295246,-0.01713286483533219
202405,NRP-S,2026-10-31,523301.31087167567,-27286.50763985759,-8977.121189242818,8198.368076783603,495236.0501193589,-0.0692977985640724,0.015666630116265873,-0.052143014116295246,-0.01715478444777715
202405,NRP-S,2026-11-30,495236.0501193589,-25823.10035227203,-8506.071009430494,7762.1731941554835,468669.0519518118,-0.06931880535237431,0.01567368367525888,-0.05214301411629525,-0.01717579123607906
202405,NRP-S,2026-12-31,468669.0519518118,-24437.816991794032,-8059.186479900899,7349.895677614113,443521.944157731,-0.0693389148192278,0.015682485640997314,-0.052143014116295246,-0.017195900702932563
202405,NRP-S,2027-01-31,443521.944157731,-23126.57099510328,-7635.291656974787,6960.014844494485,419720.09635014745,-0.06935815252725834,0.015692605374265933,-0.052143014116295246,-0.0172151384109631
202405,NRP-S,2027-02-28,419720.09635014745,-21885.47090887854,-7233.261445753904,6591.160657227344,397192.5246527423,-0.06937655024824071,0.015703705194351075,-0.052143014116295246,-0.01723353613194548
202405,NRP-S,2027-03-31,397192.5246527423,-20710.81541985489,-6852.01955586462,6242.086784066804,375871.7764610896,-0.06939414330573608,0.015715519292625508,-0.052143014116295246,-0.01725112918944083
202405,NRP-S,2027-04-30,375871.7764610896,-19599.087345927568,-6490.536782550601,5911.650337519782,355693.8026701312,-0.0694109687460904,0.015727837809955274,-0.05214301411629525,-0.017267954629795152
202405,NRP-S,2027-05-31,355693.8026701312,-18546.94697370739,-6147.829459939133,5598.796419852458,336597.8226563371,-0.06942706408789569,0.015740494711527924,-0.05214301411629525,-0.017284049971600438
202405,NRP-S,2027-06-30,336597.8226563371,-17551.22501828363,-5822.957997844317,5302.546164350498,318526.1858045597,-0.06944246647724975,0.01575335848135994,-0.052143014116295246,-0.017299452360954506
202405,NRP-S,2027-07-31,318526.1858045597,-16608.915402816838,-5515.025453102891,5021.987343892367,301424.2322925323,-0.06945721212853272,0.01576632492932227,-0.052143014116295246,-0.017314198012237474
202405,NRP-S,2027-08-31,301424.2322925323,-15717.167999422967,-5223.176110557991,4756.26688335806,285240.1550659094,-0.06947133596630795,0.01577931159410602,-0.052143014116295246,-0.0173283218500127
202405,NRP-S,2027-09-30,285240.1550659094,-14873.281432135958,-4946.594063237225,4504.584797603267,269924.8643681394,-0.069484871408773,0.01579225336125066,-0.052143014116295246,-0.01734185729247775
202405,NRP-S,2027-10-31,269924.8643681394,-14074.696013086974,-4684.501789654526,4266.189207399433,255431.85577279737,-0.06949785025049267,0.015805099012964414,-0.052143014116295246,-0.01735483613419743
202405,NRP-S,2027-11-30,255431.85577279737,-13318.986861312464,-4436.158730788273,4040.3721787350805,241717.08235943172,-0.06951030261430532,0.015817808497343135,-0.052143014116295246,-0.01736728849801008
202405,NRP-S,2027-12-31,241717.08235943172,-12603.857237617549,-4200.8598715953,3826.4661975925605,228738.83144781142,-0.06952225695089412,0.01583035075652051,-0.052143014116295246,-0.017379242834598876
202405,NRP-S,2028-01-31,228738.83144781142,-11927.132117128109,-3977.9343328249556,3623.8411405446805,216457.60613840303,-0.06953374007063567,0.015842701991644514,-0.05214301411629524,-0.017390725954340432
202405,NRP-S,2028-02-29,216457.60613840303,-11286.752012454226,-3766.7439789753535,3431.9016366282654,204836.01178360172,-0.06954477719671524,0.01585484427114059,-0.052143014116295246,-0.01740176308041999
202405,NRP-S,2028-03-31,204836.01178360172,-10680.767053957963,-3566.6820478486807,3250.084741685176,193838.64742348026,-0.0695553920316429,0.015866764410150284,-0.052143014116295246,-0.017412377915347665
202405,NRP-S,2028-04-30,193838.64742348026,-10107.331328886108,-3377.171806539526,3077.857865339758,183432.0021533944,-0.06956560683157252,0.015878453065221544,-0.052143014116295246,-0.01742259271527727
202405,NRP-S,2028-05-31,183432.0021533944,-9564.697477664744,-3197.6652379687953,2914.7169048620094,173584.35634262286,-0.06957544248446385,0.015889904000636636,-0.052143014116295246,-0.017432428368168596
202405,NRP-S,2028-06-30,173584.35634262286,-9051.211543141408,-3027.64176133885,2760.184550671554,164265.68758881415,-0.06958491858931615,0.015901113492182838,-0.052143014116295246,-0.017441904473020912
202405,NRP-S,2028-07-31,164265.68758881415,-8565.308066766482,-2866.6069891809134,2613.8087361192197,155447.581268986,-0.06959405353456094,0.01591207984142155,-0.05214301411629525,-0.017451039418265694
202405,NRP-S,2028-08-31,155447.581268986,-8105.505424452689,-2714.091523018952,2475.1612101274445,147103.14553164179,-0.06960286457432519,0.01592280297912409,-0.052143014116295246,-0.017459850458029946
202405,NRP-S,2028-09-30,147103.14553164179,-7670.401394007831,-2569.6497890965506,2343.8362157772904,139206.93056431468,-0.06961136790172685,0.015933284140910043,-0.052143014116295246,-0.0174683537854316
202405,NRP-S,2028-10-31,139206.93056431468,-7258.668945501193,-2432.858915108109,2219.4492613640027,131734.8519650694,-0.06961957871868844,0.015943525601540363,-0.052143014116295246,-0.017476564602393194
202405,NRP-S,2028-11-30,131734.8519650694,-6869.052245622678,-2303.3176484408455,2101.6359730734375,124664.11804407931,-0.06962751130198754,0.015953530457002405,-0.052143014116295246,-0.017484497185692283
202405,NRP-S,2028-12-31,124664.11804407931,-6500.362866967925,-2180.6453160650467,1990.051020457091,117973.16088150343,-0.06963517906542684,0.0159633024456439,-0.052143014116295246,-0.017492164949131587
202405,NRP-S,2029-01-31,117973.16088150343,-6151.476193188203,-2064.480825900945,1884.367107451477,111641.57096986574,-0.06964259461812299,0.015972845801293774,-0.052143014116295246,-0.017499580501827747
202405,PRIME,2025-10-31,4824.29,-77.89731383227992,-48.40629921510861,48.603695424175946,4746.590082376788,-0.02618076712788587,0.010074787258679711,-0.01614689702158865,-0.01003387010629722
202405,PRIME,2025-11-30,4746.590082376788,-77.7144942188674,-47.85169245160425,47.80317696801274,4668.827072674329,-0.02645397737981961,0.010071056513916612,-0.016372699742370204,-0.010081277637449407
202405,PRIME,2025-12-31,4668.827072674329,-77.44814877706612,-47.24903700469579,47.00974648823671,4591.139633380803,-0.02670846099903518,0.010068855786793849,-0.016588352400189327,-0.010120108598845852
202405,PRIME,2026-01-31,4591.139633380803,-76.57499767446544,-46.61105853994121,46.22223755717562,4514.175814723572,-0.026831258914182803,0.010067704589315375,-0.016678864898316645,-0.010152394015866158
202405,PRIME,2026-02-28,4514.175814723572,-75.62816781246582,-45.95244776551124,45.44547661203248,4438.0406757576275,-0.02693307052450772,0.010067281044705024,-0.016753483009189562,-0.010179587515318155
202405,PRIME,2026-03-31,4438.0406757576275,-74.35263905539757,-45.280234397165636,44.67937614216493,4363.087178447229,-0.026956236364854957,0.010067365174506342,-0.016753483009189562,-0.010202753355665391
202405,PRIME,2026-04-30,4363.087178447229,-73.09690691172848,-44.602471744364266,43.92670694495883,4289.314506736096,-0.02697616935950855,0.01006780409109126,-0.016753483009189562,-0.010222686350318986
202405,PRIME,2026-05-31,4289.314506736096,-71.86095770967349,-43.92254012888185,43.18692034686159,4216.717929244402,-0.026993473585750057,0.010068490030059414,-0.016753483009189562,-0.010239990576560495
202405,PRIME,2026-06-30,4216.717929244402,-70.64471218214108,-43.24300046393931,42.45959241843231,4145.289809016754,-0.02700861536320217,0.010069346143350094,-0.016753483009189562,-0.010255132354012608
202405,PRIME,2026-07-31,4145.289809016754,-69.44804238352883,-42.565811865167426,41.74438289581054,4075.0203376638683,-0.027021959720414695,0.010070317111486142,-0.016753483009189562,-0.010268476711225136
202405,PRIME,2026-08-31,4075.0203376638683,-68.27078398915353,-41.892484526740255,41.04100832272318,4005.8980774706974,-0.02703379600285585,0.01007136282079299,-0.016753483009189562,-0.01028031299366629
202405,PRIME,2026-09-30,4005.8980774706974,-67.11274537745047,-41.224189057885134,40.34922424210646,3937.910367277468,-0.027044356181857465,0.010072454031976456,-0.016753483009189562,-0.010290873172667905
202405,PRIME,2026-10-31,3937.910367277468,-65.97371442989449,-40.56183595363108,39.66881324773975,3871.043630141682,-0.027053828159420618,0.010073569367493086,-0.016753483009189562,-0.010300345150231061
202405,PRIME,2026-11-30,3871.043630141682,-64.85346368541015,-39.90613421108068,38.9995768889893,3805.2836091341806,-0.02706236558037879,0.010074693187470455,-0.016753483009189562,-0.010308882571189231
202405,PRIME,2026-12-31,3805.2836091341806,-63.75175429077703,-39.25763514554647,38.341330143298514,3740.6155498411554,-0.027070095166904343,0.010075814073690646,-0.016753483009189562,-0.010316612157714783
202405,PRIME,2027-01-31,3740.6155498411554,-62.66833905817407,-38.6167655464463,37.69389761998526,3677.0243428565204,-0.027077122269066497,0.010076923735609752,-0.016753483009189562,-0.010323639259876935
202405,PRIME,2027-02-28,3677.0243428565204,-61.60296485242313,-37.98385304973998,37.057110943221595,3614.494635897579,-0.027083535113286313,0.010078016213086459,-0.016753483009189562,-0.010330052104096753
202405,PRIME,2027-03-31,3614.494635897579,-60.5553744693169,-37.359145755768495,36.43080694505725,3553.0109226175505,-0.027089408088378727,0.010079087290168428,-0.016753483009189562,-0.010335925079189165
202405,PRIME,2027-04-30,3553.0109226175505,-59.52530812353806,-36.74282754301987,35.81482641885253,3492.557613369845,-0.027094804311954074,0.010080134060625762,-0.016753483009189562,-0.010341321302764514
202405,PRIME,2027-05-31,3492.557613369845,-58.512504634207346,-36.13503012804121,35.20901326257739,3433.1190918701736,-0.02709977765289504,0.010081154603661775,-0.016753483009189562,-0.010346294643705477
202405,PRIME,2027-06-30,3433.1190918701736,-57.51670237417125,-35.53584264084528,34.61321389441392,3374.679760749571,-0.027104374338592096,0.010082147740339107,-0.016753483009189562,-0.010350891329402534
202405,PRIME,2027-07-31,3374.679760749571,-56.53764003317383,-34.94531928558046,34.0272768589821,3317.224078289799,-0.027108634242211608,0.010083112849624608,-0.016753483009189562,-0.010355151233022046
202405,PRIME,2027-08-31,3317.224078289799,-55.57505723330265,-34.36348551273808,33.45105256705438,3260.7365881108126,-0.02711259192125746,0.010084049728802202,-0.016753483009189562,-0.0103591089120679
202405,PRIME,2027-09-30,3260.7365881108126,-54.62869502635724,-33.79034302486155,32.88439312856793,3205.2019431881617,-0.02711627746123661,0.010084958487131371,-0.016753483009189562,-0.010362794452047049
202405,PRIME,2027-10-31,3205.2019431881617,-53.698296296224235,-33.22587386111069,32.327152250533935,3150.6049252813605,-0.02711971716542543,0.010085839464573221,-0.016753483009189562,-0.010366234156235866
202405,PRIME,2027-11-30,3150.6049252813605,-52.78360608437022,-32.67004374922433,31.779185179708392,3096.930460627474,-0.027122934122234706,0.010086693169525339,-0.016753483009189562,-0.010369451113045148
202405,PRIME,2027-12-31,3096.930460627474,-51.88437185276399,-32.122804870911295,31.24034867571943,3044.163632579518,-0.027125948674564186,0.010087520231045088,-0.016753483009189562,-0.010372465665374624
202405,PRIME,2028-01-31,3044.163632579518,-51.00034369561373,-31.58409815461492,30.710501004483053,2992.2896917337725,-0.02712877881017502,0.01008832136216674,-0.016753483009189562,-0.010375295800985462
202405,PRIME,2028-02-29,2992.2896917337725,-50.13127450903483,-31.053855185184812,30.18950194468785,2941.294063984241,-0.027131440488029717,0.010089097331747867,-0.016753483009189562,-0.010377957478840157
202405,PRIME,2028-03-31,2941.294063984241,-49.276920125990095,-30.531999801275255,29.67721280223951,2891.162356859215,-0.027133947912422317,0.010089848942896624,-0.016753483009189562,-0.010380464903232757
202405,PRIME,2028-04-30,2891.162356859215,-48.4370394224493,-30.018449436839,29.173496429070457,2841.880364428997,-0.027136313764308147,0.010090577016492007,-0.016753483009189562,-0.010382830755118588
202405,PRIME,2028-05-31,2841.880364428997,-47.61139439961064,-29.513116251850363,28.67821724380946,2793.434071021345,-0.027138549397366065,0.010091282378655518,-0.016753483009189562,-0.010385066388176501
202405,PRIME,2028-06-30,2793.434071021345,-46.79975024614733,-29.015908088600575,28.191241252589858,2745.8096539391872,-0.027140665004858313,0.010091965851294453,-0.016753483009189562,-0.01038718199566875
202405,PRIME,2028-07-31,2745.8096539391872,-46.00187538373884,-28.526729282986704,27.71243606883965,2698.993485341301,-0.02714266976219764,0.010092628245036176,-0.016753483009189562,-0.01038918675300808
202405,PRIME,2028-08-31,2698.993485341301,-45.217541498578804,-28.045481354734115,27.241670931301712,2652.97213341929,-0.027144571949216264,0.010093270354024908,-0.016753483009189562,-0.010391088940026702
202405,PRIME,2028-09-30,2652.97213341929,-44.44652356109346,-27.57206359612734,26.77881671982249,2607.7323629818916,-0.027146379055402837,0.010093892952169288,-0.016753483009189562,-0.010392896046213277
202405,PRIME,2028-10-31,2607.7323629818916,-43.68859983573087,-27.106373575328828,26.323745968653654,2563.261135539486,-0.02714809787079032,0.010094496790519162,-0.016753483009189562,-0.010394614861600756
202405,PRIME,2028-11-30,2563.261135539486,-42.943551882376724,-26.648307567553438,25.876332877156788,2519.545608966713,-0.027149734564708428,0.010095082595519724,-0.016753483009189562,-0.010396251555518866
202405,PRIME,2028-12-31,2519.545608966713,-42.211164550701994,-26.19776092509176,25.436453317901847,2476.5731368088213,-0.027151294754235,0.010095651067945364,-0.016753483009189562,-0.010397811745045442
202405,PRIME,2029-01-31,2476.5731368088213,-41.49122596854188,-25.75462839532865,25.00398484221934,2434.33126728717,-0.027152783563872424,0.010096202882357888,-0.016753483009189562,-0.01039930055468286
202406,NON PRIME,2025-10-31,2338555.8699999996,-151407.6693787524,-55180.541923644676,51572.9366926857,2183540.5953902886,-0.08834007942790655,0.022053326736506708,-0.064744089,-0.023595990427906555
202406,NON PRIME,2025-11-30,2183540.5953902886,-141371.34664306184,-50994.44573686665,47013.70885425265,2038188.5118646128,-0.08809810671074096,0.021530952505991473,-0.064744089,-0.023354017710740953
202406,NON PRIME,2025-12-31,2038188.5118646128,-131960.65841094006,-47289.45876409054,43152.86877668091,1902091.2634662632,-0.08794579899336481,0.021172167601515433,-0.064744089,-0.02320170999336481
202406,NON PRIME,2026-01-31,1902091.2634662632,-123149.1660479822,-43957.54742467236,39804.039158221065,1774788.5891518297,-0.08785420378206711,0.020926461270677644,-0.064744089,-0.023110114782067093
202406,NON PRIME,2026-02-28,1774788.5891518297,-114907.0703722305,-40927.10863771975,36845.31866749039,1655799.72880937,-0.08780436158000278,0.02076039867097565,-0.064744089,-0.023060272580002775
202406,NON PRIME,2026-03-31,1655799.72880937,-107203.24500820972,-38148.74406088812,34194.40078365123,1544642.1405239233,-0.08778355651357402,0.020651290242835876,-0.064744089,-0.023039467513574004
202406,NON PRIME,2026-04-30,1544642.1405239233,-100006.4482192314,-35587.00693238232,31793.998452961638,1440842.6838252714,-0.08778308683564862,0.02058340739181019,-0.064744089,-0.02303899783564862
202406,NON PRIME,2026-05-31,1440842.6838252714,-93286.04695658224,-33215.46808534954,29603.043287779965,1343944.2120711196,-0.08779689584575939,0.020545645697549225,-0.064744089,-0.02305280684575938
202406,NON PRIME,2026-06-30,1343944.2120711196,-87012.44367736745,-31013.687670310366,27591.22930181051,1253509.3100252524,-0.0878207073534627,0.02053004064751344,-0.064744089,-0.0230766183534627
202406,NON PRIME,2026-07-31,1253509.3100252524,-81157.31833060354,-28965.31248898627,25735.5504774385,1169122.2296831012,-0.08785146623073053,0.020530801224699358,-0.064744089,-0.023107377230730544
202406,NON PRIME,2026-08-31,1169122.2296831012,-75693.75369048116,-27056.854882384814,24018.057464018577,1090389.6785742536,-0.08788696850004918,0.02054366673921583,-0.064744089,-0.023142879500049167
202406,NON PRIME,2026-09-30,1090389.6785742536,-70596.28639429287,-25276.89344012047,22424.37661842842,1016940.8753582686,-0.08792561202502666,0.020565470362622625,-0.064744089,-0.023181523025026653
202406,NON PRIME,2026-10-31,1016940.8753582686,-65840.91054193366,-23615.539919167786,20942.715363198226,948427.1402603654,-0.08796622559751657,0.02059383772514808,-0.064744089,-0.02322213659751657
202406,NON PRIME,2026-11-30,948427.1402603654,-61405.05117903259,-22064.077132013314,19563.183379207523,884521.1953285271,-0.08800794997086615,0.02062697549316964,-0.064744089,-0.023263860970866152
202406,NON PRIME,2026-12-31,884521.1953285271,-57267.51899273655,-20614.708394278186,18277.322251542915,824916.2901930553,-0.08805015391190017,0.020663520951303364,-0.064744089,-0.023306064911900175
202406,NON PRIME,2027-01-31,824916.2901930553,-53408.453709809,-19260.380835494136,17077.774728471555,769325.2303762237,-0.08809237423144649,0.020702433606293362,-0.064744089,-0.023348285231446483
202406,NON PRIME,2027-02-28,769325.2303762237,-49809.26118542373,-17994.658284992674,15958.048752198787,717479.3596580061,-0.08813427246791089,0.020742916158351925,-0.064744089,-0.02339018346791088
202406,NON PRIME,2027-03-31,717479.3596580061,-46452.54751736096,-16811.627866000643,14912.346626969353,669127.5309016139,-0.08817560328636788,0.020784356269255573,-0.064744089,-0.02343151428636787
202406,NON PRIME,2027-04-30,669127.5309016139,-43322.052413044345,-15705.829801574328,13935.439480379415,624035.0881673746,-0.088216191217064,0.020826283237221084,-0.064744089,-0.023472102217063993
202406,NON PRIME,2027-05-31,624035.0881673746,-40402.58328743135,-14672.203408863788,13022.573568856218,581982.8750399357,-0.08825591339428551,0.020868335476295186,-0.064744089,-0.02351182439428551
202406,NON PRIME,2027-06-30,581982.8750399357,-37679.95105806148,-13706.04453233596,12169.399211275888,542766.2786608142,-0.08829468665529262,0.020910235907612956,-0.064744089,-0.023550597655292608
202406,NON PRIME,2027-07-31,542766.2786608142,-35140.90825181456,-12802.971172858117,11371.91597078811,506194.3152069296,-0.08833245783611733,0.02095177319940809,-0.064744089,-0.02358836883611732
202406,NON PRIME,2027-08-31,506194.3152069296,-32773.08979505151,-11958.895077622505,10626.42962635751,472088.7599606131,-0.08836919643079715,0.020992787368648107,-0.064744089,-0.023625107430797147
202406,NON PRIME,2027-09-30,472088.7599606131,-30564.95669078957,-11169.997736949897,9929.517790686052,440283.3233235597,-0.08840488901117124,0.021033158661762003,-0.064744089,-0.023660800011171254
202406,NON PRIME,2027-10-31,440283.3233235597,-28505.742670476327,-10432.709698102732,9278.001939875796,410622.87289485644,-0.08843953496726832,0.021072798919202957,-0.064744089,-0.02369544596726831
202406,NON PRIME,2027-11-30,410622.87289485644,-26585.403828140275,-9743.69242497705,8668.92425352943,382962.7008952685,-0.08847314324455499,0.021111644834624653,-0.064744089,-0.023729054244554973
202406,NON PRIME,2027-12-31,382962.7008952685,-24794.571190443647,-9099.822153032854,8099.52810896881,357167.8356607608,-0.08850572983802366,0.021149652668612875,-0.064744089,-0.02376164083802366
202406,NON PRIME,2028-01-31,357167.8356607608,-23124.506139957673,-8498.175342364733,7567.241388236874,333112.39556667523,-0.08853731586390028,0.02118679408586014,-0.064744089,-0.023793226863900275
202406,NON PRIME,2028-02-29,333112.39556667523,-21567.058585572027,-7936.015439400854,7069.661981065262,310678.98352276755,-0.08856792607427182,0.0212230528649007,-0.064744089,-0.02382383707427181
202406,NON PRIME,2028-03-31,310678.98352276755,-20114.627759627598,-7410.780733546909,6604.545028065259,289758.12005765835,-0.08859758771277605,0.021258422289067574,-0.064744089,-0.023853498712776054
202406,NON PRIME,2028-04-30,289758.12005765835,-18760.12551348572,-6920.073148841889,6169.791564668557,270247.7129599993,-0.08862632963389451,0.0212929030718478,-0.064744089,-0.0238822406338945
202406,NON PRIME,2028-05-31,270247.7129599993,-17496.941979928648,-6461.647849010147,5763.438310760121,252052.5614418206,-0.0886541816266361,0.02132650170332134,-0.064744089,-0.023910092626636098
202406,NON PRIME,2028-06-30,252052.5614418206,-16318.913470667203,-6033.403561771694,5383.648412577987,235083.8928219597,-0.08868117389712904,0.021359229129756945,-0.064744089,-0.023937084897129042
202406,NON PRIME,2028-07-31,235083.8928219597,-15220.29247933142,-5633.3735481024705,5028.702988699486,219258.92978322526,-0.08870733667502849,0.021391099697791564,-0.064744089,-0.023963247675028485
202406,NON PRIME,2028-08-31,219258.92978322526,-14195.719663929889,-5259.717156550115,4696.993365328738,204500.48632807398,-0.08873269991655534,0.02142213030945884,-0.064744089,-0.023988610916555325
202406,NON PRIME,2028-09-30,204500.48632807398,-13240.197687368105,-4910.711913274612,4387.013910885313,190736.5906383166,-0.08875729308302846,0.021452339745771352,-0.064744089,-0.024013204083028462
202406,NON PRIME,2028-10-31,190736.5906383166,-12349.066799843737,-4584.746106302384,4097.355398394787,177900.13313056523,-0.08878114497840003,0.02148174812542591,-0.064744089,-0.024037055978400015
202406,NON PRIME,2028-11-30,177900.13313056523,-11517.982052517165,-4280.311828338513,3826.6988380759426,165928.5380877855,-0.08880428363289042,0.021510376472104353,-0.064744089,-0.0240601946328904
202406,NON PRIME,2028-12-31,165928.5380877855,-10742.892037595475,-3995.9984469299457,3573.80973302291,154763.457336283,-0.08882673622260036,0.02153824636924219,-0.064744089,-0.02408264722260036
202406,NON PRIME,2029-01-31,154763.457336283,-10020.01905572801,-3730.4864742077266,3337.532718879273,144350.48452522655,-0.08884852901714056,0.02156537968538143,-0.064744089,-0.024104440017140565
202406,NRP-L,2025-10-31,263352.54000000004,0.0,-4072.557312329393,3974.268288154513,263254.2509758252,-0.015464279601515871,0.015091057364225583,0.0,-0.015464279601515871
202406,NRP-L,2025-11-30,263254.2509758252,0.0,-4028.6881627344883,3960.2041501510744,263185.76696324174,-0.015303411617480188,0.015043267622351681,0.0,-0.015303411617480188
202406,NRP-L,2025-12-31,263185.76696324174,0.0,-3995.7024497945417,3949.494836731025,263139.5593501782,-0.01518206130938915,0.015006490975184982,0.0,-0.01518206130938915
202406,NRP-L,2026-01-31,263139.5593501782,0.0,-3970.517504123671,3941.222116737729,263110.2639627923,-0.015089017834980204,0.014977687606039002,0.0,-0.015089017834980204
202406,NRP-L,2026-02-28,263110.2639627923,0.0,-3951.0478717302926,3934.7579424046653,263093.97403346666,-0.015016699889324841,0.01495478695183514,0.0,-0.015016699889324841
202406,NRP-L,2026-03-31,263093.97403346666,0.0,-3935.8450744752226,3929.661329587272,263087.7902885787,-0.014959845009504348,0.014936341069854388,0.0,-0.014959845009504348
202406,NRP-L,2026-04-30,263087.7902885787,0.0,-3923.879895998367,3925.6155464724357,263089.5259390528,-0.014914716839174851,0.014921314068457765,0.0,-0.014914716839174851
202406,NRP-L,2026-05-31,263089.5259390528,0.0,-3914.406362331568,3922.388564889081,263097.5081416103,-0.01487860966095008,0.014908949913109577,0.0,-0.01487860966095008
202406,NRP-L,2026-06-30,263097.5081416103,0.0,-3906.8742683159394,3919.8074291329017,263110.44130242727,-0.014849529727256455,0.014898687018438404,0.0,-0.014849529727256455
202406,NRP-L,2026-07-31,263110.44130242727,0.0,-3900.8714747145455,3917.741217495973,263127.3110452087,-0.014825985070774,0.014890101655041506,0.0,-0.014825985070774
202406,NRP-L,2026-08-31,263127.3110452087,0.0,-3896.08497624715,3916.089458151863,263147.3155271134,-0.01480684373192166,0.014882869598735905,0.0,-0.01480684373192166
202406,NRP-L,2026-09-30,263147.3155271134,0.0,-3892.2741006189235,3914.774093645507,263169.81552013993,-0.014791236204793747,0.014876739615617125,0.0,-0.014791236204793747
202406,NRP-L,2026-10-31,263169.81552013993,0.0,-3889.2517223237437,3913.7338055515497,263194.29760336777,-0.014778487094490159,0.014871514796696121,0.0,-0.014778487094490159
202406,NRP-L,2026-11-30,263194.29760336777,0.0,-3886.870877911084,3912.9199403165117,263220.3466657732,-0.014768066456244334,0.01486703920239662,0.0,-0.014768066456244334
202406,NRP-L,2026-12-31,263220.3466657732,0.0,-3885.0150875112286,3912.2935410411023,263247.62511930306,-0.014759554634445745,0.014863188163826781,0.0,-0.014759554634445745
202406,NRP-L,2027-01-31,263247.62511930306,0.0,-3883.591261328803,3911.82315569932,263275.8570136736,-0.014752616512945826,0.014859861143767177,0.0,-0.014752616512945826
202406,NRP-L,2027-02-28,263275.8570136736,0.0,-3882.524436147718,3911.483198642593,263304.8157761685,-0.014746982424393262,0.014856976416335224,0.0,-0.014746982424393262
202406,NRP-L,2027-03-31,263304.8157761685,0.0,-3881.753825221234,3911.2527117921413,263334.3146627394,-0.014742433835775549,0.014854467056603473,0.0,-0.014742433835775549
202406,NRP-L,2027-04-30,263334.3146627394,0.0,-3881.2298227045526,3911.1144182123776,263364.1992582472,-0.014738792502888834,0.014852277885703827,0.0,-0.014738792502888834
202406,NRP-L,2027-05-31,263364.1992582472,0.0,-3880.91170993547,3911.0539920621354,263394.34154037386,-0.014735912173582718,0.014850363121021892,0.0,-0.014735912173582718
202406,NRP-L,2027-06-30,263394.34154037386,0.0,-3880.7658833439214,3911.0594904055965,263424.63514743553,-0.014733672183876684,0.014848684552344863,0.0,-0.014733672183876684
202406,NRP-L,2027-07-31,263424.63514743553,0.0,-3880.7644739382017,3911.120907313991,263454.99158081133,-0.014731972473896321,0.014847210114289367,0.0,-0.014731972473896321
202406,NRP-L,2027-08-31,263454.99158081133,0.0,-3880.8842634851226,3911.2298212236146,263485.33713854983,-0.014730729678715207,0.014845912760107629,0.0,-0.014730729678715207
202406,NRP-L,2027-09-30,263485.33713854983,0.0,-3881.1058274505067,3911.3791140275093,263515.6104251268,-0.014729874040048328,0.0148447695667056,0.0,-0.014729874040048328
202406,NRP-L,2027-10-31,263515.6104251268,0.0,-3881.412852661705,3911.562745793952,263545.760318259,-0.014729346949882267,0.014843761018497052,0.0,-0.014729346949882267
202406,NRP-L,2027-11-30,263545.760318259,0.0,-3881.791590622873,3911.7755729500363,263575.7443005862,-0.01472909898430999,0.01484287043064612,0.0,-0.01472909898430999
202406,NRP-L,2027-12-31,263575.7443005862,0.0,-3882.23041690404,3912.0132006703534,263605.5270843525,-0.014729088320345135,0.014842083481737335,0.0,-0.014729088320345135
202406,NRP-L,2028-01-31,263605.5270843525,0.0,-3882.719474033137,3912.271862364625,263635.079472684,-0.014729279453957297,0.01484138783293689,0.0,-0.014729279453957297
202406,NRP-L,2028-02-29,263635.079472684,0.0,-3883.2503805397105,3912.548320770374,263664.37741291465,-0.014729642156525172,0.014840772815955111,0.0,-0.014729642156525172
202406,NRP-L,2028-03-31,263664.37741291465,0.0,-3883.8159927180122,3912.8397863735304,263693.40120657015,-0.014730150621127393,0.014840229176070236,0.0,-0.014730150621127393
202406,NRP-L,2028-04-30,263693.40120657015,0.0,-3884.4102086421126,3913.143849805085,263722.13484773313,-0.014730782760844184,0.014839748859470458,0.0,-0.014730782760844184
202406,NRP-L,2028-05-31,263722.13484773313,0.0,-3885.027806224999,3913.4584255705154,263750.56546707865,-0.014731519629431642,0.014839324836461122,0.0,-0.014731519629431642
202406,NRP-L,2028-06-30,263750.56546707865,0.0,-3885.6643088471064,3913.7817050152025,263778.68286324677,-0.014732344941008724,0.01483895095384628,0.0,-0.014732344941008724
202406,NRP-L,2028-07-31,263778.68286324677,0.0,-3886.3158734183066,3914.1121168531577,263806.47910668165,-0.014733244670241702,0.01483862181115821,0.0,-0.014733244670241702
202406,NRP-L,2028-08-31,263806.47910668165,0.0,-3886.9791967774395,3914.4482939175773,263833.9482038218,-0.014734206718272335,0.014838332656472017,0.0,-0.014734206718272335
202406,NRP-L,2028-09-30,263833.9482038218,0.0,-3887.651437146294,3914.789045051897,263861.0858117274,-0.014735220632573542,0.014838079298375861,0.0,-0.014735220632573542
202406,NRP-L,2028-10-31,263861.0858117274,0.0,-3888.330147993721,3915.133331265517,263887.8889949992,-0.014736277371223122,0.014837858031324404,0.0,-0.014736277371223122
202406,NRP-L,2028-11-30,263887.8889949992,0.0,-3889.0132221702042,3915.480245441487,263914.3560182704,-0.01473736910390724,0.014837665572123652,0.0,-0.01473736910390724
202406,NRP-L,2028-12-31,263914.3560182704,0.0,-3889.6988445739817,3915.8289950136855,263940.4861687101,-0.014738489043410368,0.014837499005710011,0.0,-0.014738489043410368
202406,NRP-L,2029-01-31,263940.4861687101,0.0,-3890.385451929499,3916.178887135436,263966.27960391605,-0.014739631302500422,0.014837355738718402,0.0,-0.014739631302500422
202406,NRP-M,2025-10-31,2559981.8499999996,-78026.39080115873,-35604.60191870672,36366.69854701554,2482717.5558271497,-0.044387421231078444,0.014205842337130455,-0.030479274999999997,-0.013908146231078446
202406,NRP-M,2025-11-30,2482717.5558271497,-75671.43113138355,-34847.643685826675,34782.20666179176,2406980.687671731,-0.04451536364167263,0.01400973162660205,-0.030479275,-0.014036088641672625
202406,NRP-M,2025-12-31,2406980.687671731,-73363.0262992358,-34037.39164147132,33386.960025222,2332967.229756246,-0.044620390388173566,0.013870888202895035,-0.030479275,-0.014141115388173569
202406,NRP-M,2026-01-31,2332967.229756246,-71107.1497617288,-33195.17769886983,32129.644085516305,2260794.5463811634,-0.04470801223877302,0.013772008314438814,-0.030479275,-0.014228737238773022
202406,NRP-M,2026-02-28,2260794.5463811634,-68907.37869765173,-32335.81739731085,30976.44992790182,2190527.8002141025,-0.04478213036077152,0.013701576721107006,-0.030479274999999997,-0.014302855360771524
202406,NRP-M,2026-03-31,2190527.8002141025,-66765.69921787069,-31469.78597875205,29904.50289666992,2122196.8179141497,-0.044845577941088524,0.013651734022159887,-0.030479275,-0.014366302941088531
202406,NRP-M,2026-04-30,2122196.8179141497,-64683.0204173303,-30604.58979885877,28897.950386329674,2055807.1580842903,-0.044900458530441445,0.013616998264436516,-0.030479275,-0.014421183530441441
202406,NRP-M,2026-05-31,2055807.1580842903,-62659.51171821956,-29745.657516214404,27945.55964806236,1991347.5484979188,-0.044948364378953706,0.013593473268233734,-0.030479275,-0.014469089378953704
202406,NRP-M,2026-06-30,1991347.5484979188,-60694.8295512439,-28896.934891032957,27039.20256362914,1928794.986619271,-0.04499052137325615,0.013578344264427833,-0.030479275,-0.014511246373256154
202406,NRP-M,2026-07-31,1928794.986619271,-58788.272815790086,-28061.291187603973,26172.877058509515,1868118.2996743866,-0.045027887673858555,0.0135695484694226,-0.030479275,-0.014548612673858556
202406,NRP-M,2026-08-31,1868118.2996743866,-56938.89138830804,-27240.802671033114,25342.06177429737,1809280.6673893428,-0.0450612223401557,0.013565555125023129,-0.030479275,-0.014581947340155702
202406,NRP-M,2026-09-30,1809280.6673893428,-55145.56301354331,-26436.954047054085,24543.282543911133,1752241.4328726565,-0.045091134024172655,0.013565215715992401,-0.030479275,-0.014611859024172651
202406,NRP-M,2026-10-31,1752241.4328726565,-53407.048498919736,-25650.78397150738,23773.816287207363,1696957.4166894369,-0.04511811613815014,0.013567660164405618,-0.030479275,-0.014638841138150133
202406,NRP-M,2026-11-30,1696957.4166894369,-51722.031766566935,-24882.99172075327,23031.48573412893,1643383.8789362456,-0.04514257266205744,0.013572223738566543,-0.030479275,-0.014663297662057451
202406,NRP-M,2026-12-31,1643383.8789362456,-50089.149176664534,-24134.01643340849,22314.515190625418,1591475.2285167978,-0.04516483735870484,0.01357839484531727,-0.030479275,-0.014685562358704846
202406,NRP-M,2027-01-31,1591475.2285167978,-48507.01114565132,-23404.09668303213,21621.427953977298,1541185.5486420917,-0.04518518827069789,0.013585777250286046,-0.030479274999999997,-0.014705913270697889
202406,NRP-M,2027-02-28,1541185.5486420917,-46974.21816308819,-22693.31574816068,20950.97253753188,1492468.9872683748,-0.04520385879080658,0.013594062412531296,-0.030479275,-0.014724583790806574
202406,NRP-M,2027-03-31,1492468.9872683748,-45489.37269192429,-22001.63634851037,20302.069073338316,1445280.0473012784,-0.045221046210120325,0.013603009004895063,-0.030479274999999997,-0.014741771210120328
202406,NRP-M,2027-04-30,1445280.0473012784,-44051.08801370867,-21328.927531826906,19673.77000894269,1399573.8017646854,-0.04523691838659049,0.013612427602303679,-0.030479275,-0.014757643386590493
202406,NRP-M,2027-05-31,1399573.8017646854,-42657.99478678133,-20674.98564853773,19065.231036143854,1355306.0523655103,-0.04525161899677187,0.013622169128991276,-0.030479275,-0.014772343996771868
202406,NRP-M,2027-06-30,1355306.0523655103,-41308.74587921279,-20039.5508289833,18475.689414044882,1312433.445071359,-0.04526527170827624,0.01363211606839501,-0.030479275,-0.01478599670827624
202406,NRP-M,2027-07-31,1312433.445071359,-40002.01989152734,-19422.32000805866,17904.447682622118,1270913.5528543952,-0.045277983521941574,0.013642175723164863,-0.030479275,-0.014798708521941576
202406,NRP-M,2027-08-31,1270913.5528543952,-38736.523678676145,-18822.957276906094,17350.861337713482,1230704.9332365263,-0.04528984746941058,0.013652275010164534,-0.030479274999999997,-0.01481057246941058
202406,NRP-M,2027-09-30,1230704.9332365263,-37510.99410397273,-18241.10214904202,16814.329438775112,1191767.1664222865,-0.045300944805995905,0.01366235641434908,-0.030479275,-0.0148216698059959
202406,NRP-M,2027-10-31,1191767.1664222865,-36324.19920135564,-17676.376187443413,16294.287402672833,1154060.8784361603,-0.0453113468051902,0.013672374824344819,-0.030479275,-0.0148320718051902
202406,NRP-M,2027-11-30,1154060.8784361603,-35174.9388805973,-17128.388334896285,15790.201437149446,1117547.7526578163,-0.04532111623640561,0.013682295043695062,-0.030479275,-0.01484184123640561
202406,NRP-M,2027-12-31,1117547.7526578163,-34062.04527888956,-16596.73921207957,15301.564211295487,1082190.5323781425,-0.04533030858904195,0.013692089823369452,-0.030479275,-0.014851033589041947
202406,NRP-M,2028-01-31,1082190.5323781425,-32984.38283874981,-16081.024589231334,14827.891464244822,1047953.0164144061,-0.045338973092065964,0.013701738298948279,-0.030479275,-0.014859698092065965
202406,NRP-M,2028-02-29,1047953.0164144061,-31940.848174374198,-15580.838192722205,14368.719329018202,1014800.0493763279,-0.04534715356771707,0.013711224743816365,-0.030479275,-0.014867878567717072
202406,NRP-M,2028-03-31,1014800.0493763279,-30930.369774954677,-15095.773973789295,13923.602203997065,982697.507831581,-0.045354889149868044,0.013720537570484137,-0.030479275,-0.014875614149868046
202406,NRP-M,2028-04-30,982697.507831581,-29951.907583013413,-14625.427940420856,13492.111045560616,951612.2833537074,-0.045362214891333706,0.01372966852773677,-0.030479275,-0.014882939891333708
202406,NRP-M,2028-05-31,951612.2833537074,-29004.45247771557,-14169.399632998491,13073.831985940777,921512.2632289341,-0.04536916227957795,0.013738612053078478,-0.030479275,-0.014889887279577945
202406,NRP-M,2028-06-30,921512.2632289341,-28087.025686827074,-13727.293308381544,12668.365203176052,892366.3094369016,-0.04537575967648361,0.013747364748882144,-0.030479275000000004,-0.014896484676483605
202406,NRP-M,2028-07-31,892366.3094369016,-27198.67814606242,-13298.718884604285,12275.323987210097,864144.2363934449,-0.045382032694870844,0.013755924957494234,-0.030479275,-0.014902757694870847
202406,NRP-M,2028-08-31,864144.2363934449,-26338.489820700815,-12883.292688464277,11894.333959153597,836816.7878434334,-0.04538800452209162,0.013764292415806966,-0.030479275,-0.014908729522091624
202406,NRP-M,2028-09-30,836816.7878434334,-25505.569001296666,-12480.638040417034,11525.032410579588,810355.6132122994,-0.04539369619915039,0.013772467973880915,-0.030479275,-0.014914421199150386
202406,NRP-M,2028-10-31,810355.6132122994,-24699.05158289131,-12090.385704909308,11167.067737235824,784733.2436617346,-0.04539912686229818,0.013780453365367436,-0.030479275,-0.014919851862298179
202406,NRP-M,2028-11-30,784733.2436617346,-23918.100335208015,-11712.174229238088,10820.098947311993,759923.0680446005,-0.04540431395283773,0.013788251019955618,-0.030479274999999997,-0.014925038952837725
202406,NRP-M,2028-12-31,759923.0680446005,-23161.90416977509,-11345.650189952072,10483.795228822457,735899.3089136959,-0.045409273399898795,0.013795863910012472,-0.030479274999999997,-0.014929998399898798
202406,NRP-M,2029-01-31,735899.3089136959,-22429.677408690488,-10990.468362513475,10157.835564076751,712636.9987065687,-0.04541401978014818,0.013803295425119134,-0.030479275,-0.014934744780148184
202406,NRP-S,2025-10-31,1206635.83,-64752.46958558537,-20991.44353136363,20022.24410639075,1140914.1609894417,-0.07106030749720817,0.01659344402725945,-0.053663639,-0.017396668497208168
202406,NRP-S,2025-11-30,1140914.1609894417,-61225.60566532528,-19775.642399496053,18647.123137264894,1078560.0360618853,-0.07099679435530377,0.016344019361713803,-0.053663639,-0.017333155355303775
202406,NRP-S,2025-12-31,1078560.0360618853,-57879.456415051995,-18654.317775832937,17439.035137420025,1019465.2970084205,-0.07095921565046157,0.016168812633828585,-0.053663639,-0.017295576650461573
202406,NRP-S,2026-01-31,1019465.2970084205,-54708.21767168766,-17611.643540667417,16357.588899132721,963503.0246951982,-0.07093901226905396,0.016045263087555214,-0.053663639,-0.017275373269053953
202406,NRP-S,2026-02-28,963503.0246951982,-51705.0784926512,-16636.776793698908,15375.946867368557,910537.1162762166,-0.070930607932414,0.015958379447986372,-0.053663639,-0.017266968932414
202406,NRP-S,2026-03-31,910537.1162762166,-48862.73510394791,-15721.921086539114,14475.670055349103,860428.1301410786,-0.07093028393462536,0.01589794616451179,-0.053663639,-0.017266644934625357
202406,NRP-S,2026-04-30,860428.1301410786,-46173.704561335864,-14861.205062735762,13643.679840636672,813036.9003576437,-0.07093551162031876,0.015856850052542577,-0.053663639000000006,-0.01727187262031876
202406,NRP-S,2026-05-31,813036.9003576437,-43630.51871447156,-14050.013038561703,12870.410613553979,768226.7792181644,-0.07094454351046107,0.015830044869909916,-0.05366363899999999,-0.017280904510461083
202406,NRP-S,2026-06-30,768226.7792181644,-41225.84455009628,-13284.574486847885,12148.655489986375,725865.0156712066,-0.07095615580131197,0.01581389222379131,-0.053663639,-0.017292516801311966
202406,NRP-S,2026-07-31,725865.0156712066,-38952.55816370898,-12561.70615175877,11472.827516452715,685823.5788721916,-0.07096948220852407,0.015805731463506067,-0.053663639000000006,-0.01730584320852407
202406,NRP-S,2026-08-31,685823.5788721916,-36803.788954285315,-11878.646428913344,10838.476544640072,647979.620033633,-0.07098390443684498,0.015803592758451813,-0.053663639,-0.017320265436844975
202406,NRP-S,2026-09-30,647979.620033633,-34772.94440884205,-11232.946766682222,10241.96710904627,612215.695967155,-0.0709989785992596,0.01580600190560726,-0.053663639000000006,-0.01733533959925959
202406,NRP-S,2026-10-31,612215.695967155,-32853.722098515165,-10622.399006650936,9680.259806733478,578419.8346687225,-0.07101438494889319,0.015811845188714042,-0.053663639,-0.017350745948893184
202406,NRP-S,2026-11-30,578419.8346687225,-31040.113198102008,-10044.985778594364,9150.760458712359,546485.4961507384,-0.07102989301918905,0.015820274323672286,-0.053663639,-0.017366254019189044
202406,NRP-S,2026-12-31,546485.4961507384,-29326.400384169116,-9498.845923067105,8651.214410165236,516311.4642536674,-0.07104533712369003,0.01583063863744144,-0.053663639,-0.017381698123690028
202406,NRP-S,2027-01-31,516311.4642536674,-27707.15202927021,-8982.249854714953,8179.631352460426,487801.69372214266,-0.07106059892940786,0.01584243604639721,-0.053663639,-0.017396959929407867
202406,NRP-S,2027-02-28,487801.69372214266,-26177.21399549363,-8493.581592747147,7734.231073694266,460865.1292075961,-0.07107559492810957,0.015855277202255415,-0.053663639,-0.01741195592810956
202406,NRP-S,2027-03-31,460865.1292075961,-24731.699921484793,-8031.3253226668285,7313.403746226536,435415.507709671,-0.07109026734238674,0.015868858984408478,-0.053663639,-0.017426628342386754
202406,NRP-S,2027-04-30,435415.507709671,-23365.9806207335,-7594.055078170518,6915.680433915721,411371.15244468267,-0.07110457746844363,0.01588294470790186,-0.05366363899999999,-0.017440938468443638
202406,NRP-S,2027-05-31,411371.15244468267,-22075.673019805417,-7180.42660037773,6539.710865868445,388654.763690368,-0.07111850076584364,0.015897349211300964,-0.053663639,-0.017454861765843648
202406,NRP-S,2027-06-30,388654.763690368,-20856.628934310214,-6789.1707378811925,6184.246433045264,367193.2104512218,-0.07113202321177815,0.01591192752746524,-0.053663639,-0.01746838421177815
202406,NRP-S,2027-07-31,367193.2104512218,-19704.923888905392,-6419.087953799933,5848.126978225634,346917.32558674214,-0.07114513857868747,0.015926566210304433,-0.053663639,-0.017481499578687467
202406,NRP-S,2027-08-31,346917.32558674214,-18616.846123132393,-6069.043641519526,5530.270369418172,327761.70619150845,-0.07115784639150152,0.015941176647965943,-0.053663639,-0.017494207391501527
202406,NRP-S,2027-09-30,327761.70619150845,-17588.885879085174,-5737.964042233274,5229.664136563281,309664.52040675323,-0.07117015038873627,0.015955689873995323,-0.053663639,-0.01750651138873627
202406,NRP-S,2027-10-31,309664.52040675323,-16617.72503421614,-5424.832619608508,4945.358653491293,292567.3214064199,-0.0711820573595939,0.015970052516818597,-0.053663639,-0.017518418359593908
202406,NRP-S,2027-11-30,292567.3214064199,-15700.22711915109,-5128.68678955189,4676.461489393948,276414.8689871109,-0.07119357626331921,0.015984223620442016,-0.053663639,-0.017529937263319216
202406,NRP-S,2027-12-31,276414.8689871109,-14833.427743556615,-4848.614932486503,4422.132655113903,261154.9589661817,-0.07120471756156099,0.015998172136391493,-0.053663639,-0.017541078561560997
202406,NRP-S,2028-01-31,261154.9589661817,-14014.525441020987,-4583.753635998586,4181.580541891958,246738.26043105408,-0.0712154927122328,0.0160118749360354,-0.053663639,-0.01755185371223282
202406,NRP-S,2028-02-29,246738.26043105408,-13240.87293526007,-4333.285129989523,3954.0584023841034,233118.1607681886,-0.07122591378632309,0.016025315228681298,-0.053663639,-0.017562274786323096
202406,NRP-S,2028-03-31,233118.1607681886,-12509.968823808034,-4096.434886490345,3738.861261656639,220250.61831954686,-0.07123599317863397,0.01603848129779362,-0.05366363899999999,-0.01757235417863397
202406,NRP-S,2028-04-30,220250.61831954686,-11819.449671026949,-3872.4693633632623,3535.323173577482,208094.02245873414,-0.07124574339048555,0.0160513654878749,-0.053663639,-0.01758210439048555
202406,NRP-S,2028-05-31,208094.02245873414,-11167.0824992834,-3660.693876121036,3342.8147584111553,196609.06084174084,-0.07125517686768174,0.016063963389789576,-0.053663639,-0.01759153786768174
202406,NRP-S,2028-06-30,196609.06084174084,-10550.757665140216,-3460.4505856574847,3160.740972517779,185758.59356346092,-0.07126430588097835,0.016076273183879337,-0.053663639,-0.017600666880978347
202406,NRP-S,2028-07-31,185758.59356346092,-9968.48210613729,-3271.11659222925,2988.5390722929856,175507.53393738734,-0.07127314243926744,0.0160882951090605,-0.05366363899999999,-0.01760950343926745
202406,NRP-S,2028-08-31,175507.53393738734,-9418.372942996202,-3092.10212785968,2825.676742897754,165822.7356094292,-0.07128169822794626,0.01610003103288899,-0.053663639,-0.017618059227946268
202406,NRP-S,2028-09-30,165822.7356094292,-8898.651421736853,-2922.848840659912,2671.6503686592932,156672.8857156917,-0.07128998456665528,0.016111484102831163,-0.053663639,-0.017626345566655276
202406,NRP-S,2028-10-31,156672.8857156917,-8407.637180135136,-2762.8281655276814,2525.98342681604,148028.40379684488,-0.07129801238188359,0.016122658463059433,-0.053663639000000006,-0.01763437338188358
202406,NRP-S,2028-11-30,148028.40379684488,-7943.742823100113,-2611.5397763955084,2388.22498992616,139861.3461872754,-0.07130579219094843,0.016133559024278713,-0.053663639,-0.01764215319094842
202406,NRP-S,2028-12-31,139861.3461872754,-7505.468791847973,-2468.5101157304307,2257.948325048735,132145.31560474573,-0.07131333409463377,0.016144191276589927,-0.053663639,-0.017649695094633773
202406,NRP-S,2029-01-31,132145.31560474573,-7091.398512154142,-2333.290997389801,2134.7495799536055,124855.37567515539,-0.07132064777637472,0.01615456113736763,-0.053663639,-0.017657008776374706
202407,NON PRIME,2025-10-31,2523024.380000001,-152834.67962457056,-61000.34617108629,57502.553516176915,2366691.907720521,-0.08475345204379546,0.022791120835771273,-0.06057598207773581,-0.02417746996605965
202407,NON PRIME,2025-11-30,2366691.907720521,-138341.3672394714,-57332.41114291711,52839.472907336814,2223857.6022454696,-0.08267817950620016,0.022326299732958965,-0.05845347541358473,-0.024224704092615422
202407,NON PRIME,2025-12-31,2223857.6022454696,-125212.55068540123,-54019.31422794261,48971.4509216986,2093597.1882538246,-0.08059502763682809,0.022020947237022383,-0.056304212355580606,-0.02429081528124747
202407,NON PRIME,2026-01-31,2093597.1882538246,-111278.89636906925,-51012.91609523828,45686.56877102202,1976991.944560539,-0.07751816508679392,0.021822043431920703,-0.05315200889330673,-0.024366156193487185
202407,NON PRIME,2026-02-28,1976991.944560539,-104417.18585564653,-48327.85682205925,42892.28976446609,1867139.191647299,-0.07726133791185433,0.021695733198346705,-0.05281619186306659,-0.02444514604878774
202407,NON PRIME,2026-03-31,1867139.191647299,-98615.18178109481,-45790.71666643159,40367.11342502935,1763100.4066248022,-0.0773407248337619,0.02161976654210505,-0.05281619186306659,-0.024524532970695317
202407,NON PRIME,2026-04-30,1763100.4066248022,-93120.24935014627,-43376.56208538926,38046.22823356131,1664649.8234228282,-0.07741862625784242,0.02157916139693669,-0.05281619186306659,-0.024602434394775816
202407,NON PRIME,2026-05-31,1664649.8234228282,-87920.46445872002,-41079.87690265597,35895.876449690375,1571545.3585111427,-0.07749398074372628,0.021563620134763123,-0.05281619186306659,-0.02467778888065968
202407,NON PRIME,2026-06-30,1571545.3585111427,-83003.04117663628,-38895.80110750523,33891.853248592284,1483538.3694755933,-0.07756622589603558,0.021565940216132794,-0.05281619186306659,-0.024750034032968986
202407,NON PRIME,2026-07-31,1483538.3694755933,-78354.84715844391,-36819.80949289931,32016.254349148552,1400379.9671733987,-0.07763510470717086,0.021581008626332852,-0.05281619186306659,-0.02481891284410427
202407,NON PRIME,2026-08-31,1400379.9671733987,-73962.73702742512,-34847.5523111662,30255.419026065236,1321825.0968608726,-0.07770054691529169,0.021605149841677884,-0.05281619186306659,-0.02488435505222511
202407,NON PRIME,2026-09-30,1321825.0968608726,-69813.76792522043,-32974.78206764712,28598.603009383198,1247635.149877388,-0.07776259524575092,0.02163569376712577,-0.05281619186306659,-0.02494640338268433
202407,NON PRIME,2026-10-31,1247635.149877388,-65895.33745102996,-31197.325527666962,27037.10691934716,1177579.593818038,-0.07782135906337583,0.021670683871005274,-0.05281619186306659,-0.025005167200309236
202407,NON PRIME,2026-11-30,1177579.593818038,-62195.26976112552,-29511.07867124804,25563.69458416433,1111436.9399698288,-0.07787698505800043,0.02170867660951883,-0.05281619186306659,-0.025060793194933838
202407,NON PRIME,2026-12-31,1111436.9399698288,-58701.8666651461,-27912.012470046742,24172.19904345057,1048995.2598780866,-0.07792963866896854,0.02174860144931547,-0.05281619186306659,-0.025113446805901957
202407,NON PRIME,2027-01-31,1048995.2598780866,-55403.93490916842,-26396.18294443387,22857.251962127873,990052.3939866122,-0.07797949236025055,0.021789661818666678,-0.05281619186306659,-0.025163300497183953
202407,NON PRIME,2027-02-28,990052.3939866122,-52290.797195285304,-24959.742057853524,21614.095325288265,934415.9500587616,-0.07802671830535812,0.021831264139724443,-0.05281619186306659,-0.025210526442291534
202407,NON PRIME,2027-03-31,934415.9500587616,-49352.292098213205,-23598.94772937151,20438.448683027866,881903.1589142048,-0.07807148392854071,0.021872966404032995,-0.05281619186306659,-0.025255292065474125
202407,NON PRIME,2027-04-30,881903.1589142048,-46578.766445857145,-22310.17219860717,19326.414326920793,832340.6345966613,-0.07811394930173521,0.021914440527365145,-0.05281619186306659,-0.025297757438668612
202407,NON PRIME,2027-05-31,832340.6345966613,-43961.062652283865,-21089.90849559694,18274.408638023735,785564.0720868043,-0.07815426574650346,0.021955444536093344,-0.05281619186306659,-0.02533807388343688
202407,NON PRIME,2027-06-30,785564.0720868043,-41490.50275206853,-19934.775040251712,17279.111666291825,741417.9059607759,-0.07819257521432675,0.021995801845151715,-0.052816191863066596,-0.025376383351260155
202407,NON PRIME,2027-07-31,741417.9059607759,-39158.8703719374,-18841.518529178866,16337.429524667887,699754.9465843275,-0.07822901016391791,0.022035385702611026,-0.05281619186306659,-0.025412818300851316
202407,NON PRIME,2027-08-31,699754.9465843275,-36958.39151592775,-17807.015323135834,15446.465867775252,660436.0056130391,-0.07826369374934287,0.02207410743314238,-0.05281619186306659,-0.025447501886276286
202407,NON PRIME,2027-09-30,660436.0056130391,-34881.714785735596,-16828.271561544345,14603.499864734733,623329.5191304939,-0.07829674019556365,0.022111907498409734,-0.05281619186306659,-0.025480548332497063
202407,NON PRIME,2027-10-31,623329.5191304939,-32921.891476309196,-15902.422221575742,13805.968853173532,588311.1742857825,-0.0783282552797946,0.02214874866255653,-0.05281619186306658,-0.02551206341672802
202407,NON PRIME,2027-11-30,588311.1742857825,-31072.355856263897,-15026.72931986778,13051.454396772768,555263.5435064236,-0.07835833686500443,0.022184610742125382,-0.05281619186306659,-0.025542145001937838
202407,NON PRIME,2027-12-31,555263.5435064236,-29326.90584840149,-14198.579431434568,12337.670840199193,524075.7290667867,-0.07838707545065496,0.022219486556398535,-0.05281619186306659,-0.02557088358758837
202407,NON PRIME,2028-01-31,524075.7290667867,-27679.68425716791,-13415.480676319661,11662.455714998789,494643.0198482979,-0.07841455471838979,0.02225337879272894,-0.05281619186306659,-0.025598362855323208
202407,NON PRIME,2028-02-29,494643.0198482979,-26125.160640034355,-12675.05930184241,11023.761532831319,466866.5614392524,-0.07844085205887755,0.02228629757317145,-0.05281619186306659,-0.02562466019581096
202407,NON PRIME,2028-03-31,466866.5614392524,-24658.11388342572,-11975.055967743421,10419.648631851562,440653.0402199348,-0.078466039071714,0.022318258561354137,-0.05281619186306659,-0.02564984720864741
202407,NON PRIME,2028-04-30,440653.0402199348,-23273.615517299673,-11313.321823438291,9848.278834169496,415914.3817133663,-0.07849018203409022,0.022349281487435358,-0.05281619186306659,-0.025673990171023644
202407,NON PRIME,2028-05-31,415914.3817133663,-21967.01378318187,-10687.814450930677,9307.909738208857,392567.46321746265,-0.07851334233644537,0.022379388997958584,-0.05281619186306659,-0.025697150473378786
202407,NON PRIME,2028-06-30,392567.46321746265,-20733.918456490843,-10096.593733555503,8796.889517100968,370533.84054451727,-0.07853557688495388,0.022408605759127658,-0.05281619186306659,-0.025719385021887302
202407,NON PRIME,2028-07-31,370533.84054451727,-19570.186413958145,-9537.817699390956,8313.652128355208,349739.4885595234,-0.07855693847172904,0.022436957758400412,-0.05281619186306659,-0.025740746608662452
202407,NON PRIME,2028-08-31,349739.4885595234,-18471.90792985057,-9009.738378645,7856.712864704897,330114.5551157328,-0.07857747611424887,0.02246447176172311,-0.05281619186306659,-0.02576128425118229
202407,NON PRIME,2028-09-30,330114.5551157328,-17435.393679783414,-8510.697706344135,7424.664193901269,311593.12792350654,-0.07859723536586041,0.022491174893207306,-0.052816191863066596,-0.02578104350279382
202407,NON PRIME,2028-10-31,311593.12792350654,-16457.162427620973,-8039.123495004061,7016.1718482130555,294113.01384909457,-0.07861625859938305,0.02251709431132084,-0.05281619186306659,-0.02580006673631646
202407,NON PRIME,2028-11-30,294113.01384909457,-15533.92936887854,-7593.525496442094,6629.971133839358,277615.53011761326,-0.07863458526587681,0.022542256961268322,-0.05281619186306659,-0.025818393402810218
202407,NON PRIME,2028-12-31,277615.53011761326,-14662.595102858802,-7172.491567323738,6264.863437331126,262045.30688476187,-0.07865225213060664,0.02256668938757491,-0.05281619186306659,-0.025836060267540057
202407,NON PRIME,2029-01-31,262045.30688476187,-13840.235205241746,-6774.683949268444,5919.712911143129,247350.10064139482,-0.078669293488152,0.02259041759426131,-0.05281619186306659,-0.025853101625085417
202407,NRP-L,2025-10-31,471704.42,-18296.573494988468,-7177.25850702386,6891.616247944513,453122.20424593217,-0.05400380179183466,0.014610031103682499,-0.038788217195396366,-0.015215584596438295
202407,NRP-L,2025-11-30,453122.20424593217,-17388.317961697816,-6945.585742735876,6548.201091023016,435336.50163252145,-0.05370273951798323,0.014451291571377018,-0.038374455718043564,-0.01532828379993967
202407,NRP-L,2025-12-31,435336.50163252145,-16912.728403309033,-6707.5617188766655,6240.400379902272,417956.61189023807,-0.054257545676985715,0.014334659180887964,-0.03884978250132008,-0.015407763175665633
202407,NRP-L,2026-01-31,417956.61189023807,-18115.32690128792,-6463.508596188409,5954.762091282458,399332.5384840442,-0.0588071460009134,0.014247321185688699,-0.0433426015666078,-0.015464544434305604
202407,NRP-L,2026-02-28,399332.5384840442,-16952.12063915746,-6191.8251115479825,5662.891672877725,381851.4844062164,-0.057956573833339624,0.014180892181677283,-0.042451137849952095,-0.015505435983387526
202407,NRP-L,2026-03-31,381851.4844062164,-16210.030002737127,-5932.054001902782,5395.452550392963,365104.8529519695,-0.05798611478248176,0.01412971474703825,-0.042451137849952095,-0.015534976932529662
202407,NRP-L,2026-04-30,365104.8529519695,-15499.116442350545,-5679.670166045984,5144.280396623856,349070.34674019675,-0.05800740920631546,0.014089871320611014,-0.042451137849952095,-0.015556271356363373
202407,NRP-L,2026-05-31,349070.34674019675,-14818.433408798668,-5435.545016445542,4907.435970984206,333723.80428593676,-0.05802262671231331,0.014058587378768876,-0.042451137849952095,-0.015571488862361219
202407,NRP-L,2026-06-30,333723.80428593676,-14166.955219552736,-5200.142683614978,4683.432792220234,319040.13917498925,-0.05803331274077727,0.01403385893386088,-0.042451137849952095,-0.015582174890825171
202407,NRP-L,2026-07-31,319040.13917498925,-13543.61692778537,-4973.659853750651,4471.09655967659,304993.95895312977,-0.058040586458556996,0.014014213293783242,-0.042451137849952095,-0.015589448608604903
202407,NRP-L,2026-08-31,304993.95895312977,-12947.340594921943,-4756.116147854365,4269.47363917967,291559.9758495331,-0.058045270154012805,0.01399855149208311,-0.042451137849952095,-0.015594132304060704
202407,NRP-L,2026-09-30,291559.9758495331,-12377.052726317233,-4547.413676511146,4077.7701160234506,278713.27956272813,-0.05804797573300212,0.013986042165567633,-0.042451137849952095,-0.015596837883050017
202407,NRP-L,2026-10-31,278713.27956272813,-11831.695851329609,-4347.376936031162,3895.310352470935,266429.51712783833,-0.05804916368801672,0.013976048642469666,-0.042451137849952095,-0.015598025838064623
202407,NRP-L,2026-11-30,266429.51712783833,-11310.236158890038,-4155.779908313206,3721.5082615242536,254685.00932215934,-0.058049184016583016,0.013968077942875218,-0.042451137849952095,-0.01559804616663092
202407,NRP-L,2026-12-31,254685.00932215934,-10811.66843905132,-3972.3646787094435,3555.847034343908,243456.82323874248,-0.05804830506949846,0.013961744524374427,-0.042451137849952095,-0.015597167219546362
202407,NRP-L,2027-01-31,243456.82323874248,-10335.019163819277,-3796.854340065581,3397.8645882945348,232722.81432315215,-0.058046734184264925,0.013956744128557312,-0.042451137849952095,-0.015595596334312838
202407,NRP-L,2027-02-28,232722.81432315215,-9879.348271660938,-3628.961992041235,3247.142949847535,222461.6470092975,-0.05804463263728379,0.013952834659942907,-0.042451137849952095,-0.015593494787331696
202407,NRP-L,2027-03-31,222461.6470092975,-9443.750043519072,-3468.3970378701133,3103.3003851918997,212652.80031310022,-0.058042126609129795,0.013949822034097415,-0.042451137849952095,-0.015590988759177693
202407,NRP-L,2027-04-30,212652.80031310022,-9027.353340269754,-3314.869589557343,2965.9854767653505,203276.56286003845,-0.058039315314235104,0.013947549585043647,-0.042451137849952095,-0.015588177464283004
202407,NRP-L,2027-05-31,203276.56286003845,-8629.321391635944,-3168.093536188577,2834.872596232262,194314.02052844618,-0.05803627708890064,0.013945890054153219,-0.04245113784995209,-0.015585139238948552
202407,NRP-L,2027-06-30,194314.02052844618,-8248.85127163149,-3027.7886594824913,2709.658392233148,185747.03898956534,-0.05803307399253346,0.013944739473065832,-0.042451137849952095,-0.015581936142581358
202407,NRP-L,2027-07-31,185747.03898956534,-7885.173157366465,-2893.682065649425,2590.0590244400637,177558.24279098952,-0.05802975531481506,0.013944012451178642,-0.042451137849952095,-0.015578617464862967
202407,NRP-L,2027-08-31,177558.24279098952,-7537.549441115559,-2765.509123973257,2475.8079528575613,169730.99217875826,-0.05802636026994777,0.013943638515120517,-0.042451137849952095,-0.015575222419995684
202407,NRP-L,2027-09-30,169730.99217875826,-7205.273746389607,-2643.0140481397875,2366.65414489323,162249.35852912208,-0.05802292008142696,0.013943559243445083,-0.042451137849952095,-0.015571782231474868
202407,NRP-L,2027-10-31,162249.35852912208,-6887.669884986062,-2525.950218299901,2262.3606002470583,155098.09902608316,-0.05801945960603792,0.013943726007650058,-0.042451137849952095,-0.015568321756085827
202407,NRP-L,2027-11-30,155098.09902608316,-6584.090782021777,-2414.0803149889875,2162.7031202331195,148262.6310493055,-0.058015998606775476,0.013944098179239537,-0.042451137849952095,-0.015564860756823375
202407,NRP-L,2027-12-31,148262.6310493055,-6293.917388670655,-2307.176316867842,2067.4692671434973,141729.0066109105,-0.058012552756319016,0.013944641697717815,-0.042451137849952095,-0.015561414906366925
202407,NRP-L,2028-01-31,141729.0066109105,-6016.557596976533,-2205.0194004732043,1976.4574729789563,135483.8870864397,-0.05800913443230773,0.013945327920098508,-0.042451137849952095,-0.015557996582355632
202407,NRP-L,2028-02-29,135483.8870864397,-5751.445167153796,-2107.399770178405,1889.476266861653,129514.51841596914,-0.058005753350715436,0.01394613269145543,-0.042451137849952095,-0.01555461550076334
202407,NRP-L,2028-03-31,129514.51841596914,-5498.038674846465,-2014.1164392708342,1806.3435977854595,123808.7068996373,-0.05800241707257934,0.013947035590125294,-0.042451137849952095,-0.015551279222627242
202407,NRP-L,2028-04-30,123808.7068996373,-5255.820483620818,-1924.9769776904504,1726.886234796221,118354.79567312225,-0.0579991314111068,0.013948019311728068,-0.042451137849952095,-0.015547993561154702
202407,NRP-L,2028-05-31,118354.79567312225,-5024.295746322627,-1839.797238006839,1650.9392307522864,113141.64191954506,-0.057995900760008365,0.013949069164142083,-0.042451137849952095,-0.01554476291005627
202407,NRP-L,2028-06-30,113141.64191954506,-4802.991437696526,-1758.4010682616831,1578.345438867027,108158.59485245387,-0.05799272835923674,0.0139501726516342,-0.0424511378499521,-0.015541590509284645
202407,NRP-L,2028-07-31,108158.59485245387,-4591.455419738638,-1680.6200180977453,1508.955073545868,103395.47448816335,-0.05798961651075929,0.013951319130988444,-0.04245113784995209,-0.015538478660807195
202407,NRP-L,2028-08-31,103395.47448816335,-4389.255540558227,-1606.2930429393325,1442.6253087923344,98842.55121345814,-0.05798656675427247,0.013952499526055033,-0.04245113784995209,-0.01553542890432037
202407,NRP-L,2028-09-30,98842.55121345814,-4195.978767003461,-1535.2662097409973,1379.2199088101481,94490.52614552384,-0.05798358001067164,0.013953706089916841,-0.042451137849952095,-0.015532442160719537
202407,NRP-L,2028-10-31,94490.52614552384,-4011.2303509181347,-1467.3924068775502,1318.608886473326,90330.51227420148,-0.0579806566994676,0.013954932206034611,-0.042451137849952095,-0.015529518849515507
202407,NRP-L,2028-11-30,90330.51227420148,-3834.633028608917,-1402.531060033238,1260.6681861487432,86354.01637170806,-0.0579777968350778,0.013956172221429898,-0.042451137849952095,-0.015526658985125702
202407,NRP-L,2028-12-31,86354.01637170806,-3665.8262528923988,-1340.5478554049519,1205.2793879913263,82552.92165140204,-0.057975000105931096,0.013957421306303118,-0.042451137849952095,-0.015523862255979006
202407,NRP-L,2029-01-31,82552.92165140204,-3504.4654569399627,-1281.3144711217751,1152.3294313325655,78919.47115467286,-0.05797226593954787,0.013958675335544528,-0.042451137849952095,-0.015521128089595772
202407,NRP-M,2025-10-31,4349482.11,-116380.84149040401,-63841.77680675184,62562.111949231614,4231821.603652077,-0.041435420065943404,0.01438380716761509,-0.02675740204168905,-0.01467801802425435
202407,NRP-M,2025-11-30,4231821.603652077,-114280.05821024487,-62636.801839314416,60298.21617424538,4115202.959776763,-0.041806313360865544,0.014248761366076446,-0.027004932843015115,-0.01480138051785043
202407,NRP-M,2025-12-31,4115202.959776763,-110485.22972091656,-61313.722688872556,58265.916994513245,4001669.924361487,-0.041747382593034656,0.01415869826203517,-0.026848063339969516,-0.014899319253065136
202407,NRP-M,2026-01-31,4001669.924361487,-111344.38155212115,-59939.66615844924,56418.71037940781,3886804.587030324,-0.04280314242507164,0.0140987916159552,-0.0278244791941173,-0.01497866323095434
202407,NRP-M,2026-02-28,3886804.587030324,-106016.00269487889,-58473.290728734595,54646.73150135055,3776962.0251080613,-0.04231992881054253,0.014059552076196056,-0.027275876705671845,-0.015044052104870689
202407,NRP-M,2026-03-31,3776962.0251080613,-103019.95051885213,-57027.3503816038,53008.6314557902,3669923.3556633955,-0.04237461214502861,0.01403472714403942,-0.027275876705671845,-0.01509873543935677
202407,NRP-M,2026-04-30,3669923.3556633955,-100100.37696834026,-55581.16999630721,51452.67368176775,3565694.4823805154,-0.042420925964135194,0.01402009488900263,-0.02727587670567185,-0.015145049258463342
202407,NRP-M,2026-05-31,3565694.4823805154,-97257.44307150533,-54144.04086538194,49965.16580164573,3464258.164245274,-0.042460587884077264,0.014012744515421349,-0.027275876705671845,-0.015184711178405419
202407,NRP-M,2026-06-30,3464258.164245274,-94490.67856457118,-52722.577135334825,48536.45040781648,3365581.3589531844,-0.042494885981448786,0.014010633188012035,-0.027275876705671845,-0.015219009275776942
202407,NRP-M,2026-07-31,3365581.3589531844,-91799.18218971456,-51321.50262607096,47159.55335025312,3269620.227487652,-0.04252480316217972,0.014012305251453323,-0.027275876705671845,-0.01524892645650788
202407,NRP-M,2026-08-31,3269620.227487652,-89181.75819932393,-49944.18280270735,45829.31820778232,3176323.604693403,-0.042551101143919225,0.014016709898750894,-0.027275876705671845,-0.015275224438247383
202407,NRP-M,2026-09-30,3176323.604693403,-86637.01101893242,-48592.9921946381,44541.84053749358,3085635.442017326,-0.042574378446122996,0.014023080164652498,-0.027275876705671845,-0.01529850174045115
202407,NRP-M,2026-10-31,3085635.442017326,-84163.41187511584,-47269.573018677205,43294.091281756366,2997496.5484052896,-0.042595111238372604,0.01403085105006817,-0.02727587670567185,-0.015319234532700763
202407,NRP-M,2026-11-30,2997496.5484052896,-81759.3462799796,-45975.0203302805,42083.66200738095,2911845.84380241,-0.042613682634002226,0.014039603158098731,-0.027275876705671845,-0.015337805928330379
202407,NRP-M,2026-12-31,2911845.84380241,-79423.14822147753,-44710.01660282384,40908.59006616896,2828621.2690442777,-0.04263040404027814,0.014049023286462448,-0.02727587670567184,-0.015354527334606294
202407,NRP-M,2027-01-31,2828621.2690442777,-77153.12498149274,-43474.93089209914,39767.23705262925,2747760.450223315,-0.04264553094955309,0.014058876487931391,-0.027275876705671845,-0.015369654243881247
202407,NRP-M,2027-02-28,2747760.450223315,-74947.5752570125,-42269.89280904015,38658.20333335311,2669201.185490615,-0.0426592747764916,0.014068986010120093,-0.027275876705671845,-0.01538339807081975
202407,NRP-M,2027-03-31,2669201.185490615,-72804.80243807514,-41094.84831507338,37580.2673172861,2592881.802054753,-0.04267181184104453,0.014079218727148372,-0.027275876705671845,-0.015395935135372683
202407,NRP-M,2027-04-30,2592881.802054753,-70723.12434522567,-39949.60222905269,36532.341900691004,2518741.4173811655,-0.04268329026281674,0.014089474449525857,-0.027275876705671845,-0.015407413557144894
202407,NRP-M,2027-05-31,2518741.4173811655,-68700.88035395782,-38833.850902774895,35513.44296474637,2446720.129089179,-0.042693835307850224,0.01409967800572045,-0.027275876705671845,-0.015417958602178376
202407,NRP-M,2027-06-30,2446720.129089179,-66736.43657432195,-37747.20754218207,34522.66641473986,2376759.151387415,-0.0427035535753733,0.01410977332646188,-0.02727587670567185,-0.01542767686970145
202407,NRP-M,2027-07-31,2376759.151387415,-64828.18957232037,-36689.22197111197,33559.17132649762,2308800.9111704803,-0.04271253630565484,0.01411971899083999,-0.027275876705671845,-0.015436659599982992
202407,NRP-M,2027-08-31,2308800.9111704803,-62974.568991028835,-35659.396155906485,32622.167494492718,2242789.113518038,-0.04272086201530966,0.01412948484932572,-0.027275876705671845,-0.015444985309637822
202407,NRP-M,2027-09-30,2242789.113518038,-61174.039337141054,-34657.19646834384,31710.906175224052,2178668.783887777,-0.04272859861316344,0.014139049446999652,-0.027275876705671845,-0.015452721907491597
202407,NRP-M,2027-10-31,2178668.783887777,-59425.10113181902,-33682.06341879272,30824.673165040822,2116386.292502206,-0.04273580511144263,0.014148398046092626,-0.027275876705671845,-0.015459928405770778
202407,NRP-M,2027-11-30,2116386.292502206,-57726.29157586412,-32733.41941265434,29962.78359325799,2055889.3651069452,-0.04274253301913416,0.014157521100664925,-0.027275876705671845,-0.015466656313462314
202407,NRP-M,2027-12-31,2055889.3651069452,-56076.184843159004,-31810.67495161506,29124.577981981463,1997127.0832941525,-0.04274882748381856,0.014166413074696961,-0.027275876705671845,-0.015472950778146713
202407,NRP-M,2028-01-31,1997127.0832941525,-54473.39208948933,-30913.233603559536,28309.41924548753,1940049.8768465912,-0.042754728233021747,0.014175071522635746,-0.027275876705671845,-0.015478851527349896
202407,NRP-M,2028-02-29,1940049.8768465912,-52916.561243721466,-30040.495991828633,27516.69038912738,1884609.5100001686,-0.04276027035469352,0.014183496371677692,-0.02727587670567184,-0.01548439364902167
202407,NRP-M,2028-03-31,1884609.5100001686,-51404.37663310123,-29191.86299924337,26745.792730700705,1830759.0630985247,-0.04276548494777435,0.014191689359934468,-0.027275876705671845,-0.015489608242102503
202407,NRP-M,2028-04-30,1830759.0630985247,-49935.55848286666,-28366.73834024732,25996.144513066964,1778452.9107884774,-0.042770399667222646,0.014199653595634253,-0.027275876705671845,-0.0154945229615508
202407,NRP-M,2028-05-31,1778452.9107884774,-48508.86232150972,-27564.530622258626,25267.179810314938,1727646.697655024,-0.0427750391828149,0.014207393210716346,-0.027275876705671845,-0.015499162477143062
202407,NRP-M,2028-06-30,1727646.697655024,-47123.07831619956,-26784.654992410044,24558.347654519803,1678297.3120009343,-0.042779425567117585,0.014214913088337697,-0.027275876705671845,-0.015503548861445742
202407,NRP-M,2028-07-31,1678297.3120009343,-45777.03055759796,-26026.534446490394,23869.111328406056,1630362.8583252518,-0.042783578624982256,0.014222218648463621,-0.027275876705671845,-0.015507701919310411
202407,NRP-M,2028-08-31,1630362.8583252518,-44469.576309186305,-25289.600861753483,23198.947782838004,1583802.62893715,-0.042787516174527,0.01422931567925224,-0.027275876705671845,-0.015511639468855155
202407,NRP-M,2028-09-30,1583802.62893715,-43199.60523300864,-24573.29580334305,22547.347148219782,1538577.075049018,-0.0427912542876838,0.014236210204645727,-0.02727587670567185,-0.015515377582011953
202407,NRP-M,2028-10-31,1538577.075049018,-41966.03860121023,-23877.071144652138,21913.812316505533,1494647.777619661,-0.04279480749689752,0.014242908380659041,-0.027275876705671845,-0.015518930791225672
202407,NRP-M,2028-11-30,1494647.777619661,-40767.828500760304,-23200.389534434547,21297.858576251245,1451977.4181607175,-0.04279818897337073,0.014249416414460994,-0.027275876705671845,-0.01552231226769889
202407,NRP-M,2028-12-31,1451977.4181607175,-39603.95703717146,-22542.724737489,20699.01328746439,1410529.7496735216,-0.04280141068129306,0.014255740501587637,-0.02727587670567184,-0.01552553397562122
202407,NRP-M,2029-01-31,1410529.7496735216,-38473.435541777144,-21903.561870918926,20116.815586277477,1370269.567847103,-0.042804483511723744,0.014261886777598045,-0.02727587670567184,-0.015528606806051897
202407,NRP-S,2025-10-31,1186959.49,-69237.61904453118,-20657.003582867575,19998.069974421243,1117062.9373470226,-0.07573520695925247,0.01684814868822629,-0.05833191412836775,-0.017403292830884712
202407,NRP-S,2025-11-30,1117062.9373470226,-68832.9883850093,-19683.697470984738,18600.78205216071,1047147.0335431892,-0.0792405538637039,0.01665150765482989,-0.061619615228202584,-0.017620938635501317
202407,NRP-S,2025-12-31,1047147.0335431892,-64957.9258990349,-18630.294138242873,17298.976974057707,980857.7904799691,-0.07982472122796709,0.01652010311820667,-0.06203324253255953,-0.017791478695407557
202407,NRP-S,2026-01-31,980857.7904799691,-63309.39687718503,-17584.745933773807,16117.90567325493,916081.5533422653,-0.08247285549047269,0.0164324592511702,-0.06454492943998075,-0.017927926050491944
202407,NRP-S,2026-02-28,916081.5533422653,-62084.66878511706,-16525.236556369542,15000.676222121298,852472.3242229,-0.08581103402277161,0.016374826201217878,-0.06777198881322857,-0.018039045209543046
202407,NRP-S,2026-03-31,852472.3242229,-57773.74482082134,-15456.110123137,13927.813039098955,793170.2823180406,-0.08590291187542481,0.016338141008619047,-0.06777198881322857,-0.01813092306219623
202407,NRP-S,2026-04-30,793170.2823180406,-53754.7275002436,-14441.96478671308,12941.589706239558,737915.1797373234,-0.08597988831307674,0.016316281629233202,-0.06777198881322857,-0.018207899499848166
202407,NRP-S,2026-05-31,737915.1797373234,-50009.97930626944,-13484.027486574652,12031.725780263556,686452.8987247429,-0.08604512894753856,0.016305025442824615,-0.06777198881322857,-0.018273140134309987
202407,NRP-S,2026-06-30,686452.8987247429,-46522.27817318161,-12581.995554757466,11190.148480095857,638538.7734768998,-0.0861009893581045,0.016301407570547582,-0.06777198881322857,-0.018329000544875917
202407,NRP-S,2026-07-31,638538.7734768998,-43275.04261288915,-11734.596050820124,10410.298283157135,593939.4330963477,-0.0861492534966623,0.016303314247421725,-0.06777198881322857,-0.018377264683433734
202407,NRP-S,2026-08-31,593939.4330963477,-40252.456615541,-10939.951514818491,9686.688117666385,552433.7130836546,-0.08619129372077768,0.016309218714722094,-0.06777198881322857,-0.018419304907549106
202407,NRP-S,2026-09-30,552433.7130836546,-37439.531423155764,-10195.822588350597,9014.616591629867,513812.97566377814,-0.08622818065466792,0.016318005903931482,-0.06777198881322857,-0.018456191841439356
202407,NRP-S,2026-10-31,513812.97566377814,-34822.127238777255,-9499.77060881205,8389.976953576177,477881.05476976506,-0.08626076013423231,0.01632885378719259,-0.06777198881322857,-0.01848877132100373
202407,NRP-S,2026-11-30,477881.05476976506,-32386.949497910387,-8849.267214236086,7809.12680006704,444453.9648576856,-0.08628970807811868,0.0163411516780663,-0.06777198881322857,-0.018517719264890115
202407,NRP-S,2026-12-31,444453.9648576856,-30121.529134330154,-8241.768296720827,7268.797077009036,413359.4645036437,-0.08631557026009416,0.016354443095892977,-0.06777198881322857,-0.018543581446865586
202407,NRP-S,2027-01-31,413359.4645036437,-28014.193004183093,-7674.763643955965,6766.026960170667,384436.53481567523,-0.0863387915672715,0.016368385246229255,-0.06777198881322857,-0.018566802754042936
202407,NRP-S,2027-02-28,384436.53481567523,-26054.0285369243,-7145.809816812972,6298.116076896312,357534.8125388343,-0.08635973781642661,0.016382719919989013,-0.06777198881322857,-0.01858774900319803
202407,NRP-S,2027-03-31,357534.8125388343,-24230.845315721654,-6652.5513665978015,5862.588546190137,332514.00440270494,-0.08637871222390407,0.01639725235302328,-0.06777198881322857,-0.018606723410675492
202407,NRP-S,2027-04-30,332514.00440270494,-22535.135386621954,-6192.733891223483,5457.165210994534,309243.30033585406,-0.08639596798170747,0.016411835708385406,-0.06777198881322857,-0.018623979168478914
202407,NRP-S,2027-05-31,309243.30033585406,-20958.033490927384,-5764.2113592672695,5079.741648383692,287600.79713404307,-0.08641171796178908,0.016426359577933727,-0.06777198881322857,-0.018639729148560505
202407,NRP-S,2027-06-30,287600.79713404307,-19491.278006043987,-5364.949406193435,4728.370328918824,267472.9400507244,-0.08642614227752851,0.016440741388887934,-0.06777198881322857,-0.018654153464299942
202407,NRP-S,2027-07-31,267472.9400507244,-18127.17310095905,-4993.02580967885,4401.245812310501,248753.986952397,-0.08643939422901364,0.01645491993124925,-0.06777198881322857,-0.018667405415785078
202407,NRP-S,2027-08-31,248753.986952397,-16858.552420983855,-4646.629005439243,4096.692209489806,231345.49773546375,-0.08645160501704222,0.01646885044810869,-0.06777198881322856,-0.018679616203813643
202407,NRP-S,2027-09-30,231345.49773546375,-15678.744484518646,-4324.055262195064,3813.152371764804,215155.85036051483,-0.08646288751029112,0.01648250088759031,-0.06777198881322857,-0.018690898697062537
202407,NRP-S,2027-10-31,215155.85036051483,-14581.539883733492,-4023.704962140017,3549.1784244051873,200099.78393904652,-0.08647333927800982,0.01649584902505876,-0.06777198881322857,-0.01870135046478124
202407,NRP-S,2027-11-30,200099.78393904652,-13561.160318646516,-3744.0783099081464,3303.42336951783,186097.96868000968,-0.08648304504829503,0.016508880242090136,-0.06777198881322857,-0.018711056235066453
202407,NRP-S,2027-12-31,186097.96868000968,-12612.229451546178,-3483.7707039790853,3074.6335575792104,173076.60208206362,-0.08649207871366878,0.01652158580444238,-0.06777198881322857,-0.018720089900440197
202407,NRP-S,2028-01-31,173076.60208206362,-11729.745540137228,-3241.467939718096,2861.6418791019732,160967.03048131027,-0.0865005049773093,0.01653396152152985,-0.06777198881322857,-0.018728516164080725
202407,NRP-S,2028-02-29,160967.03048131027,-10909.055789077982,-3015.941365894298,2663.361564702816,149705.3948910408,-0.08650838071209307,0.01654600669925421,-0.06777198881322857,-0.01873639189886451
202407,NRP-S,2028-03-31,149705.3948910408,-10145.832347835583,-2806.043081711585,2478.7805080585167,139232.29996955217,-0.08651575608864233,0.01655772331960804,-0.06777198881322857,-0.01874376727541376
202407,NRP-S,2028-04-30,139232.29996955217,-9436.049875976574,-2610.701235697946,2306.9560451064776,129492.50490298413,-0.08652267551644946,0.016569115396434384,-0.06777198881322857,-0.0187506867032209
202407,NRP-S,2028-05-31,129492.50490298413,-8775.964593681987,-2428.915468788004,2147.010136566879,120434.63497708102,-0.08652917843287296,0.01658018846863315,-0.06777198881322857,-0.01875718961964439
202407,NRP-S,2028-06-30,120434.63497708102,-8162.094734392002,-2259.7525298439,1998.124910951344,112010.91262379647,-0.08653529996764803,0.01659094920104662,-0.06777198881322857,-0.018763311154419458
202407,NRP-S,2028-07-31,112010.91262379647,-7591.202317299458,-2102.3420814175574,1859.5385327294525,104176.9067578089,-0.08654107150500659,0.016601405070012773,-0.06777198881322857,-0.018769082691778013
202407,NRP-S,2028-08-31,104176.9067578089,-7060.276159386981,-1955.8727058324864,1730.5413659838105,96891.29925857324,-0.08654652116116544,0.016611564115711203,-0.06777198881322857,-0.01877453234793687
202407,NRP-S,2028-09-30,96891.29925857324,-6566.516049451207,-1819.5881159713529,1610.4724082126986,90115.66750136338,-0.08655167419153513,0.016621434747353735,-0.06777198881322857,-0.018779685378306557
202407,NRP-S,2028-10-31,90115.66750136338,-6107.318009799024,-1692.7835709900357,1498.7159723012119,83814.28189287553,-0.08655655333930751,0.016631025590289696,-0.06777198881322857,-0.018784564526078944
202407,NRP-S,2028-11-30,83814.28189287553,-5680.260574832747,-1574.8024941627493,1394.6985973365606,77953.9174212166,-0.08656117913493927,0.01664034536642751,-0.06777198881322857,-0.0187891903217107
202407,NRP-S,2028-12-31,77953.9174212166,-5283.092019418035,-1465.0332879136013,1297.8861710760652,72503.67828496103,-0.08656557015433596,0.016649402801183943,-0.06777198881322857,-0.018793581341107375
202407,NRP-S,2029-01-31,72503.67828496103,-4913.718473646302,-1362.9063395954283,1207.7812486204186,67434.83472033973,-0.08656974324216665,0.0166582065515832,-0.06777198881322857,-0.018797754428938086
202407,PRIME,2025-10-31,3074.04,-150.1895359984124,-31.87550391941904,30.84085117946235,2922.815811261631,-0.05922663332872423,0.010032677251910304,-0.048857378563197745,-0.010369254765526486
202407,PRIME,2025-11-30,2922.815811261631,-148.06887314154542,-30.45926614313279,29.297128022675334,2773.584799999628,-0.06108087228651493,0.010023597077103963,-0.050659666124370534,-0.0104212061621444
202407,PRIME,2025-12-31,2773.584799999628,-144.57070162976106,-29.008413565107062,27.784053887773812,2627.789738692534,-0.06258294867886909,0.010017380354758772,-0.05212413250526194,-0.01045881617360715
202407,PRIME,2026-01-31,2627.789738692534,-139.5187421564353,-27.55636551033627,26.312319428510346,2487.0269504542725,-0.0635800898400267,0.010013099237385003,-0.0530935714155933,-0.010486518424433395
202407,PRIME,2026-02-28,2487.0269504542725,-133.39140213477893,-26.131693172843697,24.895530495015354,2352.399385641665,-0.06414208550433466,0.010010157103632518,-0.053634884057213,-0.010507201447121658
202407,PRIME,2026-03-31,2352.399385641665,-126.17066830514982,-24.753839772467003,23.543186759731913,2225.01806432378,-0.06415768895316604,0.010008158862577677,-0.053634884057213006,-0.010522804895953025
202407,PRIME,2026-04-30,2225.01806432378,-119.33858590521045,-23.439820635385615,22.265391480008503,2104.505049263192,-0.06416954937576598,0.010006836275630565,-0.053634884057213006,-0.010534665318552983
202407,PRIME,2026-05-31,2104.505049263192,-112.87488431505066,-22.18932132276665,21.05768448032106,1990.498528105696,-0.06417860849756793,0.010006003305952419,-0.053634884057213006,-0.010543724440354917
202407,PRIME,2026-06-30,1990.498528105696,-106.76015777100216,-21.001070822045182,19.91598983346821,1882.653289346117,-0.06418554286228699,0.010005528540843344,-0.053634884057213006,-0.010550658805073991
202407,PRIME,2026-07-31,1882.653289346117,-100.97589089400967,-19.873218089649257,18.83654422442181,1780.64072458688,-0.06419084685828277,0.010005317671085428,-0.053634884057213006,-0.010555962801069772
202407,PRIME,2026-08-31,1780.64072458688,-95.50445881076907,-18.803571724089913,17.815848346092846,1684.148542398114,-0.06419488724283735,0.010005302080365614,-0.053634884057213006,-0.010560003185624356
202407,PRIME,2026-09-30,1684.148542398114,-90.32911180664712,-17.78975485533055,16.850632454628215,1592.8803081907643,-0.06419793975418801,0.010005431249332704,-0.053634884057213006,-0.010563055696975006
202407,PRIME,2026-10-31,1592.8803081907643,-85.43395064682936,-16.82930631596369,15.93783088948269,1506.5548821174539,-0.06420021418868965,0.010005667599460314,-0.053634884057213006,-0.010565330131476649
202407,PRIME,2026-11-30,1506.5548821174539,-80.80389642819785,-15.91974710286031,15.074562435756588,1424.9058010221524,-0.06420187188608334,0.010005982931447796,-0.053634884057213006,-0.01056698782887033
202407,PRIME,2026-12-31,1424.9058010221524,-76.42465743027337,-15.058624028636302,14.258114606259973,1347.6806341695028,-0.06420303811892995,0.010006355926147506,-0.053634884057213006,-0.010568154061716949
202407,PRIME,2027-01-31,1347.6806341695028,-72.28269455983258,-14.243538165154517,13.485930632870321,1274.6403320773861,-0.06420381100030288,0.010006770366022894,-0.053634884057213006,-0.010568926943089882
202407,PRIME,2027-02-28,1274.6403320773861,-68.36518642561809,-13.472163025341064,12.75559838881601,1205.558581015243,-0.06420426797383863,0.010007213853046029,-0.053634884057213006,-0.01056938391662562
202407,PRIME,2027-03-31,1205.558581015243,-64.65999471693078,-12.742255754554094,12.06484073102371,1140.2211712747817,-0.06420447060009456,0.010007676873622754,-0.053634884057213006,-0.010569586542881555
202407,PRIME,2027-04-30,1140.2211712747817,-61.15563032090253,-12.05166352679283,11.411506920396974,1078.4253843474833,-0.06420446812599408,0.010008152109330478,-0.053634884057213006,-0.010569584068781075
202407,PRIME,2027-05-31,1078.4253843474833,-57.84122045383264,-11.398326638275101,10.793564886172575,1019.9794021415481,-0.06420430017418602,0.010008633923897644,-0.053634884057213006,-0.01056941611697301
202407,PRIME,2027-06-30,1019.9794021415481,-54.70647697460737,-10.780279324860755,10.20909417112365,964.7017400132036,-0.0642039987885757,0.010009117977959793,-0.053634884057213006,-0.010569114731362699
202407,PRIME,2027-07-31,964.7017400132036,-51.74166597539982,-10.195649016397622,9.656279441157807,912.420704462564,-0.06420359000383863,0.010009600937410608,-0.053634884057213006,-0.010568705946625614
202407,PRIME,2027-08-31,912.420704462564,-48.93757869525023,-9.64265452762207,9.133404474310604,862.9738757140024,-0.06420309505950696,0.010010080250963158,-0.053634884057213006,-0.010568211002293956
202407,PRIME,2027-09-30,862.9738757140024,-46.28550376832426,-9.119603538181305,8.638846565595605,816.2076149730924,-0.0642025313462297,0.01001055397934039,-0.053634884057213006,-0.010567647289016692
202407,PRIME,2027-10-31,816.2076149730924,-43.77720079569617,-8.624889611939688,8.171071299033501,771.97659586449,-0.06420191314848658,0.010011020663293952,-0.053634884057213006,-0.010567029091273574
202407,PRIME,2027-11-30,771.97659586449,-41.404875214073904,-8.15698893373726,7.728627648630421,730.1433593653094,-0.06420125223137085,0.010011479221045033,-0.053634884057213006,-0.010566368174157846
202407,PRIME,2027-12-31,730.1433593653094,-39.16115442470238,-7.714456890715709,7.310143377536712,690.577891427428,-0.06420055830702286,0.01001192886817623,-0.05363488405721301,-0.01056567424980985
202407,PRIME,2028-01-31,690.577891427428,-37.03906513918473,-7.29592458884358,6.914320710033924,653.1572224094336,-0.06419983940752529,0.010012369054766565,-0.053634884057213006,-0.010564955350312284
202407,PRIME,2028-02-29,653.1572224094336,-35.03201189506126,-6.900095369023993,6.539932254999473,617.7650474003478,-0.06419910218461916,0.010012799415850135,-0.053634884057213,-0.010564218127406155
202407,PRIME,2028-03-31,617.7650474003478,-33.13375669191635,-6.525741368173138,6.185817162509683,584.291366502768,-0.06419835215181383,0.010013219732227602,-0.053634884057213006,-0.010563468094600821
202407,PRIME,2028-04-30,584.291366502768,-31.338399698006516,-6.171700156845907,5.850877497552482,552.6321441454681,-0.06419759388088565,0.010013629899364197,-0.053634884057213006,-0.010562709823672654
202407,PRIME,2028-05-31,552.6321441454681,-29.64036097753121,-5.8368714749048625,5.534074816629722,522.6889865096617,-0.06419683116206407,0.010014029902634471,-0.053634884057213006,-0.010561947104851062
202407,PRIME,2028-06-30,522.6889865096617,-28.03436318942788,-5.520214079353988,5.23442693447458,494.36883617535443,-0.06419606713515787,0.010014419797570813,-0.053634884057213006,-0.010561183077944857
202407,PRIME,2028-07-31,494.36883617535443,-26.515415209764466,-5.220742713057413,4.951004869288207,467.5836831218208,-0.06419530439731226,0.010014799694073085,-0.053634884057213006,-0.010560420340099262
202407,PRIME,2028-08-31,467.5836831218208,-25.078796631283485,-4.937525199110181,4.68292995588034,442.25029124730753,-0.06419454509188559,0.010015169743766024,-0.053634884057213006,-0.010559661034672577
202407,PRIME,2028-09-30,442.25029124730753,-23.720043095318022,-4.669679662742617,4.429371116929766,418.28993960617663,-0.06419379098200532,0.010015530129866777,-0.053634884057213006,-0.010558906924792322
202407,PRIME,2028-10-31,418.28993960617663,-22.434932413075913,-4.416371880545011,4.189542283297063,395.6281775958528,-0.06419304351164086,0.010015881059060493,-0.053634884057213006,-0.010558159454427857
202407,PRIME,2028-11-30,395.6281775958528,-21.219471435120038,-4.17681275529208,3.9626999549495707,374.19459336039023,-0.06419230385646409,0.010016222754986879,-0.053634884057213,-0.010557419799251084
202407,PRIME,2028-12-31,374.19459336039023,-20.069883629720497,-3.950255913577457,3.748140894615578,353.92259471170786,-0.06419157296632541,0.010016555453022564,-0.053634884057213006,-0.010556688909112403
202407,PRIME,2029-01-31,353.92259471170786,-18.98259733259044,-3.735995422726203,3.5451999467848165,334.749201903176,-0.06419085160082068,0.010016879396108078,-0.053634884057213006,-0.01055596754360768
202408,NON PRIME,2025-10-31,2642668.7499999995,-172038.96154711477,-62677.84056281659,58003.65741501149,2465955.6053050794,-0.08881809425034122,0.021948894432952105,-0.06510046389549004,-0.023717630354851173
202408,NON PRIME,2025-11-30,2465955.6053050794,-162438.90775304058,-57960.84001325707,52350.23395901702,2297906.0914977985,-0.08937701363809855,0.021229187519189112,-0.0658726002218293,-0.02350441341626925
202408,NON PRIME,2025-12-31,2297906.0914977985,-150060.8887808201,-53768.449023973255,47725.50770667244,2141802.2613996775,-0.08870220526372134,0.020769128853113605,-0.0653033165002008,-0.02339888876352055
202408,NON PRIME,2026-01-31,2141802.2613996775,-138659.0135853918,-50031.543261129715,43856.74640553681,1996968.4509586927,-0.08809896237723241,0.020476561817091475,-0.06473940946106645,-0.023359552916165975
202408,NON PRIME,2026-02-28,1996968.4509586927,-129499.56475361656,-46652.21456832372,40528.21720945187,1861344.8888462044,-0.08820959551833399,0.020294871053168278,-0.06484807744030567,-0.023361518078028325
202408,NON PRIME,2026-03-31,1861344.8888462044,-120704.6374950158,-43535.71729847258,37576.95180945207,1734681.4858621683,-0.08823746516707949,0.02018806511067649,-0.06484807744030567,-0.023389387726773812
202408,NON PRIME,2026-04-30,1734681.4858621683,-112490.75932945439,-40649.48261685826,34923.65620277641,1616464.900118632,-0.08828147599108038,0.02013260445067742,-0.06484807744030567,-0.02343339855077471
202408,NON PRIME,2026-05-31,1616464.900118632,-104824.64102242902,-37966.29727120862,32511.511134485903,1506185.4729594802,-0.08833531633328892,0.02011272322219919,-0.06484807744030567,-0.02348723889298325
202408,NON PRIME,2026-06-30,1506185.4729594802,-97673.2321899398,-35465.80183972171,30300.91079236894,1403347.3497221877,-0.08839484673030254,0.0201176490786564,-0.06484807744030567,-0.023546769289996876
202408,NON PRIME,2026-07-31,1403347.3497221877,-91004.37761043216,-33131.976051783044,28263.27107474861,1307474.2671347212,-0.08845732575530195,0.02013989699723573,-0.06484807744030567,-0.02360924831499627
202408,NON PRIME,2026-08-31,1307474.2671347212,-84787.1925263593,-30951.64406913136,26377.23766199534,1218112.6682012256,-0.08852092886625433,0.020174192582619637,-0.06484807744030567,-0.023672851425948657
202408,NON PRIME,2026-09-30,1218112.6682012256,-78992.26463853044,-28913.566779226265,24626.310732730886,1134833.1475161999,-0.08858444233824457,0.02021677581688425,-0.06484807744030567,-0.0237363648979389
202408,NON PRIME,2026-10-31,1134833.1475161999,-73591.74783195635,-27007.87951048494,22997.326818911428,1057230.84699267,-0.0886470646038344,0.02026494103494024,-0.06484807744030567,-0.023798987163528726
202408,NON PRIME,2026-11-30,1057230.84699267,-68559.38783806063,-25225.73690449676,21479.47062919573,984925.1928793084,-0.0887082750274762,0.020316727127566162,-0.06484807744030567,-0.023860197587170527
202408,NON PRIME,2026-12-31,984925.1928793084,-63870.505180745386,-23559.08406423832,20063.620887210516,917559.2245215351,-0.0887677458928571,0.020370705341140653,-0.06484807744030567,-0.023919668452551425
202408,NON PRIME,2027-01-31,917559.2245215351,-59501.95164783933,-22000.505763093388,18741.910300098487,854798.6774107009,-0.0888252825897233,0.02042583170570982,-0.06484807744030567,-0.02397720514941762
202408,NON PRIME,2027-02-28,854798.6774107009,-55432.0508286,-20543.124502039394,17507.424910489903,796330.9269905515,-0.0888807825028208,0.0204813430029188,-0.06484807744030567,-0.024032705062515137
202408,NON PRIME,2027-03-31,796330.9269905515,-51640.52962159368,-19180.529469078712,16353.995433775248,741863.8633336544,-0.08893420648412502,0.02053668252667184,-0.06484807744030567,-0.024086129043819352
202408,NON PRIME,2027-04-30,741863.8633336544,-48108.44525962516,-17906.72524732464,15276.05006674467,691124.7428934491,-0.08898555890066231,0.020591446519715766,-0.06484807744030567,-0.024137481460356647
202408,NON PRIME,2027-05-31,691124.7428934491,-44818.110848065735,-16716.093272832146,14268.508855030741,643859.0476275821,-0.08903487359355708,0.020645345144632624,-0.06484807744030567,-0.02418679615325141
202408,NON PRIME,2027-06-30,643859.0476275821,-41753.0213811949,-15603.361616511727,13326.706465564397,599829.3710954399,-0.089082203952941,0.020698173792337182,-0.06484807744030567,-0.02423412651263534
202408,NON PRIME,2027-07-31,599829.3710954399,-38897.78150776694,-14563.580275202074,12446.334579029011,558814.3438914999,-0.0891276158840556,0.02074979182212912,-0.06484807744030567,-0.024279538443749926
202408,NON PRIME,2027-08-31,558814.3438914999,-36238.03584742959,-13592.100174083016,11623.397976620863,520607.6058466082,-0.08917118281986637,0.020800106696755936,-0.06484807744030567,-0.024323105379560686
202408,NON PRIME,2027-09-30,520607.6058466082,-33760.402339952976,-12684.554729319156,10854.180288024892,485016.8290653609,-0.08921298219172902,0.020849062069260217,-0.06484807744030567,-0.024364904751423347
202408,NON PRIME,2027-10-31,485016.8290653609,-31452.40889108202,-11836.843233099833,10135.216633047763,451862.7935742268,-0.08925309294442686,0.020896628788280542,-0.06484807744030567,-0.0244050155041212
202408,NON PRIME,2027-11-30,451862.7935742268,-29302.433430094316,-11045.115588151271,9463.271243380252,420978.51579936146,-0.08929159380239558,0.02094279807488893,-0.06484807744030567,-0.02444351636208992
202408,NON PRIME,2027-12-31,420978.51579936146,-27299.647393261937,-10305.758088757888,8835.318732072248,392208.4290494139,-0.08932856207783908,0.020987576326301566,-0.06484807744030567,-0.02448048463753342
202408,NON PRIME,2028-01-31,392208.4290494139,-25433.962579737024,-9615.38005420626,8248.528076653807,365407.61449212447,-0.08936407287036521,0.021030981146033922,-0.06484807744030567,-0.024515995430059535
202408,NON PRIME,2028-02-29,365407.61449212447,-23695.98128186265,-8970.801190003798,7700.248656720451,340441.08067697845,-0.08939819854950096,0.021073038303875885,-0.06484807744030567,-0.024550121109195286
202408,NON PRIME,2028-03-31,340441.08067697845,-22076.94956360205,-8369.039596159993,7187.997877612958,317183.08939482935,-0.0894310084412233,0.021113779404410844,-0.06484807744030567,-0.02458293100091763
202408,NON PRIME,2028-04-30,317183.08939482935,-20568.71354383129,-7807.300369271939,6709.450044973756,295516.52552669984,-0.08946256866103218,0.021153240097935472,-0.06484807744030567,-0.024614491220726512
202408,NON PRIME,2028-05-31,295516.52552669984,-19163.6785322455,-7282.964761992321,6262.426248313015,275332.308480775,-0.08949294205155499,0.02119145870827859,-0.06484807744030567,-0.024644864611249317
202408,NON PRIME,2028-06-30,275332.308480775,-17854.770862179426,-6793.579873500167,5844.8850774389475,256528.84282253435,-0.0895221881939099,0.021228475182189035,-0.06484807744030567,-0.02467411075360423
202408,NON PRIME,2028-07-31,256528.84282253435,-16635.402265027707,-6336.848850336671,5454.91404205028,239011.50574922023,-0.0895503634702648,0.021264330287506766,-0.06484807744030566,-0.024702286029959126
202408,NON PRIME,2028-08-31,239011.50574922023,-15499.436633949497,-5910.6215800356595,5090.721597723768,222692.16913295886,-0.08957752116104983,0.021299065004281185,-0.06484807744030567,-0.024729443720744152
202408,NON PRIME,2028-09-30,222692.16913295886,-14441.159029283765,-5512.885861426761,4750.62970496301,207488.75394721134,-0.08960371156471567,0.021332720065817115,-0.06484807744030567,-0.024755634124410005
202408,NON PRIME,2028-10-31,207488.75394721134,-13455.246783961291,-5141.759035998919,4433.066864705082,193324.81499195623,-0.08962898213120314,0.02136533561637239,-0.06484807744030567,-0.024780904690897464
202408,NON PRIME,2028-11-30,193324.81499195623,-12536.742573731144,-4795.48006471744,4136.561585671267,180129.1539391789,-0.08965337760271352,0.02139695095967571,-0.06484807744030567,-0.024805300162407853
202408,NON PRIME,2028-12-31,180129.1539391789,-11681.029323904615,-4472.402034459993,3859.736247579253,167835.45882839357,-0.08967694015716554,0.021427604378148044,-0.06484807744030567,-0.024828862716859877
202408,NON PRIME,2029-01-31,167835.45882839357,-10883.8068313329,-4170.985077942455,3601.301330483186,156381.9682496014,-0.0896997095510574,0.02145733300711742,-0.06484807744030567,-0.024851632110751726
202408,NRP-L,2025-10-31,570319.56,-16785.895600694614,-8910.02117057132,8717.401304607743,553341.0445333419,-0.04505529631714881,0.015285117179932847,-0.029432438895651083,-0.01562285742149773
202408,NRP-L,2025-11-30,553341.0445333419,-20980.135462888058,-8879.168200363049,8449.30322847961,531931.0440985704,-0.05396184497470785,0.015269612315864439,-0.03791537907798179,-0.016046465896726064
202408,NRP-L,2025-12-31,531931.0440985704,-24402.11574869,-8693.784467033507,8116.563089467578,506951.70697231445,-0.0622184032740729,0.015258675310485404,-0.04587458472186505,-0.016343818552207852
202408,NRP-L,2026-01-31,506951.70697231445,-27393.143433173,-8393.546015668155,7731.41618393093,478896.43370740424,-0.07059191034698603,0.015250794262249434,-0.05403501567589946,-0.01655689467108657
202408,NRP-L,2026-02-28,478896.43370740424,-29892.004922649325,-8003.321957596539,7300.785726968864,448301.89255412726,-0.07913052637890204,0.01524502003585496,-0.0624185164446489,-0.016712009934253137
202408,NRP-L,2026-03-31,448301.89255412726,-27982.339052557018,-7543.244558954735,6832.4503782053935,419608.7593208209,-0.07924477723953051,0.015240735075372125,-0.0624185164446489,-0.0168262607948816
202408,NRP-L,2026-04-30,419608.7593208209,-26191.356243985385,-7096.042971669379,6393.799070200038,392715.15917536616,-0.07932960996699348,0.01523752526174393,-0.06241851644464891,-0.016911093522344576
202408,NRP-L,2026-05-31,392715.15917536616,-24512.697621050505,-6666.092710044778,5983.056941399306,367519.4257856702,-0.07939288719224728,0.015235105652561745,-0.06241851644464891,-0.01697437074759838
202408,NRP-L,2026-06-30,367519.4257856702,-22940.017322130774,-6255.773895558355,5598.524768921069,343922.1593369021,-0.07944013069588196,0.01523327578386568,-0.0624185164446489,-0.017021614251233063
202408,NRP-L,2026-07-31,343922.1593369021,-21467.11095824958,-5866.203641481828,5238.585143095576,321827.42988026625,-0.07947529363165,0.015231891871101915,-0.062418516444648894,-0.017056777187001097
202408,NRP-L,2026-08-31,321827.42988026625,-20087.99072432049,-5497.6935935127885,4901.704995050656,301143.45055748365,-0.07950125421985398,0.015230849020154381,-0.0624185164446489,-0.01708273777520508
202408,NRP-L,2026-09-30,301143.45055748365,-18796.927420820608,-5150.04173937929,4586.43569801481,281782.91709529853,-0.07952013937500126,0.01523006955497221,-0.06241851644464891,-0.017101622930352348
202408,NRP-L,2026-10-31,281782.91709529853,-17588.47164453403,-4822.721717296192,4291.4115795669095,263663.1353130352,-0.07953354161015656,0.015229495186592739,-0.06241851644464891,-0.017115025165507655
202408,NRP-L,2026-11-30,263663.1353130352,-16457.46174738438,-4515.007308743204,4015.3474168773087,246706.01367378497,-0.07954266731762832,0.015229081654172357,-0.06241851644464891,-0.017124150872979423
202408,NRP-L,2026-12-31,246706.01367378497,-15399.023371490925,-4226.055143249679,3757.03530549606,230837.97046454044,-0.07954843995286835,0.015228794991855862,-0.0624185164446489,-0.01712992350821945
202408,NRP-L,2027-01-31,230837.97046454044,-14408.563655490296,-3954.960002199835,3515.341168275405,215989.7879751257,-0.07955157299613753,0.01522860888614252,-0.06241851644464891,-0.017133056551488637
202408,NRP-L,2027-02-28,215989.7879751257,-13481.762132601614,-3700.791890447713,3289.2010861504646,202096.43503822683,-0.07955262229818079,0.015228502777776062,-0.0624185164446489,-0.017134105853531888
202408,NRP-L,2027-03-31,202096.43503822683,-12614.55965383848,-3462.6208238101135,3077.6175741720594,189096.8721347503,-0.07955202413445626,0.015228460480215417,-0.0624185164446489,-0.017133507689807363
202408,NRP-L,2027-04-30,189096.8721347503,-11803.146222974583,-3239.5332531287086,2879.655885905651,176933.84854455266,-0.07955012320554879,0.01522846916184637,-0.06241851644464891,-0.017131606760899882
202408,NRP-L,2027-05-31,176933.84854455266,-11043.948334993178,-3030.6427463971136,2694.440401370565,165553.69786453294,-0.0795471934690114,0.015228518587793527,-0.0624185164446489,-0.0171286770243625
202408,NRP-L,2027-06-30,165553.69786453294,-10333.616212629784,-2835.096704251823,2521.1511342418376,154906.13608189317,-0.07954345379622463,0.015228600549320325,-0.062418516444648894,-0.01712493735157573
202408,NRP-L,2027-07-31,154906.13608189317,-9669.01120240467,-2652.080324756178,2359.0203804618345,144944.06493519412,-0.07953907985056925,0.015228708430340727,-0.06241851644464891,-0.017120563405920348
202408,NRP-L,2027-08-31,144944.06493519412,-9047.193500711674,-2480.818658613504,2207.3295209285902,135623.38229679753,-0.07953421317719675,0.015228836875214645,-0.06241851644464891,-0.017115696732547838
202408,NRP-L,2027-09-30,135623.38229679753,-8465.410318171562,-2320.5773417115756,2065.405984318768,126902.80062123317,-0.07952896821492872,0.015228981532099265,-0.06241851644464891,-0.017110451770279818
202408,NRP-L,2027-10-31,126902.80062123317,-7921.084547448443,-2170.6624174990707,1932.6203715182473,118743.6740278039,-0.0795234377456204,0.015229138853180554,-0.0624185164446489,-0.0171049213009715
202408,NRP-L,2027-11-30,118743.6740278039,-7411.8039700025065,-2030.419540830864,1808.3837399823658,111109.8342569529,-0.07951769715852372,0.015229305938090913,-0.0624185164446489,-0.01709918071387483
202408,NRP-L,2027-12-31,111109.8342569529,-6935.311016729829,-1899.2327703808826,1692.1450442165544,103967.43551405874,-0.07951180780883825,0.015229480410377494,-0.06241851644464891,-0.017093291364189345
202408,NRP-L,2028-01-31,103967.43551405874,-6489.4930833422495,-1776.5230970982268,1583.388727163715,97284.80806078199,-0.07950581967872743,0.015229660319452672,-0.0624185164446489,-0.01708730323407853
202408,NRP-L,2028-02-29,97284.80806078199,-6072.373391756432,-1661.746813819656,1481.632456399286,91032.32031160517,-0.0794997734974605,0.015229844062328681,-0.0624185164446489,-0.017081257052811608
202408,NRP-L,2028-03-31,91032.32031160517,-5682.102382364474,-1554.3938008568134,1386.424998519725,85182.24912690361,-0.07949370243942633,0.015230030320813187,-0.0624185164446489,-0.017075185994777427
202408,NRP-L,2028-04-30,85182.24912690361,-5316.949617919812,-1453.9857805915794,1297.3442248582628,79708.65795325047,-0.0794876334906833,0.015230218010861548,-0.062418516444648894,-0.0170691170460344
202408,NRP-L,2028-05-31,79708.65795325047,-4975.2961772358585,-1360.0745783753987,1213.995241596213,74587.28243923544,-0.0794815885537426,0.015230406241543136,-0.062418516444648894,-0.017063072109093712
202408,NRP-L,2028-06-30,74587.28243923544,-4655.627515495089,-1272.240415619412,1136.008637403007,69795.42314552395,-0.07947558534450963,0.015230594281652337,-0.062418516444648894,-0.017057068899860743
202408,NRP-L,2028-07-31,69795.42314552395,-4356.5267673701155,-1190.0902526714954,1063.0388418929515,65311.84496737529,-0.07946963812336054,0.01523078153242954,-0.06241851644464891,-0.017051121678711638
202408,NRP-L,2028-08-31,65311.84496737529,-4076.668469126474,-1113.2561930451623,994.7625884020503,61116.682893605706,-0.079463758293218,0.015230967505189237,-0.0624185164446489,-0.017045241848569096
202408,NRP-L,2028-09-30,61116.682893605706,-3814.81267623692,-1041.3939561799966,930.8774748426476,57191.35373603144,-0.07945795489049676,0.01523115180290716,-0.06241851644464891,-0.01703943844584785
202408,NRP-L,2028-10-31,57191.35373603144,-3569.7994536642104,-974.1814227322086,871.1006166716234,53518.473476306644,-0.07945223498938864,0.015231334105015537,-0.0624185164446489,-0.017033718544739732
202408,NRP-L,2028-11-30,53518.473476306644,-3340.543716773352,-911.3172540973052,815.1673862981087,50081.7798917341,-0.07944660403576372,0.015231514154808515,-0.062418516444648894,-0.017028087591114828
202408,NRP-L,2028-12-31,50081.7798917341,-3126.0304017494914,-852.5195862218238,762.8302335511327,46866.060137313914,-0.07944106612368956,0.01523169174897948,-0.0624185164446489,-0.017022549679040672
202408,NRP-L,2029-01-31,46866.060137313914,-2925.3099453768327,-797.5247965971265,713.8575821204663,43857.08297746042,-0.07943562422500083,0.015231866728906144,-0.062418516444648894,-0.01701710778035194
202408,NRP-M,2025-10-31,2983355.65,-83445.52901699422,-46058.83476174959,45845.820215870386,2899697.106437126,-0.04340895922976659,0.015367199085322057,-0.027970359154797456,-0.015438600074969134
202408,NRP-M,2025-11-30,2899697.106437126,-77496.25976782989,-45155.69277089797,44216.142977510484,2821261.296875909,-0.042298194617102956,0.015248538504022961,-0.026725639583456348,-0.015572555033646606
202408,NRP-M,2025-12-31,2821261.296875909,-72765.70158599027,-44231.092274444585,42809.605760725906,2747074.1087761996,-0.041469676697436675,0.015173924445825215,-0.02579190437502777,-0.015677772322408908
202408,NRP-M,2026-01-31,2747074.1087761996,-69275.88063008663,-43300.380299766315,41556.61525297026,2676054.463099317,-0.040980423706153596,0.015127591614732015,-0.025218060338731998,-0.0157623633674216
202408,NRP-M,2026-02-28,2676054.463099317,-64017.656703401684,-42366.4895316954,40408.09936347651,2610078.4162276965,-0.039754103551347945,0.015099879288957818,-0.023922404265740754,-0.015831699285607192
202408,NRP-M,2026-03-31,2610078.4162276965,-62439.35103828332,-41472.750270141245,39372.153473016544,2545538.4683922883,-0.039811869506436906,0.015084663061549113,-0.023922404265740754,-0.015889465240696152
202408,NRP-M,2026-04-30,2545538.4683922883,-60895.40031487486,-40571.47067570428,38381.50099541333,2482453.0983971227,-0.03986067083663583,0.015077949703763197,-0.023922404265740754,-0.015938266570895084
202408,NRP-M,2026-05-31,2482453.0983971227,-59386.24659059668,-39669.583166120814,37428.12870577737,2420825.3973461823,-0.03990239727819073,0.015077073854867217,-0.023922404265740754,-0.015979993012449976
202408,NRP-M,2026-06-30,2420825.3973461823,-57911.963812087866,-38772.050855892594,36506.582752186456,2360647.965430388,-0.03993845023848883,0.015080221313030925,-0.023922404265740754,-0.01601604597274808
202408,NRP-M,2026-07-31,2360647.965430388,-56472.37495812415,-37882.46289723881,35613.0584405793,2301906.1860156045,-0.03996988930035588,0.015086136926005569,-0.023922404265740754,-0.01604748503461513
202408,NRP-M,2026-08-31,2301906.1860156045,-55067.130363674725,-37003.429932403305,34744.83512487006,2244580.460844396,-0.03999752937605334,0.015093940550640027,-0.023922404265740754,-0.01607512511031258
202408,NRP-M,2026-09-30,2244580.460844396,-53695.76119130233,-36136.85318765009,33899.91720955999,2188647.763675004,-0.04002200676074583,0.015103008246274705,-0.023922404265740754,-0.01609960249500508
202408,NRP-M,2026-10-31,2188647.763675004,-52357.71659794287,-35284.11153470302,33076.80148175707,2134082.7370241145,-0.04004382504450359,0.015112893920498714,-0.023922404265740754,-0.016121420778762836
202408,NRP-M,2026-11-30,2134082.7370241145,-51052.38997162938,-34446.19402062947,32274.323659105507,2080858.476690961,-0.04006338766016303,0.01512327666551047,-0.023922404265740754,-0.016140983394422274
202408,NRP-M,2026-12-31,2080858.476690961,-49779.13769919465,-33623.7953719412,31491.555623765034,2028947.0992435901,-0.0400810213694905,0.015133924760632344,-0.023922404265740754,-0.016158617103749745
202408,NRP-M,2027-01-31,2028947.0992435901,-48537.292741907186,-32817.38587553752,30727.735674377505,1978320.1563005229,-0.04009699348384907,0.015144670694387786,-0.023922404265740754,-0.016174589218108316
202408,NRP-M,2027-02-28,1978320.1563005229,-47326.17454608454,-32027.263219462417,29982.220632623535,1928948.9391675994,-0.040111524675530086,0.015155393598521772,-0.023922404265740754,-0.016189120409789332
202408,NRP-M,2027-03-31,1928948.9391675994,-46145.096330739085,-31253.591432052777,29254.45262244705,1880804.7040272548,-0.04012479863577507,0.015166006745140306,-0.023922404265740754,-0.016202394370034314
202408,NRP-M,2027-04-30,1880804.7040272548,-44993.37047464688,-30496.430461782977,28543.935825707435,1833858.8389165325,-0.0401369694444022,0.015176448551297224,-0.023922404265740754,-0.016214565178661447
202408,NRP-M,2027-05-31,1833858.8389165325,-43870.312510863245,-29755.758878268243,27850.220097927115,1788082.9876253281,-0.040148167256227156,0.015186676044477548,-0.023922404265740754,-0.016225762990486406
202408,NRP-M,2027-06-30,1788082.9876253281,-42775.24409066662,-29031.49145650251,27172.889348511304,1743449.1414266704,-0.040158502733999166,0.015196660074820345,-0.023922404265740754,-0.01623609846825841
202408,NRP-M,2027-07-31,1743449.1414266704,-41707.49517796743,-28323.49291276833,26511.553259136737,1699929.7065950711,-0.04016807053713604,0.015206381780338165,-0.02392240426574075,-0.016245666271395287
202408,NRP-M,2027-08-31,1699929.7065950711,-40666.40566450936,-27631.58871655297,25865.841358917485,1657497.5535729262,-0.040176952091661486,0.015215829959655394,-0.023922404265740754,-0.016254547825920725
202408,NRP-M,2027-09-30,1657497.5535729262,-39651.326546047836,-26955.573659732425,25235.398774403617,1616126.0521415495,-0.04018521780753247,0.01522499910784533,-0.023922404265740757,-0.016262813541791717
202408,NRP-M,2027-10-31,1616126.0521415495,-38661.62076372577,-26295.218690451926,24619.883176325093,1575789.095863697,-0.04019292886721462,0.015233887940672057,-0.023922404265740754,-0.016270524601473872
202408,NRP-M,2027-11-30,1575789.095863697,-37696.663788797465,-25650.276393381595,24018.962585233847,1536461.1182667515,-0.04020013867874769,0.01524249828119857,-0.02392240426574075,-0.016277734413006943
202408,NRP-M,2027-12-31,1536461.1182667515,-36755.844009769346,-25020.48540607974,23432.313795603146,1498117.1026465055,-0.04020689406415805,0.01525083421703286,-0.023922404265740754,-0.016284489798417293
202408,NRP-M,2028-01-31,1498117.1026465055,-35838.56296692994,-24405.57399329256,22859.621246195176,1460732.586932478,-0.040213236237539744,0.015258901460915445,-0.02392240426574075,-0.01629083197179899
202408,NRP-M,2028-02-29,1460732.586932478,-34944.23546874004,-23805.262950397733,22300.57621271643,1424283.6647260566,-0.04021920161479457,0.01526670686490769,-0.023922404265740754,-0.01629679734905382
202408,NRP-M,2028-03-31,1424283.6647260566,-34072.28961666749,-23219.267969128952,21754.876233082232,1388746.9833733425,-0.040224822487742125,0.015274258051163224,-0.023922404265740754,-0.016302418222001368
202408,NRP-M,2028-04-30,1388746.9833733425,-33222.166759085056,-22647.30156984933,21222.22470018044,1354099.7397445885,-0.040230127588269805,0.015281563131557983,-0.023922404265740757,-0.016307723322529055
202408,NRP-M,2028-05-31,1354099.7397445885,-32393.321390304387,-22089.07468257811,20702.3305747269,1320319.6742464327,-0.04023514256280635,0.015288630495292608,-0.023922404265740754,-0.016312738297065598
202408,NRP-M,2028-06-30,1320319.6742464327,-31585.221007334305,-21544.297941988716,20194.908183629686,1287385.0634807392,-0.040239890373251076,0.015295468648648178,-0.023922404265740754,-0.01631748610751032
202408,NRP-M,2028-07-31,1287385.0634807392,-30797.34593426257,-21012.682748427353,19699.677078612058,1255274.7118766615,-0.0402443916372695,0.015302086094854547,-0.023922404265740754,-0.01632198737152874
202408,NRP-M,2028-08-31,1255274.7118766615,-30029.189122074742,-20493.94213672422,19216.361936664798,1223967.9425545274,-0.04024866491834751,0.01530849124486539,-0.023922404265740754,-0.016326260652606756
202408,NRP-M,2028-09-30,1223967.9425545274,-29280.255930096362,-19987.791486499762,18744.69248889973,1193444.587626831,-0.040252726974016516,0.015314692351972822,-0.023922404265740754,-0.016330322708275762
202408,NRP-M,2028-10-31,1193444.587626831,-28550.063893969313,-19493.949101293274,18284.403468053228,1163684.9780996216,-0.040256592969094854,0.015320697464816388,-0.023922404265740754,-0.0163341887033541
202408,NRP-M,2028-11-30,1163684.9780996216,-27838.142484068823,-19012.136678777497,17835.234567597432,1134669.9335043728,-0.04026027665954413,0.015326514394577481,-0.023922404265740754,-0.01633787239380338
202408,NRP-M,2028-12-31,1134669.9335043728,-27144.032857472786,-18542.07969027844,17396.930407414966,1106380.7513640365,-0.04026379055154118,0.015332150693096621,-0.023922404265740754,-0.016341386285800424
202408,NRP-M,2029-01-31,1106380.7513640365,-26467.287605964488,-18083.507684573382,16969.24050246691,1078799.1965759655,-0.040267146039563696,0.015337613639378527,-0.023922404265740754,-0.016344741773822943
202408,NRP-S,2025-10-31,1318156.9200000002,-61971.992099286035,-23623.734058273316,22786.435967414964,1255347.6298098557,-0.06493591533666518,0.01728658828223195,-0.04701412340139748,-0.017921791935267703
202408,NRP-S,2025-11-30,1255347.6298098557,-60246.07896144704,-22721.196141041568,21528.67152749862,1193909.0262348657,-0.06609107559716781,0.017149569582378957,-0.04799155033301203,-0.018099525264155786
202408,NRP-S,2025-12-31,1193909.0262348657,-57492.72881784418,-21775.142839176013,20375.52840509197,1135016.6829829372,-0.06639356091225884,0.0170662319802947,-0.048155033218196155,-0.018238527694062687
202408,NRP-S,2026-01-31,1135016.6829829372,-54673.736965223594,-20827.373539485492,19314.657817360257,1078830.2302955883,-0.06651982445428434,0.017017069534695655,-0.0481699853270311,-0.018349839127253242
202408,NRP-S,2026-02-28,1078830.2302955883,-53752.057228745856,-19894.43278254222,18329.523193380675,1023513.2634776809,-0.06826513379321017,0.016990183143420608,-0.04982438915715066,-0.018440744636059513
202408,NRP-S,2026-03-31,1023513.2634776809,-50995.923147017245,-18951.60317032036,17377.27678936785,970943.0139497111,-0.06834061542072327,0.016978067026042782,-0.04982438915715066,-0.018516226263572622
202408,NRP-S,2026-04-30,970943.0139497111,-48376.642576447164,-18039.922473907296,16482.587322535615,921009.0362218922,-0.068404184484708,0.016975854489632604,-0.04982438915715066,-0.018579795327557352
202408,NRP-S,2026-05-31,921009.0362218922,-45888.712637971825,-17162.074300300985,15639.025781705772,873597.2750653251,-0.06845838038344981,0.01698031741996717,-0.04982438915715066,-0.01863399122629916
202408,NRP-S,2026-06-30,873597.2750653251,-43526.45059948114,-16319.40153666073,14841.783510641013,828593.2064398242,-0.06850508105312803,0.016989274044531776,-0.04982438915715066,-0.018680691895977368
202408,NRP-S,2026-07-31,828593.2064398242,-41284.150370629075,-15512.3531368138,14087.101197457101,785883.8041298384,-0.06854570260294267,0.0170012270049672,-0.04982438915715066,-0.018721313445792014
202408,NRP-S,2026-08-31,785883.8041298384,-39156.180489267026,-14740.777115683604,13371.919791846596,745358.7663167344,-0.0685813313898579,0.017015135980124333,-0.04982438915715065,-0.01875694223270726
202408,NRP-S,2026-09-30,745358.7663167344,-37137.04523465869,-14004.116870990925,12693.662045022944,706911.2662561077,-0.06861281360970481,0.017030271352076472,-0.04982438915715066,-0.01878842445255415
202408,NRP-S,2026-10-31,706911.2662561077,-35221.42202951846,-13301.54513882203,12050.092869270988,670438.3919570382,-0.0686408174328927,0.017046118012929427,-0.04982438915715066,-0.018816428275742033
202408,NRP-S,2026-11-30,670438.3919570382,-33404.183346761776,-12632.056784815532,11439.228308506777,635841.3801339677,-0.06866587696029096,0.017062310938243234,-0.04982438915715066,-0.0188414878031403
202408,NRP-S,2026-12-31,635841.3801339677,-31680.40836601457,-11994.533870823618,10859.275072848151,603025.7129699778,-0.06868842387646452,0.017078591315589073,-0.04982438915715066,-0.018864034719313874
202408,NRP-S,2027-01-31,603025.7129699778,-30045.387794784405,-11387.791712338605,10308.58962248525,571901.12308534,-0.06870881061283335,0.017094776227226105,-0.04982438915715066,-0.0188844214556827
202408,NRP-S,2027-02-28,571901.12308534,-28494.6241160155,-10810.611694795984,9785.649949201486,542381.53722373,-0.06872732754704924,0.017110737423296257,-0.04982438915715066,-0.018902938389898573
202408,NRP-S,2027-03-31,542381.53722373,-27023.828782288718,-10261.764737250176,9289.035720775186,514384.9794249663,-0.06874421594509171,0.01712638628579184,-0.04982438915715066,-0.018919826787941057
202408,NRP-S,2027-04-30,514384.9794249663,-25628.917391462455,-9740.028068835381,8817.414004119391,487833.4479687879,-0.06875967781920259,0.0171416630671767,-0.04982438915715066,-0.018935288662051932
202408,NRP-S,2027-05-31,487833.4479687879,-24306.003555471496,-9244.197172852828,8369.52875469412,462652.7759951577,-0.06877388352114572,0.01715652911776072,-0.04982438915715066,-0.018949494363995067
202408,NRP-S,2027-06-30,462652.7759951577,-23051.391955818788,-8773.09420707565,7944.192877987578,438772.4827102508,-0.0687869776517401,0.01717096122659107,-0.04982438915715066,-0.018962588494589455
202408,NRP-S,2027-07-31,438772.4827102508,-21861.570930004695,-8325.57383505007,7540.282067706031,416125.62001290213,-0.06879908370413748,0.017184947472390504,-0.04982438915715066,-0.01897469454698683
202408,NRP-S,2027-08-31,416125.62001290213,-20733.204829783437,-7900.527143729015,7156.72988581705,394648.6179252067,-0.06881030774462926,0.017198484163496477,-0.049824389157150664,-0.018985918587478598
202408,NRP-S,2027-09-30,394648.6179252067,-19663.126319837163,-7496.884140354825,6792.5237216476025,374281.13118666236,-0.06882074135462782,0.017211573569820313,-0.04982438915715066,-0.01899635219747716
202408,NRP-S,2027-10-31,374281.13118666236,-18648.328734422823,-7113.615191697467,6446.701382019131,354965.8886425612,-0.06883046400026037,0.017224222235248127,-0.04982438915715066,-0.019006074843109705
202408,NRP-S,2027-11-30,354965.8886425612,-17685.958573240776,-6749.731675352262,6118.348141659972,336648.54653562815,-0.06883954495469552,0.017236439718355426,-0.049824389157150664,-0.019015155797544862
202408,NRP-S,2027-12-31,336648.54653562815,-16773.30819178028,-6404.2860449033615,5806.594135551371,319277.54643449583,-0.06884804486815366,0.01724823765112216,-0.049824389157150664,-0.019023655711003
202408,NRP-S,2028-01-31,319277.54643449583,-15907.80872269256,-6076.3714609319,5510.612010674282,302803.97826154565,-0.06885601705829575,0.017259629035030997,-0.04982438915715066,-0.0190316279011451
202408,NRP-S,2028-02-29,302803.97826154565,-15087.023251236638,-5765.121102960345,5229.614779239655,287181.44868658826,-0.06886350857711002,0.017270627715209864,-0.04982438915715066,-0.019039119419959356
202408,NRP-S,2028-03-31,287181.44868658826,-14308.640258074865,-5469.70724989491,4962.853832493849,272365.9550111123,-0.06887056109795803,0.017281247988654012,-0.04982438915715066,-0.019046171940807374
202408,NRP-S,2028-04-30,272365.9550111123,-13570.46733563265,-5189.340195828905,4709.617085995354,258315.76456564612,-0.06887721165700085,0.01729150431375759,-0.04982438915715066,-0.01905282249985019
202408,NRP-S,2028-05-31,258315.76456564612,-12870.42517914566,-4923.267052399853,4469.2272354813385,244991.29956958196,-0.06888349327601173,0.01730141109659441,-0.04982438915715066,-0.019059104118861074
202408,NRP-S,2028-06-30,244991.29956958196,-12206.541849870928,-4670.770476956404,4241.040108186137,232355.02735094074,-0.06888943548802995,0.01731098253544961,-0.04982438915715066,-0.019065046330879278
202408,NRP-S,2028-07-31,232355.02735094074,-11576.947305353657,-4431.167356646207,4024.4430984943606,220371.35578743523,-0.06889506478300458,0.017320232509606886,-0.04982438915715066,-0.019070675625853923
202408,NRP-S,2028-08-31,220371.35578743523,-10979.868189842078,-4203.80747149439,3818.8536796301755,209006.53380572892,-0.06890040498721742,0.017329174501761233,-0.049824389157150664,-0.019076015830066764
202408,NRP-S,2028-09-30,209006.53380572892,-10413.622876723803,-3988.072154095871,3623.717985062336,198228.5567599716,-0.06890547758763377,0.017337821545954986,-0.04982438915715066,-0.01908108843048311
202408,NRP-S,2028-10-31,198228.5567599716,-9876.616754069153,-3783.3729593152543,3438.509454693556,188007.07650128074,-0.06891030201024385,0.017346186194843426,-0.04982438915715066,-0.019085912853093186
202408,NRP-S,2028-11-30,188007.07650128074,-9367.337743898006,-3589.1503540929857,3262.727541878397,178313.3159451681,-0.06891489585979882,0.017354280501543626,-0.04982438915715066,-0.019090506702648162
202408,NRP-S,2028-12-31,178313.3159451681,-8884.352045554013,-3404.87243488216,3095.8964779997555,169119.9879427317,-0.06891927512701938,0.0173621160124225,-0.04982438915715065,-0.019094885969868726
202408,NRP-S,2029-01-31,169119.9879427317,-8426.300093511292,-3230.0336782252407,2937.5640918168215,160401.218262812,-0.06892345436828946,0.017369703768022705,-0.049824389157150664,-0.019099065211138803
202409,NON PRIME,2025-10-31,2580823.24,-170620.54089921172,-64105.6775411805,59016.018605774945,2405113.040165383,-0.09095013358620879,0.022867129252050186,-0.06611089758290138,-0.024839236003307414
202409,NON PRIME,2025-11-30,2405113.040165383,-164199.669514484,-61637.042631690696,53713.292220605035,2232989.620239813,-0.09389858537819307,0.022332959542272303,-0.06827108197093021,-0.025627503407262865
202409,NON PRIME,2025-12-31,2232989.620239813,-153581.96002254993,-58530.26977824616,49184.43610186282,2070061.82654088,-0.09499024441413041,0.022026271710381098,-0.06877862692709513,-0.026211617487035287
202409,NON PRIME,2026-01-31,2070061.82654088,-142956.32812790867,-55183.345017198066,45246.59426581371,1917168.7476615869,-0.09571679000341869,0.021857605258786782,-0.06905896543524592,-0.02665782456817277
202409,NON PRIME,2026-02-28,1917168.7476615869,-135106.7915096639,-51777.567064113435,41746.45242809361,1772030.8415159031,-0.09747934750226045,0.02177505369780969,-0.07047203939374488,-0.02700730810851558
202409,NON PRIME,2026-03-31,1772030.8415159031,-124878.62727023962,-48353.070535573715,38536.83506942479,1637335.9787795146,-0.09775885032430948,0.021747271078226854,-0.07047203939374488,-0.027286810930564592
202409,NON PRIME,2026-04-30,1637335.9787795146,-115386.40559734579,-45050.21894147468,35619.766835865594,1512519.1210765596,-0.09798637947137241,0.021754708439508486,-0.07047203939374488,-0.02751434007762752
202409,NON PRIME,2026-05-31,1512519.1210765596,-106590.3070842997,-41900.40683692541,32950.00649199827,1396978.413647333,-0.09817443750101781,0.02178485285432,-0.07047203939374488,-0.027702398107272937
202409,NON PRIME,2026-06-30,1396978.413647333,-98447.91779876608,-38919.67468305043,30495.37661477398,1290106.1977802902,-0.0983319363705608,0.021829526009034334,-0.07047203939374488,-0.02785989697681592
202409,NON PRIME,2026-07-31,1290106.1977802902,-90916.41479208703,-36114.37583229864,28231.773118417655,1191307.1802743224,-0.09846537505435617,0.021883293923393454,-0.07047203939374488,-0.027993335660611292
202409,NON PRIME,2026-08-31,1191307.1802743224,-83953.84653834319,-33484.7249126275,26140.25879014285,1100008.8676134944,-0.09857958836773577,0.02194250082847946,-0.07047203939374488,-0.02810754897399088
202409,NON PRIME,2026-09-30,1100008.8676134944,-77519.86825192688,-31027.06748330097,24205.3277948797,1015667.2596731463,-0.09867823699523806,0.02200466606000546,-0.07047203939374488,-0.028206197601493174
202409,NON PRIME,2026-10-31,1015667.2596731463,-71576.14313462288,-28735.356607507172,22413.845199687737,937769.605130704,-0.0987641363712083,0.022068098568915943,-0.07047203939374488,-0.028292096977463415
202409,NON PRIME,2026-11-30,937769.605130704,-66086.53655502756,-26602.125838959306,20754.38436149606,865835.3270982131,-0.0988394824132396,0.022131645393436872,-0.07047203939374488,-0.028367443019494717
202409,NON PRIME,2026-12-31,865835.3270982131,-61017.181279761266,-24619.13589015798,19216.80342177866,799415.8133500725,-0.09890600959529268,0.02219452454796738,-0.07047203939374488,-0.028433970201547795
202409,NON PRIME,2027-01-31,799415.8133500725,-56336.462690388915,-22777.80614016342,17791.967996862262,738093.5125163824,-0.09896510365364436,0.02225621222365159,-0.07047203939374488,-0.028493064259899472
202409,NON PRIME,2027-02-28,738093.5125163824,-52014.95509032203,-21069.502171536937,16471.564660396325,681480.6199149197,-0.09901788326616247,0.022316365583867303,-0.07047203939374488,-0.028545843872417574
202409,NON PRIME,2027-03-31,681480.6199149197,-48025.329092717904,-19485.725792052468,15247.971637149933,629217.5366672993,-0.09906526012903914,0.022374769276716312,-0.07047203939374488,-0.02859322073529426
202409,NON PRIME,2027-04-30,629217.5366672993,-44342.243031253034,-18018.238365157344,14114.166062928785,580971.2213338177,-0.09910798374550656,0.022431297985885116,-0.07047203939374488,-0.028635944351761672
202409,NON PRIME,2027-05-31,580971.2213338177,-40942.22679646888,-16659.13820480373,13063.654959937952,536433.5112924831,-0.09914667523294704,0.02248588997221906,-0.07047203939374488,-0.028674635839202146
202409,NON PRIME,2027-06-30,536433.5112924831,-37803.56353992876,-15400.906192811788,12090.42184163144,495319.46340137394,-0.09918185313320504,0.022538528237172905,-0.07047203939374488,-0.02870981373946016
202409,NON PRIME,2027-07-31,495319.46340137394,-34906.172737310204,-14236.429385990012,11188.883810440717,457365.74508851446,-0.09921395332587268,0.022589227028565178,-0.07047203939374488,-0.028741913932127792
202409,NON PRIME,2027-08-31,457365.74508851446,-32231.49680522727,-13159.009416344064,10353.855857292945,422329.0947242361,-0.09924334454209478,0.02263802212666616,-0.07047203939374488,-0.0287713051483499
202409,NON PRIME,2027-09-30,422329.0947242361,-29762.39260053098,-12162.360461378534,9580.520237353368,389984.86189968,-0.09927034056056376,0.022684963828052296,-0.07047203939374488,-0.028798301166818887
202409,NON PRIME,2027-10-31,389984.86189968,-27483.02855075841,-11240.60016012425,8864.399538223108,360125.6327270204,-0.09929520987623348,0.02273011186906889,-0.07047203939374488,-0.0288231704824886
202409,NON PRIME,2027-11-30,360125.6327270204,-25378.787776235884,-10388.235871301225,8201.332531933122,332559.94161141646,-0.09931818342586278,0.022773531752875338,-0.07047203939374488,-0.028846144032117906
202409,NON PRIME,2027-12-31,332559.94161141646,-23436.17730602124,-9600.14797946746,7587.452207895704,307111.0685338235,-0.09933946080640817,0.0228152920978118,-0.07047203939374488,-0.028867421412663297
202409,NON PRIME,2028-01-31,307111.0685338235,-21642.743319970694,-8871.571464058688,7019.165581563448,283615.9193313575,-0.0993592153148616,0.022855462732338468,-0.07047203939374488,-0.028887175921116708
202409,NON PRIME,2028-02-29,283615.9193313575,-19986.9922398126,-8198.076594745597,6493.13500153978,261923.98549833908,-0.09937759805939765,0.022894113337670736,-0.07047203939374488,-0.028905558665652763
202409,NON PRIME,2028-03-31,261923.98549833908,-18458.317424205616,-7575.549363422745,6006.260760936056,241896.37947164677,-0.09939474133342953,0.022931312493235344,-0.07047203939374488,-0.028922701939684648
202409,NON PRIME,2028-04-30,241896.37947164677,-17046.93118333015,-7000.172080009274,5555.664872716305,223404.94108102363,-0.09941076140066016,0.022967127018813017,-0.07047203939374488,-0.02893872200691528
202409,NON PRIME,2028-05-31,223404.94108102363,-15743.801808619151,-6468.40442627961,5138.675903845287,206331.41074997015,-0.09942576080644037,0.02300162153522653,-0.07047203939374488,-0.028953721412695498
202409,NON PRIME,2028-06-30,206331.41074997015,-14540.595306538853,-5976.96516520655,4752.8147859009105,190566.66506412564,-0.09943983030585843,0.0230348581857966,-0.07047203939374488,-0.028967790912113534
202409,NON PRIME,2028-07-31,190566.66506412564,-13429.621527533649,-5522.814632883115,4395.781534751876,176010.01043846074,-0.0994530504799424,0.02306689647569105,-0.07047203939374488,-0.028981011086197522
202409,NON PRIME,2028-08-31,176010.01043846074,-12403.784389312654,-5103.138088900828,4065.4428217553836,162568.53078200266,-0.09946549309668107,0.023097793197261383,-0.07047203939374488,-0.028993453702936194
202409,NON PRIME,2028-09-30,162568.53078200266,-11456.53590545252,-4715.329963984712,3759.8203455351827,150156.48525810058,-0.0994772222621794,0.02312760241757329,-0.07047203939374488,-0.02900518286843451
202409,NON PRIME,2028-10-31,150156.48525810058,-10581.833744335137,-4356.979017003793,3477.079957953245,138694.7524547149,-0.09948829539837019,0.02315637551036554,-0.07047203939374488,-0.02901625600462531
202409,NON PRIME,2028-11-30,138694.7524547149,-9774.102058694363,-4025.854394475349,3215.5215011628175,128110.31750270801,-0.09949876407671245,0.023184161219168796,-0.07047203939374488,-0.02902672468296756
202409,NON PRIME,2028-12-31,128110.31750270801,-9028.195341796003,-3719.892572366052,2973.5693151240052,118335.79890366997,-0.09950867473178017,0.023211005741681574,-0.07047203939374488,-0.029036635338035285
202409,NON PRIME,2029-01-31,118335.79890366997,-8339.365082029703,-3437.1851508898035,2749.7633769916433,109309.01204774212,-0.09951806927425305,0.023236952828028477,-0.07047203939374488,-0.029046029880508167
202409,NRP-L,2025-10-31,604094.49,-13891.59425977122,-9283.551095967901,9197.976181370595,590117.3208256315,-0.03836344436073092,0.015226055416215757,-0.022995730783393207,-0.015367713577337714
202409,NRP-L,2025-11-30,590117.3208256315,-16162.691463870176,-8984.777643707923,8920.019646228408,573889.8713642817,-0.04261435518007563,0.015115671632461886,-0.027388946051027617,-0.015225409129048009
202409,NRP-L,2025-12-31,573889.8713642817,-18199.574786429555,-8682.647432559292,8634.06222744338,555641.7113727363,-0.04684212696607276,0.015044806779596973,-0.03171266072907778,-0.015129466236994979
202409,NRP-L,2026-01-31,555641.7113727363,-20196.181147172498,-8369.726950533035,8333.913802929514,535409.7170779603,-0.05141066178622957,0.014998718836892624,-0.03634748927915613,-0.015063172507073438
202409,NRP-L,2026-02-28,535409.7170779603,-21994.622366433377,-8039.998125043046,8014.38629621509,513389.48288269894,-0.05609651736504275,0.014968697878615688,-0.041079983543202615,-0.015016533821840131
202409,NRP-L,2026-03-31,513389.48288269894,-21090.031508074575,-7692.274850013356,7674.853151811935,492282.02967642294,-0.05606329564149684,0.014949377437023799,-0.041079983543202615,-0.014983312098294219
202409,NRP-L,2026-04-30,492282.02967642294,-20222.937677721835,-7364.279773481073,7353.381614947085,472048.19384016714,-0.05603945662882716,0.014937335047107984,-0.041079983543202615,-0.014959473085624545
202409,NRP-L,2026-05-31,472048.19384016714,-19391.732034552584,-7053.499326687444,7047.832690320144,452650.79516924726,-0.05602231235354379,0.014930324450529516,-0.041079983543202615,-0.014942328810341174
202409,NRP-L,2026-06-30,452650.79516924726,-18594.887216370254,-6758.0955120022745,6756.643895599554,434054.4563364742,-0.056010025827731034,0.014926835361182184,-0.041079983543202615,-0.014930042284528421
202409,NRP-L,2026-07-31,434054.4563364742,-17830.94992315612,-6476.669963540497,6478.623636301323,416225.4600860789,-0.056001313963825815,0.014925831406000277,-0.041079983543202615,-0.014921330420623198
202409,NRP-L,2026-08-31,416225.4600860789,-17098.535050598057,-6208.119251637904,6212.826381477706,399131.6321653207,-0.05599526347431018,0.014926589017867482,-0.04107998354320261,-0.014915279931107563
202409,NRP-L,2026-09-30,399131.6321653207,-16396.320880922973,-5951.543551291947,5958.474719219809,382742.2424523256,-0.05599121350261313,0.014928595578592989,-0.041079983543202615,-0.014911229959410513
202409,NRP-L,2026-10-31,382742.2424523256,-15723.04502123,-5706.1874958767785,5714.909448312988,367027.9193835318,-0.055988678907779574,0.014931483422619175,-0.041079983543202615,-0.014908695364576962
202409,NRP-L,2026-11-30,367027.9193835318,-15077.500888171382,-5471.40097652644,5481.556889252087,351960.5744080861,-0.05598729900224542,0.014934986140724747,-0.041079983543202615,-0.014907315459042806
202409,NRP-L,2026-12-31,351960.5744080861,-14458.534604540315,-5246.612603881301,5257.907023560353,337513.33422322484,-0.055986802617199335,0.014938909087766156,-0.041079983543202615,-0.014906819073996724
202409,NRP-L,2027-01-31,337513.33422322484,-13865.04221550152,-5031.311384067837,5043.498587304572,323660.47921096004,-0.05598698387149253,0.014943109133486556,-0.041079983543202615,-0.014907000328289916
202409,NRP-L,2027-02-28,323660.47921096004,-13295.96715957131,-4825.0338283615565,4837.908716104647,310377.38693913183,-0.055987685095534014,0.014947480544732576,-0.041079983543202615,-0.014907701552331409
202409,NRP-L,2027-03-31,310377.38693913183,-12750.297947641766,-4627.354721601301,4640.745620607741,297640.4798904965,-0.055988784623188424,0.014951945005960884,-0.041079983543202615,-0.014908801079985807
202409,NRP-L,2027-04-30,297640.4798904965,-12227.066015692526,-4437.880394658682,4451.643311562569,285427.17679170787,-0.055990187949173875,0.014956444476908354,-0.041079983543202615,-0.014910204405971262
202409,NRP-L,2027-05-31,285427.17679170787,-11725.343725386143,-4256.243736696066,4270.25773128056,273715.84706090624,-0.05599182124743806,0.01496093602326034,-0.041079983543202615,-0.014911837704235445
202409,NRP-L,2027-06-30,273715.84706090624,-11244.242492775793,-4082.100433325318,4096.2638632154285,262485.7679980206,-0.055993626568105685,0.014965388037266046,-0.041079983543202615,-0.014913643024903065
202409,NRP-L,2027-07-31,262485.7679980206,-10782.911029683584,-3915.1260800953155,3929.3535305161226,251717.08441875782,-0.05599555824257008,0.014969777449212997,-0.041079983543202615,-0.014915574699367471
202409,NRP-L,2027-08-31,251717.08441875782,-10340.533685465514,-3755.013928936047,3769.233685833428,241390.7704901897,-0.0559975801680276,0.014974087652957681,-0.041079983543202615,-0.014917596624824982
202409,NRP-L,2027-09-30,241390.7704901897,-9916.328879217992,-3601.473097907122,3615.625055582806,231488.5935686474,-0.05599966373890209,0.01497830695117545,-0.041079983543202615,-0.01491968019569948
202409,NRP-L,2027-10-31,231488.5935686474,-9509.547614239154,-3454.2271241246663,3468.261042984573,221993.07987326814,-0.056001786258723124,0.014982427382349915,-0.041079983543202615,-0.014921802715520509
202409,NRP-L,2027-11-30,221993.07987326814,-9119.47206789872,-3313.0127738868323,3326.886822283605,212887.4818537662,-0.05600392971205694,0.014986443830514288,-0.041079983543202615,-0.014923946168854325
202409,NRP-L,2027-12-31,212887.4818537662,-8745.41425110656,-3177.5790478304793,3191.258575937532,204155.7471307667,-0.05600607980852074,0.014990353346044219,-0.041079983543202615,-0.014926096265318123
202409,NRP-L,2028-01-31,204155.7471307667,-8386.71473238213,-3047.6863357345333,3061.1428400818986,195782.48890273192,-0.05600822523400555,0.0149941546251018,-0.041079983543202615,-0.014928241690802938
202409,NRP-L,2028-02-29,195782.48890273192,-8042.741422171475,-2923.1056875320937,2936.3159330968338,187752.95772612517,-0.05601035706084822,0.014997847609117104,-0.041079983543202615,-0.014930373517645609
202409,NRP-L,2028-03-31,187752.95772612517,-7712.8884135768385,-2803.618175676573,2816.563448855882,180053.01458572762,-0.056012468280759745,0.01500143317563283,-0.041079983543202615,-0.014932484737557131
202409,NRP-L,2028-04-30,180053.01458572762,-7396.574876085711,-2689.014330227941,2701.679801073076,172669.10518048704,-0.05601455343315931,0.015004912899065848,-0.041079983543202615,-0.014934569889956693
202409,NRP-L,2028-05-31,172669.10518048704,-7093.243999233929,-2579.0936325710377,2591.4678086509352,165588.23535733297,-0.05601660830809713,0.015008288865238131,-0.041079983543202615,-0.014936624764894511
202409,NRP-L,2028-06-30,165588.23535733297,-6802.3619834272,-2473.664057025741,2485.73831446388,158797.9476313439,-0.05601862970781492,0.015011563527443563,-0.041079983543202615,-0.0149386461646123
202409,NRP-L,2028-07-31,158797.9476313439,-6523.417075389959,-2372.5416520926615,2384.309831862053,152286.29873572334,-0.05602061525464398,0.015014739594729072,-0.041079983543202615,-0.014940631711441362
202409,NRP-L,2028-08-31,152286.29873572334,-6255.918645918752,-2275.550154933902,2287.0082145414813,146041.83814941216,-0.05602256323569929,0.015017819945248919,-0.041079983543202615,-0.014942579692496677
202409,NRP-L,2028-09-30,146041.83814941216,-5999.396307796911,-2182.5206340845466,2193.6663464333265,140053.58755396405,-0.05602447247692624,0.01502080755919434,-0.041079983543202615,-0.014944488933723625
202409,NRP-L,2028-10-31,140053.58755396405,-5753.39907188333,-2093.2911564476317,2104.1238490139535,134311.02117464706,-0.05602634224066237,0.015023705467046415,-0.041079983543202615,-0.014946358697459753
202409,NRP-L,2028-11-30,134311.02117464706,-5517.494539525239,-2007.7064754308806,2018.226803997765,128804.0469636887,-0.05602817214211307,0.015026516709849358,-0.041079983543202615,-0.01494818859891046
202409,NRP-L,2028-12-31,128804.0469636887,-5291.268129566229,-1925.6177377011131,1935.827489796042,123522.98858621738,-0.05602996208109721,0.015029244308929001,-0.041079983543202615,-0.014949978537894593
202409,NRP-L,2029-01-31,123522.98858621738,-5074.322338329014,-1846.882206508728,1856.7841304434367,118458.56817182308,-0.05603171218616391,0.01503189124304118,-0.041079983543202615,-0.014951728642961298
202409,NRP-M,2025-10-31,3038266.7999999993,-98375.88272118839,-47666.251910218525,46491.62920452684,2938716.2945731194,-0.0480675807112815,0.01530202324711143,-0.03237894799797977,-0.01568863271330172
202409,NRP-M,2025-11-30,2938716.2945731194,-93977.2531356642,-46853.75934294802,44441.049420652394,2842326.3315151595,-0.04792262959806042,0.015122606255908735,-0.03197901522825136,-0.01594361436980906
202409,NRP-M,2025-12-31,2842326.3315151595,-89095.7783272747,-45833.90631075364,42665.236995579915,2750061.8838727116,-0.04747156691402896,0.015010675066587568,-0.031346076395028295,-0.016125490519000665
202409,NRP-M,2026-01-31,2750061.8838727116,-85072.81637516017,-44713.87174164464,41087.69034876372,2661362.8861046704,-0.04719409729574365,0.014940642095989097,-0.030934873456505033,-0.016259223839238612
202409,NRP-M,2026-02-28,2661362.8861046704,-86828.55570428482,-43540.00024049411,39647.58639751835,2570641.91655741,-0.04898563688005514,0.014897474750445975,-0.03262559801883023,-0.016360038861224918
202409,NRP-M,2026-03-31,2570641.91655741,-83868.72981995737,-42255.27260510388,38230.50424512224,2482748.418377471,-0.049063232655120574,0.014871967969899258,-0.03262559801883023,-0.016437634636290346
202409,NRP-M,2026-04-30,2482748.418377471,-81001.15187986991,-40961.42227275228,36889.398184794256,2397675.2424096433,-0.04912401645283388,0.014858290881080195,-0.03262559801883023,-0.01649841843400365
202409,NRP-M,2026-05-31,2397675.2424096433,-78225.58863855834,-39673.74444965176,35611.819246605955,2315387.728568039,-0.04917235287032545,0.01485264501910458,-0.03262559801883023,-0.016546754851495225
202409,NRP-M,2026-06-30,2315387.728568039,-75540.90928999323,-38402.31759645244,34389.290528371755,2235833.792209965,-0.04921129428154754,0.014852497533810441,-0.03262559801883023,-0.01658569626271731
202409,NRP-M,2026-07-31,2235833.792209965,-72945.41454155912,-37153.80385031776,33215.829283697014,2158950.403101785,-0.04924302458236464,0.014856126336146611,-0.03262559801883023,-0.016617426563534415
202409,NRP-M,2026-08-31,2158950.403101785,-70437.04799419032,-35932.57688264276,32087.058176112474,2084667.8364010644,-0.04926913778288321,0.01486234150169114,-0.03262559801883023,-0.016643539764052976
202409,NRP-M,2026-09-30,2084667.8364010644,-68013.53483320566,-34741.44809889392,30999.65660866763,2012912.5100776325,-0.04929081800844304,0.01487030982460252,-0.03262559801883023,-0.016665219989612817
202409,NRP-M,2026-10-31,2012912.5100776325,-65672.47440086739,-33582.14558145869,29951.014169192782,1943608.9042644992,-0.049308958777596404,0.014879441614696733,-0.03262559801883023,-0.01668336075876617
202409,NRP-M,2026-11-30,1943608.9042644992,-63411.40281635264,-32455.636697981798,28939.007307665666,1876680.8720578304,-0.04932424383526503,0.014889316078028965,-0.03262559801883023,-0.016698645816434796
202409,NRP-M,2026-12-31,1876680.8720578304,-61227.83574138654,-31362.349487857267,27961.852858101785,1812052.5396866885,-0.04933720304172771,0.014899631191658533,-0.03262559801883023,-0.016711605022897483
202409,NRP-M,2027-01-31,1812052.5396866885,-59119.2977488183,-30302.327105618413,27018.010440572918,1749648.9252728247,-0.049348251717854764,0.014910169461887925,-0.03262559801883023,-0.01672265369902454
202409,NRP-M,2027-02-28,1749648.9252728247,-57083.342510029506,-29275.33714031788,26106.116508270075,1689396.3621307476,-0.04935771879886211,0.014920774179996892,-0.03262559801883023,-0.016732120780031882
202409,NRP-M,2027-03-31,1689396.3621307476,-55117.566605351916,-28280.949991685287,25224.939205149203,1631222.7847388596,-0.049365867280459275,0.014931332735518799,-0.03262559801883023,-0.016740269261629047
202409,NRP-M,2027-04-30,1631222.7847388596,-53219.618854046865,-27318.59569523065,24373.347101455423,1575057.9172910375,-0.049372909269515125,0.014941764748190004,-0.03262559801883023,-0.016747311250684897
202409,NRP-M,2027-05-31,1575057.9172910375,-51387.20646591334,-26387.605524706487,23550.28729975423,1520833.392600172,-0.04937901720108536,0.01495201353627597,-0.03262559801883023,-0.016753419182255133
202409,NRP-M,2027-06-30,1520833.392600172,-49618.09892058702,-25487.24270345355,22754.76993855715,1468482.8209146885,-0.04938433229404097,0.01496203992447409,-0.03262559801883023,-0.01675873427521075
202409,NRP-M,2027-07-31,1468482.8209146885,-47910.13021272048,-24616.72523232991,21985.857107152322,1417941.8225767903,-0.0493889709924389,0.014971817711464797,-0.03262559801883023,-0.01676337297360867
202409,NRP-M,2027-08-31,1417941.8225767903,-46261.199917477854,-23775.242950490163,21242.65482882503,1369148.0345376474,-0.04939302992043251,0.014981330327235347,-0.03262559801883023,-0.016767431901602285
202409,NRP-M,2027-09-30,1369148.0345376474,-44669.27340309677,-22961.97033630755,20524.307195125355,1322041.0979933685,-0.049396589728329096,0.01499056835154884,-0.03262559801883023,-0.016770991709498865
202409,NRP-M,2027-10-31,1322041.0979933685,-43132.38142750458,-22176.07613414185,19829.992018557077,1276562.6324502793,-0.049399718103146306,0.014999527661171503,-0.03262559801883023,-0.016774120084316085
202409,NRP-M,2027-11-30,1276562.6324502793,-41648.619292182535,-21416.73059716598,19158.9175637114,1232656.200124642,-0.049402472143727616,0.015008208039849244,-0.03262559801883023,-0.016776874124897385
202409,NRP-M,2027-12-31,1232656.200124642,-40216.145680685324,-20683.110926967845,18510.320048545636,1190267.2635655347,-0.04940490024833789,0.015016612131325777,-0.03262559801883023,-0.01677930222950766
202409,NRP-M,2028-01-31,1190267.2635655347,-38833.18127606218,-19974.405340520014,17883.461698340343,1149343.1386472927,-0.049407043625160005,0.015024744648331412,-0.03262559801883023,-0.01678144560632978
202409,NRP-M,2028-02-29,1149343.1386472927,-37498.00722720723,-19289.816086453397,17277.62919805248,1109832.9445316845,-0.049408937508859586,0.015032611773701632,-0.03262559801883023,-0.01678333949002936
202409,NRP-M,2028-03-31,1109832.9445316845,-36208.963516345444,-18628.561653192275,16692.132433067873,1071687.5517952144,-0.04941061214638702,0.015040220706469874,-0.03262559801883023,-0.01678501412755679
202409,NRP-M,2028-04-30,1071687.5517952144,-34964.44726665496,-17989.878353009368,16126.30343960695,1034859.529615157,-0.0494120936003773,0.015047579317864913,-0.03262559801883023,-0.016786495581547073
202409,NRP-M,2028-05-31,1034859.529615157,-33762.911019179846,-17373.021422594727,15579.495508225029,999303.0926816076,-0.04941340440744743,0.015054695890966693,-0.03262559801883023,-0.016787806388617203
202409,NRP-M,2028-06-30,999303.0926816076,-32602.861000803976,-16777.265748189184,15051.08239968538,964974.0483322998,-0.04941456412036382,0.015061578924264244,-0.03262559801883023,-0.016788966101533586
202409,NRP-M,2028-07-31,964974.0483322998,-31482.855399492866,-16201.906298790418,14540.457643839976,931829.7442778565,-0.04941558975673353,0.015068236984164785,-0.03262559801883023,-0.016789991737903305
202409,NRP-M,2028-08-31,931829.7442778565,-30401.502658798716,-15646.25833230575,14047.033900328797,899829.0171870809,-0.049416496172045105,0.015074678595084854,-0.03262559801883023,-0.016790898153214873
202409,NRP-M,2028-09-30,899829.0171870809,-29357.45980042478,-15109.657425286852,13570.242365813448,868932.1423271828,-0.049417296371168914,0.015080912158439649,-0.03262559801883023,-0.016791698352338694
202409,NRP-M,2028-10-31,868932.1423271828,-28349.43078120764,-14591.459365936198,13109.532216736012,839100.784396775,-0.04941800176955028,0.015086945893871448,-0.03262559801883023,-0.016792403750720056
202409,NRP-M,2028-11-30,839100.784396775,-27376.16488901431,-14091.039941613926,12664.370079693828,810297.9496458406,-0.04941862241308568,0.015092787797592367,-0.03262559801883023,-0.01679302439425545
202409,NRP-M,2028-12-31,810297.9496458406,-26436.45518062753,-13607.794645498121,12234.239523770491,782487.9393434854,-0.049419167163915347,0.015098445613885297,-0.03262559801883023,-0.016793569145085115
202409,NRP-M,2029-01-31,782487.9393434854,-25529.136963603363,-13141.138321916182,11818.640570794987,755636.3046287608,-0.04941964385797979,0.015103926816700761,-0.03262559801883023,-0.01679404583914957
202409,NRP-S,2025-10-31,1203094.8800000004,-68169.51362972344,-22085.521981710237,20296.703799482944,1133136.5481880496,-0.0750190505435728,0.016870409921022136,-0.05666179348192673,-0.01835725706164607
202409,NRP-S,2025-11-30,1133136.5481880496,-68421.50107976315,-21354.149434863677,18955.07870176752,1062315.9763751903,-0.07922756587295966,0.01672797398696369,-0.06038239715166991,-0.01884516872128976
202409,NRP-S,2025-12-31,1062315.9763751903,-68109.24789618146,-20384.670560238985,17686.93213565474,991508.9900544246,-0.083302821782251,0.016649408018888763,-0.06411392599834773,-0.01918889578390328
202409,NRP-S,2026-01-31,991508.9900544246,-68347.09263437791,-19273.301498804765,16468.22207566583,920356.8179969077,-0.08837075105932538,0.01660925139444462,-0.06893239831403475,-0.01943835274529063
202409,NRP-S,2026-02-28,920356.8179969077,-68122.07032060814,-18060.924457614437,15271.295222005909,849445.1184406911,-0.09364085004095894,0.01659279849226609,-0.0740170214296571,-0.01962382861130184
202409,NRP-S,2026-03-31,849445.1184406911,-62873.39753494224,-16788.875028512713,14093.326097223406,783876.1719744597,-0.09378154142517099,0.016591214419001233,-0.07401702142965709,-0.0197645199955139
202409,NRP-S,2026-04-30,783876.1719744597,-58020.17941923115,-15578.003602592598,13011.577609100881,723289.5665617367,-0.0938900628098461,0.01659902172600397,-0.07401702142965709,-0.019873041380189017
202409,NRP-S,2026-05-31,723289.5665617367,-53535.73934804746,-14435.36921552872,12015.820246441888,667334.2782446025,-0.09397496066020534,0.016612738247505567,-0.07401702142965709,-0.019957939230548245
202409,NRP-S,2026-06-30,667334.2782446025,-49394.09557357549,-13363.473967278378,11097.839890334553,615674.5485940832,-0.09404217884016879,0.016630106158381373,-0.07401702142965709,-0.0200251574105117
202409,NRP-S,2026-07-31,615674.5485940832,-45570.39625698271,-12362.082765363015,10250.759207958408,567992.8287796958,-0.09409594590946921,0.01664963937743799,-0.07401702142965709,-0.020078924479812122
202409,NRP-S,2026-08-31,567992.8287796958,-42041.137379678294,-11429.327148743254,9468.638925489518,523991.0031767637,-0.09413933032094819,0.016670349422953836,-0.07401702142965709,-0.020122308891291095
202409,NRP-S,2026-09-30,523991.0031767637,-38784.25331108204,-10562.388725857756,8746.235038589006,483390.5961784129,-0.09417459791822637,0.016691574827742875,-0.07401702142965709,-0.020157576488569265
202409,NRP-S,2026-10-31,483390.5961784129,-35779.13211623231,-9757.928781205395,8078.845396072418,445932.38067704765,-0.09420344801376854,0.016712872488505396,-0.07401702142965709,-0.020186426584111447
202409,NRP-S,2026-11-30,445932.38067704765,-33006.58657675104,-9012.360920920883,7462.208843659322,411375.64202303503,-0.09422717281457703,0.016733947044459168,-0.07401702142965709,-0.020210151384919946
202409,NRP-S,2026-12-31,411375.64202303503,-30448.79971125793,-8322.024678124557,6892.436041280459,379497.253674933,-0.09424676725806606,0.016754604155426674,-0.07401702142965709,-0.020229745828408974
202409,NRP-S,2027-01-31,379497.253674933,-28089.25635775353,-7683.295563374822,6365.959833942481,350090.6615877471,-0.09426300605529585,0.01677471911139412,-0.07401702142965709,-0.02024598462563875
202409,NRP-S,2027-02-28,350090.6615877471,-25912.668001063106,-7092.653771915533,5879.498000696575,322964.83781546506,-0.09427649861693368,0.016794215458451844,-0.07401702142965709,-0.020259477187276595
202409,NRP-S,2027-03-31,322964.83781546506,-23904.895321613003,-6546.725716027742,5430.024055566905,297943.24083339126,-0.09428772879306486,0.016813050275985463,-0.07401702142965709,-0.020270707363407765
202409,NRP-S,2027-04-30,297943.24083339126,-22052.871241586603,-6042.307570976459,5014.743447554686,274862.80546838295,-0.09429708401498452,0.016831203935110957,-0.07401702142965709,-0.020280062585327434
202409,NRP-S,2027-05-31,274862.80546838295,-20344.52616256897,-5576.376879820005,4631.073506018981,253572.97593201295,-0.09430487693021317,0.016848672915665507,-0.07401702142965709,-0.020287855500556066
202409,NRP-S,2027-06-30,253572.97593201295,-18768.716393541723,-5146.096243580248,4276.626083316706,233934.7893782077,-0.0943113616473623,0.01686546473494612,-0.07401702142965709,-0.020294340217705216
202409,NRP-S,2027-07-31,233934.7893782077,-17315.156318549118,-4748.811806257117,3949.192218513858,215820.01347191533,-0.09431674606180492,0.016881594349479626,-0.07401702142965709,-0.020299724632147825
202409,NRP-S,2027-08-31,215820.01347191533,-15974.35456209964,-4382.048372823461,3646.728377168705,199110.33891416094,-0.0943212012984703,0.016897081593608806,-0.07401702142965709,-0.02030417986881322
202409,NRP-S,2027-09-30,199110.33891416094,-14737.554222275736,-4043.502414571939,3367.3439675008044,183696.62624481408,-0.0943248690111689,0.01691194935363206,-0.07401702142965709,-0.020307847581511804
202409,NRP-S,2027-10-31,183696.62624481408,-13596.677121318113,-3731.0338207201476,3109.2899255761463,169478.20522835196,-0.09432786707223176,0.0169262222673179,-0.07401702142965709,-0.020310845642574658
202409,NRP-S,2027-11-30,169478.20522835196,-12544.27194824675,-3442.656984660902,2870.948221422956,156362.22451686728,-0.09433029404204006,0.016939925800811325,-0.07401702142965709,-0.020313272612382968
202409,NRP-S,2027-12-31,156362.22451686728,-11573.466122853819,-3176.5316266486934,2650.822176508541,144263.0489438733,-0.09433223270567748,0.01695308559787462,-0.07401702142965709,-0.020315211276020387
202409,NRP-S,2028-01-31,144263.0489438733,-10677.921185186338,-2930.953625116083,2447.5275083670817,133101.70164193795,-0.09433375289050673,0.016965727026324755,-0.07401702142965709,-0.020316731460849648
202409,NRP-S,2028-02-29,133101.70164193795,-9851.791502755146,-2704.34603831932,2259.7840351376817,122805.34813600116,-0.0943349137252371,0.016977874867571675,-0.07401702142965709,-0.02031789229558001
202409,NRP-S,2028-03-31,122805.34813600116,-9089.686084658897,-2495.2504345883144,2086.4079843590816,113306.81960111303,-0.09433576546208261,0.0169895531100851,-0.07401702142965709,-0.020318744032425538
202409,NRP-S,2028-04-30,113306.81960111303,-8386.633294541873,-2302.318604924146,1926.3048584822511,104544.17256012927,-0.0943363509548283,0.01700078481828051,-0.07401702142965708,-0.020319329525171227
202409,NRP-S,2028-05-31,104544.17256012927,-7738.048260728857,-2124.3047004341206,1778.4628154237607,96460.28241439005,-0.09433670686417821,0.017011592055988258,-0.07401702142965709,-0.020319685434521114
202409,NRP-S,2028-06-30,96460.28241439005,-7139.702790576684,-1960.0578152313603,1641.9465268728502,89002.46833545486,-0.09433686464565577,0.017021995849225327,-0.07401702142965709,-0.020319843215998678
202409,NRP-S,2028-07-31,89002.46833545486,-6587.697606077739,-1808.5150202366856,1515.8914804855656,82122.147189626,-0.09433685136314049,0.017032016177035595,-0.07401702142965709,-0.020319829933483417
202409,NRP-S,2028-08-31,82122.147189626,-6078.436728384002,-1668.6948428928522,1399.4986948734488,75774.5143132226,-0.09433669036183581,0.017041671982125656,-0.07401702142965709,-0.02031966893217873
202409,NRP-S,2028-09-30,75774.5143132226,-5608.603849743655,-1539.6911807796687,1292.029818630255,69918.24910132952,-0.09433640182733513,0.0170509811952011,-0.07401702142965709,-0.020319380397678034
202409,NRP-S,2028-10-31,69918.24910132952,-5175.14054205721,-1420.6676325362732,1192.8025866719483,64515.243513407986,-0.0943360032519473,0.017059960768515108,-0.07401702142965709,-0.020318981822290208
202409,NRP-S,2028-11-30,64515.243513407986,-4775.226161671464,-1310.8522266604452,1101.1866089791051,59530.35173405518,-0.09433550982516341,0.017068626715332002,-0.07401702142965709,-0.02031848839550633
202409,NRP-S,2028-12-31,59530.35173405518,-4406.259320014587,-1209.5325271646366,1016.5994684820635,54931.15935535802,-0.09433493476180203,0.017076994152891985,-0.0740170214296571,-0.020317913332144926
202409,NRP-S,2029-01-31,54931.15935535802,-4065.840799161443,-1116.051094362843,938.503106353336,50687.77056818707,-0.09433428957874056,0.017085077347121273,-0.07401702142965709,-0.020317268149083453
202409,PRIME,2025-10-31,10148.720000000001,-407.7668649948957,-105.47500815487558,102.08063711180527,9737.558763962035,-0.05057207935087096,0.010058474084594437,-0.040179142295274244,-0.010392937055596723
202409,PRIME,2025-11-30,9737.558763962035,-403.4678275922202,-101.70892875148827,97.89970122807772,9330.281708846405,-0.05187919976548221,0.010053823920467322,-0.04143418667576353,-0.010445013089718676
202409,PRIME,2025-12-31,9330.281708846405,-396.1654991270113,-97.77669648245964,93.77903400838608,8930.11854724532,-0.05293968724879389,0.01005103992942362,-0.04246018625047422,-0.010479500998319667
202409,PRIME,2026-01-31,8930.11854724532,-385.0372998957317,-93.7914969039798,89.74233686517766,8541.032087310787,-0.05361953419391237,0.01004940039601832,-0.043116706442212285,-0.010502827751700087
202409,PRIME,2026-02-28,8541.032087310787,-371.4457653877472,-89.8415637176463,85.82442585814961,8165.569184063544,-0.05400838263922663,0.010048484185612295,-0.04348956444498032,-0.010518818194246316
202409,PRIME,2026-03-31,8165.569184063544,-355.1170472602768,-85.98219781243851,82.04792784035872,7806.517866831187,-0.05401941189030562,0.010048035353186255,-0.04348956444498032,-0.010529847445325301
202409,PRIME,2026-04-30,7806.517866831187,-339.5020618604452,-82.26073792249137,78.439057204232,7463.194124252484,-0.05402700755671723,0.010047893124988374,-0.04348956444498032,-0.010537443111736905
202409,PRIME,2026-05-31,7463.194124252484,-324.57106183207685,-78.68159766997465,74.98982935226387,7134.931294102696,-0.054032181501434746,0.010047953745243747,-0.04348956444498032,-0.010542617056454422
202409,PRIME,2026-06-30,7134.931294102696,-310.295054325386,-75.24538821814286,71.69285101959342,6821.0837025787605,-0.054035620898297,0.010048148757767354,-0.04348956444498032,-0.010546056453316681
202409,PRIME,2026-07-31,6821.0837025787605,-296.64595926790395,-71.95041455177153,68.54119695561938,6521.028525714704,-0.054037802480026,0.01004843217650399,-0.04348956444498032,-0.010548238035045685
202409,PRIME,2026-08-31,6521.028525714704,-283.59669031662463,-68.79358173378725,65.52833318012702,6234.16658684442,-0.054039063111104846,0.01004877266242983,-0.04348956444498032,-0.010549498666124524
202409,PRIME,2026-09-30,6234.16658684442,-271.1211895393134,-65.77095738235091,62.64806655525353,5959.9225064780085,-0.05403964463070127,0.010049148620355431,-0.04348956444498032,-0.010550080185720949
202409,PRIME,2026-10-31,5959.9225064780085,-259.194433932564,-62.87812778641436,59.89450973134035,5697.74445449037,-0.05403972306165199,0.010049545051339058,-0.04348956444498032,-0.010550158616671667
202409,PRIME,2026-11-30,5697.74445449037,-247.79242464458818,-60.11042689528094,57.26205536576558,5447.103658316266,-0.05403942805774873,0.010049951489248974,-0.04348956444498032,-0.010549863612768409
202409,PRIME,2026-12-31,5447.103658316266,-236.8921655868333,-57.463085203570124,54.74535611596067,5207.4937636418235,-0.054038856106768215,0.010050360622820019,-0.04348956444498032,-0.010549291661787896
202409,PRIME,2027-01-31,5207.4937636418235,-226.4716356307342,-54.93132715646468,52.33930834875167,4978.430109203377,-0.05403807965204393,0.010050767360333534,-0.04348956444498032,-0.010548515207063609
202409,PRIME,2027-02-28,4978.430109203377,-216.50975706903066,-52.51043490106461,50.03903832739821,4759.44895556068,-0.05403715349398418,0.01005116818550762,-0.04348956444498032,-0.010547589049003858
202409,PRIME,2027-03-31,4759.44895556068,-206.98636207545044,-50.19578971216673,47.839890114531364,4550.106693887594,-0.054036119346786905,0.010051560708228177,-0.04348956444498032,-0.010546554901806587
202409,PRIME,2027-04-30,4550.106693887594,-197.88215829536085,-47.98289842366059,45.73741471262415,4349.979051881196,-0.05403500912391909,0.010051943347628685,-0.04348956444498032,-0.010545444678938767
202409,PRIME,2027-05-31,4349.979051881196,-189.17869431110165,-45.86740968794482,43.72736013533025,4158.660308017479,-0.05403384733482756,0.01005231510630376,-0.04348956444498032,-0.010544282889847241
202409,PRIME,2027-06-30,4158.660308017479,-180.85832547030785,-43.84512328220631,41.80566220885439,3975.762521473819,-0.05403265285200344,0.010052675408053232,-0.04348956444498032,-0.010543088407023126
202409,PRIME,2027-07-31,3975.762521473819,-172.9041803955731,-41.91199463832499,39.96843596878883,3800.9147824087104,-0.054031440226531814,0.010053023980409297,-0.04348956444498032,-0.010541875781551503
202409,PRIME,2027-08-31,3800.9147824087104,-165.30012837944196,-40.0641360856593,38.21196755996885,3633.762485503578,-0.054030220676233656,0.010053360769049712,-0.04348956444498032,-0.010540656231253338
202409,PRIME,2027-09-30,3633.762485503578,-158.0307477910597,-38.297815836085874,36.532706574050515,3473.9666284504833,-0.05402900283394217,0.01005368587512062,-0.04348956444498032,-0.010539438388961861
202409,PRIME,2027-10-31,3473.9666284504833,-151.08129556770828,-36.609455429142216,34.92725877725767,3321.2031362308903,-0.05402779331837378,0.010053999509153751,-0.04348956444498032,-0.01053822887339346
202409,PRIME,2027-11-30,3321.2031362308903,-144.43767782798406,-34.99562614164549,33.39237919250372,3175.1622114537645,-0.05402659717263236,0.010054301957091213,-0.04348956444498032,-0.01053703272765204
202409,PRIME,2027-12-31,3175.1622114537645,-138.0864216182847,-33.45304471832889,31.924965508001893,3035.547710625153,-0.054025418203145395,0.010054593555201352,-0.04348956444498032,-0.010535853758165079
202409,PRIME,2028-01-31,3035.547710625153,-132.01464778704505,-31.97856867667597,30.52205178987812,2902.0765459513104,-0.054024259243135926,0.010054874671560438,-0.04348956444498032,-0.01053469479815561
202409,PRIME,2028-02-29,2902.0765459513104,-126.2100449694154,-30.569191366237106,29.18080248005738,2774.4781120957155,-0.05402312235849718,0.010055145692406888,-0.04348956444498032,-0.010533557913516862
202409,PRIME,2028-03-31,2774.4781120957155,-120.66084465717394,-29.222036910898247,27.898506663357214,2652.4937371910005,-0.054022009009419586,0.010055407012125947,-0.04348956444498032,-0.01053244456443927
202409,PRIME,2028-04-30,2652.4937371910005,-115.3557973234747,-27.93435512548624,26.672572589656173,2535.876157331696,-0.05402092017781942,0.010055659025948358,-0.04348956444498032,-0.010531355732839094
202409,PRIME,2028-05-31,2535.876157331696,-110.28414956876584,-26.703516471389644,25.500522438444197,2424.3890137299845,-0.05401985646818687,0.010055902124682776,-0.04348956444498032,-0.010530292023206553
202409,PRIME,2028-06-30,2424.3890137299845,-105.43562225231244,-25.527007096544203,24.37998731416543,2317.8063716952934,-0.054018818187666705,0.01005613669097444,-0.04348956444498032,-0.010529253742686389
202409,PRIME,2028-07-31,2317.8063716952934,-100.80038957282846,-24.402423991081076,23.30870246163542,2215.9122605930193,-0.05401780540983392,0.010056363096709814,-0.04348956444498032,-0.0105282409648536
202409,PRIME,2028-08-31,2215.9122605930193,-96.36905906148213,-23.327470279691127,22.284502691524366,2118.5002339433704,-0.054016818025610924,0.010056581701281177,-0.04348956444498032,-0.010527253580630608
202409,PRIME,2028-09-30,2118.5002339433704,-92.13265245078608,-22.299950664273066,21.305318006493735,2025.3729488348051,-0.05401585578400179,0.010056792850495029,-0.04348956444498032,-0.010526291339021474
202409,PRIME,2028-10-31,2025.3729488348051,-88.08258738347108,-21.31776702496131,20.36916941908743,1936.3417638454603,-0.054014918324731404,0.01005699687596094,-0.04348956444498032,-0.010525353879751084
202409,PRIME,2028-11-30,1936.3417638454603,-84.210659926264,-20.37891418363385,19.474164952932277,1851.2263546884947,-0.0540140052044269,0.010057194094836719,-0.04348956444498032,-0.010524440759446582
202409,PRIME,2028-12-31,1851.2263546884947,-80.50902785447128,-19.4814758310916,18.618495819211454,1769.8543468221433,-0.05401311591763086,0.01005738480983563,-0.04348956444498032,-0.010523551472650541
202409,PRIME,2029-01-31,1769.8543468221433,-76.97019467435014,-18.623620616995858,17.800432760749047,1692.0609642915465,-0.05401224991366617,0.010057569309424,-0.04348956444498031,-0.010522685468685853
202410,NON PRIME,2025-10-31,3386607.26,-208287.77893688317,-87730.05523166448,78632.09399828529,3169221.519829738,-0.08740837405768381,0.023218545275983757,-0.06150337578172061,-0.025904998275963206
202410,NON PRIME,2025-11-30,3169221.519829738,-201070.64831847747,-84299.01736173796,70925.87590129494,2954777.7300508176,-0.0900440893432866,0.022379589264276276,-0.06344480720592852,-0.026599282137358075
202410,NON PRIME,2025-12-31,2954777.7300508176,-187187.20617332836,-80085.75995297462,64733.3549655262,2752238.118890041,-0.09045450810329014,0.021908028582716066,-0.0633506893833632,-0.027103818719926953
202410,NON PRIME,2026-01-31,2752238.118890041,-174589.64399701892,-75643.16339303454,59583.82783655697,2561589.1393365446,-0.09091975206381149,0.021649227015497746,-0.06343551555322173,-0.027484236510589757
202410,NON PRIME,2026-02-28,2561589.1393365446,-166497.24917334964,-71160.07899886579,55120.888810598175,2379052.699974927,-0.09277730160652112,0.021518239581884927,-0.06499764018224745,-0.02777966142427367
202410,NON PRIME,2026-03-31,2379052.699974927,-154632.8113675746,-66648.4226681791,51068.81436848116,2208840.2803076548,-0.09301232967142165,0.021466029049721922,-0.06499764018224745,-0.028014689489174203
202410,NON PRIME,2026-04-30,2208840.2803076548,-143569.40575949155,-62301.36895336923,47408.6750264404,2050378.1806212342,-0.09320310596843444,0.02146315215685815,-0.06499764018224745,-0.028205465786186986
202410,NON PRIME,2026-05-31,2050378.1806212342,-133269.74322155016,-58154.82699440108,44065.430331571966,1903019.0407368548,-0.09336061611714598,0.021491367177064277,-0.06499764018224745,-0.028362975934898522
202410,NON PRIME,2026-06-30,1903019.0407368548,-123691.74686977979,-54226.38547401872,40989.29185377046,1766090.2002468265,-0.0934925655157439,0.021539086565260684,-0.06499764018224745,-0.028494925333496453
202410,NON PRIME,2026-07-31,1766090.2002468265,-114791.69536503658,-50522.29675646116,38145.43614628685,1638921.6442716154,-0.0936045011168703,0.021598804036710974,-0.06499764018224745,-0.028606860934622835
202410,NON PRIME,2026-08-31,1638921.6442716154,-106526.03932126382,-47041.7495872337,35508.1954647107,1520862.0508278287,-0.09370050694323921,0.021665584556052143,-0.06499764018224745,-0.028702866760991753
202410,NON PRIME,2026-09-30,1520862.0508278287,-98852.44434654214,-43779.549420983785,33057.68568461081,1411287.7427449136,-0.09378364966756131,0.021736150012170403,-0.06499764018224745,-0.028786009485313874
202410,NON PRIME,2026-10-31,1411287.7427449136,-91730.37289655009,-40727.83383518326,30777.8012912581,1309607.3373044385,-0.0938562723389817,0.021808310494779874,-0.06499764018224745,-0.02885863215673425
202410,NON PRIME,2026-11-30,1309607.3373044385,-85121.38649014506,-37877.187296872005,28654.997191104645,1215263.760708526,-0.09392019293369623,0.021880602204081383,-0.06499764018224745,-0.028922552751448786
202410,NON PRIME,2026-12-31,1215263.760708526,-78989.27664505765,-35217.3732897029,26677.5335140929,1127734.6442878584,-0.09397684159377509,0.021952052201852295,-0.06499764018224745,-0.028979201411527634
202410,NON PRIME,2027-01-31,1127734.6442878584,-73300.09063047703,-32737.817813492777,24834.998106449784,1046531.7339503383,-0.09402735739392896,0.022022022851069353,-0.06499764018224745,-0.029029717211681516
202410,NON PRIME,2027-02-28,1046531.7339503383,-68022.09308260761,-30427.928605108995,23117.998356998756,971199.7106196205,-0.09407265780283391,0.022090107358460464,-0.06499764018224745,-0.029075017620586466
202410,NON PRIME,2027-03-31,971199.7106196205,-63125.689335956944,-28277.304292369954,21517.95778972575,901314.6747810193,-0.09411348935638814,0.022156058691571688,-0.06499764018224745,-0.02911584917414069
202410,NON PRIME,2027-04-30,901314.6747810193,-58583.326922396074,-26275.86897394026,20026.978316785346,836482.4572014683,-0.09415046517128269,0.022219740649014774,-0.06499764018224745,-0.02915282498903523
202410,NON PRIME,2027-05-31,836482.4572014683,-54369.385771943234,-24413.955845851964,18637.74413268913,776336.8597163622,-0.09418409309069359,0.022281093849885962,-0.06499764018224745,-0.029186452908446136
202410,NON PRIME,2027-06-30,776336.8597163622,-50460.063868060024,-22682.355821826688,17343.452319004336,720537.8923454798,-0.09421479706194755,0.022340111901089994,-0.06499764018224745,-0.029217156879700105
202410,NON PRIME,2027-07-31,720537.8923454798,-46833.26266434645,-21072.342049754017,16137.760784060496,668770.0484154398,-0.09424293355767255,0.022396824588265852,-0.06499764018224745,-0.02924529337542509
202410,NON PRIME,2027-08-31,668770.0484154398,-43468.47497157096,-19575.677858549738,15014.747600582372,620740.6431859015,-0.09426880432144845,0.02245128596317641,-0.06499764018224745,-0.029271164139201
202410,NON PRIME,2027-09-30,620740.6431859015,-40346.67697229407,-18184.613389404836,13968.87795545663,576178.2307796591,-0.09429266635626074,0.022503565875375078,-0.06499764018224745,-0.029295026174013306
202410,NON PRIME,2027-10-31,576178.2307796591,-37450.225325060215,-16891.87460225195,12994.976284058073,534831.1071364051,-0.09431473982239631,0.022553743945643072,-0.06499764018224745,-0.02931709964014886
202410,NON PRIME,2027-11-30,534831.1071364051,-34762.75985992509,-15690.647264501085,12088.202025419318,496465.90203739825,-0.09433521433441674,0.022601905282103017,-0.06499764018224745,-0.029337574152169296
202410,NON PRIME,2027-12-31,496465.90203739825,-32269.112063381723,-14574.557770105394,11244.027987106603,460866.26019101776,-0.09435425402076945,0.022648137447029752,-0.06499764018224745,-0.029356613838522002
202410,NON PRIME,2028-01-31,460866.26019101776,-29955.219352033804,-13537.652100733352,10458.22066354842,427831.60940179904,-0.09437200161873517,0.022692528325275414,-0.06499764018224745,-0.02937436143648773
202410,NON PRIME,2028-02-29,427831.60940179904,-27808.045006489967,-12574.373858951376,9726.822079994183,397176.0126163519,-0.09438858181120531,0.022735164644787188,-0.06499764018224745,-0.029390941628957865
202410,NON PRIME,2028-03-31,397176.0126163519,-25815.503557057415,-11679.542029604012,9046.132881370066,368727.09991106053,-0.09440410396304418,0.02277613096969198,-0.06499764018224745,-0.029406463780796716
202410,NON PRIME,2028-04-30,368727.09991106053,-23966.391365462718,-10848.328928321538,8412.696479853386,342325.0760971296,-0.09441866437856561,0.02281550903603935,-0.06499764018224745,-0.029421024196318167
202410,NON PRIME,2028-05-31,342325.0760971296,-22250.32212152171,-10076.238653338865,7823.284135531307,317821.79945780034,-0.09443234817448314,0.022853377335733265,-0.06499764018224745,-0.029434707992235673
202410,NON PRIME,2028-06-30,317821.79945780034,-20657.666963232514,-9359.08625322348,7274.88088302558,295079.92712436995,-0.09444523084213911,0.022889810879670392,-0.06499764018224745,-0.029447590659891658
202410,NON PRIME,2028-07-31,295079.92712436995,-19179.498928233596,-8692.977747848518,6764.672241238663,273972.1226895265,-0.09445737955714777,0.022924881089547974,-0.06499764018224745,-0.029459739374900318
202410,NON PRIME,2028-08-31,273972.1226895265,-17807.541450540397,-8074.29108529562,6290.031658481315,254380.32181217184,-0.09446885428254352,0.022958655781228403,-0.06499764018224745,-0.029471214100296073
202410,NON PRIME,2028-09-30,254380.32181217184,-16534.12062659186,-7499.658077796378,5848.508654489792,236195.05176227342,-0.09447970870220924,0.022991199212367485,-0.06499764018224745,-0.02948206851996178
202410,NON PRIME,2028-10-31,236195.05176227342,-15352.120987271559,-6965.947331319901,5437.817626392512,219314.80107007443,-0.09448999101409729,0.023022572174228227,-0.06499764018224745,-0.029492350831849843
202410,NON PRIME,2028-11-30,219314.80107007443,-14254.944526593876,-6470.248163077189,5055.8272889475475,203645.4356693509,-0.09449974460706392,0.023052832112923072,-0.06499764018224745,-0.02950210442481648
202410,NON PRIME,2028-12-31,203645.4356693509,-13236.47275239349,-6009.855486908937,4700.550721253999,189099.6581513025,-0.09450900864064415,0.023082033269265372,-0.06499764018224745,-0.029511368458396702
202410,NON PRIME,2029-01-31,189099.6581513025,-12291.031539104355,-5582.255636684064,4370.1359932256455,175596.5069687397,-0.09451781854353031,0.023110226829331497,-0.06499764018224745,-0.02952017836128285
202410,NRP-L,2025-10-31,463335.09,-10801.174309829035,-7756.8498634155285,7537.157066681787,452314.22289343725,-0.040053137726401344,0.01626718379279624,-0.023311798616049206,-0.016741339110352138
202410,NRP-L,2025-11-30,452314.22289343725,-10640.643931420918,-7952.672480064992,7274.965921459534,440995.8724034109,-0.04110707881911198,0.01608387610480574,-0.023524893520599718,-0.017582185298512264
202410,NRP-L,2025-12-31,440995.8724034109,-7794.156355736521,-7991.281810866821,7038.152237657238,432248.58647446474,-0.03579497939645851,0.01595967826025122,-0.017673989357901838,-0.01812099003855668
202410,NRP-L,2026-01-31,432248.58647446474,-5355.858392764599,-7986.50103597316,6860.799609899318,425767.02665562637,-0.03086732923191633,0.01587234712751252,-0.012390690358176562,-0.018476638873739765
202410,NRP-L,2026-02-28,425767.02665562637,-5358.50746207901,-7968.748757159733,6730.991247624057,419170.76168401167,-0.031301757498516304,0.015809094707252405,-0.012585538866571596,-0.018716218631944708
202410,NRP-L,2026-03-31,419170.76168401167,-5275.489912904549,-7913.78505411205,6607.039395138304,412588.5261121334,-0.0314651597216106,0.0157621666372784,-0.012585538866571596,-0.018879620855039
202410,NRP-L,2026-04-30,412588.5261121334,-5192.648931285745,-7835.71411706978,6488.63617434739,406048.79923812527,-0.03157713369085468,0.015726652012091842,-0.012585538866571596,-0.018991594824283087
202410,NRP-L,2026-05-31,406048.79923812527,-5110.342944536153,-7742.556047727232,6374.692575005826,399570.5928208677,-0.03165358207284309,0.015699326255777007,-0.012585538866571596,-0.019068043206271493
202410,NRP-L,2026-06-30,399570.5928208677,-5028.811225886085,-7639.585453068303,6264.470314748532,393166.6664566618,-0.031705027613565605,0.015678006408136668,-0.012585538866571598,-0.019119488746994002
202410,NRP-L,2026-07-31,393166.6664566618,-4948.214361730708,-7530.348533844136,6157.452168347926,386845.55572943494,-0.03173860848386631,0.015661175510733826,-0.012585538866571596,-0.019153069617294717
202410,NRP-L,2026-08-31,386845.55572943494,-4868.659776993291,-7417.272999814466,6053.264588390025,380612.8875410172,-0.03175927083779322,0.015647755283050895,-0.012585538866571594,-0.01917373197122163
202410,NRP-L,2026-09-30,380612.8875410172,-4790.218289265516,-7302.0453835907465,5951.630001534219,374472.2538696952,-0.031770505068757365,0.015636963950393917,-0.012585538866571598,-0.019184966202185766
202410,NRP-L,2026-10-31,374472.2538696952,-4712.935105529715,-7185.850871907978,5852.336543338667,368425.80443559616,-0.031774813365953954,0.015628224742586936,-0.012585538866571596,-0.019189274499382358
202410,NRP-L,2026-11-30,368425.80443559616,-4636.837281172101,-7069.5294158798415,5755.218360062154,362474.65609860636,-0.03177401407858855,0.015621105500139345,-0.012585538866571594,-0.01918847521201695
202410,NRP-L,2026-12-31,362474.65609860636,-4561.938872476183,-6953.679500091382,5660.142490500643,356619.1802165395,-0.0317694442323573,0.015615277910522047,-0.012585538866571594,-0.0191839053657857
202410,NRP-L,2027-01-31,356619.1802165395,-4488.244553180158,-6838.728415608062,5566.9999464143575,350859.2071941656,-0.03176209692902797,0.01561048943871743,-0.012585538866571596,-0.019176558062456373
202410,NRP-L,2027-02-28,350859.2071941656,-4415.752188836668,-6724.980645151922,5475.699531602174,345194.17389177915,-0.03175271620511673,0.015606543648637727,-0.012585538866571596,-0.01916717733854513
202410,NRP-L,2027-03-31,345194.17389177915,-4344.45469202906,-6612.651675485456,5386.1634833809,339623.23100764555,-0.03174186355459652,0.015603286181387004,-0.012585538866571596,-0.019156324688024917
202410,NRP-L,2027-04-30,339623.23100764555,-4274.3413738373465,-6501.891942136514,5298.324349096905,334145.32204076863,-0.03172996524413628,0.015600594615913156,-0.012585538866571596,-0.019144426377564687
202410,NRP-L,2027-05-31,334145.32204076863,-4205.398937627177,-6392.8039895824695,5212.1227137592,328759.2418273182,-0.03171734640030835,0.015598371037866201,-0.012585538866571598,-0.01913180753373675
202410,NRP-L,2027-06-30,328759.2418273182,-4137.612215762324,-6285.454901549141,5127.505523372768,323463.68023337953,-0.03170425585415546,0.015596536525856833,-0.012585538866571598,-0.019118716987583866
202410,NRP-L,2027-07-31,323463.68023337953,-4070.9647195014845,-6179.885391942571,5044.424831236674,318257.2549531721,-0.031690884441950486,0.015595027013843145,-0.012585538866571596,-0.019105345575378893
202410,NRP-L,2027-08-31,318257.2549531721,-4005.439051781533,-6076.116510828409,4962.8368486110285,313138.53623917315,-0.03167737861653249,0.015593790153632955,-0.012585538866571596,-0.01909183974996089
202410,NRP-L,2027-09-30,313138.53623917315,-3941.0172184594517,-5974.154629077055,4882.7012171770175,308106.06560881366,-0.031663850660537556,0.015592782912696643,-0.012585538866571596,-0.019078311793965963
202410,NRP-L,2027-10-31,308106.06560881366,-3877.6808637461827,-5873.995168625777,4803.980445037137,303158.3700214788,-0.03165038641190907,0.015591969718429698,-0.012585538866571596,-0.019064847545337472
202410,NRP-L,2027-11-30,303158.3700214788,-3815.411448631815,-5775.625410553845,4726.639464655194,298293.9726269483,-0.03163705115087581,0.015591321012579372,-0.012585538866571596,-0.01905151228430421
202410,NRP-L,2027-12-31,298293.9726269483,-3754.190386160502,-5679.026619709851,4650.645282684438,293511.4009037624,-0.031623894116250544,0.015590812116410467,-0.012585538866571596,-0.01903835524967895
202410,NRP-L,2028-01-31,293511.4009037624,-3693.9991438561788,-5584.175659083777,4575.966699738408,288809.19280056085,-0.03161095199154502,0.015590422333334825,-0.012585538866571596,-0.019025413124973422
202410,NRP-L,2028-02-29,288809.19280056085,-3634.8193210146283,-5491.046220663001,4502.574083914096,284185.9013427973,-0.031598251610985104,0.015590134234485324,-0.012585538866571596,-0.019012712744413508
202410,NRP-L,2028-03-31,284185.9013427973,-3576.632706681457,-5399.6097662679485,4430.43918600623,279640.09805585415,-0.03158581207067649,0.015589933086307621,-0.012585538866571596,-0.01900027320410489
202410,NRP-L,2028-04-30,279640.09805585415,-3519.4213227338446,-5309.83624785679,4359.534987344482,275170.37547260796,-0.03157364638324192,0.015589806389188601,-0.012585538866571596,-0.01898810751667032
202410,NRP-L,2028-05-31,275170.37547260796,-3463.167455439607,-5221.694659305249,4289.83557337543,270775.3489312385,-0.031561762779981364,0.015589743503484315,-0.012585538866571596,-0.018976223913409772
202410,NRP-L,2028-06-30,270775.3489312385,-3407.853678083588,-5135.153458833881,4221.316027728243,266453.65782204934,-0.03155016573937425,0.015589735344779174,-0.012585538866571596,-0.01896462687280265
202410,NRP-L,2028-07-31,266453.65782204934,-3353.462866659571,-5050.1808917644275,4153.952342707455,262203.9664063328,-0.0315388568020198,0.015589774134313688,-0.012585538866571596,-0.01895331793544821
202410,NRP-L,2028-08-31,262203.9664063328,-3299.9782101761343,-4966.74523621954,4087.721343060651,258024.96430299777,-0.031527835218117486,0.015589853193624015,-0.012585538866571596,-0.018942296351545894
202410,NRP-L,2028-09-30,258024.96430299777,-3247.383216781127,-4884.814989083282,4022.600620553409,253915.3667176868,-0.03151709846305723,0.015589966774802781,-0.012585538866571596,-0.01893155959648564
202410,NRP-L,2028-10-31,253915.3667176868,-3195.661716645227,-4804.35900554539,3958.568477405766,249873.91447290193,-0.031506642648711204,0.01559010991960585,-0.012585538866571596,-0.01892110378213961
202410,NRP-L,2028-11-30,249873.91447290193,-3144.797862341094,-4725.346602523222,3895.603877045454,245899.37388508304,-0.03149646285193891,0.015590278342031258,-0.012585538866571596,-0.018910923985367315
202410,NRP-L,2028-12-31,245899.37388508304,-3094.776127296333,-4647.747633945663,3833.6864009432043,241990.53652478426,-0.03148655337715636,0.015590468330085353,-0.012585538866571596,-0.018901014510584766
202410,NRP-L,2029-01-31,241990.53652478426,-3045.5813027751856,-4571.532544113647,3772.796210536853,238146.21888843228,-0.03147690796622826,0.015590676663301871,-0.012585538866571596,-0.018891369099656666
202410,NRP-M,2025-10-31,2948745.809999999,-92170.01921169314,-45960.394271961064,43349.757291063754,2853965.1538074086,-0.04684378457282293,0.01470108313305709,-0.03125736335058774,-0.015586421222235185
202410,NRP-M,2025-11-30,2853965.1538074086,-98303.8770599989,-45382.907503966744,41525.09873154268,2751803.4679749855,-0.05034636963674081,0.014549966973543813,-0.03444466619673123,-0.01590170344000958
202410,NRP-M,2025-12-31,2751803.4679749855,-98931.90334019628,-44348.568006122514,39817.255422781454,2648340.2520514484,-0.052067843148608614,0.014469512770867473,-0.03595166024447193,-0.01611618290413669
202410,NRP-M,2026-01-31,2648340.2520514484,-102096.83488331533,-43082.26097409288,38214.01469778315,2541375.1708918232,-0.05481889864602937,0.014429420339090468,-0.03855125292312021,-0.01626764572290915
202410,NRP-M,2026-02-28,2541375.1708918232,-103485.8261342371,-41622.264271406224,36629.261703088145,2432896.342189268,-0.057098256120414435,0.014413165801975688,-0.04072040496796138,-0.016377851152453052
202410,NRP-M,2026-03-31,2432896.342189268,-99068.52429901894,-40045.51167674381,35061.17246682775,2328843.478680333,-0.057180420539651715,0.01441128907090122,-0.04072040496796138,-0.016460015571690332
202410,NRP-M,2026-04-30,2328843.478680333,-94831.4495588591,-38478.370895741136,33577.647422185,2229111.305647918,-0.05724292837839915,0.01441816409285358,-0.04072040496796138,-0.016522523410437768
202410,NRP-M,2026-05-31,2229111.305647918,-90770.31508464436,-36938.357677578446,32166.842481124437,2133569.475366819,-0.05729129471401732,0.014430343787509865,-0.04072040496796138,-0.016570889746055938
202410,NRP-M,2026-06-30,2133569.475366819,-86879.81306421777,-35436.14593411344,30820.834220242414,2042074.3505887303,-0.05732925991421102,0.014445667027057305,-0.04072040496796138,-0.016608854946249637
202410,NRP-M,2026-07-31,2042074.3505887303,-83154.09453065984,-33978.1222822354,29534.022362578762,1954476.1561384136,-0.057359428063491424,0.014462755655328662,-0.04072040496796138,-0.016639023095530045
202410,NRP-M,2026-08-31,1954476.1561384136,-79587.06057818072,-32567.9224539779,28302.22343688068,1870623.3965431356,-0.05738365376313956,0.014480720753738553,-0.040720404967961386,-0.01666324879517818
202410,NRP-M,2026-09-30,1870623.3965431356,-76172.54224977989,-31207.384419709902,27122.14195465774,1790365.6118283037,-0.05740328431042035,0.014498985741747253,-0.04072040496796138,-0.016682879342458965
202410,NRP-M,2026-10-31,1790365.6118283037,-72904.41275436047,-29897.155601241644,25991.054469139737,1713555.0979418415,-0.05741931573999691,0.014517176993026541,-0.04072040496796138,-0.01669891077203553
202410,NRP-M,2026-11-30,1713555.0979418415,-69776.6575231065,-28637.088673534545,24906.616988910115,1640047.9687341105,-0.05743249593482359,0.014535054646813261,-0.04072040496796138,-0.016712090966862214
202410,NRP-M,2026-12-31,1640047.9687341105,-66783.41745373544,-27426.504691721704,23866.745550141848,1569704.7921387954,-0.05744339430399353,0.014552467979679682,-0.04072040496796138,-0.01672298933603214
202410,NRP-M,2027-01-31,1569704.7921387954,-63919.01481604139,-26264.37098570768,22869.541045801292,1502390.9473828475,-0.0574524498194785,0.014569326130832845,-0.04072040496796138,-0.01673204485151712
202410,NRP-M,2027-02-28,1502390.9473828475,-61177.967797628706,-25149.423151556814,21913.241281545354,1437976.7977152073,-0.05746000473416531,0.014585578620343816,-0.04072040496796138,-0.016739599766203928
202410,NRP-M,2027-03-31,1437976.7977152073,-58554.997537495525,-24080.24969251781,20996.190019009733,1376337.7405042036,-0.057466328637090655,0.01460120222549519,-0.04072040496796138,-0.016745923669129276
202410,NRP-M,2027-04-30,1376337.7405042036,-56045.030166020115,-23055.351290675753,20116.816741514936,1317354.1757890226,-0.05747163587021778,0.01461619205046677,-0.04072040496796138,-0.01675123090225639
202410,NRP-M,2027-05-31,1317354.1757890226,-53643.19552436398,-22073.182592000943,19273.623250581582,1260911.420923239,-0.05747609830971613,0.014630555400211749,-0.04072040496796138,-0.01675569334175475
202410,NRP-M,2027-06-30,1260911.420923239,-51344.82368872191,-21132.181779650495,18465.174644531176,1206899.5900993978,-0.05747985486189407,0.014644307552556688,-0.04072040496796138,-0.016759449893932687
202410,NRP-M,2027-07-31,1206899.5900993978,-49145.44006451407,-20230.79151994895,17690.09312162673,1155213.4516365614,-0.0574830185987132,0.014657468829009885,-0.04072040496796138,-0.01676261363075182
202410,NRP-M,2027-08-31,1155213.4516365614,-47040.759575077245,-19367.473751129237,16947.053608341663,1105752.2719186964,-0.057485682175988886,0.01467006256231972,-0.04072040496796138,-0.016765277208027514
202410,NRP-M,2027-09-30,1105752.2719186964,-45026.680306772665,-18540.720038888412,16234.780567168811,1058419.652140204,-0.057487921987588786,0.01468211368808521,-0.04072040496796138,-0.016767517019627406
202410,NRP-M,2027-10-31,1058419.652140204,-43099.27686119792,-17749.058716216823,15552.04556504232,1013123.3621278317,-0.05748980137923066,0.014693647773446868,-0.04072040496796138,-0.016769396411269285
202410,NRP-M,2027-11-30,1013123.3621278317,-41254.79358834789,-16991.059676413246,14897.665329931262,969775.1741930019,-0.05749137315561372,0.014704690353445366,-0.04072040496796138,-0.01677096818765234
202410,NRP-M,2027-12-31,969775.1741930019,-39489.63782101433,-16265.33744547346,14270.500118516158,928290.6990450303,-0.057492681551560926,0.014715266484720388,-0.04072040496796138,-0.01677227658359955
202410,NRP-M,2028-01-31,928290.6990450303,-37800.373193105595,-15570.55298910363,13669.452280267084,888589.2251430883,-0.05749376379308123,0.014725400453036311,-0.04072040496796138,-0.016773358825119846
202410,NRP-M,2028-02-29,888589.2251430883,-36183.71309799356,-14905.414587974818,13093.46494423627,850593.5624013562,-0.05749465134212219,0.014735115589689766,-0.04072040496796138,-0.016774246374160817
202410,NRP-M,2028-03-31,850593.5624013562,-34636.51432412415,-14268.678027445558,12541.520781848883,814229.8908316353,-0.05749537089547545,0.014744434164822792,-0.04072040496796138,-0.016774965927514065
202410,NRP-M,2028-04-30,814229.8908316353,-33155.770891683176,-13659.146284630968,12012.64081670574,779427.6144720269,-0.057495945191226625,0.014753377334792156,-0.04072040496796138,-0.016775540223265245
202410,NRP-M,2028-05-31,779427.6144720269,-31738.608104513012,-13075.668849394917,11505.883264023343,746119.2207821424,-0.05749639366352766,0.014761965127213594,-0.04072040496796138,-0.01677598869556628
202410,NRP-M,2028-06-30,746119.2207821424,-30382.276824628625,-12517.14078173896,11020.342389883948,714240.1455656588,-0.057496732977066256,0.014770216451911716,-0.04072040496796138,-0.016776328009104877
202410,NRP-M,2028-07-31,714240.1455656588,-29084.14797180931,-11982.50158276562,10555.14738531138,683728.6433963954,-0.057496977465543136,0.014778149129312789,-0.04072040496796138,-0.016776572497581754
202410,NRP-M,2028-08-31,683728.6433963954,-27841.70724729607,-11470.733937507182,10109.461253232594,654525.6634648247,-0.05749713949311855,0.014785779930198974,-0.04072040496796138,-0.016776734525157173
202410,NRP-M,2028-09-30,654525.6634648247,-26652.550078211265,-10980.862373725704,9682.479708236544,626574.7307211242,-0.057497229753710716,0.014793124622464703,-0.04072040496796138,-0.016776824785749343
202410,NRP-M,2028-10-31,626574.7307211242,-25514.37677765553,-10511.951870077024,9273.430090106538,599821.8321634982,-0.05749725751989693,0.014800198021764709,-0.04072040496796138,-0.01677685255193555
202410,NRP-M,2028-11-30,599821.8321634982,-24424.987914322206,-10063.106438900886,8881.57029265347,574215.3081029286,-0.05749723085074769,0.014807014043851194,-0.04072040496796138,-0.01677682588278632
202410,NRP-M,2028-12-31,574215.3081029286,-23382.279884753967,-9633.467702701491,8506.187709598438,549705.7482250716,-0.057497156766042466,0.01481358575705839,-0.04072040496796138,-0.016776751798081087
202410,NRP-M,2029-01-31,549705.7482250716,-22384.240680941133,-9222.213478639747,8146.59819926741,526245.8922647581,-0.057497041392843375,0.014819925433873879,-0.04072040496796138,-0.016776636424881995
202410,NRP-S,2025-10-31,1148959.1199999996,-58340.836962077694,-21132.86923907623,19572.893667304324,1089058.30746615,-0.0691701774395193,0.01703532643294074,-0.05077712161079997,-0.018393055828719335
202410,NRP-S,2025-11-30,1089058.30746615,-54694.55966717071,-20553.4194668237,18392.1031264934,1032202.431458649,-0.06909453664521378,0.016888079362146605,-0.05022188370650735,-0.018872652938706443
202410,NRP-S,2025-12-31,1032202.431458649,-49664.10643075412,-19814.366994234842,17357.273488323757,980081.2315219839,-0.06731089881933913,0.01681576496946966,-0.04811469622346429,-0.01919620259587484
202410,NRP-S,2026-01-31,980081.2315219839,-47829.376344297314,-19035.78624767696,16451.19520773419,929667.2641377439,-0.06822410269824093,0.016785542543434756,-0.04880144094793276,-0.019422661750308167
202410,NRP-S,2026-02-28,929667.2641377439,-44913.36946751299,-18208.341110261023,15599.494207921167,882145.0477678911,-0.06789709933082208,0.01677965311856982,-0.048311230480046694,-0.019585868850775397
202410,NRP-S,2026-03-31,882145.0477678911,-42617.51271954639,-17383.821293459565,14809.47618537562,836953.1899402607,-0.06801753766552168,0.0167880284799516,-0.048311230480046694,-0.019706307185474985
202410,NRP-S,2026-04-30,836953.1899402607,-40434.238460214234,-16569.10017554167,14064.788536651227,794014.639841156,-0.06810815625163534,0.01680474930462375,-0.048311230480046694,-0.01979692577158864
202410,NRP-S,2026-05-31,794014.639841156,-38359.82426989735,-15774.062700318711,13360.279393770334,753241.0322647103,-0.0681774418933203,0.016826238111230647,-0.04831123048004669,-0.019866211413273615
202410,NRP-S,2026-06-30,753241.0322647103,-36390.001116768704,-15004.48490877674,12692.328994396454,714538.8752335614,-0.0682311289800845,0.016850288885929952,-0.048311230480046694,-0.01991989850003782
202410,NRP-S,2026-07-31,714538.8752335614,-34520.25228836191,-14263.599335783514,12058.217499850509,677813.2411092665,-0.06827319452450986,0.016875523386896255,-0.04831123048004669,-0.01996196404446318
202410,NRP-S,2026-08-31,677813.2411092665,-32745.991713657237,-13553.031114855225,11455.772732310981,642969.991013065,-0.06830645968606691,0.016901075454889586,-0.048311230480046694,-0.01999522920602021
202410,NRP-S,2026-09-30,642969.991013065,-31062.671427585734,-12873.374812221484,10883.168602932908,609917.1133761907,-0.06833296554102235,0.016926402095042356,-0.048311230480046694,-0.020021735060975654
202410,NRP-S,2026-10-31,609917.1133761907,-29465.846238041915,-12224.559043481117,10338.80713897875,578565.5152336464,-0.06835421464196367,0.016951167482001574,-0.048311230480046694,-0.020042984161916987
202410,NRP-S,2026-11-30,578565.5152336464,-27951.211954259656,-11606.081966874252,9821.248072505457,548829.4693850179,-0.06837133026353844,0.016975170164677495,-0.048311230480046694,-0.02006009978349173
202410,NRP-S,2026-12-31,548829.4693850179,-26514.62698970133,-11017.166148284934,9329.16606222496,520626.84230925655,-0.06838516375595122,0.01699829652492715,-0.048311230480046694,-0.020073933275904524
202410,NRP-S,2027-01-31,520626.84230925655,-25152.12337290142,-10456.861919478408,8861.324250543492,493879.18126742024,-0.06839636837477504,0.017020490551810222,-0.048311230480046694,-0.020085137894728346
202410,NRP-S,2027-02-28,493879.18126742024,-23859.910955507097,-9924.117165938065,8416.557613165149,468511.71075914026,-0.06840545097435917,0.0170417339551874,-0.048311230480046694,-0.020094220494312483
202410,NRP-S,2027-03-31,468511.71075914026,-22634.377241085796,-9417.824844422852,7993.762243824299,444453.2709174559,-0.0684128087931329,0.017062032944431257,-0.048311230480046694,-0.020101578313086208
202410,NRP-S,2027-04-30,444453.2709174559,-21472.084408903847,-8936.855495424652,7591.888265625731,421636.21927875315,-0.06841875601805632,0.017081409368310624,-0.048311230480046694,-0.020107525538009617
202410,NRP-S,2027-05-31,421636.21927875315,-20369.76456831135,-8480.079507615013,7209.934970648469,399996.3101734753,-0.06842354322708953,0.017099894745716375,-0.048311230480046694,-0.02011231274704283
202410,NRP-S,2027-06-30,399996.3101734753,-19324.313931959012,-8046.382300856867,6846.947332912335,379472.5612735718,-0.06842737179486835,0.017117526234036676,-0.048311230480046694,-0.020116141314821662
202410,NRP-S,2027-07-31,379472.5612735718,-18332.78636854117,-7634.674567210318,6502.013368708381,360007.1137065287,-0.0684304046874969,0.017134343908520193,-0.048311230480046694,-0.020119174207450217
202410,NRP-S,2027-08-31,360007.1137065287,-17392.386644732484,-7243.899034935451,6174.26201960046,341545.0900464612,-0.06843277463608953,0.017150388935463112,-0.048311230480046694,-0.020121544156042837
202410,NRP-S,2027-09-30,341545.0900464612,-16500.463564562888,-6873.034770892759,5862.861357719022,324034.45306872454,-0.06843459038534588,0.01716570235842501,-0.04831123048004669,-0.02012335990529919
202410,NRP-S,2027-10-31,324034.45306872454,-15654.503145679026,-6521.099732818274,5567.016990238407,307425.86718046566,-0.06843594151327503,0.017180324306618398,-0.048311230480046694,-0.020124711033228347
202410,NRP-S,2027-11-30,307425.86718046566,-14852.121924883699,-6187.152074862899,5285.9705881462005,291672.56376886525,-0.0684369021797248,0.017194293494643444,-0.048311230480046694,-0.02012567169967811
202410,NRP-S,2027-12-31,291672.56376886525,-14091.060452943766,-5870.290565632728,5018.998494529295,276730.211244818,-0.06843753406437908,0.017207646923234714,-0.048311230480046694,-0.020126303584332383
202410,NRP-S,2028-01-31,276730.211244818,-13369.177016240412,-5569.6543770230655,4765.410386361694,262556.79023791617,-0.068437888686135,0.01722041971827147,-0.048311230480046694,-0.0201266582060883
202410,NRP-S,2028-02-29,262556.79023791617,-12684.441607285242,-5284.422430748907,4524.547975380749,249112.4741752628,-0.06843800924650108,0.01723264506425762,-0.048311230480046694,-0.020126778766454377
202410,NRP-S,2028-03-31,249112.4741752628,-12034.9301553358,-5013.812438526067,4295.783740715687,236359.51532211658,-0.06843793210398307,0.017244354201602096,-0.048311230480046694,-0.020126701623936365
202410,NRP-S,2028-04-30,236359.51532211658,-11418.819020878902,-4757.079735194132,4078.519690150386,224262.13625619395,-0.06843768796034347,0.017255576466181522,-0.048311230480046694,-0.020126457480296768
202410,NRP-S,2028-05-31,224262.13625619395,-10834.379752620622,-4513.515977489936,3872.1861493197644,212786.42667540314,-0.06843730282038041,0.01726633935608387,-0.048311230480046694,-0.020126072340333714
202410,NRP-S,2028-06-30,212786.42667540314,-10279.974102140957,-4282.447761774938,3676.2405794312785,201900.2453909185,-0.06843679877255641,0.017276668614954614,-0.048311230480046694,-0.02012556829250972
202410,NRP-S,2028-07-31,201900.2453909185,-9754.04928905865,-4063.235199767546,3490.1664247018725,191573.12732679417,-0.06843619462707053,0.017286588324567042,-0.0483112304800467,-0.02012496414702382
202410,NRP-S,2028-08-31,191573.12732679417,-9255.133508068086,-3855.2704808074914,3313.471990881726,181776.19532880033,-0.06843550643985287,0.01729612100150902,-0.0483112304800467,-0.020124275959806176
202410,NRP-S,2028-09-30,181776.19532880033,-8781.831668315659,-3657.976441372728,3145.6893561753054,172482.07657528724,-0.06843474794478463,0.017305287694493337,-0.04831123048004669,-0.020123517464737936
202410,NRP-S,2028-10-31,172482.07657528724,-8332.821355105765,-3470.805156756035,2986.3733156781727,163664.82337910362,-0.06843393091171185,0.01731410807994674,-0.048311230480046694,-0.020122700431665155
202410,NRP-S,2028-11-30,163664.82337910362,-7906.84900374401,-3293.2365654669916,2835.1003601943175,155299.8381700869,-0.06843306544417171,0.017322600554349157,-0.048311230480046694,-0.02012183496412501
202410,NRP-S,2028-12-31,155299.8381700869,-7502.726275349021,-3124.7771336756714,2691.4676900254685,147363.80245108766,-0.06843216022791522,0.017330782322372604,-0.048311230480046694,-0.020120929747868537
202410,NRP-S,2029-01-31,147363.80245108766,-7119.326624630566,-2964.958564580426,2555.092264056256,139834.60952593293,-0.0684312227390992,0.017338669480277093,-0.048311230480046694,-0.0201199922590525
202411,NON PRIME,2025-10-31,3628698.04,-230753.76135566182,-97876.28092295343,89947.2008771036,3390015.1985984882,-0.090564174438338,0.024787733750671524,-0.06359133739209169,-0.026972837046246326
202411,NON PRIME,2025-11-30,3390015.1985984882,-224207.16314227637,-94609.45193793645,81587.71553687913,3152786.2990551544,-0.09404577749740446,0.024067064823369937,-0.06613750971823633,-0.027908267779168133
202411,NON PRIME,2025-12-31,3152786.2990551544,-210937.91810333866,-89967.87653019051,74754.88248255012,2926635.3869041754,-0.09544122756550495,0.0237107356451508,-0.0669052381274791,-0.028535989438025853
202411,NON PRIME,2026-01-31,2926635.3869041754,-198005.9130091905,-84808.81702458067,68916.95725959966,2712737.614130004,-0.09663476745319322,0.023548186961718082,-0.06765650203479674,-0.02897826541839648
202411,NON PRIME,2026-02-28,2712737.614130004,-188843.9992887937,-79488.66075048983,63730.76919924492,2508135.7232899657,-0.09891581796986287,0.02349315645836388,-0.06961380942452758,-0.029302008545335285
202411,NON PRIME,2026-03-31,2508135.7232899657,-174600.88225195732,-74106.33566624107,58939.36764162174,2318367.873013389,-0.09916019121643256,0.02349927362156859,-0.06961380942452758,-0.02954638179190498
202411,NON PRIME,2026-04-30,2318367.873013389,-161390.4192879014,-68937.98032497826,54575.383605360774,2142614.85700587,-0.09934937517638276,0.02354043300920328,-0.06961380942452758,-0.029735565751855177
202411,NON PRIME,2026-05-31,2142614.85700587,-149155.58232576805,-64032.38078304684,50568.74212617205,1979995.6360232271,-0.09949896614024592,0.023601414860362612,-0.06961380942452758,-0.029885156715718328
202411,NON PRIME,2026-06-30,1979995.6360232271,-137835.0388675172,-59410.93057565962,46872.66282120262,1829622.3294012528,-0.09961939605045823,0.02367311420713291,-0.06961380942452758,-0.030005586625930662
202411,NON PRIME,2026-07-31,1829622.3294012528,-127366.98015779903,-55079.044104426845,43453.507347579725,1690629.8124866067,-0.09971786052804223,0.023749987442381052,-0.06961380942452758,-0.03010405110351466
202411,NON PRIME,2026-08-31,1690629.8124866067,-117691.18157386743,-51032.753226061526,40285.38700169618,1562191.264688374,-0.0997994555364944,0.023828626884583183,-0.06961380942452758,-0.030185646111966818
202411,NON PRIME,2026-09-30,1562191.264688374,-108750.0849846782,-47262.634707759484,37347.2073341249,1443525.752330061,-0.09986787355616093,0.023906936479749757,-0.06961380942452758,-0.030254064131633354
202411,NON PRIME,2026-10-31,1443525.752330061,-100489.32662210267,-43756.202876122305,34621.003058362905,1333901.2258901992,-0.09992584425001885,0.02398364075076566,-0.06961380942452758,-0.030312034825491274
202411,NON PRIME,2026-11-30,1333901.2258901992,-92857.94573026404,-40499.39160921268,32090.975453962088,1232634.8640046846,-0.09997542153128967,0.024057984827583985,-0.06961380942452758,-0.030361612106762102
202411,NON PRIME,2026-12-31,1232634.8640046846,-85808.40851285058,-37477.481476288965,29742.92122517483,1139091.89524072,-0.10001817536508605,0.02412954727610381,-0.06961380942452758,-0.030404365940558477
202411,NON PRIME,2027-01-31,1139091.89524072,-79296.5261123114,-34675.681199983715,27563.883755755556,1052683.5716841803,-0.10005532283083256,0.02419812121473359,-0.06961380942452758,-0.030441513406304972
202411,NON PRIME,2027-02-28,1052683.5716841803,-73281.31354355354,-32079.48976649175,25541.932783629192,972864.7011577642,-0.10008781949686871,0.024263637688165734,-0.06961380942452758,-0.030474010072341136
202411,NON PRIME,2027-03-31,972864.7011577642,-67724.81790224658,-29674.917292048565,23666.019274779406,899130.9852382484,-0.10011642428632053,0.02432611569380151,-0.06961380942452759,-0.03050261486179294
202411,NON PRIME,2027-04-30,899130.9852382484,-62591.93305406314,-27448.6139447665,21925.874897424368,831016.3131368431,-0.10014174628290785,0.02438562929917773,-0.06961380942452758,-0.030527936858380282
202411,NON PRIME,2027-05-31,831016.3131368431,-57850.211251381734,-25387.938599522313,20311.938293817137,768090.1015797561,-0.10016427901000452,0.024442285876609956,-0.06961380942452758,-0.030550469585476945
202411,NON PRIME,2027-06-30,768090.1015797561,-53469.67795223917,-23480.98789706794,18815.297700637948,709954.733431087,-0.10018442587795384,0.024496211657903035,-0.06961380942452758,-0.030570616453426257
202411,NON PRIME,2027-07-31,709954.733431087,-49422.65351311297,-21716.599373536537,17427.643749371306,656243.1242938088,-0.10020251931111995,0.02454754215828177,-0.06961380942452758,-0.030588709886592364
202411,NON PRIME,2027-08-31,656243.1242938088,-45683.583790745775,-20084.33779278552,16141.228794368995,606616.4315046465,-0.1002188352895963,0.02459641586605386,-0.06961380942452758,-0.030605025865068712
202411,NON PRIME,2027-09-30,606616.4315046465,-42228.88065655145,-18574.470835446235,14948.83060575166,560761.9106184004,-0.10023360452202315,0.024642970136289747,-0.06961380942452758,-0.030619795097495572
202411,NON PRIME,2027-10-31,560761.9106184004,-39036.7727783233,-17177.938315493408,13843.719149161045,518390.91867374483,-0.10024702111422636,0.024687338578139845,-0.06961380942452758,-0.03063321168969878
202411,NON PRIME,2027-11-30,518390.91867374483,-36087.16661995985,-15886.317759347485,12819.625700068354,479237.05999450583,-0.10025924935621303,0.024729649456179094,-0.06961380942452758,-0.03064543993168545
202411,NON PRIME,2027-12-31,479237.05999450583,-33361.517363628416,-14691.788273547865,11870.713851318136,443054.4682086476,-0.10027042908102136,0.024770024779498953,-0.06961380942452758,-0.0306566196564938
202411,NON PRIME,2028-01-31,443054.4682086476,-30842.70931456221,-13587.094003171338,10991.55215475715,409616.21704567125,-0.10028067992942624,0.024808579855199426,-0.06961380942452758,-0.030666870504898663
202411,NON PRIME,2028-02-29,409616.21704567125,-28514.945270613283,-12565.5080519876,10177.088242695945,378712.8519657663,-0.10029010476902213,0.024845423152670795,-0.06961380942452758,-0.030676295344494564
202411,NON PRIME,2028-03-31,378712.8519657663,-26363.644303364177,-11620.797435756576,9422.624333680134,350151.0345603257,-0.10029879245438006,0.024880656372686005,-0.06961380942452758,-0.030684983029852488
202411,NON PRIME,2028-04-30,350151.0345603257,-24375.34738968368,-10747.189431210665,8723.794058451273,323752.2917978825,-0.10030682006979269,0.02491437464808717,-0.06961380942452758,-0.030693010645265105
202411,NON PRIME,2028-05-31,323752.2917978825,-22537.63034197184,-9939.339537475431,8076.540557480393,299351.8624759157,-0.10031425476278183,0.024946666825520266,-0.06961380942452758,-0.030700445338254247
202411,NON PRIME,2028-06-30,299351.8624759157,-20839.023505275785,-9192.30116506048,7477.095807972982,276797.63361355243,-0.10032115525171463,0.024977615793436228,-0.06961380942452758,-0.030707345827187045
202411,NON PRIME,2028-07-31,276797.63361355243,-19268.937715534048,-8501.497097049012,6921.961139925154,255949.1599408945,-0.10032757307222649,0.02500729883258021,-0.06961380942452758,-0.030713763647698924
202411,NON PRIME,2028-08-31,255949.1599408945,-17817.59604249336,-7862.692718646188,6407.888900119513,236676.76007987445,-0.10033355361302929,0.025035787972889873,-0.06961380942452758,-0.03071974418850171
202411,NON PRIME,2028-09-30,236676.76007987445,-16475.97087141502,-7271.970978437222,5931.865221314002,218860.68345133623,-0.10033913698090892,0.025063150346118043,-0.06961380942452758,-0.03072532755638134
202411,NON PRIME,2028-10-31,218860.68345133623,-15235.725908303177,-6725.709023050817,5491.093852095819,202390.34237207807,-0.10034435872643671,0.02508944852727176,-0.06961380942452758,-0.03073054930190914
202411,NON PRIME,2028-11-30,202390.34237207807,-14089.162723254733,-6220.556433217538,5082.981001362506,187163.6042169683,-0.10034925045551094,0.025114740860598284,-0.06961380942452758,-0.030735441030983357
202411,NON PRIME,2028-12-31,187163.6042169683,-13029.171475167737,-5753.414981163688,4705.121150344662,173086.13891098154,-0.1003538403468541,0.0251390817676832,-0.06961380942452758,-0.030740030922326522
202411,NON PRIME,2029-01-31,173086.13891098154,-12049.185488176376,-5321.4198252428,4355.283784558612,160070.81738212096,-0.10035815359168017,0.025162522036490404,-0.06961380942452758,-0.030744344167152597
202411,NRP-L,2025-10-31,587145.5900000001,-17283.137505275536,-8830.248015524761,8296.276910034021,569328.4813892338,-0.04447514545889767,0.014129846244836855,-0.029435863607994626,-0.015039281850903044
202411,NRP-L,2025-11-30,569328.4813892338,-17579.49836609388,-8536.92049409252,8009.480501603953,551221.5430306514,-0.04587232101309778,0.01406829407525828,-0.030877602194075503,-0.014994718819022278
202411,NRP-L,2025-12-31,551221.5430306514,-20042.99794515012,-8248.115165871048,7740.724563298437,530671.1544829287,-0.051324396640005786,0.014042855656075118,-0.036361056998883666,-0.014963339641122118
202411,NRP-L,2026-01-31,530671.1544829287,-20833.456857140252,-7928.3357684881075,7448.4823956091195,509357.8442529095,-0.05419889960601506,0.014035966215022023,-0.039258694732408804,-0.014940204873606252
202411,NRP-L,2026-02-28,509357.8442529095,-22745.048619713005,-7600.907282148464,7150.821638136553,486162.7099891846,-0.05957688930141205,0.014038895677801682,-0.04465436014453425,-0.014922529156877803
202411,NRP-L,2026-03-31,486162.7099891846,-21709.284740699808,-7248.022173065677,6829.150800957176,464034.55387637625,-0.059562994690418945,0.01404704774890921,-0.04465436014453425,-0.01490863454588469
202411,NRP-L,2026-04-30,464034.55387637625,-20721.166088303988,-6912.93423291934,6523.351040363366,442923.80459551624,-0.05955181589469595,0.014057899322086382,-0.04465436014453425,-0.014897455750161699
202411,NRP-L,2026-05-31,442923.80459551624,-19778.479086995496,-6594.376683405607,6231.948878972572,422782.8977040877,-0.0595426470575117,0.014070024718277828,-0.04465436014453425,-0.014888286912977453
202411,NRP-L,2026-06-30,422782.8977040877,-18879.099777028114,-6291.281555412248,5953.884279948851,403566.4006515962,-0.05953500358961421,0.014082604363329915,-0.04465436014453424,-0.014880643445079968
202411,NRP-L,2026-07-31,403566.4006515962,-18020.99939692978,-6002.720315918773,5688.334916458282,385231.0158552059,-0.059528542698450565,0.014095164779015118,-0.04465436014453425,-0.014874182553916312
202411,NRP-L,2026-08-31,385231.0158552059,-17202.24452084315,-5727.867249326425,5434.62161632079,367735.5257013571,-0.05952301560990654,0.014107435259998545,-0.04465436014453426,-0.014868655465372286
202411,NRP-L,2026-09-30,367735.5257013571,-16420.994602608032,-5465.975841743511,5192.155766998194,351040.71102400374,-0.05951823774058273,0.014119266168520286,-0.04465436014453425,-0.014863877596048479
202411,NRP-L,2026-10-31,351040.71102400374,-15675.498335459237,-5216.362924203127,4960.409217338628,335109.25898168003,-0.0595140694614016,0.014130581045340467,-0.04465436014453425,-0.014859709316867347
202411,NRP-L,2026-11-30,335109.25898168003,-14964.089538335938,-4978.397625078218,4738.896614481233,319905.66843274713,-0.05951040333536229,0.014141347896150796,-0.04465436014453425,-0.01485604319082804
202411,NRP-L,2026-12-31,319905.66843274713,-14285.182930473851,-4751.493406125904,4527.164791798072,305396.15688794537,-0.05950715543698402,0.014151561658713794,-0.04465436014453425,-0.01485279529244977
202411,NRP-L,2027-01-31,305396.15688794537,-13637.269976430996,-4535.102137201394,4324.786240676303,291548.5710149893,-0.0595042593162039,0.014161233346047426,-0.04465436014453425,-0.014849899171669649
202411,NRP-L,2027-02-28,291548.5710149893,-13018.91488972765,-4328.709557050625,4131.354989392397,278332.3015576034,-0.059501661717581825,0.014170383257272056,-0.04465436014453425,-0.014847301573047584
202411,NRP-L,2027-03-31,278332.3015576034,-12428.750833610333,-4131.831701194844,3946.483921191118,265718.20294398937,-0.059499319490152004,0.014179036709378688,-0.04465436014453425,-0.014844959345617754
202411,NRP-L,2027-04-30,265718.20294398937,-11865.476331219343,-3944.0120210714254,3769.802962805574,253678.5175545042,-0.0594971973208145,0.014187221353443405,-0.04465436014453425,-0.014842837176280248
202411,NRP-L,2027-05-31,253678.5175545042,-11327.851883810385,-3764.819008628597,3600.9578042491635,242186.80446631435,-0.05949526604749352,0.014194965497917964,-0.04465436014453425,-0.014840905902959268
202411,NRP-L,2027-06-30,242186.80446631435,-10814.696788892697,-3593.8441985495515,3439.6089452513097,231217.8724241234,-0.05949350138705153,0.014202297077377406,-0.04465436014453425,-0.014839141242517272
202411,NRP-L,2027-07-31,231217.8724241234,-10324.88614707978,-3430.7004584294064,3285.430943806327,220747.71676242055,-0.05949188296429476,0.014209243037146603,-0.04465436014453425,-0.014837522819760515
202411,NRP-L,2027-08-31,220747.71676242055,-9857.348045392768,-3275.0205028298483,3138.11179062782,210753.46000482576,-0.059490393562513316,0.014215828986377282,-0.04465436014453425,-0.014836033417979063
202411,NRP-L,2027-09-30,210753.46000482576,-9411.060904762184,-3126.455584633482,2997.352362771388,201213.2958782015,-0.05948901853904836,0.014222079024006323,-0.04465436014453425,-0.01483465839451411
202411,NRP-L,2027-10-31,201213.2958782015,-8985.050980013939,-2984.67432928216,2862.8659278111713,192106.43649671655,-0.059487745365204986,0.014228015675187401,-0.04465436014453425,-0.014833385220670727
202411,NRP-L,2027-11-30,192106.43649671655,-8578.390001407479,-2849.361686071548,2734.3776811635657,183413.0624904011,-0.059486563260853303,0.01423365989723255,-0.04465436014453425,-0.014832203116319055
202411,NRP-L,2027-12-31,183413.0624904011,-8190.192947658336,-2720.217976828423,2611.6243061015152,175114.27587201586,-0.05948546290184624,0.014239031128102963,-0.04465436014453425,-0.014831102757311986
202411,NRP-L,2028-01-31,175114.27587201586,-7819.61594123832,-2596.958026768935,2494.353550309243,167192.05545431786,-0.05948443618394836,0.014244147359706229,-0.04465436014453425,-0.01483007603941411
202411,NRP-L,2028-02-29,167192.05545431786,-7465.854257562051,-2479.3103656281774,2382.3238154821943,159629.21464660982,-0.05948347603099814,0.01424902522436612,-0.04465436014453425,-0.014829115886463894
202411,NRP-L,2028-03-31,159629.21464660982,-7128.140440418876,-2367.0164896054475,2275.303758095692,152409.36147468118,-0.05948257623797049,0.014253680086898896,-0.04465436014453425,-0.01482821609343624
202411,NRP-L,2028-04-30,152409.36147468118,-6805.742516688917,-2259.830176520781,2173.0719004339603,145516.86068190544,-0.05948173134178313,0.014258126137448318,-0.04465436014453425,-0.014827371197248883
202411,NRP-L,2028-05-31,145516.86068190544,-6497.9623039918215,-2157.516847990795,2075.416251531255,138936.79778145408,-0.059480936514313486,0.014262376482049317,-0.04465436014453425,-0.014826576369779227
202411,NRP-L,2028-06-30,138936.79778145408,-6204.133805461378,-2059.852973521456,1982.1339379827132,132654.94494045398,-0.05948018747331421,0.01426644322910469,-0.04465436014453425,-0.014825827328779954
202411,NRP-L,2028-07-31,132654.94494045398,-5923.6216863243935,-1966.6255122648968,1893.030844731794,126657.72858659648,-0.059479480407843496,0.014270337570767046,-0.04465436014453425,-0.014825120263309247
202411,NRP-L,2028-08-31,126657.72858659648,-5655.81982739455,-1877.6313888564985,1807.9212659958027,120932.19863634123,-0.05947881191553497,0.014274069858751008,-0.04465436014453425,-0.014824451771000719
202411,NRP-L,2028-09-30,120932.19863634123,-5400.149950977535,-1792.6770002808792,1726.6275664903603,115465.99925157319,-0.05947817894957964,0.014277649674447355,-0.04465436014453425,-0.014823818805045387
202411,NRP-L,2028-10-31,115465.99925157319,-5156.060315028271,-1711.577751143077,1648.9798530825747,110247.34103848442,-0.05947757877371662,0.01428108589343116,-0.04465436014453425,-0.014823218629182367
202411,NRP-L,2028-11-30,110247.34103848442,-4923.024471709774,-1634.1576150681449,1574.815656956557,105264.97460866306,-0.05947700892386131,0.014284386744591242,-0.04465436014453425,-0.014822648779327059
202411,NRP-L,2028-12-31,105264.97460866306,-4700.540086780494,-1560.24872023631,1503.979626323289,100508.16542796954,-0.05947646717526074,0.014287559864185964,-0.04465436014453425,-0.014822107030726488
202411,NRP-L,2029-01-31,100508.16542796954,-4488.127816486978,-1489.6909572954248,1436.323229655307,95966.66988384243,-0.05947595151427257,0.01429061234516977,-0.04465436014453425,-0.014821591369738322
202411,NRP-M,2025-10-31,3285945.9,-113638.08797835445,-54920.6431633386,51261.17937050884,3168648.3482288155,-0.05129686740785752,0.015600128830638643,-0.034583067231373,-0.016713800176484526
202411,NRP-M,2025-11-30,3168648.3482288155,-114344.87671668197,-54208.160967300195,48937.374663060764,3049032.685207894,-0.05319398657102437,0.015444242871070046,-0.036086325824258005,-0.017107660746766368
202411,NRP-M,2025-12-31,3049032.685207894,-109700.56652135476,-52901.451297797015,46845.80577110309,2933276.4731598455,-0.05332905042573034,0.015364153358660692,-0.03597880962495323,-0.017350240800777118
202411,NRP-M,2026-01-31,2933276.4731598455,-103094.53419680857,-51350.088348540754,44951.80144307574,2823783.652057572,-0.05265259649356382,0.015324774822419592,-0.03514654521663651,-0.017506051276927313
202411,NRP-M,2026-02-28,2823783.652057572,-104677.52465273162,-49724.54114398739,43227.24198616165,2712608.8282470144,-0.05467914147183789,0.01530826979420459,-0.0370699520752794,-0.017609189396558488
202411,NRP-M,2026-03-31,2712608.8282470144,-100556.27926209662,-47955.96474533599,41516.45493292275,2605613.0391725046,-0.05474886111883908,0.01530499145346813,-0.0370699520752794,-0.017678909043559687
202411,NRP-M,2026-04-30,2605613.0391725046,-96589.95048884784,-46188.83539964046,39890.55461312427,2502724.8078971407,-0.05479661935289986,0.01530946998399762,-0.0370699520752794,-0.01772666727762047
202411,NRP-M,2026-05-31,2502724.8078971407,-92775.88868635985,-44447.33564491296,38337.96266394476,2403839.546229813,-0.05482952975823641,0.015318489089560504,-0.0370699520752794,-0.01775957768295702
202411,NRP-M,2026-06-30,2403839.546229813,-89110.21677540053,-42745.591324268236,36851.11164235883,2308834.8497725027,-0.05485216694536526,0.015330104582128285,-0.0370699520752794,-0.017782214870085866
202411,NRP-M,2026-07-31,2308834.8497725027,-85588.39723080158,-41091.73882983613,35424.724016282045,2217579.437728147,-0.05486756061098087,0.015343117338935076,-0.0370699520752794,-0.01779760853570148
202411,NRP-M,2026-08-31,2217579.437728147,-82205.56347970745,-39490.24629771326,34054.87508662174,2129938.503037348,-0.054877767942371855,0.015356777983795738,-0.0370699520752794,-0.017807815867092455
202411,NRP-M,2026-09-30,2129938.503037348,-78956.71823088682,-37943.2863831379,32738.46555995259,2045776.963983276,-0.054884215881032365,0.015370615401931409,-0.0370699520752794,-0.017814263805752975
202411,NRP-M,2026-10-31,2045776.963983276,-75836.85401157063,-36451.573038573355,31472.916327982384,1964961.4532611144,-0.054887912527624844,0.015384334109766461,-0.0370699520752794,-0.01781796045234545
202411,NRP-M,2026-11-30,1964961.4532611144,-72841.02690216087,-35014.8848527914,30255.987643367396,1887361.5291495295,-0.05488958146021189,0.015397751234841562,-0.0370699520752794,-0.01781962938493249
202411,NRP-M,2026-12-31,1887361.5291495295,-69964.4014342991,-33632.39958142839,29085.6698253768,1812850.3979591788,-0.05488974921641515,0.015410756962119068,-0.0370699520752794,-0.017819797141135754
202411,NRP-M,2027-01-31,1812850.3979591788,-67202.27737199795,-32302.91195725874,27960.116041324476,1741305.3246712466,-0.054888803533526494,0.01542328924262071,-0.0370699520752794,-0.017818851458247097
202411,NRP-M,2027-02-28,1741305.3246712466,-64550.10493399194,-31024.977683565874,26877.600317564913,1672607.8423712538,-0.05488703288471372,0.015435317366091054,-0.0370699520752794,-0.017817080809434324
202411,NRP-M,2027-03-31,1672607.8423712538,-62003.492557438854,-29797.009798582818,25836.490923528734,1606643.830938761,-0.0548846537906197,0.015446831151347692,-0.0370699520752794,-0.017814701715340303
202411,NRP-M,2027-04-30,1606643.830938761,-59558.20981494316,-28617.34376044444,24835.23324749334,1543303.5106108666,-0.05488182998460006,0.015457833758327214,-0.0370699520752794,-0.017811877909320664
202411,NRP-M,2027-05-31,1543303.5106108666,-57210.187175955274,-27484.28166789501,23872.338595018213,1482481.3803620345,-0.054878686053352346,0.01546833687015273,-0.0370699520752794,-0.017808733978072953
202411,NRP-M,2027-06-30,1482481.3803620345,-54955.51372251467,-26396.12237306906,22946.37671283375,1424076.1209792844,-0.05487531727091032,0.015478357446371467,-0.0370699520752794,-0.017805365195630925
202411,NRP-M,2027-07-31,1424076.1209792844,-52790.43355625186,-25351.181941280956,22055.97066922006,1367990.4761509716,-0.054871796771508066,0.015487915529440227,-0.0370699520752794,-0.01780184469622866
202411,NRP-M,2027-08-31,1367990.4761509716,-50711.34139035516,-24347.807438858716,21199.793229656214,1314131.1205514139,-0.05486818083734257,0.015497032763930297,-0.0370699520752794,-0.017798228762063172
202411,NRP-M,2027-09-30,1314131.1205514139,-48714.77765947412,-23384.386070461765,20376.564181941965,1262408.52100342,-0.05486451283467272,0.015505731401743146,-0.0370699520752794,-0.017794560759393323
202411,NRP-M,2027-10-31,1262408.52100342,-46797.42337302112,-22459.351053124163,19585.048263182194,1212736.794840457,-0.05486082616988107,0.015514033640722817,-0.0370699520752794,-0.01779087409460168
202411,NRP-M,2027-11-30,1212736.794840457,-44956.09486466368,-21571.185189330026,18824.053466741974,1165033.5682532052,-0.054857146527615495,0.015521961192921829,-0.0370699520752794,-0.01778719445233609
202411,NRP-M,2027-12-31,1165033.5682532052,-43187.73854123806,-20718.422813107616,18092.42958764092,1119219.8364865005,-0.05485349357801207,0.015529535011396995,-0.0370699520752794,-0.017783541502732675
202411,NRP-M,2028-01-31,1119219.8364865005,-41489.425700256616,-19899.650585234976,17389.066916518634,1075219.8271175276,-0.05484988228783242,0.015536775126419386,-0.0370699520752794,-0.017779930212553016
202411,NRP-M,2028-02-29,1075219.8271175276,-39858.34746163695,-19113.50747638175,16712.895025637434,1032960.8672051464,-0.054846323933694305,0.015543700556975145,-0.0370699520752794,-0.017776371858414897
202411,NRP-M,2028-03-31,1032960.8672051464,-38291.80984293382,-18358.684180871307,16062.881611925128,992373.2547932663,-0.05484282688954404,0.015550329273737177,-0.0370699520752794,-0.01777287481426464
202411,NRP-M,2028-04-30,992373.2547932663,-36787.22899597541,-17633.92213581388,15438.031375952363,953390.1350374294,-0.05483939724184368,0.015556678196822679,-0.0370699520752794,-0.01776944516656429
202411,NRP-M,2028-05-31,953390.1350374294,-35342.12661488166,-16938.012271971747,14837.38492465539,915947.3810752314,-0.054836039272423275,0.015562763216626826,-0.0370699520752794,-0.017766087197143877
202411,NRP-M,2028-06-30,915947.3810752314,-33954.125519936504,-16269.793587995866,14260.01769128175,879983.4796585807,-0.05483275583906848,0.015568599229512403,-0.0370699520752794,-0.017762803763789074
202411,NRP-M,2028-07-31,879983.4796585807,-32620.94541798119,-15628.151614594884,13705.038869579133,845439.4214955837,-0.05482954867663645,0.015574200182594866,-0.0370699520752794,-0.017759596601357053
202411,NRP-M,2028-08-31,845439.4214955837,-31340.398837393226,-15012.016816977231,13171.590361403709,812258.596202617,-0.05482641863608981,0.015579579123603136,-0.0370699520752794,-0.01775646656081041
202411,NRP-M,2028-09-30,812258.596202617,-30110.387233964735,-14420.362970601414,12658.845738178838,780386.6917362297,-0.05482336587479833,0.015584748253031848,-0.0370699520752794,-0.01775341379951893
202411,NRP-M,2028-10-31,780386.6917362297,-28928.89726284787,-13852.205535509707,12166.009217308398,749771.5981551805,-0.05482039000841594,0.015589718976679452,-0.0370699520752794,-0.017750437933136545
202411,NRP-M,2028-11-30,749771.5981551805,-27793.99721101818,-13306.600047335181,11692.314654952685,720363.3155517798,-0.0548174902323344,0.015594501957291696,-0.0370699520752794,-0.01774753815705501
202411,NRP-M,2028-12-31,720363.3155517798,-26703.833584293847,-12782.640537767642,11237.024556648272,692113.8659863665,-0.05481466541895719,0.015599107164474359,-0.0370699520752794,-0.01774471334367779
202411,NRP-M,2029-01-31,692113.8659863665,-25656.627842750953,-12279.45799333988,10799.429107188615,664977.2092574643,-0.054811914195688295,0.015603543922354164,-0.0370699520752794,-0.017741962120408905
202411,NRP-S,2025-10-31,1289490.97,-65326.127279004846,-24569.057356672824,23232.894354836957,1222828.6797191594,-0.0697136984493018,0.018017105117717078,-0.05066039917984447,-0.01905329926945733
202411,NRP-S,2025-11-30,1222828.6797191594,-63449.74313004659,-23739.962778079804,21933.242092327953,1157572.2159033609,-0.0713016527614897,0.017936479946941745,-0.05188767991982226,-0.019413972841667432
202411,NRP-S,2025-12-31,1157572.2159033609,-59369.63638487475,-22739.588132569716,20729.137403618584,1096192.1287895348,-0.07093226961513328,0.017907424797200852,-0.0512880626964108,-0.01964420691872248
202411,NRP-S,2026-01-31,1096192.1287895348,-56453.51631838237,-21702.65324911987,19626.632388763555,1037662.5916107962,-0.0712978751761389,0.017904372667258774,-0.0514996548832374,-0.019798220292901507
202411,NRP-S,2026-02-28,1037662.5916107962,-54198.09668691999,-20654.704674148048,18589.4398865311,981399.2301362592,-0.07213597364522092,0.017914724918120187,-0.05223094397455977,-0.019905029670661156
202411,NRP-S,2026-03-31,981399.2301362592,-51259.40820592304,-19609.570061637787,17598.370610907343,928128.6224796057,-0.07221218041685365,0.01793191809256255,-0.05223094397455977,-0.019981236442293885
202411,NRP-S,2026-04-30,928128.6224796057,-48477.03408191762,-18596.780332681086,16662.133198723957,877716.941263731,-0.0722678008091196,0.017952396677746122,-0.05223094397455977,-0.02003685683455983
202411,NRP-S,2026-05-31,877716.941263731,-45843.9843846679,-17622.97740506335,15776.247410649443,830026.2268846491,-0.07230914524488036,0.017974185832547458,-0.05223094397455977,-0.020078201270320593
202411,NRP-S,2026-06-30,830026.2268846491,-43353.053353827345,-16691.32191851176,14937.2982517871,784919.1498640971,-0.07234033495267328,0.017996176226685635,-0.05223094397455977,-0.020109390978113508
202411,NRP-S,2026-07-31,784919.1498640971,-40997.068141110736,-15802.934518489437,14142.475180885855,742261.6223853829,-0.07236414434459226,0.01801774766653931,-0.05223094397455976,-0.0201332003700325
202411,NRP-S,2026-08-31,742261.6223853829,-38769.02521327677,-14957.719416947479,13389.332990452573,701924.2107456112,-0.07238249022974445,0.018038562936102898,-0.05223094397455977,-0.020151546255184696
202411,NRP-S,2026-09-30,701924.2107456112,-36662.164125841104,-14154.851282418567,12675.664051611062,663782.8593889626,-0.0723967269262302,0.01805845112273087,-0.05223094397455977,-0.020165782951670427
202411,NRP-S,2026-10-31,663782.8593889626,-34670.00534001799,-13393.07124220637,11999.428308754941,627719.2111154932,-0.07240783021494145,0.018077339809287742,-0.05223094397455977,-0.020176886240381685
202411,NRP-S,2026-11-30,627719.2111154932,-32786.36694752818,-12670.870926064026,11358.713972902822,593620.6872148039,-0.07241651532826608,0.018095214821795453,-0.05223094397455976,-0.020185571353706314
202411,NRP-S,2026-12-31,593620.6872148039,-31005.36885605609,-11986.608900484955,10751.714840602835,561380.4242988656,-0.07242331455504723,0.018112095943031526,-0.05223094397455977,-0.02019237058048746
202411,NRP-S,2027-01-31,561380.4242988656,-29321.42948996864,-11338.585233243462,10176.716733275187,530897.1263089286,-0.07242862943429904,0.018128022091232283,-0.05223094397455977,-0.020197685459739274
202411,NRP-S,2027-02-28,530897.1263089286,-27729.25806049643,-10725.089558869544,9632.088976250223,502074.86766581284,-0.07243276656387367,0.018143042218400178,-0.05223094397455977,-0.02020182258931389
202411,NRP-S,2027-03-31,502074.86766581284,-26223.84428408758,-10144.432057957387,9116.278667091798,474822.86999085965,-0.07243596261076372,0.018157209719486905,-0.05223094397455977,-0.020205018636203963
202411,NRP-S,2027-04-30,474822.86999085965,-24800.446720332267,-9594.963245019066,8627.806481324607,449055.2665068329,-0.0724384020635178,0.018170579023480255,-0.05223094397455977,-0.020207458088958033
202411,NRP-S,2027-05-31,449055.2665068329,-23454.580466399395,-9075.086330514212,8165.2633173399845,424690.8630272593,-0.07244023001881135,0.018183203552776372,-0.05223094397455977,-0.020209286044251578
202411,NRP-S,2027-06-30,424690.8630272593,-22182.004673284217,-8583.264605540237,7727.307392943963,401652.9011413788,-0.0724415615149454,0.018195134545308023,-0.05223094397455977,-0.020210617540385625
202411,NRP-S,2027-07-31,401652.9011413788,-20978.71017673475,-8118.025466450487,7312.661581662673,379868.82707985624,-0.07244248842844385,0.018206420421419216,-0.05223094397455977,-0.020211544453884085
202411,NRP-S,2027-08-31,379868.82707985624,-19840.907424889705,-7677.962162574155,6920.110876447882,359270.06836884026,-0.07244308462741753,0.01821710649342946,-0.05223094397455977,-0.020212140652857754
202411,NRP-S,2027-09-30,359270.06836884026,-18765.014812709152,-7261.734001378525,6548.499924577301,339791.81947932986,-0.07244340986226448,0.018227234888530605,-0.05223094397455977,-0.020212465887704718
202411,NRP-S,2027-10-31,339791.81947932986,-17747.647486238606,-6868.065514173044,6196.73060880363,321372.8370877218,-0.07244351273120943,0.018236844601788857,-0.052230943974559775,-0.02021256875664966
202411,NRP-S,2027-11-30,321372.8370877218,-16785.60664887412,-6495.744930084307,5863.7596667397,303955.245175503,-0.07244343296071273,0.01824597162559551,-0.05223094397455977,-0.020212488986152962
202411,NRP-S,2027-12-31,303955.245175503,-15875.869381535276,-6143.622200353436,5548.596349174095,287484.3499427884,-0.07244320317346296,0.018254649121025528,-0.05223094397455977,-0.020212259198903192
202411,NRP-S,2028-01-31,287484.3499427884,-15015.578975424516,-5810.606742329873,5250.3001220391525,271908.46434707317,-0.07244285026958497,0.018262907609002028,-0.05223094397455977,-0.0202119062950252
202411,NRP-S,2028-02-29,271908.46434707317,-14202.035767520561,-5495.665022053717,4967.978418170199,257178.74197566908,-0.07244239651337762,0.018270775167296385,-0.05223094397455977,-0.020211452538817856
202411,NRP-S,2028-03-31,257178.74197566908,-13432.688463578934,-5197.818058941731,4700.7844450081275,243249.01989815655,-0.07244186039405714,0.018278277624722398,-0.05223094397455977,-0.02021091641949738
202411,NRP-S,2028-04-30,243249.01989815655,-12705.125930167189,-4916.138911106392,4447.915053706625,230075.6701105896,-0.07244125731175093,0.01828543874737451,-0.05223094397455977,-0.02021031333719116
202411,NRP-S,2028-05-31,230075.6701105896,-12017.0694354555,-4649.75018207188,4208.608674111122,217617.45916717337,-0.07244060012741114,0.018292280414040244,-0.05223094397455977,-0.020209656152851373
202411,NRP-S,2028-06-30,217617.45916717337,-11366.36531764668,-4397.821576948421,3982.1433190023376,205835.4155915806,-0.07243989960605633,0.01829882277939502,-0.05223094397455977,-0.02020895563149656
202411,NRP-S,2028-07-31,205835.4155915806,-10750.978059744071,-4159.567527004286,3767.8346599627034,194692.70466479493,-0.07243916477587083,0.018305084424532925,-0.05223094397455977,-0.020208220801311058
202411,NRP-S,2028-08-31,194692.70466479493,-10168.983749602416,-3934.244895003924,3565.034176287505,184154.5101964761,-0.07243840322054212,0.018311082494978294,-0.05223094397455977,-0.020207459245982363
202411,NRP-S,2028-09-30,184154.5101964761,-9618.56390473464,-3721.1507689405626,3373.127377547946,174187.9229003488,-0.07243762131833177,0.018316832826679758,-0.052230943974559775,-0.020206677343771996
202411,NRP-S,2028-10-31,174187.9229003488,-9097.999642053055,-3519.6203483731842,3191.5320997246386,164761.83500964718,-0.07243682443842364,0.018322350060689812,-0.05223094397455977,-0.02020588046386387
202411,NRP-S,2028-11-30,164761.83500964718,-8605.666173534542,-3329.024925118971,3019.696874261022,155846.84078525467,-0.0724360171028364,0.018327647747333062,-0.05223094397455977,-0.020205073128276636
202411,NRP-S,2028-12-31,155846.84078525467,-8140.027609666773,-3148.7699582933014,2857.099368925618,147415.1425862202,-0.07243520312044821,0.018332738440700817,-0.05223094397455977,-0.020204259145888442
202411,NRP-S,2029-01-31,147415.1425862202,-7699.632053422607,-2978.2932424429005,2703.244899006842,139440.46218936157,-0.07243438569833624,0.0183376337843025,-0.05223094397455977,-0.020203441723776482
202412,NON PRIME,2025-10-31,3930024.390000001,-245218.903221199,-110770.40467034021,97722.86814428004,3671757.9502527425,-0.09058195893067704,0.024865715437526845,-0.062396280248326635,-0.02818567868235041
202412,NON PRIME,2025-11-30,3671757.9502527425,-236236.4766029384,-107304.41915923817,88870.88867895315,3417087.943169519,-0.0935630562843962,0.024203907197323776,-0.06433879351624397,-0.02922426276815223
202412,NON PRIME,2025-12-31,3417087.943169519,-219896.9318534961,-102108.77272753068,81857.34517450741,3176939.5837629996,-0.09423395298464297,0.023955293669902056,-0.06435214296812354,-0.029881810016519423
202412,NON PRIME,2026-01-31,3176939.5837629996,-205689.03007612764,-96343.22271248828,75927.46582346303,2950834.796797847,-0.0950701909259687,0.02389956240009103,-0.06474439461404378,-0.030325796311924925
202412,NON PRIME,2026-02-28,2950834.796797847,-194758.70622008623,-90415.11775105311,70635.77988902373,2736296.7527157315,-0.09664174500063541,0.023937558268485738,-0.06600122325771414,-0.030640521742921277
202412,NON PRIME,2026-03-31,2736296.7527157315,-180598.93287534922,-84475.7052876217,65729.12408340925,2536951.2386361696,-0.09687349805896911,0.024021197268963655,-0.06600122325771414,-0.03087227480125498
202412,NON PRIME,2026-04-30,2536951.2386361696,-167441.88509516025,-78767.86070624896,61206.309900873835,2351947.802735634,-0.09704945922956257,0.024125930750556135,-0.06600122325771414,-0.031048235971848435
202412,NON PRIME,2026-05-31,2351947.802735634,-155231.4320188448,-73346.06087653273,57008.406311000115,2180378.7161512566,-0.09718646503528305,0.02423880591426885,-0.06600122325771414,-0.031185241777568925
202412,NON PRIME,2026-06-30,2180378.7161512566,-143907.6624310672,-68233.1780902833,53098.502789317274,2021336.3784192232,-0.09729540971479284,0.024352880715624147,-0.06600122325771414,-0.0312941864570787
202412,NON PRIME,2026-07-31,2021336.3784192232,-133410.6735909865,-63434.346354113724,49450.88335908496,1873942.2418332081,-0.09738360326698417,0.02446445029488748,-0.06600122325771414,-0.03138238000927004
202412,NON PRIME,2026-08-31,1873942.2418332081,-123682.4802752949,-58944.629261838105,46045.763387639374,1737360.8956837144,-0.09745610374761375,0.02457160224030945,-0.06600122325771414,-0.031454880489899605
202412,NON PRIME,2026-09-30,1737360.8956837144,-114667.94435524305,-54753.417145736654,42866.66047640873,1610806.1946591432,-0.09751650444181677,0.02467343462311505,-0.06600122325771414,-0.03151528118410263
202412,NON PRIME,2026-10-31,1610806.1946591432,-106315.17927860706,-50847.020476142934,39899.05671085207,1493543.0516152454,-0.09756741703368388,0.024769619612305355,-0.06600122325771414,-0.03156619377596973
202412,NON PRIME,2026-11-30,1493543.0516152454,-98575.66839466548,-47210.23100645063,37129.71036184188,1384886.862575971,-0.09761077810475619,0.024860154062306156,-0.06600122325771414,-0.03160955484704203
202412,NON PRIME,2026-12-31,1384886.862575971,-91404.22700355195,-43827.27352881295,34546.29974065653,1284201.6617842626,-0.0976480492282426,0.024945214424518677,-0.06600122325771414,-0.03164682597052848
202412,NON PRIME,2027-01-31,1284201.6617842626,-84758.88058735062,-40682.388420267554,32137.23824571032,1190897.6310223548,-0.09768035094529529,0.025025071374739555,-0.06600122325771414,-0.031679127687581146
202412,NON PRIME,2027-02-28,1190897.6310223548,-78600.70042218931,-37760.18567202221,29891.577394887336,1104428.3223230306,-0.09770855450801319,0.0251000393453014,-0.06600122325771414,-0.031707331250299044
202412,NON PRIME,2027-03-31,1104428.3223230306,-72893.62027378501,-35045.8550573094,27798.954333481535,1024287.8013254177,-0.09773334597582291,0.02517044680184389,-0.06600122325771414,-0.03173212271810878
202412,NON PRIME,2027-04-30,1024287.8013254177,-67604.24785543204,-32525.284576836937,25849.56099211196,950007.8298852607,-0.09775527181198723,0.025236619003626618,-0.06600122325771414,-0.031754048554273086
202412,NON PRIME,2027-05-31,950007.8298852607,-62701.678876833605,-30185.119949163156,24034.12300760148,881155.1540668653,-0.0977747718534229,0.0252988683372265,-0.06600122325771414,-0.031773548595708766
202412,NON PRIME,2027-06-30,881155.1540668653,-58157.31804825268,-28012.786099125766,22343.88235528498,817328.9322747719,-0.09779220350657965,0.025357489259592348,-0.06600122325771414,-0.031790980248865515
202412,NON PRIME,2027-07-31,817328.9322747719,-53944.70933405634,-25996.48424044841,20770.580759307046,758158.3194595741,-0.09780785974627643,0.025412756038745408,-0.06600122325771414,-0.03180663648856229
202412,NON PRIME,2027-08-31,758158.3194595741,-50039.37650734471,-24125.173481311525,19306.442600793864,703300.2120717118,-0.09782198267180102,0.025464922174244252,-0.06600122325771414,-0.03182075941408687
202412,NON PRIME,2027-09-30,703300.2120717118,-46418.67431414275,-22388.542871345322,17944.156901843086,652437.1517880667,-0.09783477383406813,0.025514220803353627,-0.06600122325771414,-0.03183355057635399
202412,NON PRIME,2027-10-31,652437.1517880667,-43061.65011679132,-20776.97783831066,16676.858389034827,605275.3822219996,-0.0978464021862429,0.025560865660899743,-0.06600122325771414,-0.031845178928528756
202412,NON PRIME,2027-11-30,605275.3822219996,-39948.91563443245,-19281.523656645448,15498.107832475604,561543.0507633972,-0.09785701026471565,0.025605052324416677,-0.06600122325771414,-0.031855787007001514
202412,NON PRIME,2027-12-31,561543.0507633972,-37062.52826225288,-17893.847714566888,14401.871924870431,520988.5467114479,-0.09786671903803028,0.02564695957913042,-0.06600122325771414,-0.03186549578031614
202412,NON PRIME,2028-01-31,520988.5467114479,-34385.8813862143,-16606.201754058206,13382.502970290356,483378.9665414658,-0.09787563174304237,0.02568675080241701,-0.06600122325771414,-0.03187440848532824
202412,NON PRIME,2028-02-29,483378.9665414658,-31903.603088786414,-15411.384854230508,12434.718627399203,448498.69722584804,-0.09788383694381972,0.025724575308620743,-0.06600122325771414,-0.03188261368610558
202412,NON PRIME,2028-03-31,448498.69722584804,-29601.462646397133,-14302.707651677067,11553.581914915156,416148.108842689,-0.09789141098879406,0.025760569621224968,-0.06600122325771414,-0.03189018773107992
202412,NON PRIME,2028-04-30,416148.108842689,-27466.28424000184,-13273.95810094244,10734.48164747566,386142.3481492204,-0.09789841999821458,0.025794858655800057,-0.06600122325771414,-0.031897196740500434
202412,NON PRIME,2028-05-31,386142.3481492204,-25485.867329454675,-12319.36894702727,9973.113432557178,358310.22530529567,-0.09790492148214867,0.025827556807375036,-0.06600122325771414,-0.03190369822443455
202412,NON PRIME,2028-06-30,358310.22530529567,-23648.913175896672,-11433.58699166632,9265.461325764378,332493.18646349706,-0.09791096566577523,0.02585876894210822,-0.06600122325771414,-0.0319097424080611
202412,NON PRIME,2028-07-31,332493.18646349706,-21944.957031446047,-10611.644173494706,8607.780213322458,308544.36547187873,-0.09791659658119038,0.025888591296794793,-0.06600122325771414,-0.03191537332347624
202412,NON PRIME,2028-08-31,308544.36547187873,-20364.305550419213,-9848.93044058485,7996.57896692751,286327.7084478022,-0.09792185297176574,0.025917112291769698,-0.06600122325771414,-0.03192062971405161
202412,NON PRIME,2028-09-30,286327.7084478022,-18897.979010133073,-9141.168366248836,7428.604396829981,265717.1654682502,-0.09792676904510439,0.025944413263741896,-0.06600122325771414,-0.03192554578739026
202412,NON PRIME,2028-10-31,265717.1654682502,-17537.657961476954,-8484.38944130143,6900.826013604558,246595.9440790764,-0.09793137510300472,0.02597056912542264,-0.06600122325771414,-0.03193015184529057
202412,NON PRIME,2028-11-30,246595.9440790764,-16275.633959609913,-7874.911965243143,6410.42159692869,228855.81975115207,-0.09793569807096525,0.025995648958739757,-0.06600122325771414,-0.0319344748132511
202412,NON PRIME,2028-12-31,228855.81975115207,-15104.764053222973,-7309.320452980905,5954.76356031411,212396.4988052623,-0.09793976194521069,0.02601971654812651,-0.06600122325771414,-0.03193853868749654
202412,NON PRIME,2029-01-31,212396.4988052623,-14018.42873680293,-6784.446471283595,5531.406093630034,197125.02969080582,-0.09794358817166679,0.026042830859945364,-0.06600122325771414,-0.031942364913952644
202412,NRP-L,2025-10-31,52967.3,-445.47275378714386,-568.3589069449876,655.9467427946607,52609.41508206253,-0.019140708715228667,0.012383994328475506,-0.008410335316075084,-0.010730373399153581
202412,NRP-L,2025-11-30,52609.41508206253,-445.23500216790256,-577.2272881541979,596.6997153825508,52183.65250712298,-0.01943496784230005,0.01134207089076721,-0.008463028936425258,-0.010971938905874792
202412,NRP-L,2025-12-31,52183.65250712298,-446.4612141984034,-581.9970962713569,564.1513123252967,51719.34550897851,-0.019708438582933183,0.01081088205254109,-0.008555576176609375,-0.011152862406323806
202412,NRP-L,2026-01-31,51719.34550897851,-442.24043154201655,-584.0894001201611,544.9545913378556,51237.97026865419,-0.01984421538134132,0.010536765033951389,-0.008550773935552671,-0.011293441445788652
202412,NRP-L,2026-02-28,51237.97026865419,-439.805839204549,-584.4111241618434,532.9204583826787,50746.67376367048,-0.019989413280739905,0.010400889332431324,-0.008583592146576668,-0.011405821134163234
202412,NRP-L,2026-03-31,50746.67376367048,-435.5887503827302,-583.4707915273251,524.8628207474145,50252.47704250784,-0.020081307134648094,0.010342802430593266,-0.008583592146576668,-0.011497714988071428
202412,NRP-L,2026-04-30,50252.47704250784,-431.3467672880946,-581.6351222223861,519.0973386858265,49758.59249168318,-0.020157849903669707,0.010329786096847118,-0.008583592146576668,-0.011574257757093037
202412,NRP-L,2026-05-31,49758.59249168318,-427.10746373632054,-579.1402668843043,514.6666884308303,49267.01144949338,-0.020222592324909763,0.010343272642144238,-0.008583592146576668,-0.011639000178333095
202412,NRP-L,2026-06-30,49267.01144949338,-422.88793256317416,-576.151890659106,511.01383879858366,48778.98546506969,-0.020278068302284923,0.010372332799655508,-0.008583592146576668,-0.011694476155708256
202412,NRP-L,2026-07-31,48778.98546506969,-418.6989165559496,-572.7893091158776,507.8063988765014,48295.30363827436,-0.020326134629877153,0.010410351794629642,-0.008583592146576668,-0.011742542483300483
202412,NRP-L,2026-08-31,48295.30363827436,-414.5471890260274,-569.1403948190518,504.84257169061783,47816.4586261199,-0.020368183026920655,0.01045324355908028,-0.008583592146576668,-0.011784590880343988
202412,NRP-L,2026-09-30,47816.4586261199,-410.43697874027094,-565.2711134000199,501.99868274019417,47342.74921671981,-0.020405277182265168,0.01049844963771482,-0.008583592146576668,-0.0118216850356885
202412,NRP-L,2026-10-31,47342.74921671981,-406.37085037398487,-561.2318112364547,499.198876442184,46874.345431551556,-0.02043824403143694,0.010544357577482727,-0.008583592146576668,-0.011854651884860274
202412,NRP-L,2026-11-30,46874.345431551556,-402.35026332218786,-557.0614716259253,496.3970985695903,46411.33079517304,-0.020467736159624838,0.010589952648927248,-0.008583592146576668,-0.01188414401304817
202412,NRP-L,2026-12-31,46411.33079517304,-398.3759345256192,-552.790662973962,493.5661171736827,45953.73031484714,-0.02049427545392657,0.010634603850338537,-0.008583592146576668,-0.011910683307349903
202412,NRP-L,2027-01-31,45953.73031484714,-394.4480786364241,-548.4436230030453,490.6906925963687,45501.52930580404,-0.020518284265049785,0.010677929500705452,-0.008583592146576668,-0.011934692118473117
202412,NRP-L,2027-02-28,45501.52930580404,-390.5665696065277,-544.0397591667279,487.7632546004529,45054.68623163124,-0.02054010805861068,0.01071971122821657,-0.008583592146576668,-0.011956515912034012
202412,NRP-L,2027-03-31,45054.68623163124,-386.73105090430585,-539.5947465140647,484.7811273570348,44613.1415615699,-0.02056003214973077,0.010759838052466289,-0.008583592146576668,-0.011976440003154102
202412,NRP-L,2027-04-30,44613.1415615699,-382.94101154200456,-535.1213428786,481.74472805672207,44176.82393520602,-0.02057829424887286,0.010798269550057884,-0.008583592146576668,-0.01199470210229619
202412,NRP-L,2027-05-31,44176.82393520602,-379.1958389909346,-530.6300022757013,478.65638791203423,43745.65448185142,-0.02059509399320046,0.010835011331146796,-0.008583592146576668,-0.012011501846623793
202412,NRP-L,2027-06-30,43745.65448185142,-375.4948562572763,-526.1293420795754,475.5195765779513,43319.54986009252,-0.02061060027598638,0.010870098578025117,-0.008583592146576668,-0.012027008129409711
202412,NRP-L,2027-07-31,43319.54986009252,-371.8373479723266,-521.6265027935723,472.3383911434628,42898.42440047009,-0.02062495694557041,0.010903584932644865,-0.008583592146576668,-0.01204136479899374
202412,NRP-L,2027-08-31,42898.42440047009,-368.22257878438796,-517.1274279334801,469.11722032367885,42482.1916140759,-0.020638287281902278,0.010935534973133843,-0.008583592146576668,-0.012054695135325607
202412,NRP-L,2027-09-30,42482.1916140759,-364.6498063079471,-512.6370838067146,465.8605255619168,42070.76524952315,-0.020650697546027368,0.010966019121470189,-0.008583592146576668,-0.012067105399450702
202412,NRP-L,2027-10-31,42070.76524952315,-361.11829019627754,-508.15963359022095,462.5727005786742,41664.06002631533,-0.020662279819033035,0.010995110210977614,-0.008583592146576668,-0.012078687672456366
202412,NRP-L,2027-11-30,41664.06002631533,-357.6272984363792,-503.69857631658886,459.25798373062645,41261.99213529299,-0.020673114291044806,0.011022881194020834,-0.008583592146576668,-0.012089522144468135
202412,NRP-L,2027-12-31,41261.99213529299,-354.17611164460914,-499.2568586689569,455.92040594446297,40864.47957092388,-0.020683271120678432,0.011049403636391479,-0.008583592146576668,-0.012099678974101764
202412,NRP-L,2028-01-31,40864.47957092388,-350.764025918925,-494.83696552768555,452.563762555879,40471.44234203315,-0.020692811956138975,0.011074746755808182,-0.008583592146576668,-0.012109219809562304
202412,NRP-L,2028-02-29,40471.44234203315,-347.3903546477062,-490.44099378143767,449.19160110788204,40082.80259471189,-0.02070179118768353,0.011098976836843718,-0.008583592146576668,-0.012118199041106859
202412,NRP-L,2028-03-31,40082.80259471189,-344.05442956475184,-486.07071285942914,445.8072196763275,39698.48467196403,-0.020710256985216374,0.011122156905643688,-0.008583592146576668,-0.012126664838639709
202412,NRP-L,2028-04-30,39698.48467196403,-340.75560126126476,-481.72761465462287,442.41367200067094,39318.41512804882,-0.02071825216282736,0.011144346582909082,-0.008583592146576668,-0.01213466001625069
202412,NRP-L,2028-05-31,39318.41512804882,-337.49323930896117,-477.4129549157658,439.01377686900383,38942.5227106931,-0.02072581490303744,0.011165602057948207,-0.008583592146576668,-0.01214222275646077
202412,NRP-L,2028-06-30,38942.5227106931,-334.2667321073888,-473.1277877372636,435.61013001283567,38570.73832086128,-0.020732979366612853,0.011185976143585144,-0.008583592146576668,-0.012149387220036185
202412,NRP-L,2028-07-31,38570.73832086128,-331.07548653860863,-468.8729944326926,432.20511732477183,38202.99495721475,-0.020739776208500604,0.011205518383634632,-0.008583592146576668,-0.012156184061923933
202412,NRP-L,2028-08-31,38202.99495721475,-327.9189274904566,-464.6493078133979,428.80092859912776,37839.22765051002,-0.020746233016324694,0.01122427519306696,-0.008583592146576668,-0.012162640869748026
202412,NRP-L,2028-09-30,37839.22765051002,-324.7964972934446,-460.45733268857464,425.39957126434683,37479.37339179235,-0.020752374684672902,0.011242290016947876,-0.008583592146576668,-0.012168782538096235
202412,NRP-L,2028-10-31,37479.37339179235,-321.7076551044034,-456.2975632430894,422.0028837629358,37123.3710572078,-0.020758223735882122,0.011259603498476597,-0.008583592146576668,-0.012174631589305453
202412,NRP-L,2028-11-30,37123.3710572078,-318.6518762611004,-452.1703978234547,418.61254836422523,36771.16133148746,-0.02076380059603703,0.01127625364946345,-0.008583592146576668,-0.012180208449460363
202412,NRP-L,2028-12-31,36771.16133148746,-315.62865162545944,-448.0761515628751,415.2301032848013,36422.68663158393,-0.020769123833311393,0.011292276018740702,-0.008583592146576668,-0.012185531686734724
202412,NRP-L,2029-01-31,36422.68663158393,-312.63748692808684,-444.015067197175,411.8569540528429,36077.89103151151,-0.02077421036451305,0.011307703855533304,-0.008583592146576668,-0.012190618217936383
202412,NRP-M,2025-10-31,2716445.1100000003,-69858.34673663545,-43290.70919396909,41179.07731998415,2644475.13138938,-0.041653356261118976,0.015159178872561185,-0.025716826185615594,-0.01593653007550338
202412,NRP-M,2025-11-30,2644475.13138938,-66809.59357642815,-42661.17742685735,39847.126744659174,2574851.4871307537,-0.04139602967102613,0.015068066351497095,-0.025263838855359957,-0.01613219081566617
202412,NRP-M,2025-12-31,2574851.4871307537,-60125.08622191437,-41856.13170614168,38738.15859112417,2511608.427793822,-0.0396066407859885,0.015044812792015218,-0.023350894807884177,-0.016255745978104322
202412,NRP-M,2026-01-31,2511608.427793822,-56655.37358286574,-41037.07186339293,37804.15639495374,2451720.138742517,-0.038896367907186466,0.015051771596482747,-0.022557407020899114,-0.016338960886287352
202412,NRP-M,2026-02-28,2451720.138742517,-48936.52297210027,-40202.823066436205,36953.222240362775,2399534.0149443434,-0.036357879771814365,0.015072365583828835,-0.019960077089875242,-0.016397802681939123
202412,NRP-M,2026-03-31,2399534.0149443434,-47894.883918066946,-39450.80303541758,36230.030940193246,2348418.358931052,-0.03640110388496013,0.015098777810421493,-0.019960077089875242,-0.01644102679508489
202412,NRP-M,2026-04-30,2348418.358931052,-46874.6114835421,-38687.29789662778,35524.90746345093,2298381.357014333,-0.036433844529777805,0.015127163066303519,-0.019960077089875242,-0.016473767439902566
202412,NRP-M,2026-05-31,2298381.357014333,-45875.869067938154,-37921.45523555441,34833.336698391104,2249417.3694092315,-0.036459277764220914,0.015155594867703185,-0.019960077089875242,-0.016499200674345675
202412,NRP-M,2026-06-30,2249417.3694092315,-44898.544100712636,-37158.97779307299,34153.16820125662,2201513.0157167027,-0.03647945597367577,0.015183117488875056,-0.019960077089875242,-0.016519378883800527
202412,NRP-M,2026-07-31,2201513.0157167027,-43942.36950806911,-36403.509051540976,33483.432865506606,2154650.5700225993,-0.036495754504296436,0.015209282264727411,-0.019960077089875242,-0.016535677414421197
202412,NRP-M,2026-08-31,2154650.5700225993,-43006.99147939472,-35657.41288508998,32823.753558379576,2108809.9192164945,-0.036509123780409374,0.015233910321725764,-0.019960077089875242,-0.01654904669053413
202412,NRP-M,2026-09-30,2108809.9192164945,-42092.00855545481,-34922.23186552435,32174.0430664075,2063969.7218619229,-0.03652023813013596,0.01525696686705714,-0.019960077089875242,-0.016560161040260722
202412,NRP-M,2026-10-31,2063969.7218619229,-41196.99475953235,-34198.9668698471,31534.346606846655,2020108.10683939,-0.036529587052936116,0.015278492834865464,-0.019960077089875242,-0.016569509963060867
202412,NRP-M,2026-11-30,2020108.10683939,-40321.513542396155,-33488.2532030077,30904.759350276847,1977203.099444263,-0.03653753306345804,0.015298567064625889,-0.019960077089875242,-0.016577455973582806
202412,NRP-M,2026-12-31,1977203.099444263,-39465.12628724775,-32790.47465476125,30285.38376074846,1935232.8822630025,-0.03654434942081472,0.015317285194050546,-0.019960077089875242,-0.01658427233093947
202412,NRP-M,2027-01-31,1935232.8822630025,-38627.397516830984,-32105.839175298217,29676.308388261197,1894175.9539591344,-0.03655024536861729,0.015334747905667367,-0.019960077089875242,-0.016590168278742053
202412,NRP-M,2027-02-28,1894175.9539591344,-37807.8980628123,-31434.430167914375,29077.59828962009,1854011.2240180278,-0.03655538340353176,0.015351054493561278,-0.019960077089875242,-0.016595306313656515
202412,NRP-M,2027-03-31,1854011.2240180278,-37006.206956893795,-30776.241916951196,28489.29172144475,1814718.0668656274,-0.036559891329539164,0.015366299487498535,-0.019960077089875242,-0.01659981423966392
202412,NRP-M,2027-04-30,1814718.0668656274,-36221.9125110273,-30131.20447084016,27911.400145810727,1776276.350029571,-0.036563870825660684,0.015380571040447714,-0.019960077089875246,-0.016603793735785435
202412,NRP-M,2027-05-31,1776276.350029571,-35454.61287951245,-29499.201380760147,27343.90990170094,1738666.4456709994,-0.03656740363580885,0.015393950328306587,-0.01996007708987524,-0.016607326545933606
202412,NRP-M,2027-06-30,1738666.4456709994,-34703.916289172535,-28880.082514556372,26786.784626392186,1701869.2314936626,-0.03657055610755178,0.015406511520991841,-0.019960077089875246,-0.016610479017676535
202412,NRP-M,2027-07-31,1701869.2314936626,-33969.44105750024,-28273.67342250125,26239.967922906017,1665866.0849365671,-0.03657338256557655,0.015418322064543258,-0.019960077089875242,-0.016613305475701313
202412,NRP-M,2027-08-31,1665866.0849365671,-33250.81547674254,-27679.78225424007,25703.38600363431,1630638.873209219,-0.036575927850348626,0.01542944312034124,-0.019960077089875242,-0.01661585076047338
202412,NRP-M,2027-09-30,1630638.873209219,-32547.67761500331,-27098.20491399864,25176.950173401594,1596169.9408536186,-0.036578229250486594,0.015439930070998172,-0.019960077089875242,-0.01661815216061135
202412,NRP-M,2027-10-31,1596169.9408536186,-31859.67506797983,-26528.728933294697,24660.55909062193,1562442.095942966,-0.03658031798922919,0.01544983304060573,-0.019960077089875242,-0.016620240899353957
202412,NRP-M,2027-11-30,1562442.095942966,-31186.46468348785,-25971.1363998864,24154.10078726446,1529438.5956468564,-0.036582220379103685,0.015459197400007943,-0.019960077089875242,-0.016622143289228446
202412,NRP-M,2027-12-31,1529438.5956468564,-30527.712273341782,-25425.20618531786,23657.454451085865,1497143.1316392825,-0.036583958727022366,0.015468064241624719,-0.019960077089875242,-0.016623881637147123
202412,NRP-M,2028-01-31,1497143.1316392825,-29883.092322097316,-24890.71564643535,23170.491985159922,1465539.8156559097,-0.036585552049762014,0.015476470816647714,-0.019960077089875242,-0.01662547495988677
202412,NRP-M,2028-02-29,1465539.8156559097,-29252.28769877351,-24367.441929107805,22693.07936489717,1434613.1653929257,-0.0365870166440231,0.015484450932328146,-0.019960077089875242,-0.016626939554147856
202412,NRP-M,2028-03-31,1434613.1653929257,-28634.98937539274,-23855.16296882988,22225.07781429931,1404348.0908630025,-0.03658836654398477,0.015492035309889332,-0.019960077089875242,-0.016628289454109532
202412,NRP-M,2028-04-30,1404348.0908630025,-28030.89615464465,-23353.658258743362,21766.34482277916,1374729.8812723935,-0.036589613891105224,0.015499251905133625,-0.019960077089875242,-0.01662953680122998
202412,NRP-M,2028-05-31,1374729.8812723935,-27439.714407952015,-22862.70943806873,21316.73502246125,1345744.192448834,-0.036590769234944455,0.015506126194573842,-0.019960077089875242,-0.016630692145069216
202412,NRP-M,2028-06-30,1345744.192448834,-26861.15782453063,-22382.10074107078,20876.100944018785,1317377.0348272512,-0.03659184177937567,0.01551268143021357,-0.019960077089875242,-0.016631764689500422
202412,NRP-M,2028-07-31,1317377.0348272512,-26294.947171583197,-21911.619337161013,20444.29366711659,1289614.7619856235,-0.036592839585263895,0.01551893886612155,-0.019960077089875242,-0.016632762495388653
202412,NRP-M,2028-08-31,1289614.7619856235,-25740.810065474157,-21451.055585636757,20021.163379590274,1262444.059714103,-0.036593769738219706,0.015524917959812768,-0.019960077089875242,-0.01663369264834446
202412,NRP-M,2028-09-30,1262444.059714103,-25198.480753548556,-21000.20322321774,19606.559857687073,1235851.9355950237,-0.03659463848816287,0.015530636551236366,-0.019960077089875242,-0.01663456139828763
202412,NRP-M,2028-10-31,1235851.9355950237,-24667.699906148206,-20558.85949849804,19200.332878062636,1209825.7090684401,-0.03659545136600129,0.015536111021922932,-0.019960077089875242,-0.016635374276126047
202412,NRP-M,2028-11-30,1209825.7090684401,-24148.214418319043,-20126.82526434903,18802.332570781076,1184353.001956553,-0.03659621328163016,0.015541356436588523,-0.019960077089875242,-0.016636136191754917
202412,NRP-M,2028-12-31,1184353.001956553,-23639.77722067796,-19703.90503694431,18412.409721296925,1159421.7294202277,-0.03659692860660499,0.015546386669244386,-0.019960077089875242,-0.01663685151672975
202412,NRP-M,2029-01-31,1159421.7294202277,-23142.14709890422,-19289.907028252237,18030.41602829576,1135020.0913213668,-0.03659760124417776,0.015551214515629203,-0.019960077089875242,-0.01663752415430252
202412,NRP-S,2025-10-31,1376252.91,-72143.73578618531,-26410.25314374076,24437.48539782611,1302136.4064679,-0.07161037641687971,0.017756536767523427,-0.052420405626016305,-0.019189970790863403
202412,NRP-S,2025-11-30,1302136.4064679,-68115.19856502353,-25590.2286727004,22867.696148240775,1231298.6753784167,-0.07196283490137861,0.01756167482504415,-0.052310340319712656,-0.01965249458166597
202412,NRP-S,2025-12-31,1231298.6753784167,-63070.05971711649,-24545.570483680327,21536.26303229783,1165219.3082099177,-0.07115708962642212,0.017490689678261093,-0.05122238899325794,-0.01993470063316417
202412,NRP-S,2026-01-31,1165219.3082099177,-58477.84061261575,-23442.18164646755,20364.812016269156,1103664.0979671036,-0.07030438105675911,0.017477235291916717,-0.05018612393443174,-0.02011825712232737
202412,NRP-S,2026-02-28,1103664.0979671036,-55607.60378079804,-22342.06836871244,19304.768771373147,1045019.1945889663,-0.0706280763260217,0.01749152555286668,-0.05038453627623168,-0.020243540049790024
202412,NRP-S,2026-03-31,1045019.1945889663,-52652.80751912618,-21247.6676201183,18307.8594060172,989426.578855739,-0.07071685909875704,0.01751916089275103,-0.05038453627623168,-0.02033232282252535
202412,NRP-S,2026-04-30,989426.578855739,-49851.799355024785,-20181.493067674022,17367.225864959673,936760.5122979998,-0.07078169711560765,0.01755281921478669,-0.05038453627623168,-0.020397160839375972
202412,NRP-S,2026-05-31,936760.5122979998,-47198.24401401994,-19152.71579194136,16476.36007578368,886885.9125678221,-0.07083022708033822,0.017588657783369783,-0.05038453627623168,-0.020445690804106555
202412,NRP-S,2026-06-30,886885.9125678221,-44685.33543465227,-18165.8751656515,15631.038360126671,839665.740327645,-0.07086730064110405,0.01762463259211069,-0.05038453627623168,-0.020482764364872372
202412,NRP-S,2026-07-31,839665.740327645,-42306.16895344716,-17222.868917605374,14828.21584220996,794964.9182988025,-0.07089611378907014,0.017659665185843904,-0.050384536276231684,-0.020511577512838452
202412,NRP-S,2026-08-31,794964.9182988025,-40053.93876435756,-16324.048967495295,14065.480864468356,752652.4114314179,-0.07091883734001724,0.017693209524978788,-0.05038453627623168,-0.020534301063785555
202412,NRP-S,2026-09-30,752652.4114314179,-37922.042727159525,-15468.850077211346,13340.777614156257,712602.2962412032,-0.07093698497933515,0.01772501809804123,-0.05038453627623168,-0.020552448703103472
202412,NRP-S,2026-10-31,712602.2962412032,-35904.136245490896,-14656.162811618193,12652.262151093004,674694.2593351871,-0.0709516364510778,0.017755011761582142,-0.05038453627623168,-0.020567100174846115
202412,NRP-S,2026-11-30,674694.2593351871,-33994.157384838996,-13884.560928075896,11998.226730750715,638813.767753023,-0.07096357742852649,0.01778320559978266,-0.05038453627623167,-0.02057904115229483
202412,NRP-S,2026-12-31,638813.767753023,-32186.335455108423,-13152.443042730178,11377.059824604878,604852.0490797892,-0.07097338972094196,0.017809665976083747,-0.05038453627623168,-0.020588853444710276
202412,NRP-S,2027-01-31,604852.0490797892,-30475.190008613703,-12458.122329411734,10787.225036173115,572705.9617779369,-0.07098151093865582,0.017834485396196642,-0.05038453627623168,-0.02059697466242413
202412,NRP-S,2027-02-28,572705.9617779369,-28855.524306814616,-11799.883916964713,10227.250055831844,542277.8036099894,-0.07098827485149038,0.01785776775237656,-0.05038453627623168,-0.020603738575258698
202412,NRP-S,2027-03-31,542277.8036099894,-27322.415667782745,-11176.021772881148,9695.720909190792,513475.0870785162,-0.07099393923995512,0.01787961971639915,-0.05038453627623168,-0.020609402963723433
202412,NRP-S,2027-04-30,513475.0870785162,-25871.20415184872,-10584.862318920726,9191.278932212517,486210.29953995923,-0.07099870546435079,0.01790014581721482,-0.050384536276231684,-0.020614169188119112
202412,NRP-S,2027-05-31,486210.29953995923,-24497.480475048545,-10024.779332841768,8712.619081979507,460400.65881404845,-0.07100273244016933,0.017919445742353015,-0.05038453627623168,-0.02061819616393766
202412,NRP-S,2027-06-30,460400.65881404845,-23197.073695617386,-9494.203055903181,8258.48883526154,435967.8708977894,-0.07100614676731874,0.01793761298373178,-0.05038453627623167,-0.020621610491087072
202412,NRP-S,2027-07-31,435967.8708977894,-21966.03900652116,-8991.625411157036,7827.687281918203,412837.8937620294,-0.071009050171351,0.017954734292228075,-0.050384536276231684,-0.020624513895119302
202412,NRP-S,2027-08-31,412837.8937620294,-20800.64583445605,-8515.602595043578,7419.064216390776,390940.70954892057,-0.07101152503795662,0.017970889611861354,-0.05038453627623167,-0.020626988761724946
202412,NRP-S,2027-09-30,390940.70954892057,-19697.36636212334,-8064.755890556595,7031.519138410997,370210.1064346516,-0.07101363857632714,0.01798615229026463,-0.05038453627623168,-0.020629102300095476
202412,NRP-S,2027-10-31,370210.1064346516,-18652.864537484293,-7637.7712787803,6664.000132352773,350583.47075073974,-0.07101544598406402,0.018000589439686413,-0.05038453627623168,-0.020630909707832348
202412,NRP-S,2027-11-30,350583.47075073974,-17663.985599887852,-7233.398245045264,6315.502625052485,332001.5895308591,-0.0710169928765262,0.018014262371036666,-0.05038453627623167,-0.02063245660029453
202412,NRP-S,2027-12-31,332001.5895308591,-16727.74613148415,-6850.448054240008,5985.068036673899,314408.4633818088,-0.07101831716842608,0.018027227053735523,-0.05038453627623168,-0.0206337808921944
202412,NRP-S,2028-01-31,314408.4633818088,-15841.324628815004,-6487.791686765634,5671.782345268709,297751.12941149686,-0.07101945054343142,0.0180395345731551,-0.05038453627623168,-0.020634914267199742
202412,NRP-S,2028-02-29,297751.12941149686,-15002.052581122516,-6144.357569326404,5374.774587066805,281979.49384811474,-0.07102041961098404,0.018051231569431867,-0.05038453627623168,-0.02063588333475237
202412,NRP-S,2028-03-31,281979.49384811474,-14207.406036943785,-5819.129194831342,5093.215313494788,267046.1739298344,-0.07102124682358005,0.018062360648956246,-0.05038453627623168,-0.02063671054734836
202412,NRP-S,2028-04-30,267046.1739298344,-13454.997637796614,-5511.142697626189,4826.3150237538985,252906.34861816547,-0.07102195120910476,0.01807296076453804,-0.05038453627623168,-0.02063741493287309
202412,NRP-S,2028-05-31,252906.34861816547,-12742.569096441253,-5219.484430404841,4573.322589205541,239517.6176805249,-0.07102254895927883,0.018083067563125037,-0.05038453627623168,-0.02063801268304714
202412,NRP-S,2028-06-30,239517.6176805249,-12067.984096820997,-4943.288574983984,4333.523683200429,226839.86869192036,-0.0710230539053502,0.01809271370167267,-0.05038453627623168,-0.020638517629118523
202412,NRP-S,2028-07-31,226839.86869192036,-11429.221593003691,-4681.734808971902,4106.239227541945,214835.15151748672,-0.07102347790483197,0.018101929132743333,-0.05038453627623168,-0.0206389416286003
202412,NRP-S,2028-08-31,214835.15151748672,-10824.369485042538,-4434.0460430555,3890.8238645833194,203467.55985397202,-0.07102383115761232,0.01811074136192569,-0.05038453627623168,-0.02063929488138065
202412,NRP-S,2028-09-30,203467.55985397202,-10251.618650498793,-4199.486238356572,3686.664462049374,192703.11942716604,-0.07102412246564943,0.018119175679382406,-0.05038453627623167,-0.02063958618941776
202412,NRP-S,2028-10-31,192703.11942716604,-9709.257311321053,-3977.358309498915,3493.1786560416913,182509.68246238775,-0.07102435944734643,0.01812725536787157,-0.05038453627623168,-0.020639823171114752
202412,NRP-S,2028-11-30,182509.68246238775,-9195.6657167897,-3767.002116278118,3309.8134363104928,172856.82806563046,-0.07102454871532204,0.01813500188951669,-0.05038453627623168,-0.020640012439090378
202412,NRP-S,2028-12-31,172856.82806563046,-8709.3111242671,-3567.7925448475653,3136.043776729423,163715.76817324522,-0.0710246960244653,0.018142435053469377,-0.050384536276231684,-0.02064015974823362
202412,NRP-S,2029-01-31,163715.76817324522,-8248.74306051601,-3379.1376779198627,2971.371312961434,155059.25874777077,-0.07102480639574782,0.01814957316644727,-0.050384536276231684,-0.02064027011951613
202501,NON PRIME,2025-10-31,4363554.399999999,-260278.57757776356,-123098.87646564613,112186.83193227957,4092363.7778888694,-0.08785898350285486,0.0257099652366611,-0.059648294422034384,-0.028210689080820476
202501,NON PRIME,2025-11-30,4092363.7778888694,-249942.88251504017,-118886.2493889779,103347.97289009737,3826882.6188749485,-0.09012618425976934,0.02525385779448267,-0.061075431237439595,-0.029050753022329758
202501,NON PRIME,2025-12-31,3826882.6188749485,-233718.48502913033,-113141.42331195211,96302.98615784995,3576325.696691716,-0.09063771818615501,0.025164865439787576,-0.061072812601145415,-0.029564905585009595
202501,NON PRIME,2026-01-31,3576325.696691716,-221296.18793525244,-106959.22346246197,90182.49028636835,3338252.77558037,-0.09178565914770219,0.025216520511482432,-0.0618780856955961,-0.02990757345210609
202501,NON PRIME,2026-02-28,3338252.77558037,-212266.87394659978,-100649.10135718388,84532.8194094907,3109869.619686077,-0.093736453270643,0.025322474088198516,-0.06358621956352489,-0.03015023370711812
202501,NON PRIME,2026-03-31,3109869.619686077,-197744.85245129454,-94322.48984071042,79135.9298107558,2896938.2072048276,-0.09391626595634818,0.025446703395476788,-0.06358621956352489,-0.030330046392823287
202501,NON PRIME,2026-04-30,2896938.2072048276,-184205.34890529033,-88264.07548991109,74084.7350070112,2698553.517816637,-0.09405427555118594,0.025573460567007895,-0.06358621956352489,-0.03046805598766104
202501,NON PRIME,2026-05-31,2698553.517816637,-171590.8164878112,-82513.64590724099,69341.58561937526,2513790.6410409603,-0.0941632102966943,0.025695834883970946,-0.06358621956352489,-0.0305769907331694
202501,NON PRIME,2026-06-30,2513790.6410409603,-159842.4436379645,-77085.2938028362,64883.384692568645,2341746.288292729,-0.09425118129276229,0.02581097392649232,-0.06358621956352489,-0.0306649617292374
202501,NON PRIME,2026-07-31,2341746.288292729,-148902.7936494509,-71979.10380761314,60693.24965004405,2181557.6404857086,-0.09432358174808936,0.025917944208333946,-0.06358621956352489,-0.030737362184564472
202501,NON PRIME,2026-08-31,2181557.6404857086,-138717.00311840957,-67187.40901794568,56756.98203401006,2032410.2103833635,-0.09438412642194137,0.026016723546838542,-0.06358621956352489,-0.030797906858416484
202501,NON PRIME,2026-09-30,2032410.2103833635,-129233.28188058638,-62698.293403110285,53061.57492809775,1893540.2100277646,-0.09443545122098829,0.026107709288711457,-0.06358621956352489,-0.03084923165746339
202501,NON PRIME,2026-10-31,1893540.2100277646,-120403.06354718847,-58497.62077111537,49594.60758665739,1764234.1332961181,-0.09447947467441457,0.026191473159120394,-0.06358621956352489,-0.030893255110889688
202501,NON PRIME,2026-11-30,1764234.1332961181,-112180.97896123202,-54570.23984249775,46344.02852589626,1643826.9430182846,-0.09451762419548505,0.02626863841439896,-0.06358621956352489,-0.03093140463196015
202501,NON PRIME,2026-12-31,1643826.9430182846,-104524.74092319857,-50900.71138367658,43298.10461682263,1531699.595328232,-0.09455098236891857,0.02633981928616011,-0.06358621956352489,-0.030964762805393682
202501,NON PRIME,2027-01-31,1531699.595328232,-97394.98677390319,-47473.74948965568,40445.43563873431,1427276.2947034074,-0.09458038423814728,0.02640559269069151,-0.06358621956352489,-0.03099416467462238
202501,NON PRIME,2027-02-28,1427276.2947034074,-90755.10385282512,-44274.487558185385,37774.98914097757,1330021.6924333747,-0.0946064836304663,0.02646648674903364,-0.06358621956352489,-0.031020264066941406
202501,NON PRIME,2027-03-31,1330021.6924333747,-84571.05135931954,-41288.6345652876,35276.136077168696,1239438.1425859362,-0.09462979937893898,0.026522977991906546,-0.06358621956352489,-0.03104357981541409
202501,NON PRIME,2027-04-30,1239438.1425859362,-78811.18586987682,-38502.56163949624,32938.679578031566,1155063.0746545948,-0.09465074817256491,0.0265754929159345,-0.06358621956352489,-0.03106452860904002
202501,NON PRIME,2027-05-31,1155063.0746545948,-73446.09427470721,-35903.34388922084,30752.874683808343,1076466.511174475,-0.09466966831800717,0.026624411565580135,-0.06358621956352489,-0.031083448754482285
202501,NON PRIME,2027-06-30,1076466.511174475,-68448.4359323218,-33478.77336562257,28709.439248225706,1003248.7411247563,-0.09468683720289359,0.026670071897454916,-0.06358621956352489,-0.031100617639368704
202501,NON PRIME,2027-07-31,1003248.7411247563,-63792.7947299887,-31217.353442206928,26799.557162619647,935038.1501151803,-0.09470248431677912,0.026712774274278466,-0.06358621956352489,-0.031116264753254227
202501,NON PRIME,2027-08-31,935038.1501151803,-59455.541113496,-29108.281361020996,25014.87530759719,871489.2029482605,-0.09471680108839141,0.026752785760148712,-0.06358621956352489,-0.031130581524866516
202501,NON PRIME,2027-09-30,871489.2029482605,-55414.7038059094,-27141.42342718697,23347.495597487872,812280.571312652,-0.09472994840763121,0.026790344066803078,-0.06358621956352489,-0.031143728844106322
202501,NON PRIME,2027-10-31,812280.571312652,-51649.85075467173,-25307.285852412457,21789.963321863997,757113.3980274318,-0.094742062441209,0.026825661097188674,-0.06358621956352489,-0.031155842877684095
202501,NON PRIME,2027-11-30,757113.3980274318,-48141.97876145869,-23596.983266767606,20335.252794639167,705709.6887938448,-0.09475325917508996,0.026858926083754734,-0.06358621956352489,-0.03116703961156508
202501,NON PRIME,2027-12-31,705709.6887938448,-44873.41121975223,-22002.20625944497,18976.751133342106,657810.8224479897,-0.09476363799609562,0.026890308344463845,-0.06358621956352489,-0.03117741843257073
202501,NON PRIME,2028-01-31,657810.8224479897,-41827.703387440764,-20515.188862380597,17708.240824536773,613176.1710227052,-0.09477328454070935,0.02691995969089865,-0.06358621956352489,-0.03118706497718445
202501,NON PRIME,2028-02-29,613176.1710227052,-38989.55464177122,-19128.67658463928,16523.881590342695,571581.8213866374,-0.09478227297951938,0.02694801652644593,-0.06358621956352489,-0.031196053415994487
202501,NON PRIME,2028-03-31,571581.8213866374,-36344.727193210194,-17835.895394404284,15418.191954877946,532819.3907539009,-0.09479066786304398,0.026974601672030005,-0.06358621956352489,-0.031204448299519093
202501,NON PRIME,2028-04-30,532819.3907539009,-33879.970768181105,-16630.521899037823,14386.030815443477,496694.92890212545,-0.09479852562375825,0.026999825954322505,-0.06358621956352489,-0.031212306060233355
202501,NON PRIME,2028-05-31,496694.92890212545,-31582.952805259934,-15506.654871849272,13422.579248048189,463027.9004730644,-0.09480589580649472,0.027023789587940668,-0.06358621956352489,-0.031219676242969827
202501,NON PRIME,2028-06-30,463027.9004730644,-29442.193743518223,-14458.788203329987,12523.322717182353,431650.2412433985,-0.09481282208263399,0.027046583379506023,-0.06358621956352489,-0.03122660251910909
202501,NON PRIME,2028-07-31,431650.2412433985,-27447.007014351228,-13481.785305413865,11684.033812678827,402405.48273631226,-0.09481934309098697,0.027068289777904802,-0.06358621956352489,-0.03123312352746206
202501,NON PRIME,2028-08-31,402405.48273631226,-25587.443378837375,-12570.854963406413,10900.75559959009,375147.93999365857,-0.09482549313884003,0.02708898379183646,-0.06358621956352489,-0.03123927357531514
202501,NON PRIME,2028-09-30,375147.93999365857,-23854.239281240836,-11721.528607142538,10169.785638214162,349741.9577434893,-0.09483130278946685,0.02710873379282336,-0.06358621956352489,-0.03124508322594195
202501,NON PRIME,2028-10-31,349741.9577434893,-22238.768915654557,-10929.638957561323,9487.6607090626,326061.210579336,-0.09483679935692055,0.02712760221929426,-0.06358621956352489,-0.031250579793395655
202501,NON PRIME,2028-11-30,326061.210579336,-20732.999727046383,-10191.299995014208,8851.142260342856,303988.0531176182,-0.09484200732468362,0.027145646195131296,-0.06358621956352489,-0.031255787761158726
202501,NON PRIME,2028-12-31,303988.0531176182,-19329.45109022534,-9502.888189677757,8257.202582355909,283412.91642007104,-0.09484694870145889,0.02716291807415555,-0.06358621956352489,-0.031260729137934005
202501,NON PRIME,2029-01-31,283412.91642007104,-18021.155930625566,-8861.024931294885,7703.011703236342,264233.74726138695,-0.0948516433248089,0.02717946592038535,-0.06358621956352489,-0.031265423761284
202501,NRP-L,2025-10-31,60436.42,-888.4829744294581,-1066.1368347436041,1035.5203833947387,59517.320574221674,-0.03234175368383935,0.01713404571936489,-0.014701118537952085,-0.017640635145887266
202501,NRP-L,2025-11-30,59517.320574221674,-887.6313214730758,-1052.2304866908894,1017.6370451749491,58595.095811232655,-0.032593231507202024,0.01709816630447761,-0.014913832022497488,-0.017679399484704535
202501,NRP-L,2025-12-31,58595.095811232655,-887.587193206537,-1036.5776048274317,1000.6786143634298,57671.60962756212,-0.03283832497232827,0.01707785609886485,-0.015147806841479504,-0.017690518130848765
202501,NRP-L,2026-01-31,57671.60962756212,-877.3831993293321,-1020.2437643067341,984.1823058292724,56758.16496975532,-0.032904005556473354,0.01706528241859435,-0.015213433524664755,-0.017690572031808603
202501,NRP-L,2026-02-28,56758.16496975532,-868.0819359738259,-1003.8255374034532,968.1228902449246,55854.380386622965,-0.032980408622702316,0.017056980097239004,-0.015294397492174034,-0.017686011130528284
202501,NRP-L,2026-03-31,55854.380386622965,-854.2590953121008,-987.4831434166849,952.3855829001292,54965.0237307943,-0.032973998207128624,0.01705122456480108,-0.015294397492174034,-0.01767960071495459
202501,NRP-L,2026-04-30,54965.0237307943,-840.6569211055466,-971.3747897536899,936.9931302245981,54089.985150159664,-0.03296699587967322,0.01704707951758138,-0.015294397492174034,-0.017672598387499187
202501,NRP-L,2026-05-31,54089.985150159664,-827.2737332323327,-955.5315811805502,921.9097787352351,53229.08961448202,-0.03295998897880305,0.017044001328081596,-0.015294397492174034,-0.017665591486629013
202501,NRP-L,2026-06-30,53229.08961448202,-814.1068547104408,-939.9645859715669,907.1118889802418,52382.13006278025,-0.03295324893561166,0.017041657025324067,-0.015294397492174034,-0.01765885144343763
202501,NRP-L,2026-07-31,52382.13006278025,-801.1531186669202,-924.6752831076085,892.5827780601189,51548.884439065834,-0.032946892379254425,0.01703983356519397,-0.015294397492174034,-0.017652494887080393
202501,NRP-L,2026-08-31,51548.884439065834,-788.4091288892175,-909.6605335032481,878.3099760397621,50729.12475271313,-0.03294095848766029,0.01703838959071912,-0.015294397492174034,-0.017646560995486265
202501,NRP-L,2026-09-30,50729.12475271313,-775.8713983980794,-894.9150355163824,864.2836839945221,49922.62200279319,-0.032935447675452034,0.017037228381282056,-0.015294397492174034,-0.017641050183278
202501,NRP-L,2026-10-31,49922.62200279319,-763.5364247622724,-880.4325671219965,850.4958661115656,49129.14887702049,-0.032930341515160964,0.01703628198983579,-0.015294397492174034,-0.017635944022986932
202501,NRP-L,2026-11-30,49129.14887702049,-751.4007313773469,-866.2066203096429,836.9396932790324,48348.481218612535,-0.03292561317795603,0.017035501579195887,-0.015294397492174034,-0.017631215685782003
202501,NRP-L,2026-12-31,48348.481218612535,-739.460889900371,-852.2307222564376,823.6091899640747,47580.3987964198,-0.03292123293304322,0.01703485133772957,-0.015294397492174034,-0.017626835440869185
202501,NRP-L,2027-01-31,47580.3987964198,-727.7135320286035,-838.4985919100114,810.499003088126,46824.68567556931,-0.03291717101069075,0.017034304536958023,-0.015294397492174035,-0.017622773518516714
202501,NRP-L,2027-02-28,46824.68567556931,-716.1553551682646,-825.0042092315102,797.604246531489,46081.13035770102,-0.03291339903652299,0.017033840911560835,-0.015294397492174032,-0.01761900154434896
202501,NRP-L,2027-03-31,46081.13035770102,-704.7831245793672,-811.7418381799192,784.9203938939568,45349.52578883569,-0.03290989068600065,0.017033444878653718,-0.015294397492174034,-0.017615493193826614
202501,NRP-L,2027-04-30,45349.52578883569,-693.5936734960502,-798.7060256483012,772.4432028504469,44629.66929254178,-0.03290662191470437,0.017033104302947525,-0.015294397492174034,-0.017612224422530336
202501,NRP-L,2027-05-31,44629.66929254178,-682.5839021044075,-785.8915884765668,760.1686606797684,43921.36246264057,-0.03290357096207245,0.01703280962484754,-0.015294397492174034,-0.017609173469898418
202501,NRP-L,2027-06-30,43921.36246264057,-671.7507759014767,-773.2935951697152,748.0929442848359,43224.41103585422,-0.032900718239338406,0.01703255323468534,-0.015294397492174034,-0.017606320747164374
202501,NRP-L,2027-07-31,43224.41103585422,-661.0913237474683,-760.9073459123026,736.2123903238954,42538.624756518344,-0.032898046163780864,0.017032329016888503,-0.015294397492174034,-0.01760364867160683
202501,NRP-L,2027-08-31,42538.624756518344,-650.6026357966264,-748.7283527744854,724.5234725219916,41863.81724046922,-0.03289553897382842,0.01703213201341142,-0.015294397492174032,-0.01760114148165439
202501,NRP-L,2027-09-30,41863.81724046922,-640.2818614154646,-736.7523210555829,713.0227841649674,41199.80584216314,-0.03289318254380028,0.017031958172120467,-0.015294397492174035,-0.017598785051626247
202501,NRP-L,2027-10-31,41199.80584216314,-630.126207150437,-724.9751321816103,701.7070243907797,40546.41152722188,-0.03289096420802209,0.017031804156529915,-0.015294397492174032,-0.01759656671584806
202501,NRP-L,2027-11-30,40546.41152722188,-620.1329347785986,-713.392828282182,690.5729873023138,39903.45875146341,-0.03288887259888545,0.01703166720040514,-0.015294397492174034,-0.017594475106711412
202501,NRP-L,2027-12-31,39903.45875146341,-610.2993594574519,-702.001598417235,679.6175532041426,39270.77534679287,-0.03288689750049699,0.017031544995563034,-0.015294397492174032,-0.01759250000832296
202501,NRP-L,2028-01-31,39270.77534679287,-600.6228479797187,-690.7977663466272,668.8376814577575,38648.19241392428,-0.03288502971795316,0.01703143560450175,-0.015294397492174032,-0.01759063222577913
202501,NRP-L,2028-02-29,38648.19241392428,-591.100817132583,-679.7777797021313,658.2304045843108,38035.544221673874,-0.03288326096143215,0.017031337391788647,-0.015294397492174034,-0.017588863469258115
202501,NRP-L,2028-03-31,38035.544221673874,-581.7307321574434,-668.9382004121621,647.7928233393774,37432.66811244364,-0.03288158374389538,0.01703124896975299,-0.015294397492174032,-0.01758718625172135
202501,NRP-L,2028-04-30,37432.66811244364,-572.510105304341,-658.2756962334096,637.5221025528552,36839.404413458746,-0.032879991291045685,0.017031169155183074,-0.015294397492174034,-0.017585593798871653
202501,NRP-L,2028-05-31,36839.404413458746,-563.4364944743885,-647.7870332538475,627.4154675770216,36255.596353307534,-0.03287847746218538,0.017031096934558593,-0.015294397492174034,-0.017584079970011348
202501,NRP-L,2028-06-30,36255.596353307534,-554.5075019433008,-637.4690692446595,617.4702012224409,35681.08998334202,-0.03287703668068939,0.01703103143595403,-0.015294397492174034,-0.017582639188515357
202501,NRP-L,2028-07-31,35681.08998334202,-545.7207731592622,-627.3187477523225,607.6836410886757,35115.734103519106,-0.03287566387291495,0.017030971906193935,-0.015294397492174034,-0.017581266380740916
202501,NRP-L,2028-08-31,35115.734103519106,-537.0739956087128,-617.3330928353643,598.0531772171987,34559.38019229223,-0.03287435441448991,0.017030917692171074,-0.015294397492174035,-0.017579956922315874
202501,NRP-L,2028-09-30,34559.38019229223,-528.5648977440833,-607.5092043625507,588.5762500093823,34011.88234019498,-0.032873104083041754,0.01703086822548549,-0.015294397492174035,-0.01757870659086772
202501,NRP-L,2028-10-31,34011.88234019498,-520.1912479679963,-597.8442538002829,579.2503483642641,33473.09718679096,-0.03287190901654371,0.01703082300974888,-0.015294397492174032,-0.017577511524369684
202501,NRP-L,2028-11-30,33473.09718679096,-511.95085366895336,-588.3354804267216,570.0730079999013,32942.88386069519,-0.03287076567655849,0.0170307816100406,-0.015294397492174034,-0.017576368184384458
202501,NRP-L,2028-12-31,32942.88386069519,-503.84156030399697,-578.9801879186601,561.0418099291882,32421.103922401722,-0.032869670815753725,0.01703074364410999,-0.015294397492174034,-0.01757527332357969
202501,NRP-L,2029-01-31,32421.103922401722,-495.86125052429463,-569.7757412645494,552.1543790665424,31907.62130967942,-0.032868621449145985,0.017030708775003348,-0.015294397492174034,-0.017574223956971946
202501,NRP-M,2025-10-31,4943312.740000001,-140138.9238313102,-83080.95107490376,77460.45365749874,4797553.318751286,-0.04515592814914921,0.015669745721469105,-0.028349192374041498,-0.016806735775107714
202501,NRP-M,2025-11-30,4797553.318751286,-139214.9868760131,-82851.95935161019,74130.14632191561,4649616.518845579,-0.04628754105966314,0.015451656583404125,-0.029017913429307794,-0.017269627630355344
202501,NRP-M,2025-12-31,4649616.518845579,-136798.234543938,-81383.53134349355,71459.11924272355,4502893.87220087,-0.04692467970274727,0.01536881997753777,-0.029421401526227946,-0.01750327817651932
202501,NRP-M,2026-01-31,4502893.87220087,-131456.17225609205,-79386.12181071435,69088.63554483566,4361140.213678899,-0.04682373159369031,0.01534316319808518,-0.02919370875419733,-0.017630022839492988
202501,NRP-M,2026-02-28,4361140.213678899,-132863.77391378165,-77199.42707179864,66915.02146679537,4217992.034160114,-0.048167036759494276,0.015343469411259376,-0.03046537543027139,-0.017701661329222892
202501,NRP-M,2026-03-31,4217992.034160114,-128502.71088258196,-74839.02156525251,64770.942708990915,4079421.2444212707,-0.04820818313572843,0.015355871273447792,-0.030465375430271387,-0.017742807705457046
202501,NRP-M,2026-04-30,4079421.2444212707,-124281.09974951891,-72475.75854302137,62716.02053178771,3945380.4066605177,-0.04823156190638834,0.015373754455378622,-0.030465375430271387,-0.01776618647611695
202501,NRP-M,2026-05-31,3945380.4066605177,-120197.49530414947,-70144.17318134394,60734.454412594474,3815773.1925876187,-0.0482441865844323,0.015393814576172097,-0.030465375430271387,-0.017778811154160915
202501,NRP-M,2026-06-30,3815773.1925876187,-116248.96286894706,-67862.55696067926,58817.69815886068,3690479.370916853,-0.0482501214137346,0.015414359080125041,-0.030465375430271387,-0.017784745983463215
202501,NRP-M,2026-07-31,3690479.370916853,-112431.8395526537,-65640.49670684672,56960.77416065895,3569367.808818012,-0.0482518172741501,0.015434519051791301,-0.030465375430271387,-0.017786441843878717
202501,NRP-M,2026-08-31,3569367.808818012,-108742.13034436588,-63482.72259168712,55160.51511132916,3452303.4709932883,-0.04825080018668204,0.015453861318258327,-0.030465375430271387,-0.017785424756410654
202501,NRP-M,2026-09-30,3452303.4709932883,-105175.72134303955,-61391.17225980828,53414.69013036819,3339151.267520809,-0.048248045110276354,0.015472188519684175,-0.030465375430271387,-0.017782669680004973
202501,NRP-M,2026-10-31,3339151.267520809,-101728.49698348802,-59366.144155063645,51721.55731966591,3229778.183701923,-0.04824418788854637,0.015489432246676016,-0.030465375430271387,-0.01777881245827498
202501,NRP-M,2026-11-30,3229778.183701923,-98396.40492297911,-57406.96399217835,50079.63019704842,3124054.444983814,-0.04823964992437282,0.015505594300487813,-0.030465375430271387,-0.017774274494101436
202501,NRP-M,2026-12-31,3124054.444983814,-95175.49153104,-55512.38070459813,48487.55475063537,3021854.127498811,-0.04823471385961036,0.015520713740597625,-0.030465375430271387,-0.017769338429338977
202501,NRP-M,2027-01-31,3021854.127498811,-92061.92048976646,-53680.80702870081,46944.045034758725,2923055.4450151026,-0.04822957077650156,0.015534848160792697,-0.030465375430271387,-0.01776419534623017
202501,NRP-M,2027-02-28,2923055.4450151026,-89051.9815358841,-51910.46830296406,45447.85022132986,2827540.845397584,-0.04822435033835625,0.015548063003332818,-0.030465375430271387,-0.017758974908084868
202501,NRP-M,2027-03-31,2827540.845397584,-86142.09339946434,-50199.4957112796,43997.73866799794,2735196.9949548384,-0.04821914043528973,0.015560425498225247,-0.030465375430271384,-0.017753765005018338
202501,NRP-M,2027-04-30,2735196.9949548384,-83328.80332704926,-48545.98519341033,42592.491159258,2645914.697593637,-0.04821400022144913,0.015572001299292615,-0.030465375430271384,-0.01774862479117775
202501,NRP-M,2027-05-31,2645914.697593637,-80608.78461866314,-46948.03476002473,41230.89900271987,2559588.7772176685,-0.04820896890390917,0.015582852705046717,-0.03046537543027139,-0.01774359347363778
202501,NRP-M,2027-06-30,2559588.7772176685,-77978.83304504554,-45403.76802167181,39911.76458722706,2476117.9407381783,-0.048204071749696084,0.015593037812352053,-0.030465375430271387,-0.017738696319424693
202501,NRP-M,2027-07-31,2476117.9407381783,-75435.86267421908,-43911.3488103114,38633.90307710963,2395404.6323307576,-0.048199324240973264,0.01560261021556676,-0.030465375430271387,-0.017733948810701877
202501,NRP-M,2027-08-31,2395404.6323307576,-72976.90143136773,-42468.98999177611,37396.14451619073,2317354.885423804,-0.04819473497920625,0.01561161901895624,-0.03046537543027139,-0.017729359548934856
202501,NRP-M,2027-09-30,2317354.885423804,-70599.08658960972,-41074.958465473464,36197.335954044385,2241878.1763227656,-0.048190307732973725,0.015620109022457524,-0.030465375430271384,-0.017724932302702338
202501,NRP-M,2027-10-31,2241878.1763227656,-68299.6603106052,-39727.57765371568,35036.343398908226,2168887.281757353,-0.04818604289262152,0.01562812099646578,-0.030465375430271387,-0.01772066746235013
202501,NRP-M,2027-11-30,2168887.281757353,-66075.96530467855,-38425.22833943806,33912.0535097156,2098298.1416229517,-0.0481819385097062,0.015635691995131335,-0.030465375430271387,-0.017716563079434818
202501,NRP-M,2027-12-31,2098298.1416229517,-63925.44064918398,-37166.348423572366,32823.37499959063,2030029.7275497862,-0.04817799104304872,0.015642855678365628,-0.030465375430271387,-0.017712615612777337
202501,NRP-M,2028-01-31,2030029.7275497862,-61845.61778441577,-35949.431984758325,31769.23975525748,1964003.9175358696,-0.04817419589574739,0.015649642625481377,-0.030465375430271384,-0.017708820465476
202501,NRP-M,2028-02-29,1964003.9175358696,-59834.11669425404,-34773.02789904032,30748.60369295199,1900145.3766355272,-0.04817054780216165,0.015656080631209032,-0.030465375430271387,-0.01770517237189026
202501,NRP-M,2028-03-31,1900145.3766355272,-57888.642271295765,-33635.7381935118,29760.447378462068,1838381.443549182,-0.04816704110654115,0.01566219497960577,-0.030465375430271387,-0.017701665676269768
202501,NRP-M,2028-04-30,1838381.443549182,-56006.9808617701,-32536.216251406626,28803.77644088081,1778642.0228768862,-0.0481636699629839,0.01566800869425237,-0.030465375430271387,-0.017698294532712513
202501,NRP-M,2028-05-31,1778642.0228768862,-54186.996983001685,-31473.164947779038,27877.621808883065,1720859.4827549884,-0.04816042847802992,0.01567354276482913,-0.030465375430271387,-0.01769505304775853
202501,NRP-M,2028-06-30,1720859.4827549884,-52426.63020487335,-30445.33476871624,26981.03979619747,1664968.5575775963,-0.048157310811291085,0.01567881635111922,-0.030465375430271387,-0.0176919353810197
202501,NRP-M,2028-07-31,1664968.5575775963,-50723.89218619889,-29451.52194906066,26113.11206022819,1610906.2555025648,-0.04815431124531789,0.015683846965987635,-0.030465375430271387,-0.017688935815046505
202501,NRP-M,2028-08-31,1610906.2555025648,-49076.86385685832,-28490.566651268917,25272.945454922625,1558611.7704493604,-0.048151424232894306,0.01568865063910132,-0.030465375430271387,-0.017686048802622926
202501,NRP-M,2028-09-30,1558611.7704493604,-47483.69273677973,-27561.351199539364,24459.671796221937,1508026.3983092632,-0.048148644427780114,0.015693242063204757,-0.030465375430271387,-0.017683268997508727
202501,NRP-M,2028-10-31,1508026.3983092632,-45942.59038325168,-26662.798377505842,23672.447555886192,1459093.457104392,-0.04814596670334132,0.015697634724714873,-0.030465375430271387,-0.017680591273069934
202501,NRP-M,2028-11-30,1459093.457104392,-44451.82995853788,-25793.86979380648,22910.453497205028,1411758.2108492525,-0.04814338616235641,0.015701841020294482,-0.030465375430271387,-0.017678010732085025
202501,NRP-M,2028-12-31,1411758.2108492525,-43009.74391029071,-24953.564317130054,22172.894264096347,1365967.7968859281,-0.04814089814043793,0.015705872360932186,-0.030465375430271384,-0.017675522710166546
202501,NRP-M,2029-01-31,1365967.7968859281,-41614.72175779049,-24140.916580531197,21458.9979333501,1321671.1564809564,-0.04813849820488333,0.015709739264916315,-0.030465375430271384,-0.017673122774611943
202501,NRP-S,2025-10-31,2185314.64,-106757.72159563153,-43030.34377624888,39098.29048622645,2074624.8651143464,-0.06854302013548054,0.017891378097492836,-0.04885233441516299,-0.019690685720317548
202501,NRP-S,2025-11-30,2074624.8651143464,-102933.49174591087,-41950.61849952756,36939.947732826404,1966680.7026017345,-0.0698362931447141,0.01780560348715882,-0.04961547192303488,-0.02022082122167922
202501,NRP-S,2025-12-31,1966680.7026017345,-99812.6040532621,-40322.002896441656,35025.55753171529,1861571.6531837462,-0.07125437635317151,0.017809478419847084,-0.05075180934109912,-0.02050256701207238
202501,NRP-S,2026-01-31,1861571.6531837462,-95107.05061974471,-38470.15103043051,33219.66400942401,1761214.1155429948,-0.07175506858504495,0.017844955875112405,-0.051089653442610294,-0.02066541514243466
202501,NRP-S,2026-02-28,1761214.1155429948,-92650.61186854453,-36571.8786439923,31509.255794257606,1663500.8808247156,-0.07337125530174202,0.017890644593512743,-0.052606103398154795,-0.020765151903587218
202501,NRP-S,2026-03-31,1663500.8808247156,-87510.29933958656,-34648.70647757618,29839.96638934863,1571181.8413969015,-0.07343489097318653,0.01793805265348272,-0.052606103398154795,-0.020828787575031735
202501,NRP-S,2026-04-30,1571181.8413969015,-82653.75440582864,-32791.46606074698,28255.741629447195,1483992.362559773,-0.07347667687142816,0.017983750120435245,-0.05260610339815479,-0.02087057347327337
202501,NRP-S,2026-05-31,1483992.362559773,-78067.05566689144,-31013.27664895473,26751.095394690357,1401663.1256386172,-0.07350464535254815,0.01802643737906223,-0.052606103398154795,-0.020898541954393352
202501,NRP-S,2026-06-30,1401663.1256386172,-73736.03531672593,-29319.23676229958,25322.09023158228,1323929.9437911739,-0.07352356653605487,0.01806574616140036,-0.052606103398154795,-0.020917463137900077
202501,NRP-S,2026-07-31,1323929.9437911739,-69646.79551499175,-27710.240839628525,23965.40532072783,1250538.3127572814,-0.07353639579737203,0.018101717113596715,-0.052606103398154795,-0.02093029239921725
202501,NRP-S,2026-08-31,1250538.3127572814,-65785.94778426358,-26184.929068408852,22677.96489076359,1181245.4007953724,-0.07354502930013243,0.018134562259641208,-0.052606103398154795,-0.02093892590197764
202501,NRP-S,2026-09-30,1181245.4007953724,-62140.717692836166,-24740.731704275204,21456.796464208,1115820.7478624692,-0.0735507197222619,0.018164554503035876,-0.052606103398154795,-0.020944616324107112
202501,NRP-S,2026-10-31,1115820.7478624692,-58698.98163585946,-23374.449530045506,20298.984516830493,1054046.3012133946,-0.07355431535318696,0.018191976225317912,-0.052606103398154795,-0.020948211955032162
202501,NRP-S,2026-11-30,1054046.3012133946,-55449.26870807445,-22082.585677875555,19201.662851229536,995716.1096786741,-0.07355640287973789,0.01821709618365437,-0.052606103398154795,-0.02095029948158309
202501,NRP-S,2026-12-31,995716.1096786741,-52380.744620964775,-20861.53902870135,18162.021322419896,940635.8473514279,-0.07355739546415696,0.018240160168023125,-0.052606103398154795,-0.02095129206600217
202501,NRP-S,2027-01-31,940635.8473514279,-49483.186645780166,-19707.71806257637,17177.316494720966,888622.2591377923,-0.0735575886281382,0.018261388339693378,-0.052606103398154795,-0.020951485229983406
202501,NRP-S,2027-02-28,888622.2591377923,-46746.9544461046,-18617.60777042502,16244.88195340258,839502.5788746652,-0.07355719659774357,0.01828097573108801,-0.052606103398154795,-0.020951093199588783
202501,NRP-S,2027-03-31,839502.5788746652,-44162.95946729824,-17587.808265911586,15362.136719245938,793113.9478607014,-0.07355637646281608,0.01829909413719556,-0.0526061033981548,-0.02095027306466129
202501,NRP-S,2027-04-30,793113.9478607014,-41722.63434767881,-16615.0560443262,14526.591403435086,749302.8488721314,-0.07355524455138085,0.018315894510011147,-0.0526061033981548,-0.02094914115322605
202501,NRP-S,2027-05-31,749302.8488721314,-39417.9031442993,-15696.234471472297,13735.852231528945,707924.5634878888,-0.07355388772207488,0.018331509418660928,-0.052606103398154795,-0.020947784323920086
202501,NRP-S,2027-06-30,707924.5634878888,-37241.152784937476,-14828.377542921551,12987.623240109948,668842.6564001397,-0.07355237127430152,0.018346055370816555,-0.052606103398154795,-0.020946267876146715
202501,NRP-S,2027-07-31,668842.6564001397,-35185.205939682266,-14008.6694371662,12279.706984495324,631928.4880077865,-0.07355074456766988,0.018359634911127597,-0.052606103398154795,-0.02094464116951509
202501,NRP-S,2027-08-31,631928.4880077865,-33243.29538037724,-13234.441462116796,11610.00407266569,597060.7552379582,-0.0735490450652406,0.018372338473404342,-0.0526061033981548,-0.020942941667085792
202501,NRP-S,2027-09-30,597060.7552379582,-31409.03982502842,-12503.167420822288,10976.511797118372,564125.0597892258,-0.0735473012764832,0.018384245993096113,-0.052606103398154795,-0.02094119787832841
202501,NRP-S,2027-10-31,564125.0597892258,-29676.421224762267,-11812.458060333702,10377.32208957576,533013.5025937057,-0.07354553492198604,0.018395428299981996,-0.052606103398154795,-0.020939431523831247
202501,NRP-S,2027-11-30,533013.5025937057,-28039.76343005713,-11160.055035855125,9810.618980362053,503624.3031081555,-0.07354376254102642,0.018405948315797706,-0.052606103398154795,-0.020937659142871615
202501,NRP-S,2027-12-31,503624.3031081555,-26493.71216313128,-10543.82467199939,9274.675707181279,475861.4419802061,-0.07354199669585186,0.018415862081996272,-0.052606103398154795,-0.02093589329769707
202501,NRP-S,2028-01-31,475861.4419802061,-25033.21622000576,-9961.751704390488,8767.851587288664,449634.3256430985,-0.07354024688104882,0.01842521964125299,-0.052606103398154795,-0.020934143482894033
202501,NRP-S,2028-02-29,449634.3256430985,-23653.509826140446,-9411.933119619353,8288.588742094309,424857.471439433,-0.07353852021521554,0.018434065793885707,-0.052606103398154795,-0.020932416817060723
202501,NRP-S,2028-03-31,424857.471439433,-22350.09607202141,-8892.572168073126,7835.408743238687,401450.2119425771,-0.07353682197053804,0.01844244074769835,-0.052606103398154795,-0.02093071857238325
202501,NRP-S,2028-04-30,401450.2119425771,-21118.731358662368,-8401.972595018673,7406.9092332756445,379336.4172221717,-0.07353515598069642,0.018450380677181258,-0.052606103398154795,-0.02092905258254162
202501,NRP-S,2028-05-31,379336.4172221717,-19955.41078707515,-7938.533115740876,7001.760561513802,358444.23388086946,-0.07353352495676406,0.018457918205656947,-0.052606103398154795,-0.02092742155860927
202501,NRP-S,2028-06-30,358444.23388086946,-18856.3544300094,-7500.742147380692,6618.702465640839,338705.8397691202,-0.0735319307330523,0.018465082821894675,-0.052606103398154795,-0.020925827334897503
202501,NRP-S,2028-07-31,338705.8397691202,-17817.99442845319,-7087.172801312672,6256.540821942893,320057.2133612972,-0.0735303744592728,0.01847190124093426,-0.052606103398154795,-0.020924271061118
202501,NRP-S,2028-08-31,320057.2133612972,-16836.96285940969,-6696.478134060256,5914.144480793479,302437.91684862075,-0.07352885675132145,0.018478397717339633,-0.05260610339815479,-0.02092275335316665
202501,NRP-S,2028-09-30,302437.91684862075,-15910.080325261086,-6327.386650934523,5590.442199272521,285790.8920716976,-0.07352737780999243,0.018484594317817318,-0.052606103398154795,-0.02092127441183762
202501,NRP-S,2028-10-31,285790.8920716976,-15034.345218574623,-5978.698054162681,5284.419679007377,270062.2684779677,-0.07352593751471152,0.018490511159052793,-0.052606103398154795,-0.020919834116556724
202501,NRP-S,2028-11-30,270062.2684779677,-14206.92361949221,-5649.279225811031,4995.116714385012,255201.18234704947,-0.07352453549772042,0.018496166615709683,-0.052606103398154795,-0.02091843209956563
202501,NRP-S,2028-12-31,255201.18234704947,-13425.139785880241,-5338.060435003502,4721.624453993724,241159.60658015942,-0.07352317120289657,0.018501577502774896,-0.052606103398154795,-0.020917067804741767
202501,NRP-S,2029-01-31,241159.60658015942,-12686.467199214198,-5044.0317585835,4463.082776378132,227892.19039873985,-0.07352184393245072,0.018506759235795322,-0.052606103398154795,-0.02091574053429593
202502,NON PRIME,2025-10-31,5958651.75,-352974.5897736341,-171550.84292121234,162369.19386169026,5596495.511166844,-0.0880275362115006,0.02724931757619335,-0.0592373249155959,-0.028790211295904707
202502,NON PRIME,2025-11-30,5596495.511166844,-336665.40949366876,-163131.02109745226,148093.7681531924,5244792.848728915,-0.0893052499718553,0.026461875625147336,-0.06015646913714321,-0.029148780834712076
202502,NON PRIME,2025-12-31,5244792.848728915,-324924.0094165034,-154557.67903663305,138135.88474056296,4903447.045016341,-0.09142051979599915,0.02633771985370985,-0.06195173361236743,-0.02946878618363171
202502,NON PRIME,2026-01-31,4903447.045016341,-308220.5655285225,-145789.57264226148,129553.04741933348,4578989.954264891,-0.09258999516110222,0.026420810958080153,-0.06285793701836447,-0.029732058142737754
202502,NON PRIME,2026-02-28,4578989.954264891,-296499.6286479537,-137126.37324019364,121659.25820803708,4267023.210584781,-0.09469905071188596,0.026569016185484993,-0.0647521902448798,-0.029946860467006165
202502,NON PRIME,2026-03-31,4267023.210584781,-276299.09871110355,-128537.95921789623,114066.07240999695,3976252.225065778,-0.09487575716128299,0.026732001861870486,-0.0647521902448798,-0.03012356691640319
202502,NON PRIME,2026-04-30,3976252.225065778,-257471.04053908587,-120363.99731998703,106925.47560168312,3705342.662808388,-0.09502290510578022,0.02689101936935459,-0.0647521902448798,-0.030270714860900425
202502,NON PRIME,2026-05-31,3705342.662808388,-239929.05302463824,-112623.10688122729,100190.0313252269,3452980.5342277493,-0.09514697883262864,0.027039343035898854,-0.0647521902448798,-0.030394788587748838
202502,NON PRIME,2026-06-30,3452980.5342277493,-223588.0524641819,-105318.1046783437,93835.06270240074,3217909.4397876244,-0.09525282690772094,0.027175091713451182,-0.0647521902448798,-0.030500636662841148
202502,NON PRIME,2026-07-31,3217909.4397876244,-208366.68423592282,-98441.96011950778,87843.66477244836,2998944.4602046423,-0.09534408910391194,0.027298364486679237,-0.0647521902448798,-0.03059189885903214
202502,NON PRIME,2026-08-31,2998944.4602046423,-194188.22222099936,-91981.63549435754,82201.1664412208,2794975.7689305064,-0.09542352701517828,0.02741003294059389,-0.0647521902448798,-0.03067133677029847
202502,NON PRIME,2026-09-30,2794975.7689305064,-180980.80271961735,-85920.55308184934,76893.18411649644,2604967.5972455363,-0.09549326286417005,0.027511216723685412,-0.0647521902448798,-0.030741072619290263
202502,NON PRIME,2026-10-31,2604967.5972455363,-168677.35743859038,-80240.1884015348,71905.06614236684,2427955.117547778,-0.09555494897645861,0.02760305587616462,-0.0647521902448798,-0.030802758731578804
202502,NON PRIME,2026-11-30,2427955.117547778,-157215.4116774832,-74921.1055318537,67221.86223754585,2263040.462575987,-0.09560988814479965,0.02768661650773824,-0.0647521902448798,-0.03085769789991984
202502,NON PRIME,2026-12-31,2263040.462575987,-146536.8265645811,-69943.63219998394,62828.46955715335,2109388.4733685753,-0.09565911981889551,0.02776285735767914,-0.0647521902448798,-0.0309069295740157
202502,NON PRIME,2027-01-31,2109388.4733685753,-136587.52372791857,-65288.29916161486,58709.81616479246,1966222.4666438345,-0.0957034825202913,0.027832623959984083,-0.0647521902448798,-0.030951292275411508
202502,NON PRIME,2027-02-28,1966222.4666438345,-127317.21122387839,-60936.12331753844,54851.02938453885,1832820.1614869563,-0.09574365959857453,0.027896654786050044,-0.0647521902448798,-0.030991469353694723
202502,NON PRIME,2027-03-31,1832820.1614869563,-118679.1197812547,-56868.78603073542,51237.57257671403,1708509.8282516801,-0.09578021319318591,0.027955591963340957,-0.0647521902448798,-0.031028022948306127
202502,NON PRIME,2027-04-30,1708509.8282516801,-110629.7534341997,-53068.74049832135,47855.34849997237,1592666.6828191315,-0.09581360974670768,0.028009993099625773,-0.0647521902448798,-0.031061419501827885
202502,NON PRIME,2027-05-31,1592666.6828191315,-103128.65604258604,-49519.27077917282,44690.77284736634,1484709.5288447388,-0.09584423939324287,0.02806034265013979,-0.0647521902448798,-0.031092049148363072
202502,NON PRIME,2027-06-30,1484709.5288447388,-96138.19387014039,-46204.51777159146,41730.82306819437,1384097.6402712013,-0.0958724308535216,0.028107062194626962,-0.0647521902448798,-0.03112024060864179
202502,NON PRIME,2027-07-31,1384097.6402712013,-89623.35372033002,-43109.48261776425,38963.06752796806,1290327.871461075,-0.09589846299578003,0.028150519439028594,-0.0647521902448798,-0.03114627275090025
202502,NON PRIME,2027-08-31,1290327.871461075,-83551.55581111833,-40220.014788288114,36375.67943034588,1202931.9802920143,-0.09592257389531264,0.028191035964492236,-0.0647521902448798,-0.03117038365043285
202502,NON PRIME,2027-09-30,1202931.9802920143,-77892.4804395185,-37522.78991337558,33957.43916199969,1121474.1491011197,-0.09594496799800499,0.02822889383467588,-0.0647521902448798,-0.031192777753125196
202502,NON PRIME,2027-10-31,1121474.1491011197,-72617.9074573104,-35005.28092513689,31697.727999079496,1045548.6887177519,-0.09596582183254877,0.028264341201699347,-0.0647521902448798,-0.031213631587668968
202502,NON PRIME,2027-11-30,1045548.6887177519,-67701.56760213648,-32655.72503130187,29586.515491997397,974777.9115763109,-0.09598528860144745,0.028297597052397375,-0.0647521902448798,-0.031233098356567644
202502,NON PRIME,2027-12-31,974777.9115763109,-63119.0047768959,-30463.088307523278,27614.34233399708,908810.1608258889,-0.09600350189828144,0.028328855225434886,-0.0647521902448798,-0.03125131165340164
202502,NON PRIME,2028-01-31,908810.1608258889,-58847.448430277764,-28417.02917564404,25772.300109193166,847317.9833291603,-0.09602057873848975,0.028358287814225547,-0.0647521902448798,-0.03126838849360996
202502,NON PRIME,2028-02-29,847317.9833291603,-54865.695254437676,-26507.861663849264,24052.00899204155,789996.435402915,-0.09603662204662013,0.028386048054285174,-0.0647521902448798,-0.03128443180174033
202502,NON PRIME,2028-03-31,789996.435402915,-51153.99947798644,-24726.51907729755,22445.59421663228,736561.5110642633,-0.09605172271009466,0.02841227277840127,-0.0647521902448798,-0.03129953246521486
202502,NON PRIME,2028-04-30,736561.5110642633,-47693.971091489315,-23064.518514341915,20945.661936575085,686748.6833950072,-0.09606596128487864,0.02843708450949404,-0.0647521902448798,-0.03131377103999884
202502,NON PRIME,2028-05-31,686748.6833950072,-44468.481397614225,-21513.926522807193,19545.274942693173,640311.5504172789,-0.09607940941980571,0.028460593249439163,-0.0647521902448798,-0.03132721917492591
202502,NON PRIME,2028-06-30,640311.5504172789,-41461.57532861359,-20067.32608826648,18237.92858665064,597020.5775870495,-0.09609213105211493,0.02848289801232748,-0.0647521902448798,-0.031339940807235143
202502,NON PRIME,2028-07-31,597020.5775870495,-38658.39002002465,-18717.785071442227,17017.527166401687,556661.9296619843,-0.09610418341585733,0.028504088142456734,-0.0647521902448798,-0.03135199317097752
202502,NON PRIME,2028-08-31,556661.9296619843,-36045.0791715547,-17458.82615730997,15878.360958000647,519036.38529112027,-0.09611561789640125,0.028524244450563178,-0.0647521902448798,-0.031363427651521454
202502,NON PRIME,2028-09-30,519036.38529112027,-33608.74276438535,-16284.398338850502,14815.084023202822,483958.3282110872,-0.09612648075770543,0.028543440196188267,-0.0647521902448798,-0.03137429051282563
202502,NON PRIME,2028-10-31,483958.3282110872,-31337.3617389183,-15188.849929791888,13822.692879808967,451254.809422186,-0.09613681376388451,0.028561741939442248,-0.0647521902448798,-0.03138462351900471
202502,NON PRIME,2028-11-30,451254.809422186,-29219.737268622364,-14166.903080264407,12896.506089061239,420764.6751623605,-0.09614665471253737,0.028579210281602773,-0.0647521902448798,-0.03139446446765757
202502,NON PRIME,2028-12-31,420764.6751623605,-27245.434294438215,-13213.6297549684,12032.144789413987,392337.7559023679,-0.09615603789409051,0.028595900510828633,-0.0647521902448798,-0.031403847649210705
202502,NON PRIME,2029-01-31,392337.7559023679,-25404.729010439336,-12324.429123676251,11225.514186992354,365834.1119552446,-0.09616499448884133,0.028611863166658348,-0.0647521902448798,-0.03141280424396155
202502,NRP-L,2025-10-31,127420.87,-1614.4611559389375,-2295.4761448983527,1974.427953522737,125485.36065268546,-0.030685218997777135,0.015495326264235498,-0.01267030397719728,-0.018014915020579853
202502,NRP-L,2025-11-30,125485.36065268546,-1614.8824173906032,-2410.8114627066248,1965.1015803458483,123424.76835293407,-0.03208098426109975,0.015660006634437593,-0.012869090139209349,-0.0192118941218904
202502,NRP-L,2025-12-31,123424.76835293407,-1623.8551238382324,-2428.147334301344,1945.1857500557787,121317.95164485027,-0.032829735167522,0.01576009237054839,-0.01315663902398266,-0.01967309614353934
202502,NRP-L,2026-01-31,121317.95164485027,-1637.6989113665697,-2409.1549510781006,1920.1507243532144,119191.2485067588,-0.03335741996610319,0.015827424534617267,-0.013499229826768074,-0.01985819013933512
202502,NRP-L,2026-02-28,119191.2485067588,-1652.3507750188069,-2374.866868935115,1892.2617668580197,117056.2926296629,-0.03378786357561777,0.015875844833949517,-0.013863020949269689,-0.019924842626348083
202502,NRP-L,2026-03-31,117056.2926296629,-1622.75383696886,-2333.70332604555,1862.6407173044536,114962.47618395295,-0.033799611060053476,0.015912350164697144,-0.01386302094926969,-0.019936590110783782
202502,NRP-L,2026-04-30,114962.47618395295,-1593.7272157180578,-2290.274644016018,1832.6009091722665,112911.07523339115,-0.03378495304432408,0.01594086148805544,-0.01386302094926969,-0.019921932095054388
202502,NRP-L,2026-05-31,112911.07523339115,-1565.2886013650677,-2246.3241558316795,1802.4839482544585,110901.94642444886,-0.03375765175664132,0.015963747971832355,-0.01386302094926969,-0.01989463080737163
202502,NRP-L,2026-06-30,110901.94642444886,-1537.4360065969195,-2202.6983232766033,1772.49324956266,108934.30534413799,-0.03372469510642414,0.015982526066575017,-0.01386302094926969,-0.01986167415715445
202502,NRP-L,2026-07-31,108934.30534413799,-1510.1585570799261,-2159.810227674147,1742.7540785561205,107007.09063794004,-0.03368974331052236,0.015998211702461664,-0.01386302094926969,-0.01982672236125267
202502,NRP-L,2026-08-31,107007.09063794004,-1483.4415392341634,-2117.8540511624237,1713.3452260484073,105119.14027359185,-0.03365473791434644,0.01601151116093357,-0.01386302094926969,-0.019791716965076752
202502,NRP-L,2026-09-30,105119.14027359185,-1457.2688437820232,-2076.910128471232,1684.3167053063162,103269.27800664492,-0.03362069898074609,0.016022930751931314,-0.01386302094926969,-0.019757678031476402
202502,NRP-L,2026-10-31,103269.27800664492,-1431.6241644220743,-2036.9987225337782,1655.7001147350213,101456.35523442409,-0.03358813922115987,0.01603284293929589,-0.01386302094926969,-0.019725118271890177
202502,NRP-L,2026-11-30,101456.35523442409,-1406.4915780513688,-1998.1084964547986,1627.514947555008,99679.27010747294,-0.03355728743300043,0.01604152784509642,-0.01386302094926969,-0.019694266483730745
202502,NRP-L,2026-12-31,99679.27010747294,-1381.8558097078094,-1960.2119621419056,1599.7725623998601,97936.97489802308,-0.03352821271911742,0.016049200206572595,-0.01386302094926969,-0.01966519176984773
202502,NRP-L,2027-01-31,97936.97489802308,-1357.7023347193938,-1923.2739933919531,1572.4787531992135,96228.47732311096,-0.03350089515760176,0.016056027407795246,-0.01386302094926969,-0.019637874208332073
202502,NRP-L,2027-02-28,96228.47732311096,-1334.0173970466105,-1887.2565432828233,1545.6354531862146,94552.83883596773,-0.033475266677172995,0.01606214185429081,-0.01386302094926969,-0.019612245727903307
202502,NRP-L,2027-03-31,94552.83883596773,-1310.7879855959416,-1852.1212399934013,1519.241888663293,92909.17149904168,-0.033451234934113665,0.01606764965882099,-0.01386302094926969,-0.01958821398484397
202502,NRP-L,2027-04-30,92909.17149904168,-1288.0017908705054,-1817.8307788218344,1493.295374541745,91296.63430389109,-0.033428697292003894,0.016072636860798482,-0.01386302094926969,-0.0195656763427342
202502,NRP-L,2027-05-31,91296.63430389109,-1265.647153952656,-1784.3496252289178,1467.7918716341803,89714.4293963437,-0.033407548946758736,0.01607717395964971,-0.01386302094926969,-0.019544527997489042
202502,NRP-L,2027-06-30,89714.4293963437,-1243.7130141732891,-1751.6443231067396,1442.7263824672991,88161.79844153096,-0.033387687548532795,0.016081319272439103,-0.01386302094926969,-0.019524666599263104
202502,NRP-L,2027-07-31,88161.79844153096,-1222.1888587202357,-1719.6835788050944,1418.093235784854,86638.01923979048,-0.03336901571349392,0.01608512145683298,-0.01386302094926969,-0.019505994764224224
202502,NRP-L,2027-08-31,86638.01923979048,-1201.0646757244458,-1688.438220735929,1393.8862931570538,85142.40263648715,-0.03335144226304409,0.01608862143188149,-0.013863020949269689,-0.019488421313774398
202502,NRP-L,2027-09-30,85142.40263648715,-1180.3309114207764,-1657.881093267184,1370.099100338058,83674.28973213726,-0.03333488270005274,0.016091853857914413,-0.01386302094926969,-0.01947186175078305
202502,NRP-L,2027-10-31,83674.28973213726,-1159.9784314718806,-1627.9869193968314,1346.7249989523364,82233.04938022088,-0.033319259234750605,0.016094848289283918,-0.01386302094926969,-0.019456238285480914
202502,NRP-L,2027-11-30,82233.04938022088,-1139.998486280331,-1598.732152282765,1323.7572093836714,80818.07595104145,-0.03330450055305659,0.01609763008134377,-0.01386302094926969,-0.019441479603786897
202502,NRP-L,2027-12-31,80818.07595104145,-1120.3826799889566,-1570.0948270682493,1301.1888925535238,79428.78733653777,-0.03329054144628564,0.01610022111070508,-0.01386302094926969,-0.019427520497015946
202502,NRP-L,2028-01-31,79428.78733653777,-1101.1229428215104,-1542.054419255785,1279.0131960864753,78064.62317054695,-0.03327732237530229,0.016102640352134906,-0.013863020949269693,-0.019414301426032593
202502,NRP-L,2028-02-29,78064.62317054695,-1082.2115064101365,-1514.5917127747443,1257.2232888371907,76725.04324019927,-0.03326478901347762,0.016104904344321862,-0.01386302094926969,-0.01940176806420793
202502,NRP-L,2028-03-31,76725.04324019927,-1063.6408817725055,-1487.6886790434298,1235.8123866804378,75409.52606606377,-0.03325289179477703,0.01610702756871106,-0.013863020949269693,-0.019389870845507338
202502,NRP-L,2028-04-30,75409.52606606377,-1045.4038396283408,-1461.3283672518996,1214.7737717015766,74117.5676308851,-0.033241585481974464,0.016109022759768492,-0.01386302094926969,-0.019378564532704774
202502,NRP-L,2028-05-31,74117.5676308851,-1027.4933927758732,-1435.4948054881818,1194.1008063750785,72848.68023899612,-0.033230828762892614,0.01611090116073226,-0.01386302094926969,-0.019367807813622923
202502,NRP-L,2028-06-30,72848.68023899612,-1009.9027802798522,-1410.17291201318,1173.7869439191961,71602.39149062229,-0.03322058387816281,0.01611267273570818,-0.01386302094926969,-0.019357562928893117
202502,NRP-L,2028-07-31,71602.39149062229,-992.6254532523067,-1385.3484158451417,1153.8257357221412,70378.24335724699,-0.0332108162813094,0.016114346346563814,-0.01386302094926969,-0.01934779533203971
202502,NRP-L,2028-08-31,70378.24335724699,-975.6550620343155,-1361.0077857726683,1134.2108365188044,69175.7913459588,-0.03320149433036926,0.016115929901254242,-0.01386302094926969,-0.019338473381099567
202502,NRP-L,2028-09-30,69175.7913459588,-958.9854446113359,-1337.1381669322593,1114.936007835964,67994.60374225117,-0.03319258900935917,0.016117430478821658,-0.01386302094926969,-0.019329568060089477
202502,NRP-L,2028-10-31,67994.60374225117,-942.6106161161193,-1313.7273241355633,1095.9951201031415,66834.26092210264,-0.03318407367744709,0.016118854435239558,-0.01386302094926969,-0.019321052728177402
202502,NRP-L,2028-11-30,66834.26092210264,-926.5247592920655,-1290.7635911962482,1077.3821537350805,65694.3547253494,-0.03317592384350043,0.016120207493441157,-0.01386302094926969,-0.019312902894230734
202502,NRP-L,2028-12-31,65694.3547253494,-910.7222158062731,-1268.235825576953,1059.0911994225767,64574.487883388756,-0.03316811696367015,0.01612149482022245,-0.01386302094926969,-0.01930509601440046
202502,NRP-L,2029-01-31,64574.487883388756,-895.1974783157801,-1246.1333677472014,1041.1164578154965,63474.27349514127,-0.03316063225975379,0.016122721092199553,-0.01386302094926969,-0.019297611310484103
202502,NRP-M,2025-10-31,5151310.039999996,-168495.78725415576,-85794.14206373366,81176.40993682174,4978196.5206189295,-0.04936412822045741,0.01575840112640974,-0.03270930810721614,-0.016654820113241275
202502,NRP-M,2025-11-30,4978196.5206189295,-163969.44070708074,-85091.3450420723,78110.46203509647,4807246.196904873,-0.05003032417815996,0.01569051396656899,-0.032937518643135995,-0.01709280553502397
202502,NRP-M,2025-12-31,4807246.196904873,-160371.10930637768,-83187.43245256762,75534.28331170941,4639221.938457637,-0.05066487793276732,0.015712588916361694,-0.033360286271510706,-0.017304591661256613
202502,NRP-M,2026-01-31,4639221.938457637,-155324.82319964588,-80822.17835519815,73101.21177267932,4476176.1486754725,-0.05090228591938281,0.015757213761793572,-0.033480791662941094,-0.01742149425644172
202502,NRP-M,2026-02-28,4476176.1486754725,-152541.68813576357,-78297.20425144886,70746.46047330572,4316083.716761566,-0.05157055592093243,0.015805110907943162,-0.03407857132273527,-0.017491984598197164
202502,NRP-M,2026-03-31,4316083.716761566,-147085.96677655535,-75692.29227497336,68411.56738451343,4161717.0250945506,-0.05161583362861256,0.015850380083879338,-0.03407857132273527,-0.01753726230587729
202502,NRP-M,2026-04-30,4161717.0250945506,-141825.3704647263,-73112.02758907736,66135.53044424875,4012915.157484995,-0.051646326926545534,0.015891404928653506,-0.03407857132273527,-0.017567755603810263
202502,NRP-M,2026-05-31,4012915.157484995,-136754.41540643785,-70583.40155667988,63917.83824956808,3869495.178771445,-0.05166763034508362,0.01592803130421206,-0.03407857132273527,-0.017589059022348343
202502,NRP-M,2026-06-30,3869495.178771445,-131866.86743274296,-68120.06911581551,61759.440293121435,3731267.682516008,-0.05168295276492729,0.01596059367949126,-0.03407857132273527,-0.017604381442192018
202502,NRP-M,2026-07-31,3731267.682516008,-127156.27184283893,-65728.75764756842,59661.32490428843,3598043.9779298897,-0.05169423528476098,0.015989559040175474,-0.03407857132273527,-0.017615663962025706
202502,NRP-M,2026-08-31,3598043.9779298897,-122616.19832422187,-63412.40500546466,57624.097257557674,3469639.471857761,-0.051702704155583125,0.016015395479048955,-0.03407857132273527,-0.01762413283284785
202502,NRP-M,2026-09-30,3469639.471857761,-118240.35620588224,-61171.79498896451,55647.90629102702,3345875.2269539414,-0.0517091624792888,0.01603852698310216,-0.03407857132273527,-0.01763059115655353
202502,NRP-M,2026-10-31,3345875.2269539414,-114022.64755872295,-59006.454138064604,53732.487614444624,3226578.612871598,-0.05171415248927614,0.01605932199192086,-0.03407857132273527,-0.017635581166540876
202502,NRP-M,2026-11-30,3226578.612871598,-109957.18938715699,-56915.16448382069,51877.23713075462,3111583.496131375,-0.05171804995089341,0.01607809489711605,-0.03407857132273527,-0.01763947862815814
202502,NRP-M,2026-12-31,3111583.496131375,-106038.32009955903,-54896.26703896558,50081.28483011621,3000730.1938229664,-0.05172112120359754,0.01609511198795795,-0.03407857132273527,-0.017642549880862265
202502,NRP-M,2027-01-31,3000730.1938229664,-102260.59793048119,-52947.84662948128,48343.55900819288,2893865.3082711967,-0.05172355877894676,0.016110598382923128,-0.03407857132273527,-0.01764498745621148
202502,NRP-M,2027-02-28,2893865.3082711967,-98618.79530630927,-51067.847101757994,46662.83900228716,2790841.504865417,-0.051725504286683786,0.016124744599866563,-0.03407857132273527,-0.01764693296394851
202502,NRP-M,2027-03-31,2790841.504865417,-95107.89127400595,-49254.1444527883,45037.79731552784,2691517.26645415,-0.05172706349504998,0.016137712312580682,-0.03407857132273527,-0.017648492172314706
202502,NRP-M,2027-04-30,2691517.26645415,-91723.06313123122,-47504.59387182041,43467.0327920423,2595756.642243141,-0.05172831649208496,0.016149639214206677,-0.03407857132273527,-0.01764974516934969
202502,NRP-M,2027-05-31,2595756.642243141,-88459.6778691467,-45817.060242715095,41949.096548617796,2503429.0006798967,-0.05172932467036881,0.016160643053336154,-0.03407857132273527,-0.01765075334763353
202502,NRP-M,2027-06-30,2503429.0006798967,-85313.28375107374,-44189.437956762216,40482.512158161844,2414408.791130223,-0.051730135615056315,0.01617082495535817,-0.03407857132273527,-0.017651564292321044
202502,NRP-M,2027-07-31,2414408.791130223,-82279.60219077034,-42619.66370109583,39065.791314082555,2328575.3165524397,-0.051730786580427776,0.016180272146787224,-0.03407857132273527,-0.0176522152576925
202502,NRP-M,2027-08-31,2328575.3165524397,-79354.52000549318,-41105.72456570909,37697.4459552973,2245812.517936535,-0.051731306999143606,0.016189060189433793,-0.03407857132273527,-0.01765273567640834
202502,NRP-M,2027-09-30,2245812.517936535,-76534.0820699919,-39645.66299403685,36375.997621035625,2166008.770493542,-0.051731720317765136,0.016197254815579213,-0.03407857132273527,-0.01765314899502987
202502,NRP-M,2027-10-31,2166008.770493542,-73814.4843709343,-38237.57958574293,35099.984635115165,2089056.6911719798,-0.05173204535600532,0.016204913439532086,-0.03407857132273527,-0.017653474033270052
202502,NRP-M,2027-11-30,2089056.6911719798,-71192.06744734166,-36879.63442850477,33867.967586136445,2014852.9568822696,-0.051732297324692145,0.01621208640687305,-0.03407857132273527,-0.017653726001956874
202502,NRP-M,2027-12-31,2014852.9568822696,-68663.31019593647,-35570.04741878029,32678.533466549776,1943298.1327341027,-0.051732488596093244,0.016218818030828253,-0.03407857132273527,-0.017653917273357973
202502,NRP-M,2028-01-31,1943298.1327341027,-66224.82401771739,-34307.097887757234,31530.298753588257,1874296.5095822162,-0.05173262929246595,0.016225147455489516,-0.03407857132273527,-0.01765405796973068
202502,NRP-M,2028-02-29,1874296.5095822162,-63873.347281751325,-33089.123752019084,30421.9116533771,1807755.950201823,-0.05173272773974461,0.01623110937775699,-0.03407857132273527,-0.017654156417009337
202502,NRP-M,2028-03-31,1807755.950201823,-61605.7400830519,-31914.520342659318,29352.053681907273,1743587.743458019,-0.051732790820171466,0.0162367346536076,-0.03407857132273527,-0.017654219497436195
202502,NRP-M,2028-04-30,1743587.743458019,-59418.97927288115,-30781.739021270616,28319.440719709673,1681706.4658835772,-0.051732824248499634,0.016242050809295295,-0.03407857132273527,-0.017654252925764363
202502,NRP-M,2028-05-31,1681706.4658835772,-57310.15374151856,-29689.285659719226,27322.823648458954,1622029.8501307985,-0.05173283278989347,0.016247082474112627,-0.03407857132273527,-0.017654261467158195
202502,NRP-M,2028-06-30,1622029.8501307985,-55276.45993528802,-28635.719038482843,26360.988655444424,1564478.6598124723,-0.05173282043299282,0.016251851748177573,-0.03407857132273527,-0.017654249110257553
202502,NRP-M,2028-07-31,1564478.6598124723,-53315.19759131663,-27619.649202656747,25432.757274405423,1508976.5702929043,-0.051732790528235595,0.01625637851618503,-0.03407857132273527,-0.017654219205500317
202502,NRP-M,2028-08-31,1508976.5702929043,-51423.765675063194,-26639.7358035469,24536.986217524394,1455450.0550318186,-0.0517327458990681,0.016260680716044234,-0.03407857132273527,-0.01765417457633283
202502,NRP-M,2028-09-30,1455450.0550318186,-49599.65850708081,-25694.686445733165,23672.56704255738,1403828.277121562,-0.05173268893185615,0.01626477456970508,-0.03407857132273527,-0.01765411760912087
202502,NRP-M,2028-10-31,1403828.277121562,-47840.46206675973,-24783.255053677236,22838.42569051144,1354042.9856916366,-0.051732621648957026,0.01626867478217479,-0.03407857132273527,-0.017654050326221755
202502,NRP-M,2028-11-30,1354042.9856916366,-46143.85046194185,-23904.240267731908,22033.521922457658,1306028.4168844204,-0.05173254576840013,0.016272394713675264,-0.03407857132273527,-0.017653974445664865
202502,NRP-M,2028-12-31,1306028.4168844204,-44507.58255431476,-23056.483876331953,21256.848678617825,1259721.1991323915,-0.051732462752857485,0.016275946529040183,-0.03407857132273527,-0.017653891430122214
202502,NRP-M,2029-01-31,1259721.1991323915,-42929.49873139481,-22238.869288896603,20507.431378489513,1215060.2624905896,-0.051732373850003364,0.016279341327758563,-0.03407857132273527,-0.01765380252726809
202502,NRP-S,2025-10-31,2387772.2100000004,-121328.55866428815,-43062.123517580585,42656.26353406574,2266037.791352197,-0.06884688643807807,0.01786446100487355,-0.0508124511023973,-0.018034435335680776
202502,NRP-S,2025-11-30,2266037.791352197,-116114.84811166019,-40278.75153425419,39730.280222720445,2149374.471929003,-0.06901632454796383,0.017532929227544996,-0.05124135553024991,-0.017774969017713922
202502,NRP-S,2025-12-31,2149374.471929003,-110141.93490429627,-38177.03712616555,37593.813008499324,2038649.3129070406,-0.06900564511559948,0.017490583190354885,-0.05124371594748075,-0.01776192916811873
202502,NRP-S,2026-01-31,2038649.3129070406,-106333.10491848909,-36331.095011395926,35751.61173238038,1931736.7247095362,-0.06997976504671664,0.01753691108423148,-0.05215860533014474,-0.017821159716571895
202502,NRP-S,2026-02-28,1931736.7247095362,-103127.46047504891,-34577.80725362989,34017.776580845544,1828049.2335617028,-0.07128573266079244,0.017609944536287985,-0.05338587766951295,-0.017899854991279496
202502,NRP-S,2026-03-31,1828049.2335617028,-97592.01275677198,-32868.51283036662,32334.569911161325,1729923.2778857257,-0.0713659802985471,0.01768801918324807,-0.05338587766951295,-0.017980102629034142
202502,NRP-S,2026-04-30,1729923.2778857257,-92353.47249085021,-31235.01873503751,30729.044808225433,1637063.8314680636,-0.07144160252987339,0.017763241411365826,-0.05338587766951295,-0.018055724860360434
202502,NRP-S,2026-05-31,1637063.8314680636,-87396.08944393821,-29671.565018589834,29193.609463428485,1549189.786468964,-0.07151074515985471,0.017832908468357427,-0.05338587766951295,-0.018124867490341763
202502,NRP-S,2026-06-30,1549189.786468964,-82704.856427291,-28175.6304422782,27724.88717056025,1466034.186769955,-0.07157321061501236,0.017896378747598772,-0.05338587766951295,-0.01818733294549942
202502,NRP-S,2026-07-31,1466034.186769955,-78265.52175422473,-26745.658703515553,26320.93266566485,1387343.9389778797,-0.07162942133641953,0.017953832798167237,-0.05338587766951295,-0.01824354366690658
202502,NRP-S,2026-08-31,1387343.9389778797,-74064.57381181333,-25380.237824491414,24980.17725380037,1312879.3045953754,-0.07167999862353551,0.018005756576991588,-0.05338587766951296,-0.018294120954022552
202502,NRP-S,2026-09-30,1312879.3045953754,-70089.21394996395,-24077.82854703736,23701.043331014604,1242413.3054293888,-0.07172558982946511,0.018052720648467514,-0.05338587766951295,-0.018339712159952174
202502,NRP-S,2026-10-31,1242413.3054293888,-66327.32473862858,-22836.70284526072,22481.8250962923,1175731.1029417915,-0.07176680030247538,0.018095286808380073,-0.05338587766951295,-0.018380922632962433
202502,NRP-S,2026-11-30,1175731.1029417915,-62767.43683389202,-21654.95973828583,21320.674063913993,1112629.3804335278,-0.07180417049523054,0.018133971288645533,-0.05338587766951295,-0.01841829282571759
202502,NRP-S,2026-12-31,1112629.3804335278,-59398.6959953303,-20530.565312148126,20215.62284726898,1052915.7419733184,-0.07183817245265857,0.018169233351893074,-0.05338587766951295,-0.01845229478314562
202502,NRP-S,2027-01-31,1052915.7419733184,-56210.83099729204,-19461.39600830534,19164.619645499533,996408.1346132205,-0.07186921421060391,0.018201475086299143,-0.05338587766951295,-0.018483336541090963
202502,NRP-S,2027-02-28,996408.1346132205,-53194.12278336898,-18445.277503038582,18165.56235864689,942934.2966854598,-0.07189764695589936,0.018231045821096477,-0.05338587766951295,-0.0185117692863864
202502,NRP-S,2027-03-31,942934.2966854598,-50339.37501323819,-17480.016981527395,17216.328333545578,892331.2330242398,-0.07192377266704564,0.018258248102824635,-0.05338587766951295,-0.018537894997532695
202502,NRP-S,2027-04-30,892331.2330242398,-47637.886046917716,-16563.428798086723,16314.79875051249,844444.7169297478,-0.07194785127874195,0.018283343837712903,-0.05338587766951295,-0.018561973609229013
202502,NRP-S,2027-05-31,844444.7169297478,-45081.42235667801,-15693.354298203767,15458.877879706974,799128.8181545731,-0.07197010702589053,0.018306560003019178,-0.05338587766951296,-0.01858422935637757
202502,NRP-S,2027-06-30,799128.8181545731,-42662.1933281825,-14867.676771874814,14646.507866626866,756245.4559211427,-0.07199073390058808,0.018328093711411912,-0.05338587766951295,-0.01860485623107513
202502,NRP-S,2027-07-31,756245.4559211427,-40372.82739793117,-14084.332466184218,13875.679796577408,715663.9758536048,-0.0720099002747514,0.018348116590897294,-0.05338587766951295,-0.018624022605238447
202502,NRP-S,2027-08-31,715663.9758536048,-38206.34946739782,-13341.31846254805,13144.441740396032,677260.7496640551,-0.072027752785045,0.01836677852160724,-0.05338587766951295,-0.018641875115532055
202502,NRP-S,2027-09-30,677260.7496640551,-36156.15953192788,-12636.698086034752,12450.904388986593,640918.7964350791,-0.07204441958605395,0.018384210800880867,-0.05338587766951295,-0.018658541916541
202502,NRP-S,2027-10-31,640918.7964350791,-34216.0124625746,-11968.60438646721,11793.244781810421,606527.4243678476,-0.07206001307174958,0.018400528814893322,-0.05338587766951295,-0.01867413540223664
202502,NRP-S,2027-11-30,606527.4243678476,-32379.998880506682,-11335.242121917094,11169.70854031123,573981.891905735,-0.07207463215366712,0.018415834291339497,-0.05338587766951295,-0.018688754484154173
202502,NRP-S,2027-12-31,573981.891905735,-30642.527065795173,-10734.888585626597,10578.610936520274,543183.0871908335,-0.07208836417128152,0.018430217199704967,-0.05338587766951295,-0.018702486501768572
202502,NRP-S,2028-01-31,543183.0871908335,-28998.305844918224,-10165.89354538774,10018.337060326437,514037.224860854,-0.07210128649780036,0.018443757356544407,-0.05338587766951295,-0.018715408828287417
202502,NRP-S,2028-02-29,514037.224860854,-27442.32840399747,-9626.678507195978,9487.34129477116,486455.55924443173,-0.07211346789374593,0.018456525784371576,-0.05338587766951295,-0.018727590224232978
202502,NRP-S,2028-03-31,486455.55924443173,-25969.856977477742,-9115.735469809988,8984.146265336021,460354.11306248006,-0.07212496965145813,0.018468585864843026,-0.05338587766951295,-0.018739091981945177
202502,NRP-S,2028-04-30,460354.11306248006,-24576.408364610696,-8631.625301264221,8507.341394615765,435653.4207912209,-0.07213584656594099,0.018479994320070588,-0.05338587766951295,-0.018749968896428045
202502,NRP-S,2028-05-31,435653.4207912209,-23257.74022866497,-8172.975840376289,8055.58116630396,412278.28588848363,-0.07214614776112104,0.0184908020501105,-0.05338587766951295,-0.018760270091608074
202502,NRP-S,2028-06-30,412278.28588848363,-22009.838136239076,-7738.479804241056,7627.583180625013,390157.5511286285,-0.07215591739538448,0.018501054849850092,-0.05338587766951295,-0.018770039725871525
202502,NRP-S,2028-07-31,390157.5511286285,-20828.903296389704,-7326.892565319488,7222.126066052419,369223.88133297174,-0.07216519526601882,0.01851079402451807,-0.05338587766951295,-0.018779317596505862
202502,NRP-S,2028-08-31,369223.88133297174,-19711.340961504797,-6937.029848001398,6838.047298418667,349413.5578218842,-0.07217401732872822,0.01852005691975274,-0.05338587766951296,-0.018788139659215268
202502,NRP-S,2028-09-30,349413.5578218842,-18653.7494539484,-6567.765383658369,6474.240967601192,330666.28395187866,-0.07218241614557953,0.018528877379456115,-0.05338587766951294,-0.0187965384760666
202502,NRP-S,2028-10-31,330666.28395187866,-17652.909784487427,-6218.028554591324,6129.655523272549,312925.0011360724,-0.0721904212724411,0.018537286142437756,-0.05338587766951295,-0.018804543602928152
202502,NRP-S,2028-11-30,312925.0011360724,-16705.77583038256,-5886.802050437385,5803.291524268265,296135.71477952076,-0.07219805959510338,0.018545311187023884,-0.05338587766951295,-0.018812181925590428
202502,NRP-S,2028-12-31,296135.71477952076,-15809.465042793274,-5573.119555159652,5494.199410588488,280247.32959215634,-0.07220535562173819,0.01855297803130242,-0.05338587766951295,-0.018819477952225237
202502,NRP-S,2029-01-31,280247.32959215634,-14961.249654814535,-5276.063478409415,5201.477312622968,265211.4937715553,-0.07221233173809467,0.018560309995433937,-0.05338587766951295,-0.018826454068581727
202503,NON PRIME,2025-10-31,7538149.369999999,-410276.59503526066,-263561.5078678359,262050.09902116668,7126361.36611807,-0.08939038878491959,0.03476318737647496,-0.05442670009539234,-0.03496368868952725
202503,NON PRIME,2025-11-30,7126361.36611807,-388467.1795692896,-249904.3087672531,247497.95157412122,6735487.829355648,-0.08957888262187323,0.03472991879851026,-0.05451129399867897,-0.03506758862319426
202503,NON PRIME,2025-12-31,6735487.829355648,-367540.01142787957,-236330.16330837554,234325.9259155808,6365943.580534974,-0.0896550019887757,0.03478974824871707,-0.054567689934203384,-0.035087312054572314
202503,NON PRIME,2026-01-31,6365943.580534974,-346090.8468597007,-223357.1229602502,221892.8026148849,6018388.413329908,-0.08945224892679558,0.034856231414516825,-0.05436599342757862,-0.03508625549921697
202503,NON PRIME,2026-02-28,6018388.413329908,-330106.616066784,-211121.53118850265,210132.74190290892,5687293.00797753,-0.08992908235309977,0.03491511804680031,-0.05484966961182548,-0.035079412741274275
202503,NON PRIME,2026-03-31,5687293.00797753,-311946.1424732127,-199460.3988956125,198856.09963962433,5374742.566248329,-0.08992090624686971,0.034964982349369046,-0.05484966961182548,-0.03507123663504424
202503,NON PRIME,2026-04-30,5374742.566248329,-294802.8540073359,-188455.5999644263,188153.24747687977,5079637.359753447,-0.08991285592103915,0.035006931989342564,-0.05484966961182548,-0.03506318630921366
202503,NON PRIME,2026-05-31,5079637.359753447,-278616.430930362,-178070.40273693402,178002.64092391043,4800953.167010061,-0.08990540098111699,0.03504239147744009,-0.054849669611825476,-0.035055731369291514
202503,NON PRIME,2026-06-30,4800953.167010061,-263330.6950323491,-168268.54114379667,168381.97118216392,4537735.90201608,-0.0898986557798349,0.03507261273432269,-0.05484966961182548,-0.03504898616800942
202503,NON PRIME,2026-07-31,4537735.90201608,-248893.31501130087,-159015.58288636824,159268.19130983338,4289095.195428244,-0.0898926043087784,0.035098603080684306,-0.05484966961182548,-0.03504293469695292
202503,NON PRIME,2026-08-31,4289095.195428244,-235255.45440290723,-150279.24240928408,150637.96811163914,4054198.4667276917,-0.08988718581558497,0.03512115288842376,-0.05484966961182548,-0.03503751620375949
202503,NON PRIME,2026-09-30,4054198.4667276917,-222371.44644078333,-142029.35204337558,142468.1012052566,3832265.76944879,-0.08988232852307342,0.03514087984948808,-0.05484966961182548,-0.03503265891124793
202503,NON PRIME,2026-10-31,3832265.76944879,-210198.51131897428,-134237.72881336656,134735.83012087925,3622565.3594373283,-0.08987796276506221,0.035158268822326186,-0.05484966961182548,-0.03502829315323674
202503,NON PRIME,2026-11-30,3622565.3594373283,-198696.51311238128,-126878.01891479066,127419.0394220644,3424409.866832221,-0.08987402564842653,0.03517370337849629,-0.05484966961182548,-0.035024356036601055
202503,NON PRIME,2026-12-31,3424409.866832221,-187827.7498112226,-119925.54765398699,120496.38702674756,3237152.9563937588,-0.08987046219146057,0.03518748973183334,-0.054849669611825476,-0.03502079257963508
202503,NON PRIME,2027-01-31,3237152.9563937588,-177556.77014114178,-113357.1830777523,113947.37827150995,3060186.3814463746,-0.08986722503930644,0.0351998746449254,-0.05484966961182548,-0.03501755542748096
202503,NON PRIME,2027-02-28,3060186.3814463746,-167850.2119729414,-107151.21447565425,107752.40265279531,2892937.3576505743,-0.08986427366512828,0.035211058812001816,-0.05484966961182549,-0.0350146040533028
202503,NON PRIME,2027-03-31,2892937.3576505743,-158676.6582748414,-101287.2445714753,101892.74523877357,2734866.200043031,-0.089861573448462,0.035221206905607934,-0.05484966961182548,-0.035011903836636535
202503,NON PRIME,2027-04-30,2734866.200043031,-150006.50750490886,-95746.09360958077,96350.58106454974,2585464.179993091,-0.08985909479250681,0.03523045517291988,-0.05484966961182548,-0.035009425180681335
202503,NON PRIME,2027-05-31,2585464.179993091,-141811.85606583033,-90509.71356595418,91108.95823392192,2444251.5685952287,-0.08985681233936312,0.03523891722768535,-0.054849669611825476,-0.03500714272753763
202503,NON PRIME,2027-06-30,2444251.5685952287,-134066.3909856345,-85561.11093764094,86151.77366755316,2310775.840339506,-0.08985470429686612,0.03524668850558075,-0.05484966961182549,-0.035005034685040626
202503,NON PRIME,2027-07-31,2310775.840339506,-126745.2913896103,-80884.2768233667,81463.744216482,2184610.0163430115,-0.08985275187162743,0.03525384972196745,-0.05484966961182548,-0.03500308225980195
202503,NON PRIME,2027-08-31,2184610.0163430115,-119825.13762709885,-76464.12324431282,77030.37502286698,2065351.1304944667,-0.08985093879593005,0.035260469578828585,-0.05484966961182548,-0.035001269184104566
202503,NON PRIME,2027-09-30,2065351.1304944667,-113283.82714003176,-72286.42485177238,72837.92643323241,1952618.804935895,-0.08984925093457434,0.035266606901749556,-0.05484966961182548,-0.03499958132274886
202503,NON PRIME,2027-10-31,1952618.804935895,-107100.49632857135,-68337.76532783032,68873.38036967507,1846053.9236491683,-0.08984767595852451,0.03527231234052169,-0.05484966961182548,-0.03499800634669903
202503,NON PRIME,2027-11-30,1846053.9236491683,-101255.44779777099,-64605.487911592325,65124.40678534484,1745317.39472515,-0.08984620307379722,0.035277629732836206,-0.05484966961182548,-0.03499653346197173
202503,NON PRIME,2027-12-31,1745317.39472515,-95730.08246844648,-61077.649583068785,61579.3306342809,1650088.9933079155,-0.08984482279580391,0.03528259720575255,-0.05484966961182548,-0.03499515318397844
202503,NON PRIME,2028-01-31,1650088.9933079155,-90506.83611304888,-57742.9785152812,58227.09964687381,1560066.2783264592,-0.08984352676102351,0.035287248071479205,-0.05484966961182548,-0.03499385714919804
202503,NON PRIME,2028-02-29,1560066.2783264592,-85569.11993875647,-54590.834467200744,55057.25310351126,1474963.577024013,-0.08984230756933737,0.03529161156061473,-0.05484966961182548,-0.034992637957511875
202503,NON PRIME,2028-03-31,1474963.577024013,-80901.26488924342,-51611.1718394807,52059.89172847715,1394511.0320237658,-0.08984115865158532,0.0352957134260337,-0.05484966961182548,-0.03499148903975983
202503,NON PRIME,2028-04-30,1394511.0320237658,-76488.46937654934,-48794.50515449485,49225.64877571476,1318453.7062684363,-0.08984007415791392,0.035299576443132676,-0.05484966961182548,-0.034990404546088434
202503,NON PRIME,2028-05-31,1318453.7062684363,-72316.75018731054,-46131.87675415564,46545.66234191988,1246550.74166889,-0.08983904886331301,0.035303220826506,-0.05484966961182549,-0.03498937925148751
202503,NON PRIME,2028-06-30,1246550.74166889,-68372.89633491464,-43614.826535048676,44011.54891658751,1178574.5677155142,-0.08983807808740576,0.03530666457882378,-0.05484966961182548,-0.03498840847558028
202503,NON PRIME,2028-07-31,1178574.5677155142,-64644.425652096,-41235.36356187357,41615.37816025371,1114310.1566617982,-0.08983715762609852,0.03530992378438874,-0.05484966961182548,-0.03498748801427303
202503,NON PRIME,2028-08-31,1114310.1566617982,-61119.54393800113,-38985.93941800585,39349.64888922196,1053554.3221950133,-0.08983628369313139,0.0353130128573035,-0.05484966961182548,-0.0349866140813059
202503,NON PRIME,2028-09-30,1053554.3221950133,-57787.10649050721,-36859.423166947876,37207.266236082454,996115.0587736405,-0.08983545286992424,0.035315944752201754,-0.05484966961182548,-0.03498578325809875
202503,NON PRIME,2028-10-31,996115.0587736405,-54636.58186909831,-34849.07781109587,35181.5199492649,941810.9190427113,-0.08983466206239644,0.03531873114394873,-0.05484966961182548,-0.03498499245057097
202503,NON PRIME,2028-11-30,941810.9190427113,-51658.01774630243,-32948.53814506541,33266.063790940105,890470.4269422835,-0.08983390846367,0.03532138258149828,-0.05484966961182548,-0.03498423885184452
202503,NON PRIME,2028-12-31,890470.4269422835,-48842.00871688543,-31151.789910136788,31454.89599023647,841931.5243054976,-0.08983318952175272,0.03532390862012899,-0.05484966961182548,-0.03498351990992724
202503,NON PRIME,2029-01-31,841931.5243054976,-46179.665943937165,-29453.15016447918,29742.34070754776,796041.0489046291,-0.08983250291145141,0.03532631793551378,-0.05484966961182549,-0.034982833299625926
202503,NRP-L,2025-10-31,83860.81,-824.5471986751265,-1014.9466929685681,1494.7655739783052,83516.08168233461,-0.021935083761338514,0.017824363656615112,-0.009832330485182847,-0.012102753276155669
202503,NRP-L,2025-11-30,83516.08168233461,-821.1262581532534,-937.1602615460906,1478.2767210252723,83236.07188366055,-0.021053268834944135,0.01770050379815602,-0.009831953817906889,-0.011221315017037246
202503,NRP-L,2025-12-31,83236.07188366055,-818.3523132078234,-933.1115134452155,1467.4295036940846,82952.0375607016,-0.021042124970782713,0.0176297303619171,-0.009831702706389583,-0.011210422264393132
202503,NRP-L,2026-01-31,82952.0375607016,-817.058235496284,-943.6472126363572,1458.6061399518303,82649.9382525208,-0.021225584083383296,0.017583728897369998,-0.009849766919810588,-0.011375817163572707
202503,NRP-L,2026-02-28,82649.9382525208,-812.4858498432417,-956.0905284702019,1450.6202068503223,82331.98208105768,-0.021398399269336444,0.017551376776813003,-0.009830447148803054,-0.011567952120533392
202503,NRP-L,2026-03-31,82331.98208105768,-809.3601985040376,-967.3226736816317,1443.0627604364079,81998.36196930842,-0.021579498358687457,0.017527365720597862,-0.009830447148803054,-0.011749051209884403
202503,NRP-L,2026-04-30,81998.36196930842,-806.0805636277087,-976.6382455836724,1435.695464392601,81651.33862448964,-0.021740907579088517,0.017508831029209762,-0.009830447148803054,-0.011910460430285465
202503,NRP-L,2026-05-31,81651.33862448964,-802.6691689770669,-984.0554361447842,1428.415672255167,81293.02969162296,-0.0218823675792862,0.017494087620833484,-0.009830447148803054,-0.012051920430483145
202503,NRP-L,2026-06-30,81293.02969162296,-799.146831949577,-989.7839710762697,1421.1711270663498,80925.27001566347,-0.022005955612824105,0.01748207850608375,-0.009830447148803054,-0.012175508464021049
202503,NRP-L,2026-07-31,80925.27001566347,-795.5315898915962,-994.0642086629047,1413.9349518794522,80549.6091689884,-0.022114177663023135,0.017472106693073478,-0.009830447148803054,-0.012283730514220081
202503,NRP-L,2026-08-31,80549.6091689884,-791.8386757924824,-997.117585784078,1406.6937084423207,80167.34661585417,-0.022209372336288235,0.017463693777720994,-0.009830447148803054,-0.012378925187485183
202503,NRP-L,2026-09-30,80167.34661585417,-788.0808639669298,-999.1342897646815,1399.4413184364187,79779.57278055898,-0.022293555034265854,0.01745650040211834,-0.009830447148803054,-0.012463107885462798
202503,NRP-L,2026-10-31,79779.57278055898,-784.2688737733719,-1000.273375593947,1392.1758130452997,79387.20634423697,-0.022368410699263402,0.017450279119375665,-0.009830447148803054,-0.012537963550460347
202503,NRP-L,2026-11-30,79387.20634423697,-780.4117362581441,-1000.6666264773839,1384.897527842707,78991.02550934415,-0.02243533240119897,0.017444845229060542,-0.009830447148803054,-0.012604885252395915
202503,NRP-L,2026-12-31,78991.02550934415,-776.5171014993615,-1000.4230747426965,1377.6080712710536,78591.69340437315,-0.022495469134425364,0.01744005806214139,-0.009830447148803054,-0.012665021985622311
202503,NRP-L,2027-01-31,78591.69340437315,-772.5914883466238,-999.6331505141492,1370.3097230429214,78189.77848855531,-0.02254977036494495,0.01743580859102181,-0.009830447148803054,-0.012719323216141895
202503,NRP-L,2027-02-28,78189.77848855531,-768.6404850083609,-998.3721840901652,1363.0050788887158,77785.7708983455,-0.02259902385267871,0.0174320110024128,-0.009830447148803054,-0.012768576703875656
202503,NRP-L,2027-03-31,77785.7708983455,-764.6689097450881,-996.7032603288067,1355.6968399792788,77380.09556825088,-0.02264388653261209,0.017428596828473607,-0.009830447148803054,-0.012813439383809033
202503,NRP-L,2027-04-30,77380.09556825088,-760.6809398530197,-994.6795097385581,1348.3876889729447,76973.12280763224,-0.022684909300006134,0.017425510773421547,-0.009830447148803054,-0.01285446215120308
202503,NRP-L,2027-05-31,76973.12280763224,-756.6802156387557,-992.3459372394863,1341.080218679913,76565.17687343391,-0.022722556771528284,0.017422707690208702,-0.009830447148803054,-0.012892109622725226
202503,NRP-L,2027-06-30,76565.17687343391,-752.6699246930499,-989.7408812239992,1333.7768929876895,76156.54296050455,-0.022757223023168113,0.017420150353632563,-0.009830447148803054,-0.012926775874365061
202503,NRP-L,2027-07-31,76156.54296050455,-748.6528706087893,-986.8971804047801,1326.4800276428414,75747.47293713383,-0.02278924414824923,0.017417807795329754,-0.009830447148803054,-0.012958796999446175
202503,NRP-L,2027-08-31,75747.47293713383,-744.6315293638838,-983.8431106534391,1319.191783219823,75338.19008033632,-0.022818908314629325,0.017415654041880425,-0.009830447148803054,-0.01298846116582627
202503,NRP-L,2027-09-30,75338.19008033632,-740.6080958712247,-980.6031407936159,1311.9141654824082,74928.8930091539,-0.022846463856238647,0.017413667146548892,-0.009830447148803054,-0.013016016707435591
202503,NRP-L,2027-10-31,74928.8930091539,-736.5845226448059,-977.1985455498314,1304.649030117343,74519.7589710766,-0.022872125816476005,0.017411828437902545,-0.009830447148803054,-0.013041678667672953
202503,NRP-L,2027-11-30,74519.7589710766,-732.5625521067108,-973.6479053670972,1297.3980899300084,74110.94660353281,-0.02289608126800357,0.017410121930662284,-0.009830447148803054,-0.013065634119200515
202503,NRP-L,2027-12-31,74110.94660353281,-728.5437437337945,-969.9675162242885,1290.1629232946088,73702.59826686933,-0.022918493661193046,0.01740853385933014,-0.009830447148803054,-0.013088046512389992
202503,NRP-L,2028-01-31,73702.59826686933,-724.5294969919225,-966.171727478151,1282.9449831003324,73294.84202549959,-0.022939506397701516,0.01740705230573994,-0.009830447148803054,-0.013109059248898458
202503,NRP-L,2028-02-29,73294.84202549959,-720.5210708115427,-962.2732218587815,1275.7456057235743,72887.79333855283,-0.022959245782736976,0.01740566689917603,-0.009830447148803054,-0.013128798633933922
202503,NRP-L,2028-03-31,72887.79333855283,-716.5196002075229,-958.2832487199993,1268.5660197427028,72481.55650936802,-0.022977823476536256,0.017404368573080607,-0.009830447148803054,-0.013147376327733202
202503,NRP-L,2028-04-30,72481.55650936802,-712.5261105283242,-954.2118193173271,1261.4073542322287,72076.2259337546,-0.022995338540090962,0.017403149366269414,-0.009830447148803054,-0.013164891391287908
202503,NRP-L,2028-05-31,72076.2259337546,-708.5415297269626,-950.0678710796349,1254.2706465508259,71671.88717949882,-0.02301187915042928,0.01740200225943612,-0.009830447148803054,-0.013181432001626225
202503,NRP-L,2028-06-30,71671.88717949882,-704.5666989730383,-945.8594064341604,1247.1568495871918,71268.61792367882,-0.02302752404542921,0.017400921039845748,-0.009830447148803054,-0.013197076896626157
202503,NRP-L,2028-07-31,71268.61792367882,-700.6023818669627,-941.5936106448505,1240.0668384589378,70866.48876962594,-0.023042343746169345,0.017399900188704638,-0.009830447148803054,-0.013211896597366293
202503,NRP-L,2028-08-31,70866.48876962594,-696.649272471053,-937.2769522598313,1233.00141667881,70465.56396157388,-0.02305640159543506,0.017398934786893045,-0.009830447148803054,-0.013225954446632006
202503,NRP-L,2028-09-30,70465.56396157388,-692.7080023348532,-932.915269081435,1225.961321813747,70065.90201197134,-0.023069754643598245,0.017398020435659686,-0.009830447148803054,-0.013239307494795191
202503,NRP-L,2028-10-31,70065.90201197134,-688.7791466618978,-928.5138420307533,1218.947230668283,69667.55625394698,-0.023082454407228257,0.017397153189578803,-0.009830447148803054,-0.013252007258425205
202503,NRP-L,2028-11-30,69667.55625394698,-684.8632297406895,-924.0774588469137,1211.9597640264888,69270.57532938587,-0.02309454752112752,0.01739632949961304,-0.009830447148803054,-0.013264100372324464
202503,NRP-L,2028-12-31,69270.57532938587,-680.9607297427085,-919.6104692153157,1204.9994909871514,68875.00362141499,-0.023106076300755538,0.017395546164548283,-0.009830447148803054,-0.013275629151952484
202503,NRP-L,2029-01-31,68875.00362141499,-677.072082973939,-915.1168326405633,1198.0669329261161,68480.8816387266,-0.023117079229008568,0.01739480028939856,-0.009830447148803054,-0.013286632080205514
202503,NRP-M,2025-10-31,6162266.5200000005,-143582.76095259172,-106935.47138576802,103708.71841766751,6015457.006079309,-0.04065358606695897,0.016829638588508746,-0.023300316610225375,-0.017353269456733593
202503,NRP-M,2025-11-30,6015457.006079309,-139493.6822499341,-104100.96256834637,101341.53617839237,5873203.89743942,-0.040494786110531616,0.016846855704558298,-0.02318920775411739,-0.01730557835641422
202503,NRP-M,2025-12-31,5873203.89743942,-135759.90204885908,-101367.48667012434,98928.7011190891,5735005.209839527,-0.0403744519788195,0.01684407741441085,-0.023115135183378738,-0.017259316795440766
202503,NRP-M,2026-01-31,5735005.209839527,-126651.80264202337,-98771.66318868451,96565.19016806793,5606146.934176886,-0.03930658431555558,0.01683785570105349,-0.02208399086102439,-0.017222593454531192
202503,NRP-M,2026-02-28,5606146.934176886,-127510.53566461743,-96391.20187312632,94360.08058678456,5476605.277225927,-0.03993861384059813,0.016831538968687203,-0.022744772329685463,-0.017193841510912664
202503,NRP-M,2026-03-31,5476605.277225927,-124564.14017005765,-94038.88264769751,92148.62156612628,5350150.875974298,-0.03991578938997124,0.016825865093714122,-0.022744772329685463,-0.017171017060285777
202503,NRP-M,2026-04-30,5350150.875974298,-121687.96360350266,-91768.80764224444,89994.52353361795,5226688.628262169,-0.03989733676564312,0.016820931898902634,-0.022744772329685463,-0.017152564435957654
202503,NRP-M,2026-05-31,5226688.628262169,-118879.84288797904,-89571.7605175726,87895.51475989562,5106132.539616512,-0.03988215450187629,0.016816673234487312,-0.022744772329685463,-0.017137382172190824
202503,NRP-M,2026-06-30,5106132.539616512,-116137.8220987762,-87440.9518658322,85849.35664539966,4988403.122297304,-0.03986946527241885,0.016812990258150886,-0.022744772329685463,-0.01712469294273339
202503,NRP-M,2026-07-31,4988403.122297304,-113460.09330534429,-85371.23339358887,83854.00244376615,4873425.798042136,-0.039858712663014606,0.01680978870150914,-0.022744772329685463,-0.017113940333329147
202503,NRP-M,2026-08-31,4873425.798042136,-110844.96024208408,-83358.5767308405,81907.60902253736,4761129.870091748,-0.03984949089631045,0.016806988023792862,-0.022744772329685463,-0.017104718566624984
202503,NRP-M,2026-09-30,4761129.870091748,-108290.81492730175,-81399.73307174936,80008.51148289598,4651447.833575594,-0.039841498378492185,0.01680452196557163,-0.022744772329685463,-0.017096726048806722
202503,NRP-M,2026-10-31,4651447.833575594,-105796.12197808556,-79492.00879255745,78155.19263483037,4544314.895439781,-0.03983450688905415,0.016802336698410747,-0.022744772329685463,-0.01708973455936869
202503,NRP-M,2026-11-30,4544314.895439781,-103359.40769117622,-77633.11491821283,76346.2560601742,4439668.6288905665,-0.03982834085529922,0.016800388577118113,-0.022744772329685463,-0.017083568525613758
202503,NRP-M,2026-12-31,4439668.6288905665,-100979.25218336275,-75821.06411826861,74580.40437295934,4337448.716961894,-0.03982286316395919,0.016798642107574664,-0.022744772329685463,-0.01707809083427373
202503,NRP-M,2027-01-31,4337448.716961894,-98654.2835589846,-74054.09881421294,72856.42222071558,4237596.7568094125,-0.03981796527018508,0.016797068270987387,-0.022744772329685463,-0.017073192940499617
202503,NRP-M,2027-02-28,4237596.7568094125,-96383.17345864358,-72330.64003655384,71173.16311683891,4140056.106431054,-0.03981356017985677,0.01679564319150246,-0.022744772329685463,-0.01706878785017131
202503,NRP-M,2027-03-31,4140056.106431054,-94164.63357289837,-70649.25038302685,69529.53923192513,4044771.761707054,-0.03980957738710538,0.016794347092040557,-0.022744772329685463,-0.017064805057419915
202503,NRP-M,2027-04-30,4044771.761707054,-91997.41284556773,-69008.60673407243,67924.51343138887,3951690.2555588027,-0.039805959165342186,0.01679316347944489,-0.022744772329685463,-0.01706118683565672
202503,NRP-M,2027-05-31,3951690.2555588027,-89880.29518012154,-67407.47983575148,66357.09301040393,3860759.573553334,-0.039802657810697056,0.016792078507939755,-0.022744772329685463,-0.01705788548101159
202503,NRP-M,2027-06-30,3860759.573553334,-87812.09752012412,-65844.7187937174,64826.32471345956,3771929.0819529523,-0.039799633565998034,0.016791080479998718,-0.022744772329685463,-0.017054861236312568
202503,NRP-M,2027-07-31,3771929.0819529523,-85791.6682127394,-64319.239131682414,63331.29073101806,3685149.4653395484,-0.039796853038048224,0.01679015945289928,-0.022744772329685463,-0.017052080708362765
202503,NRP-M,2027-08-31,3685149.4653395484,-83817.88559001013,-62830.01347301211,61871.105444419634,3600372.6717209457,-0.0397942879772748,0.016789306926718872,-0.022744772329685463,-0.017049515647589338
202503,NRP-M,2027-09-30,3600372.6717209457,-81889.65672031429,-61376.064177699845,60444.91274822923,3517551.863571161,-0.03979191432689506,0.01678851559534172,-0.022744772329685463,-0.017047141997209594
202503,NRP-M,2027-10-31,3517551.863571161,-80005.91629478688,-59956.45745457384,59051.88382189084,3436641.3736436907,-0.039789711474862315,0.0167877791464712,-0.022744772329685463,-0.017044939145176845
202503,NRP-M,2027-11-30,3436641.3736436907,-78165.62562230325,-58570.298599078385,57691.21525395131,3357596.6646762607,-0.03978766166002585,0.016787092099977932,-0.022744772329685463,-0.017042889330340386
202503,NRP-M,2027-12-31,3357596.6646762607,-76367.77171297281,-57216.72809895767,56362.12744530651,3280374.2923096367,-0.03978574949674924,0.01678644967642084,-0.022744772329685463,-0.017040977167063782
202503,NRP-M,2028-01-31,3280374.2923096367,-74611.36643473576,-55894.91841584339,55063.86323514401,3204931.8706942014,-0.03978396159137458,0.016785847689464364,-0.022744772329685463,-0.017039189261689115
202503,NRP-M,2028-02-29,3204931.8706942014,-72895.44573109254,-54604.07129818844,53795.68670612615,3131228.0403710464,-0.0397822862305226,0.016785282457337784,-0.022744772329685463,-0.01703751390083714
202503,NRP-M,2028-03-31,3131228.0403710464,-71219.06889056662,-53343.41551564363,52556.88213503865,3059222.438099875,-0.039780713126039126,0.01678475072956064,-0.022744772329685466,-0.01703594079635366
202503,NRP-M,2028-04-30,3059222.438099875,-69581.31786044694,-52112.20493055253,51346.753062465024,2988875.6683713407,-0.039779233204952885,0.016784249625979207,-0.022744772329685463,-0.01703446087526742
202503,NRP-M,2028-05-31,2988875.6683713407,-67981.29659884261,-50909.71684130531,50164.621460641465,2920149.276391834,-0.039777838435458394,0.016783776585787696,-0.022744772329685463,-0.017033066105772935
202503,NRP-M,2028-06-30,2920149.276391834,-66418.13046022801,-49735.25054663501,49009.82698294506,2853005.7223679163,-0.039776521681926934,0.016783329324691953,-0.022744772329685463,-0.017031749352241467
202503,NRP-M,2028-07-31,2853005.7223679163,-64890.96561054807,-48588.12609082269,47881.726281790725,2787408.356948336,-0.039775276583457475,0.01678290579874835,-0.022744772329685463,-0.017030504253772012
202503,NRP-M,2028-08-31,2787408.356948336,-63398.968468652536,-47467.68315810532,46779.692384299844,2723321.397705878,-0.03977409745163247,0.016782504173702917,-0.022744772329685463,-0.017029325121947003
202503,NRP-M,2028-09-30,2723321.397705878,-61941.325171380995,-46373.28009100016,45703.114117129655,2660709.906560627,-0.03977297918403065,0.016782122798884438,-0.022744772329685463,-0.017028206854345192
202503,NRP-M,2028-10-31,2660709.906560627,-60517.241060060136,-45304.29301224661,44651.39557345013,2599539.7680617706,-0.03977191719073847,0.016781760184885718,-0.022744772329685463,-0.01702714486105301
202503,NRP-M,2028-11-30,2599539.7680617706,-59125.94018652833,-44260.11503396592,43623.95561632151,2539777.6684575975,-0.039770907331638704,0.016781414984410006,-0.022744772329685463,-0.01702613500195324
202503,NRP-M,2028-12-31,2539777.6684575975,-57766.664837087425,-43240.155540711436,42620.22741373638,2481391.075493535,-0.03976994586267865,0.01678108597577345,-0.022744772329685463,-0.01702517353299319
202503,NRP-M,2029-01-31,2481391.075493535,-56438.67507301381,-42243.8395355138,41639.65800139976,2424348.218886407,-0.03976902938965403,0.016780772048645278,-0.022744772329685463,-0.017024257059968562
202503,NRP-S,2025-10-31,2647482.4199999995,-127952.80725344438,-58643.78510631917,56402.97412177781,2517288.8017620137,-0.07048076729429749,0.02130438098311445,-0.048329993161368906,-0.02215077413292859
202503,NRP-S,2025-11-30,2517288.8017620137,-120242.11221119971,-55928.03662188807,53679.884704545344,2394798.537633471,-0.06998408315715499,0.021324483971394664,-0.04776651456401604,-0.02221756859313894
202503,NRP-S,2025-12-31,2394798.537633471,-113491.56741180124,-53192.88775582206,51060.25253207106,2279174.334997919,-0.06960270459006547,0.021321314394374305,-0.04739086216578079,-0.022211842424284686
202503,NRP-S,2026-01-31,2279174.334997919,-103582.36484915334,-50581.163005470844,48578.60489449297,2173589.4120377875,-0.06764007714871224,0.02131412421969789,-0.04544731978532389,-0.022192757363388365
202503,NRP-S,2026-02-28,2173589.4120377875,-98925.70585382964,-48194.08928464853,46312.26199046856,2072781.878889778,-0.06768518208806977,0.021306812470644955,-0.04551260017460457,-0.02217258191346521
202503,NRP-S,2026-03-31,2072781.878889778,-94337.6929030761,-45920.78013910362,44150.752946943314,1976674.1587945416,-0.06766677886884309,0.021300240703856072,-0.04551260017460457,-0.022154178694238524
202503,NRP-S,2026-04-30,1976674.1587945416,-89963.5806646888,-43759.70643141634,42092.33711388391,1885043.2088123204,-0.0676506476806755,0.021294524910242956,-0.04551260017460457,-0.022138047506070926
202503,NRP-S,2026-05-31,1885043.2088123204,-85793.21787452877,-41704.79399589362,40131.796338530665,1797676.9932804287,-0.06763665218621331,0.02128958962368607,-0.04551260017460457,-0.022124052011608743
202503,NRP-S,2026-06-30,1797676.9932804287,-81816.95423825746,-39750.06679706805,38264.13164708329,1714374.1038921864,-0.06762450734460819,0.021285320883624545,-0.04551260017460457,-0.022111907170003615
202503,NRP-S,2026-07-31,1714374.1038921864,-78025.62314014108,-37889.937207885036,36484.64064114131,1634943.1841853014,-0.06761392398827076,0.021281609748017846,-0.04551260017460457,-0.022101323813666203
202503,NRP-S,2026-08-31,1634943.1841853014,-74410.5154500205,-36119.24390130638,34788.91462822089,1559202.3394621955,-0.06760464854098541,0.02127836304327379,-0.04551260017460457,-0.022092048366380842
202503,NRP-S,2026-09-30,1559202.3394621955,-70963.35266725098,-34433.22051720319,33172.815723428714,1486978.5820011701,-0.06759646937215849,0.02127550407272399,-0.045512600174604574,-0.02208386919755392
202503,NRP-S,2026-10-31,1486978.5820011701,-67676.2616708197,-32827.45040949361,31632.451517493886,1418107.3214383507,-0.06758921298318621,0.021272970505683445,-0.04551260017460456,-0.022076612808581652
202503,NRP-S,2026-11-30,1418107.3214383507,-64541.751525303094,-31297.823767102924,30164.152121745745,1352431.8982676903,-0.06758273781084378,0.02127071179009992,-0.04551260017460457,-0.022070137636239214
202503,NRP-S,2026-12-31,1352431.8982676903,-61552.69224923887,-29840.501034059213,28764.45047216704,1289803.155456559,-0.06757692819901856,0.021268686807085067,-0.04551260017460457,-0.022064328024413993
202503,NRP-S,2027-01-31,1289803.155456559,-58702.29531823771,-28451.882706735927,27430.06562954946,1230079.0430611349,-0.0675716892583684,0.021266861934323523,-0.04551260017460457,-0.022059089083763833
202503,NRP-S,2027-02-28,1230079.0430611349,-55984.095670001625,-27128.584548928935,26157.88855855442,1173124.2514007587,-0.06756694269995775,0.02126520950512151,-0.04551260017460457,-0.022054342525353182
202503,NRP-S,2027-03-31,1173124.2514007587,-53391.93500913503,-25867.417141264552,24944.96988735517,1118809.8691377144,-0.0675626235292303,0.021263706600191622,-0.04551260017460457,-0.022050023354625727
202503,NRP-S,2027-04-30,1118809.8691377144,-50919.94624546645,-24665.368824097255,23788.509236956146,1067013.063305107,-0.06755867744339669,0.021262334104444707,-0.04551260017460457,-0.022046077268792125
202503,NRP-S,2027-05-31,1067013.063305107,-48562.538931285366,-23519.591284822312,22685.845799897146,1017616.7788888963,-0.06755505878515768,0.0212610759699858,-0.04551260017460457,-0.022042458610553116
202503,NRP-S,2027-06-30,1017616.7788888963,-46314.38558853932,-22427.387213736463,21634.449923931676,970509.4560105522,-0.06755172893015066,0.021259918638088543,-0.04551260017460457,-0.02203912875554609
202503,NRP-S,2027-07-31,970509.4560105522,-44170.408837081246,-21386.199591703786,20631.915515189652,925584.7630969568,-0.06754865501080932,0.021258850583487074,-0.04551260017460457,-0.022036054836204765
202503,NRP-S,2027-08-31,925584.7630969568,-42125.76925053788,-20393.602279401308,19675.953119668462,882741.3446866861,-0.06754580890112402,0.02125786195294938,-0.04551260017460457,-0.02203320872651945
202503,NRP-S,2027-09-30,882741.3446866861,-40175.85387831794,-19447.291657789,18764.38357484202,841882.5827254211,-0.06754316640427571,0.021256944276810914,-0.04551260017460457,-0.02203056622967114
202503,NRP-S,2027-10-31,841882.5827254211,-38316.26538154554,-18545.07912886041,17895.132147589942,802916.3703626051,-0.0675407065986911,0.021256090237261053,-0.04551260017460457,-0.022028106424086532
202503,NRP-S,2027-11-30,802916.3703626051,-36542.81173795796,-17684.884329870965,17066.223092782086,765754.8973875582,-0.06753841130843946,0.021255293481031914,-0.04551260017460457,-0.02202581113383489
202503,NRP-S,2027-12-31,765754.8973875582,-34851.49647654528,-16864.72894712418,16275.774580396353,730314.4465442852,-0.06753626467176901,0.021254548467039027,-0.04551260017460456,-0.022023664497164457
202503,NRP-S,2028-01-31,730314.4465442852,-33238.50940730767,-16082.731040014853,15521.993949237862,696515.2000462004,-0.0675342527875515,0.021253850341705696,-0.04551260017460457,-0.022021652612946935
202503,NRP-S,2028-02-29,696515.2000462004,-31700.217815237436,-15337.099804577927,14803.173253060762,664281.0556794459,-0.06753236342393582,0.02125319483634938,-0.04551260017460457,-0.022019763249331248
202503,NRP-S,2028-03-31,664281.0556794459,-30233.158090702855,-14626.130719869934,14117.685070819405,633539.4519396925,-0.06753058577696366,0.02125257818225665,-0.04551260017460457,-0.022017985602359087
202503,NRP-S,2028-04-30,633539.4519396925,-28834.02777096933,-13948.201031278804,13463.978557360542,604221.201694805,-0.06752891026953857,0.02125199704002364,-0.04551260017460457,-0.022016310094934
202503,NRP-S,2028-05-31,604221.201694805,-27499.67796975476,-13301.7655331628,12840.575714454188,576260.3339063416,-0.06752732838316813,0.021251448440467047,-0.04551260017460457,-0.022014728208563566
202503,NRP-S,2028-06-30,576260.3339063416,-26227.106173563447,-12685.35261967854,12246.067864894743,549593.9429779943,-0.0675258325164653,0.021250929734971263,-0.04551260017460457,-0.022013232341860728
202503,NRP-S,2028-07-31,549593.9429779943,-25013.449385141877,-12097.56057772513,11679.11231466903,524162.0453297964,-0.06752441586561103,0.02125043855357165,-0.04551260017460457,-0.022011815691006468
202503,NRP-S,2028-08-31,524162.0453297964,-23855.977595797976,-11537.054099940964,11138.429190017732,499907.4428240752,-0.06752307232293037,0.021249972769412498,-0.04551260017460457,-0.022010472148325792
202503,NRP-S,2028-09-30,499907.4428240752,-22752.087569561125,-11002.560998891184,10622.798437711686,476775.5926933345,-0.06752179639047916,0.021249530468483154,-0.04551260017460457,-0.0220091962158746
202503,NRP-S,2028-10-31,476775.5926933345,-21699.296923261852,-10492.869106161757,10131.056978099274,454714.4836420102,-0.06752058310612775,0.021249109923744864,-0.04551260017460457,-0.022007982931523187
202503,NRP-S,2028-11-30,454714.4836420102,-20695.238487600578,-10006.8233421716,9662.096001512264,433674.51781375025,-0.06751942798009365,0.02124870957292639,-0.04551260017460457,-0.02200682780548908
202503,NRP-S,2028-12-31,433674.51781375025,-19737.654935171642,-9543.322944231888,9214.858399487448,413608.39833383413,-0.06751832694024877,0.021248327999398256,-0.04551260017460457,-0.022005726765644204
202503,NRP-S,2029-01-31,413608.39833383413,-18824.393662226375,-9101.318841802666,8788.336323003381,394471.0221528085,-0.06751727628482405,0.02124796391564101,-0.04551260017460457,-0.022004676110219487
202504,NON PRIME,2025-10-31,9246422.14,-496228.0791049992,-373459.2009660587,329486.00110643974,8706220.861035382,-0.09405662719083446,0.03563389126277115,-0.053667037,-0.04038959019083447
202504,NON PRIME,2025-11-30,8706220.861035382,-467237.07707935775,-343042.3865510722,312645.6622386902,8208587.059643643,-0.09306902231906714,0.035910605442819994,-0.053667037,-0.039401985319067134
202504,NON PRIME,2025-12-31,8208587.059643643,-440530.5454476166,-319381.20652914804,295911.04736068525,7744586.355027564,-0.09257521988318346,0.036048962532844425,-0.053667037,-0.03890818288318346
202504,NON PRIME,2026-01-31,7744586.355027564,-415629.0024649594,-299033.20489180525,279827.2144036814,7309751.36207448,-0.09227893842165327,0.03613197678685907,-0.053667037,-0.038611901421653265
202504,NON PRIME,2026-02-28,7309751.36207448,-392292.69680925156,-280799.56979789695,264520.3089030901,6901179.404370422,-0.09208141744729981,0.03618731962286884,-0.053667037,-0.03841438044729979
202504,NON PRIME,2026-03-31,6901179.404370422,-370365.8504379854,-264130.8685458842,250007.99262360495,6516690.678010156,-0.09194033103704731,0.036226850220018675,-0.053667037,-0.038273294037047316
202504,NON PRIME,2026-04-30,6516690.678010156,-349731.47973432613,-248725.6560971033,236272.38362792277,6154505.925806651,-0.09183451622935795,0.036256498167881054,-0.053667036999999994,-0.03816747922935796
202504,NON PRIME,2026-05-31,6154505.925806651,-330294.0972369848,-234395.45875388186,223282.75274496072,5813099.122560745,-0.09175221582337734,0.03627955768288513,-0.05366703700000001,-0.03808517882337735
202504,NON PRIME,2026-06-30,5813099.122560745,-311971.80569513503,-221010.18326651017,211003.90273042093,5491121.036329521,-0.09168637549859286,0.03629800529488838,-0.053667037,-0.03801933849859287
202504,NON PRIME,2026-07-31,5491121.036329521,-294692.19582817476,-208472.98625948647,199399.62069093194,5187355.474932791,-0.09163250614195101,0.03631309879561832,-0.05366703700000001,-0.03796546914195101
202504,NON PRIME,2026-08-31,5187355.474932791,-278389.9982053707,-196707.51796013545,188434.19797726546,4900692.15674455,-0.09158761501141613,0.036325676712893266,-0.05366703700000001,-0.03792057801141613
202504,NON PRIME,2026-09-30,4900692.15674455,-263005.62730161956,-185650.92741480403,178073.11630192283,4630108.71833005,-0.09154963020865585,0.03633631956597207,-0.053667037,-0.03788259320865584
202504,NON PRIME,2026-10-31,4630108.71833005,-248484.21590064137,-175249.77614569865,168283.3479288581,4374658.074212569,-0.09151707180628989,0.036345442011468186,-0.053667037,-0.03785003480628989
202504,NON PRIME,2026-11-30,4374658.074212569,-234774.9367311147,-165457.51941380827,159033.46792549398,4133459.08599314,-0.0914888545242394,0.03635334813089815,-0.053667037,-0.03782181752423939
202504,NON PRIME,2026-12-31,4133459.08599314,-221830.50170598002,-156232.87968607747,150293.67180647634,3905689.376407559,-0.09146416440244522,0.03636026598539937,-0.053667037,-0.037797127402445216
202504,NON PRIME,2027-01-31,3905689.376407559,-209606.7762741714,-147538.7519429294,142035.74486855653,3690579.593059015,-0.0914423790008621,0.03636636997466516,-0.053667037,-0.03777534200086211
202504,NON PRIME,2027-02-28,3690579.593059015,-198062.4715721431,-139341.43896830973,134233.00713166269,3487408.689650225,-0.0914230141994549,0.036371795742901405,-0.053667037,-0.0377559771994549
202504,NON PRIME,2027-03-31,3487408.689650225,-187158.89118158014,-131610.09872930354,126860.24662734674,3295499.946366688,-0.09140568779819584,0.036376650377639104,-0.053667037,-0.037738650798195834
202504,NON PRIME,2027-04-30,3295499.946366688,-176859.71755515906,-124316.3324424275,119893.64797217537,3114217.5443412764,-0.09139009403706266,0.036381019548903035,-0.05366703700000001,-0.03772305703706266
202504,NON PRIME,2027-05-31,3114217.5443412764,-167130.82817821242,-117433.86867359954,113310.72004813499,2942963.5675375997,-0.0913759853960374,0.03638497260861801,-0.053667037,-0.03770894839603741
202504,NON PRIME,2027-06-30,2942963.5675375997,-157940.13466869236,-110938.31473921644,107090.22489367223,2781175.343023363,-0.09136315935874174,0.036388566299268,-0.053667037,-0.03769612235874173
202504,NON PRIME,2027-07-31,2781175.343023363,-149257.44003752252,-104806.95643902055,101212.10894037985,2628323.0554871997,-0.09135144862903699,0.03639184749507886,-0.053667037,-0.03768441162903698
202504,NON PRIME,2027-08-31,2628323.0554871997,-141054.31066678462,-99018.59330126156,95657.4371754725,2483907.5886946255,-0.0913407137934743,0.03639485525790548,-0.05366703700000001,-0.03767367679347429
202504,NON PRIME,2027-09-30,2483907.5886946255,-133303.96046705527,-93553.40048898324,90408.33048907113,2347458.558227658,-0.09133083774475663,0.03639762239970596,-0.05366703700000001,-0.037663800744756615
202504,NON PRIME,2027-10-31,2347458.558227658,-125981.14530037036,-88392.81113358283,85447.90627889898,2218532.508072604,-0.09132172139209416,0.03640017668444488,-0.053667037,-0.03765468439209415
202504,NON PRIME,2027-11-30,2218532.508072604,-119062.06619643523,-83519.41462291132,80760.2222774794,2096711.249530737,-0.09131328032481409,0.03640254176290683,-0.053667037,-0.03764624332481409
202504,NON PRIME,2027-12-31,2096711.249530737,-112524.2802068823,-78916.86757817955,76330.22350622948,1981600.3252519045,-0.09130544219091118,0.03640473790719293,-0.053667037,-0.037638405190911176
202504,NON PRIME,2028-01-31,1981600.3252519045,-106346.61797450599,-74569.81509535298,72143.69222816435,1872827.58441021,-0.09129814461796708,0.03640678259325241,-0.053667037,-0.03763110761796708
202504,NON PRIME,2028-02-29,1872827.58441021,-100509.10726716336,-70463.82042265625,68187.20075509198,1770041.8574754822,-0.09129133354988592,0.036408690966907915,-0.053667037,-0.03762429654988592
202504,NON PRIME,2028-03-31,1770041.8574754822,-94992.90185668544,-66585.30167419635,64448.06695945355,1672911.720904054,-0.09128496190555194,0.03641047621968242,-0.05366703700000001,-0.037617924905551936
202504,NON PRIME,2028-04-30,1672911.720904054,-89780.21522349154,-62921.4744920041,60914.312341253106,1581124.3435298114,-0.09127898848898883,0.03641214989415853,-0.05366703700000001,-0.03761195148898883
202504,NON PRIME,2028-05-31,1581124.3435298114,-84854.2586458151,-59460.299799490414,57574.62250430979,1494384.4075888155,-0.09127337709767197,0.0364137221338179,-0.05366703700000001,-0.03760634009767197
202504,NON PRIME,2028-06-30,1494384.4075888155,-80199.18329429204,-56190.435961912415,54418.30990180868,1412413.0982344197,-0.09126809578819728,0.03641520188879142,-0.053667037,-0.03760105878819728
202504,NON PRIME,2028-07-31,1412413.0982344197,-75800.02600223124,-53101.194800150275,51435.27871786904,1334947.156149907,-0.09126311626783544,0.03641659708633789,-0.053667037,-0.03759607926783543
202504,NON PRIME,2028-08-31,1334947.156149907,-71642.65842214185,-50182.50100424545,48615.99175900529,1261737.988482525,-0.09125841338749369,0.036417914772909545,-0.05366703700000001,-0.03759137638749368
202504,NON PRIME,2028-09-30,1261737.988482525,-67713.73931219726,-47424.854570759635,45951.439236573344,1192550.8338361415,-0.09125396471690013,0.03641916123318004,-0.05366703700000001,-0.03758692771690013
202504,NON PRIME,2028-10-31,1192550.8338361415,-64000.66972386506,-44819.29594881938,43433.10932835902,1127163.977491816,-0.09124975018686414,0.0364203420902784,-0.053667037,-0.03758271318686414
202504,NON PRIME,2028-11-30,1127163.977491816,-60491.55088512046,-42357.3736278648,41052.96041426008,1065368.013393091,-0.09124575178657357,0.03642146239060248,-0.053667037,-0.03757871478657358
202504,NON PRIME,2028-12-31,1065368.013393091,-57175.14459338351,-40031.113938651884,38803.394887471484,1006965.1497485271,-0.09124195330629756,0.03642252667591036,-0.053667037,-0.03757491630629755
202504,NON PRIME,2029-01-31,1006965.1497485271,-54040.83594926474,-37832.9928702047,36677.234448680545,951768.5553777382,-0.0912383401177423,0.03642353904486176,-0.053667037,-0.037571303117742316
202504,NRP-L,2025-10-31,62697.2,-795.6098500868,-1048.4477094258493,1043.0683493918837,61896.21078987923,-0.02941211983170938,0.016636601784320252,-0.012689719,-0.01672240083170938
202504,NRP-L,2025-11-30,61896.21078987923,-785.4455220883355,-1035.5680694702512,1034.1805022906367,61109.37770061128,-0.029420437346971553,0.016708300703598765,-0.012689718999999999,-0.016730718346971554
202504,NRP-L,2025-12-31,61109.37770061128,-775.4608312856233,-1022.6579257584747,1023.2245966010646,60334.48354016825,-0.029424596104602636,0.016744150163238027,-0.012689719,-0.016734877104602638
202504,NRP-L,2026-01-31,60334.48354016825,-765.6276421348604,-1009.8407171106908,1011.5474275975076,59570.56260852021,-0.029427091359181295,0.016765659839021584,-0.012689719,-0.016737372359181293
202504,NRP-L,2026-02-28,59570.56260852021,-755.9337001740284,-997.1537838374592,999.5940181055568,58817.06914261428,-0.029428754862233723,0.016779999622877285,-0.012689719,-0.016739035862233725
202504,NRP-L,2026-03-31,58817.06914261428,-746.3720798233462,-984.6109170997398,987.5528437879085,58073.63898947911,-0.02942994307869975,0.01679024232563136,-0.012689719,-0.016740224078699753
202504,NRP-L,2026-04-30,58073.63898947911,-736.9381600839338,-972.2174827899617,975.5165946311,57339.99994123631,-0.029430834241049267,0.016797924352696912,-0.012689718999999999,-0.016741115241049268
202504,NRP-L,2026-05-31,57339.99994123631,-727.6284867143053,-959.9752907983823,963.5355827321346,56615.93174645575,-0.029431527367321113,0.01680389926263679,-0.012689719,-0.016741808367321115
202504,NRP-L,2026-06-30,56615.93174645575,-718.4402647857028,-947.8844734282529,951.6390338024404,55901.24604204424,-0.029432081868338594,0.01680867919058869,-0.012689719,-0.016742362868338592
202504,NRP-L,2026-07-31,55901.24604204424,-709.3711040234035,-935.944307453661,939.8447324709349,55195.775363038105,-0.029432535550989257,0.016812590040731157,-0.012689718999999999,-0.01674281655098926
202504,NRP-L,2026-08-31,55195.775363038105,-700.4188793440766,-924.1536090976863,928.1638284973336,54499.36670309367,-0.02943291361986481,0.016815849082516543,-0.012689719,-0.01674319461986481
202504,NRP-L,2026-09-30,54499.36670309367,-691.5816491402152,-912.5109379582901,916.6034157909494,53811.877531786115,-0.02943323352429797,0.016818606733258024,-0.012689719000000002,-0.01674351452429797
202504,NRP-L,2026-10-31,53811.877531786115,-682.8576047407794,-901.0147084545009,905.1680009544765,53133.173219545315,-0.029433507728097823,0.016820970433893582,-0.012689719,-0.016743788728097824
202504,NRP-L,2026-11-30,53133.173219545315,-674.2450377343554,-889.6632535837542,893.8603812448515,52463.12530947205,-0.029433745371391026,0.016823018974444392,-0.012689719,-0.016744026371391028
202504,NRP-L,2026-12-31,52463.12530947205,-665.7423180389884,-878.4548627785285,882.6821912745689,51801.6103199291,-0.02943395330927258,0.01682481144742636,-0.012689719,-0.01674423430927258
202504,NRP-L,2027-01-31,51801.6103199291,-657.3478787074005,-867.3878050743293,871.6342554119689,51148.508891559344,-0.02943413678387395,0.01682639304123397,-0.012689719,-0.016744417783873953
202504,NRP-L,2027-02-28,51148.508891559344,-649.0602051028895,-856.460343637821,860.7168217845893,50503.70516460322,-0.029434299872408507,0.01682779890239629,-0.012689719,-0.016744580872408505
202504,NRP-L,2027-03-31,50503.70516460322,-640.8778269976636,-845.6707450523159,849.9297217232221,49867.086314276465,-0.0294344457937289,0.016829056778173108,-0.012689719,-0.016744726793728893
202504,NRP-L,2027-04-30,49867.086314276465,-632.799312676914,-835.0172853358275,839.2724808849595,49238.54219714868,-0.029434577122917242,0.016830188866372244,-0.012689719,-0.016744858122917244
202504,NRP-L,2027-05-31,49238.54219714868,-624.8232644514594,-824.4982538751887,828.7443982580286,48617.965077080065,-0.029434695944563844,0.016831213136647653,-0.012689719000000002,-0.016744976944563846
202504,NRP-L,2027-06-30,48617.965077080065,-616.9483151799594,-814.111956004284,818.3446033337717,48005.2494092296,-0.029434803964242577,0.01683214429144348,-0.012689719,-0.016745084964242575
202504,NRP-L,2027-07-31,48005.2494092296,-609.1731255280396,-803.8567146847699,808.0720981369042,47400.29166715369,-0.029434902590905764,0.01683299447625706,-0.012689719,-0.016745183590905762
202504,NRP-L,2027-08-31,47400.29166715369,-601.4963817742218,-793.7308715838536,797.9257885636281,46802.99020235924,-0.02943499299868035,0.01683377381233617,-0.012689719,-0.01674527399868035
202504,NRP-L,2027-09-30,46802.99020235924,-593.9167940276918,-783.7327877419107,787.9045080456664,46213.2451286353,-0.029435076173832973,0.016834490801528955,-0.012689718999999999,-0.016745357173832975
202504,NRP-L,2027-10-31,46213.2451286353,-586.4330947605008,-773.8608439581719,778.0070356243408,45630.95822554097,-0.029435152950896933,0.016835152637706914,-0.012689718999999999,-0.016745433950896935
202504,NRP-L,2027-11-30,45630.95822554097,-579.0440375828535,-764.1134409810057,768.2321098975399,45056.03285687465,-0.02943522404077097,0.016835765448982794,-0.012689719,-0.016745505040770967
202504,NRP-L,2027-12-31,45056.03285687465,-571.7483962085065,-754.4889995619444,758.5784398817722,44488.373900985964,-0.02943529005279686,0.016836334488024688,-0.012689719,-0.01674557105279686
202504,NRP-L,2028-01-31,44488.373900985964,-564.5449635704457,-744.9859604143409,749.0447135420254,43927.887690543204,-0.02943535151226924,0.01683686428299473,-0.012689719,-0.01674563251226924
202504,NRP-L,2028-02-29,43927.887690543204,-557.4325510565523,-735.6027841052188,739.6296045399907,43374.481959921424,-0.02943540887444346,0.0168373587583001,-0.012689719,-0.01674568987444346
202504,NRP-L,2028-03-31,43374.481959921424,-550.4099878419721,-726.3379509004268,730.3317776080371,42828.06579878706,-0.02943546253583225,0.016837821331972865,-0.012689718999999999,-0.01674574353583225
202504,NRP-L,2028-04-30,42828.06579878706,-543.4761203001183,-717.1899605773834,721.1498928536671,42288.54961076322,-0.02943551284338424,0.016838254994791076,-0.012689718999999999,-0.01674579384338424
202504,NRP-L,2028-05-31,42288.54961076322,-536.6298114781447,-708.1573322156177,712.0826092246822,41755.845076294136,-0.029435560101993684,0.01683866237501425,-0.012689719,-0.016745841101993682
202504,NRP-L,2028-06-30,41755.845076294136,-529.8699406257061,-699.2386039724277,703.1285873106343,41229.86511900663,-0.029435604580684928,0.016839045791694884,-0.012689719,-0.016745885580684926
202504,NRP-L,2028-07-31,41229.86511900663,-523.1954027680957,-690.4323328489443,694.286491615639,40710.52387500523,-0.029435646517736665,0.016839407298850913,-0.012689719,-0.016745927517736667
202504,NRP-L,2028-08-31,40710.52387500523,-516.6051083166075,-681.7370944504191,685.554992407308,40197.736664645505,-0.0294356861249522,0.01683974872227605,-0.012689718999999999,-0.0167459671249522
202504,NRP-L,2028-09-30,40197.736664645505,-510.09798271034873,-673.1514827434961,676.9327672236833,39691.41996641534,-0.029435723591237164,0.016840071690380903,-0.012689719,-0.016746004591237165
202504,NRP-L,2028-10-31,39691.41996641534,-503.6729660848001,-664.6741098124676,668.4185021026263,39191.4913926207,-0.029435759085612394,0.016840377660164454,-0.012689719,-0.016746040085612396
202504,NRP-L,2028-11-30,39191.4913926207,-497.3290129632754,-656.3036056159531,660.0108925847434,38697.86966662622,-0.029435792759763255,0.016840667939189875,-0.012689719,-0.016746073759763256
202504,NRP-L,2028-12-31,38697.86966662622,-491.0650919681104,-648.0386177450338,651.7086445305985,38210.47460144367,-0.02943582475020657,0.016840943704264023,-0.012689719,-0.01674610575020657
202504,NRP-L,2029-01-31,38210.47460144367,-484.8801855489572,-639.8778111835738,643.5104747849063,37729.22707949604,-0.02943585518014046,0.016841206017383335,-0.012689719,-0.016746136180140456
202504,NRP-M,2025-10-31,7795952.799999999,-157490.5563694712,-137921.68162144924,128068.68526572437,7628609.247274803,-0.037893025467127056,0.016427586024600406,-0.020201579,-0.017691446467127055
202504,NRP-M,2025-11-30,7628609.247274803,-154109.95236895248,-132973.964156311,125169.59167847253,7466694.922428012,-0.03763253657641719,0.016407917566781564,-0.020201579,-0.017430957576417196
202504,NRP-M,2025-12-31,7466694.922428012,-150839.02734432835,-129179.1468900863,122439.48559644136,7309116.233790039,-0.03750229213106227,0.016398083337872148,-0.020201579,-0.01730071313106227
202504,NRP-M,2026-01-31,7309116.233790039,-147655.68901709194,-125881.7401284489,119812.36941458205,7155391.17405908,-0.037424145463849305,0.01639218280052649,-0.020201578999999997,-0.01722256646384931
202504,NRP-M,2026-02-28,7155391.17405908,-144550.20007865725,-122861.42008816813,117264.33303255348,7005243.886924808,-0.03737204768570734,0.01638824910896273,-0.020201578999999997,-0.017170468685707343
202504,NRP-M,2026-03-31,7005243.886924808,-141516.98779597858,-120022.63676629131,114783.99869597628,6858488.261058514,-0.0373348349870345,0.01638543932927432,-0.020201579,-0.017133255987034503
202504,NRP-M,2026-04-30,6858488.261058514,-138552.2924263462,-117316.81791802919,112364.8901613576,6714984.040875496,-0.037306925463029876,0.016383331994508015,-0.020201579,-0.01710534646302988
202504,NRP-M,2026-05-31,6714984.040875496,-135653.28058548557,-114716.36361756327,110002.80676445608,6574617.203436904,-0.03728521805547073,0.01638169295635645,-0.020201579,-0.017083639055470726
202504,NRP-M,2026-06-30,6574617.203436904,-132817.6488299897,-112204.21291526007,107694.73949353956,6437290.081185193,-0.03726785212942341,0.016380381725835197,-0.020201579,-0.017066273129423402
202504,NRP-M,2026-07-31,6437290.081185193,-130043.42412097909,-109769.08659961144,105438.3627241954,6302915.933188797,-0.037253643644475594,0.016379308900863258,-0.020201579,-0.017052064644475593
202504,NRP-M,2026-08-31,6302915.933188797,-127328.85415467221,-107403.10086962722,103231.77210786448,6171415.750272362,-0.03724180324035242,0.01637841488005331,-0.020201579,-0.017040224240352418
202504,NRP-M,2026-09-30,6171415.750272362,-124672.34282097139,-105100.47806343388,101073.33900793442,6042716.268395891,-0.03723178443686358,0.016377658400906433,-0.020201579,-0.017030205436863576
202504,NRP-M,2026-10-31,6042716.268395891,-122072.41007058481,-102856.80734446092,98961.62469551862,5916748.675676364,-0.037223196891016,0.01637700999020911,-0.020201579,-0.017021617891015996
202504,NRP-M,2026-11-30,5916748.675676364,-119527.66579482146,-100668.59947741985,96895.32721905828,5793447.737623181,-0.03721575435128143,0.016376448034271428,-0.020201579,-0.01701417535128143
202504,NRP-M,2026-12-31,5793447.737623181,-117036.79215396597,-98533.00747704152,94873.24710989204,5672751.185102066,-0.037209242129013685,0.01637595632282595,-0.020201579,-0.017007663129013684
202504,NRP-M,2027-01-31,5672751.185102066,-114598.53121318301,-96447.64509746998,92894.26444041559,5554599.273231829,-0.03720349605054214,0.016375522459785834,-0.020201579,-0.017001917050542145
202504,NRP-M,2027-02-28,5554599.273231829,-112211.67603153537,-94410.46528066526,90957.32298918247,5438934.454908811,-0.037198388425234104,0.016375136803750173,-0.020201579,-0.016996809425234106
202504,NRP-M,2027-03-31,5438934.454908811,-109875.06406666228,-92419.67658181403,89061.41900343046,5325701.133263765,-0.03719381844469533,0.016374791743086682,-0.020201579,-0.01699223944469534
202504,NRP-M,2027-04-30,5325701.133263765,-107587.57217401748,-90473.68435182233,87205.59302214495,5214845.469760071,-0.03718970546221045,0.016374481188489543,-0.020201579,-0.016988126462210446
202504,NRP-M,2027-05-31,5214845.469760071,-105348.11273015018,-88571.04847386015,85388.92378877827,5106315.232344839,-0.03718598419234316,0.0163742002105207,-0.020201579,-0.01698440519234316
202504,NRP-M,2027-06-30,5106315.232344839,-103155.63056511762,-86710.45242142686,83610.52362328026,5000059.672981574,-0.03718260121973654,0.016373944776003575,-0.020201579,-0.01698102221973654
202504,NRP-M,2027-07-31,5000059.672981574,-101009.10048845144,-84890.6802172127,81869.53483410577,4896029.427110015,-0.03717951241866093,0.016373711553183592,-0.020201579,-0.01697793341866093
202504,NRP-M,2027-08-31,4896029.427110015,-98907.52525808773,-83110.59900673118,80165.12688509084,4794176.429730288,-0.037176681017674955,0.016373497765598603,-0.020201579,-0.016975102017674954
202504,NRP-M,2027-09-30,4794176.429730288,-96849.93388513436,-81369.14568840385,78496.4941195055,4694453.844276255,-0.03717407612876786,0.016373301081020412,-0.020201579,-0.016972497128767857
202504,NRP-M,2027-10-31,4694453.844276255,-94835.38019700047,-79665.31651857919,76862.85390174344,4596816.001462419,-0.03717167161593054,0.016373119526025163,-0.020201579,-0.016970092615930535
202504,NRP-M,2027-11-30,4596816.001462419,-92862.94160200717,-77998.15892849916,75263.44507654542,4501218.346008457,-0.03716944521515524,0.016372951419548077,-0.020201579,-0.01696786621515524
202504,NRP-M,2027-12-31,4501218.346008457,-90931.7180131392,-76366.76500683102,73697.52667287049,4407617.389661358,-0.03716737784300675,0.0163727953206765,-0.020201579,-0.016965798843006745
202504,NRP-M,2028-01-31,4407617.389661358,-89040.8308990177,-74770.26625108202,72164.37679861697,4315970.669309875,-0.0371654530482478,0.01637264998724434,-0.020201579,-0.016963874048247802
202504,NRP-M,2028-02-29,4315970.669309875,-87189.42243774633,-73207.82929622874,70663.29168598152,4226236.709261881,-0.03716365657313947,0.016372514342707662,-0.020201579,-0.016962077573139462
202504,NRP-M,2028-03-31,4226236.709261881,-85376.65475485392,-71678.65240358016,69193.58485704553,4138374.986960493,-0.037161975999651,0.01637238744943141,-0.020201579,-0.016960396999651007
202504,NRP-M,2028-04-30,4138374.986960493,-83601.70923070637,-70181.96254669271,67754.58638633993,4052345.9015694335,-0.03716040046200559,0.016372268486984923,-0.020201579,-0.01695882146200559
202504,NRP-M,2028-05-31,4052345.9015694335,-81863.78586588113,-68717.0129703659,66345.6422424321,3968110.7449756186,-0.03715892041149019,0.01637215673438368,-0.020201578999999997,-0.01695734141149019
202504,NRP-M,2028-06-30,3968110.7449756186,-80162.10269537382,-67283.0811276453,64966.113694534906,3885631.6748471344,-0.03715752742276982,0.01637205155546486,-0.020201579,-0.016955948422769818
202504,NRP-M,2028-07-31,3885631.6748471344,-78495.8952443267,-65879.46692127096,63615.376773122574,3804871.6894546594,-0.0371562140334049,0.01637195238676998,-0.020201579,-0.016954635033404893
202504,NRP-M,2028-08-31,3804871.6894546594,-76864.41601938177,-64505.49119218281,62292.821775814395,3725794.604018909,-0.03715497361011579,0.016371858727447033,-0.020201579,-0.016953394610115798
202504,NRP-M,2028-09-30,3725794.604018909,-75266.93403086171,-63160.49440995912,60997.852811536046,3648365.028389624,-0.03715380023673422,0.016371770130790192,-0.020201579,-0.016952221236734222
202504,NRP-M,2028-10-31,3648365.028389624,-73702.73434185023,-61843.83552944658,59729.88737732452,3572548.3458956517,-0.03715268861984641,0.016371686197115286,-0.020201579,-0.016951109619846413
202504,NRP-M,2028-11-30,3572548.3458956517,-72171.11764093033,-60554.890985074824,58488.35596320322,3498310.6932328497,-0.03715163400895285,0.016371606567731404,-0.020201578999999997,-0.016950055008952854
202504,NRP-M,2028-12-31,3498310.6932328497,-70671.39983588818,-59293.053799966954,57272.70168138705,3425618.9412783817,-0.03715063212860397,0.016371530919816718,-0.020201579,-0.01694905312860397
202504,NRP-M,2029-01-31,3425618.9412783817,-69202.9116661316,-58057.73279135493,56082.379916740356,3354440.676737636,-0.03714967912046722,0.01637145896204421,-0.020201579,-0.01694810012046722
202504,NRP-S,2025-10-31,2373847.23,-139301.79455072008,-54854.99731871809,48634.202027889056,2228324.6401584507,-0.08178992709208088,0.020487502908049,-0.05868186999999999,-0.023108057092080896
202504,NRP-S,2025-11-30,2228324.6401584507,-130762.25685157497,-50686.45136614545,45952.07849514949,2092828.01043588,-0.08142830938889499,0.020621806027277045,-0.05868187,-0.022746439388894993
202504,NRP-S,2025-12-31,2092828.01043588,-122811.06124075694,-47225.98366161297,43298.42994456555,1966089.3954780756,-0.08124750053730204,0.020688957586891075,-0.05868187,-0.022565630537302043
202504,NRP-S,2026-01-31,1966089.3954780756,-115373.80231382302,-44152.7550822305,40755.55569663038,1847318.3937786524,-0.08113901522634627,0.020729248522659484,-0.05868187,-0.022457145226346276
202504,NRP-S,2026-02-28,1847318.3937786524,-108404.09783232768,-41351.89284146567,38343.14220961619,1735905.5453144752,-0.0810666916857091,0.020756109146505098,-0.05868187,-0.022384821685709093
202504,NRP-S,2026-03-31,1735905.5453144752,-101866.18354242314,-38768.25978420609,36063.95032791656,1631335.0523157625,-0.08101503201382539,0.020775295306394822,-0.05868187,-0.022333162013825392
202504,NRP-S,2026-04-30,1631335.0523157625,-95729.79146643677,-36369.66434704899,33914.94174689359,1533150.5382491702,-0.08097628725991261,0.020789684926312117,-0.05868187,-0.022294417259912616
202504,NRP-S,2026-05-31,1533150.5382491702,-89968.14057596783,-34134.49662396329,31890.875543100494,1440938.7765923396,-0.08094615245131379,0.02080087685291445,-0.05868187,-0.02226428245131379
202504,NRP-S,2026-06-30,1440938.7765923396,-84556.98196595072,-32046.729985714206,29985.691549307332,1354320.7561899822,-0.08092204460443474,0.020809830394196323,-0.058681870000000004,-0.022240174604434733
202504,NRP-S,2026-07-31,1354320.7561899822,-79474.07455304223,-30093.616650189986,28193.10648121641,1272946.1714679664,-0.08090232000244277,0.020817156018881487,-0.05868187,-0.02222045000244277
202504,NRP-S,2026-08-31,1272946.1714679664,-74698.86175108091,-28264.51312841373,26506.889993333683,1196489.6865818053,-0.08088588283411614,0.020823260706119125,-0.05868187,-0.02220401283411614
202504,NRP-S,2026-09-30,1196489.6865818053,-70212.25224433425,-26550.231131659722,24920.997148838465,1124648.2003546497,-0.08087197446091668,0.020828426210704815,-0.05868187,-0.022190104460916682
202504,NRP-S,2026-10-31,1124648.2003546497,-65996.4594889455,-24942.653596032804,23429.631518748403,1057138.7187884199,-0.08086005299817428,0.02083285378606398,-0.05868187,-0.02217818299817429
202504,NRP-S,2026-11-30,1057138.7187884199,-62034.876867908606,-23434.493671875454,22027.27284660302,993696.6210952388,-0.08084972106379754,0.02083669101804193,-0.05868187,-0.022167851063797553
202504,NRP-S,2026-12-31,993696.6210952388,-58311.97593855006,-22019.13524179352,20708.68587332826,934074.1957882235,-0.0808406806212179,0.020840048596022627,-0.05868187,-0.0221588106212179
202504,NRP-S,2027-01-31,934074.1957882235,-54813.22052759908,-20690.522230521052,19468.91889159274,878039.3719216961,-0.08083270376011821,0.020843011164829138,-0.05868187,-0.022150833760118213
202504,NRP-S,2027-02-28,878039.3719216961,-51524.99227799062,-19443.078386178433,18303.29665617159,825374.5979136985,-0.08082561321691849,0.0208456445593238,-0.05868187,-0.022143743216918494
202504,NRP-S,2027-03-31,825374.5979136985,-48434.52485607393,-18271.646837014505,17207.410239965713,775875.8364605759,-0.08081926904668715,0.020848000754397977,-0.05868187,-0.022137399046687156
202504,NRP-S,2027-04-30,775875.8364605759,-45529.844971320774,-17171.44294286356,16177.105327190884,729351.6538735824,-0.08081355929347896,0.020850121329964735,-0.05868187,-0.02213168929347896
202504,NRP-S,2027-05-31,729351.6538735824,-42799.718936894555,-16138.016382502441,15208.469821219342,685622.3883754048,-0.08080839332629058,0.020852039945953707,-0.05868187,-0.02212652332629059
202504,NRP-S,2027-06-30,685622.3883754048,-40233.603863735014,-15167.21985781368,14297.821290313885,644519.38594417,-0.08080369699248299,0.02085378414230732,-0.058681870000000004,-0.022121826992482982
202504,NRP-S,2027-07-31,644519.38594417,-37821.602818455605,-14255.182677774848,13441.6945646043,605884.2950125439,-0.08079940903552821,0.02085537666941279,-0.05868187,-0.022117539035528207
202504,NRP-S,2027-08-31,605884.2950125439,-35554.42343496775,-13398.288040658223,12636.829670467261,569568.4132073852,-0.08079547840831966,0.020856836485926136,-0.05868187,-0.022113608408319663
202504,NRP-S,2027-09-30,569568.4132073852,-33423.33957994206,-12593.153191202211,11880.16020995992,535432.0806462009,-0.0807918622312878,0.020858179517118415,-0.05868187,-0.022109992231287807
202504,NRP-S,2027-10-31,535432.0806462009,-31420.155750309877,-11836.611866061628,11168.80224379098,503344.1152736204,-0.08078852422171993,0.02085941923821898,-0.05868187,-0.022106654221719937
202504,NRP-S,2027-11-30,503344.1152736204,-29537.173937751606,-11125.698600268584,10500.043705213013,473181.2864408132,-0.08078543347212007,0.02086056712812692,-0.05868187,-0.022103563472120058
202504,NRP-S,2027-12-31,473181.2864408132,-27767.162737352563,-10457.634576997323,9871.334352450838,444827.8234789142,-0.08078256349034874,0.020861633025898565,-0.05868187,-0.02210069349034874
202504,NRP-S,2028-01-31,444827.8234789142,-26103.32850977259,-9829.814779613733,9280.276254733779,418174.95644426165,-0.08077989143835476,0.020862625413479073,-0.05868187,-0.022098021438354758
202504,NRP-S,2028-02-29,418174.95644426165,-24539.288431317822,-9239.796259610572,8724.614799118926,393120.4865524522,-0.08077739752316036,0.02086355164188754,-0.05868187,-0.02209552752316037
202504,NRP-S,2028-03-31,393120.4865524522,-23069.045286207747,-8685.28737358679,8202.230200461858,369568.38409311953,-0.08077506450572046,0.020864418113624494,-0.05868187,-0.02209319450572046
202504,NRP-S,2028-04-30,369568.38409311953,-21686.963871462507,-8164.137871541602,7711.129494070126,347428.41184418555,-0.08077287730187055,0.02086523043087789,-0.05868187,-0.022091007301870545
202504,NRP-S,2028-05-31,347428.41184418555,-20387.748898146954,-7674.329740516324,7249.438989086848,326615.7721946091,-0.08077082265582972,0.020865993516782592,-0.05868186999999999,-0.02208895265582972
202504,NRP-S,2028-06-30,326615.7721946091,-19166.424283873665,-7213.968724133315,6815.397160048844,307050.77634665096,-0.08076888887132071,0.020866711715281136,-0.05868187,-0.022087018871320703
202504,NRP-S,2028-07-31,307050.77634665096,-18018.313740973244,-6781.276451303645,6407.347954047865,288658.53410842194,-0.08076706558878362,0.020867388873865488,-0.05868186999999999,-0.02208519558878363
202504,NRP-S,2028-08-31,288658.53410842194,-16939.022572940983,-6374.583117317453,6023.7344912933695,271368.6629094569,-0.08076534359972083,0.020868028412528477,-0.058681870000000004,-0.022083473599720838
202504,NRP-S,2028-09-30,271368.6629094569,-15924.42059892657,-5992.320668411103,5663.09313749454,255115.01477961376,-0.08076371469114793,0.020868633381534003,-0.05868187,-0.02208184469114793
202504,NRP-S,2028-10-31,255115.01477961376,-14970.626132345373,-5633.016447236827,5324.047927254188,239835.42012728576,-0.08076217151460517,0.020869206510065564,-0.05868187,-0.022080301514605175
202504,NRP-S,2028-11-30,239835.42012728576,-14073.990945304766,-5295.287261815679,5005.305318534396,225471.4472386997,-0.08076070747532102,0.02086975024739037,-0.05868187,-0.022078837475321023
202504,NRP-S,2028-12-31,225471.4472386997,-13231.086155573235,-4977.833844805268,4705.649259168785,211968.17649748997,-0.08075931663800108,0.020870266797848945,-0.058681870000000004,-0.022077446638001076
202504,NRP-S,2029-01-31,211968.17649748997,-12438.68897736276,-4679.435673461387,4423.936547329128,199273.98839399495,-0.08075799364640404,0.02087075815072417,-0.05868187,-0.022076123646404055
202504,PRIME,2025-10-31,4661.92,0.0,-48.63962469482847,51.911257007441556,4665.1916323126125,-0.010433388967384355,0.011135166842726078,0.0,-0.010433388967384355
202504,PRIME,2025-11-30,4665.1916323126125,0.0,-48.66891269300867,50.9099190205489,4667.432638640153,-0.010432350164548907,0.010912717640135183,0.0,-0.010432350164548907
202504,PRIME,2025-12-31,4667.432638640153,0.0,-48.689867384608895,50.415241155525,4669.158012411069,-0.010431830763131183,0.01080149303883974,0.0,-0.010431830763131183
202504,PRIME,2026-01-31,4669.158012411069,0.0,-48.70641109141551,50.122282625311435,4670.573883944965,-0.01043151912228055,0.010734758278062471,0.0,-0.01043151912228055
202504,PRIME,2026-02-28,4670.573883944965,0.0,-48.72021042131727,49.929688576755524,4671.783362100403,-0.010431311361713458,0.010690268437544293,0.0,-0.010431311361713458
202504,PRIME,2026-03-31,4671.783362100403,0.0,-48.732133569998524,49.794156153824126,4672.845384684228,-0.010431162961308395,0.01065848998003131,0.0,-0.010431162961308395
202504,PRIME,2026-04-30,4672.845384684228,0.0,-48.74269161152809,49.69410384700094,4673.796796919701,-0.010431051661004598,0.010634656136896571,0.0,-0.010431051661004598
202504,PRIME,2026-05-31,4673.796796919701,0.0,-48.75221124559346,49.61758159142406,4674.662167265531,-0.010430965094101642,0.010616118703347327,0.0,-0.010430965094101642
202504,PRIME,2026-06-30,4674.662167265531,0.0,-48.76091415664335,49.557443474305096,4675.458696583192,-0.01043089584057928,0.010601288756507937,0.0,-0.01043089584057928
202504,PRIME,2026-07-31,4675.458696583192,0.0,-48.76895775027615,49.509157599306356,4676.198896432223,-0.010430839178606438,0.010589155163639338,0.0,-0.010430839178606438
202504,PRIME,2026-08-31,4676.198896432223,0.0,-48.77645785364902,49.469713112374954,4676.892151690949,-0.010430791960295735,0.010579043836248844,0.0,-0.010430791960295735
202504,PRIME,2026-09-30,4676.892151690949,0.0,-48.783502194688616,49.43703282361799,4677.545682319878,-0.010430752006340525,0.010570488097687658,0.0,-0.010430752006340525
202504,PRIME,2026-10-31,4677.545682319878,0.0,-48.79015882222123,49.40963822595318,4678.16516172361,-0.010430717760093203,0.010563154607492352,0.0,-0.010430717760093203
202504,PRIME,2026-11-30,4678.16516172361,0.0,-48.79648158871877,49.38644890810486,4678.7551290429965,-0.010430688080012192,0.010556798915989759,0.0,-0.010430688080012192
202504,PRIME,2026-12-31,4678.7551290429965,0.0,-48.80251384620232,49.36665744077326,4679.319272637567,-0.010430662109941303,0.01055123768592498,0.0,-0.010430662109941303
202504,PRIME,2027-01-31,4679.319272637567,0.0,-48.80829101190124,49.34964858538006,4679.860630211047,-0.010430639195172875,0.010546330718220772,0.0,-0.010430639195172875
202504,PRIME,2027-02-28,4679.860630211047,0.0,-48.81384239482789,49.33494554363332,4680.381733359853,-0.010430618826489827,0.010541968969150363,0.0,-0.010430618826489827
202504,PRIME,2027-03-31,4680.381733359853,0.0,-48.819192525005256,49.322173256780445,4680.884714091629,-0.010430600601878679,0.01053806635156105,0.0,-0.010430600601878679
202504,PRIME,2027-04-30,4680.884714091629,0.0,-48.82436213955547,49.31103276838855,4681.371384720462,-0.010430584199728643,0.010534553995730663,0.0,-0.010430584199728643
202504,PRIME,2027-05-31,4681.371384720462,0.0,-48.82936892678608,49.30128295024096,4681.843298743917,-0.01043056935968814,0.010531376149979368,0.0,-0.01043056935968814
202504,PRIME,2027-06-30,4681.843298743917,0.0,-48.834228096244814,49.29272723993682,4682.301797887609,-0.010430555868742223,0.01052848719929637,0.0,-0.010430555868742223
202504,PRIME,2027-07-31,4682.301797887609,0.0,-48.83895282142728,49.28520385888827,4682.748048925069,-0.010430543550922041,0.01052584946171624,0.0,-0.010430543550922041
202504,PRIME,2027-08-31,4682.748048925069,0.0,-48.843554587830425,49.278578491332695,4683.183072828572,-0.010430532259586874,0.01052343153560112,0.0,-0.010430532259586874
202504,PRIME,2027-09-30,4683.183072828572,0.0,-48.84804346965105,49.27273873219618,4683.607768091118,-0.010430521871558518,0.010521207043575212,0.0,-0.010430521871558518
202504,PRIME,2027-10-31,4683.607768091118,0.0,-48.85242835199858,49.26758982532298,4684.022929564442,-0.010430512282609269,0.010519153666320526,0.0,-0.010430512282609269
202504,PRIME,2027-11-30,4684.022929564442,0.0,-48.85671711101373,49.263051355857236,4684.429263809286,-0.010430503403952554,0.01051725239108471,0.0,-0.010430503403952554
202504,PRIME,2027-12-31,4684.429263809286,0.0,-48.860916761115476,49.25905465698025,4684.82740170515,-0.010430495159485607,0.010515486921222875,0.0,-0.010430495159485607
202504,PRIME,2028-01-31,4684.82740170515,0.0,-48.86503357632399,49.25554075761668,4685.217908886442,-0.010430487483602585,0.010513843207903242,0.0,-0.010430487483602585
202504,PRIME,2028-02-29,4685.217908886442,0.0,-48.86907319095177,49.2524587441489,4685.601294439639,-0.010430480319445101,0.010512309075471576,0.0,-0.010430480319445101
202504,PRIME,2028-03-31,4685.601294439639,0.0,-48.87304068373584,49.249764442084945,4685.978018197988,-0.010430473617491321,0.01051087391932583,0.0,-0.010430473617491321
202504,PRIME,2028-04-30,4685.978018197988,0.0,-48.87694064857581,49.24741934724418,4686.348496896656,-0.010430467334409657,0.010509528460439189,0.0,-0.010430467334409657
202504,PRIME,2028-05-31,4686.348496896656,0.0,-48.88077725435794,49.24538975318206,4686.71310939548,-0.010430461432120819,0.010508264544515377,0.0,-0.010430461432120819
202504,PRIME,2028-06-30,4686.71310939548,0.0,-48.88455429582628,49.243646034171896,4687.072201133827,-0.010430455877025444,0.010507074976587084,0.0,-0.010430455877025444
202504,PRIME,2028-07-31,4687.072201133827,0.0,-48.88827523706197,49.242162052408865,4687.426087949174,-0.010430450639364089,0.01050595338396898,0.0,-0.010430450639364089
202504,PRIME,2028-08-31,4687.426087949174,0.0,-48.891943248823694,49.24091466510139,4687.775059365452,-0.010430445692683919,0.01050489410205188,0.0,-0.010430445692683919
202504,PRIME,2028-09-30,4687.775059365452,0.0,-48.895561240760905,49.23988331240611,4688.119381437097,-0.010430441013391868,0.010503892078616787,0.0,-0.010430441013391868
202504,PRIME,2028-10-31,4688.119381437097,0.0,-48.8991318893222,49.239049671194266,4688.459299218969,-0.010430436580378346,0.010502942793257222,0.0,-0.010430436580378346
202504,PRIME,2028-11-30,4688.459299218969,0.0,-48.902657662031416,49.23839736273601,4688.795038919673,-0.01043043237469885,0.01050204218919815,0.0,-0.01043043237469885
202504,PRIME,2028-12-31,4688.795038919673,0.0,-48.906140838684415,49.2379117047854,4689.126809785775,-0.010430428379303329,0.010501186615342033,0.0,-0.010430428379303329
202504,PRIME,2029-01-31,4689.126809785775,0.0,-48.909583529923715,49.23757950041868,4689.45480575627,-0.010430424578805149,0.01050037277679597,0.0,-0.010430424578805149
202505,NON PRIME,2025-10-31,9953254.19,-465405.77533111785,-342054.853516324,341884.2030667982,9487677.764219357,-0.08112528962223177,0.034348987430692576,-0.046759157,-0.03436613262223177
202505,NON PRIME,2025-11-30,9487677.764219357,-443635.8141425419,-348770.9922491998,350405.30533069494,9045676.26315831,-0.08351957413437097,0.036932673520191604,-0.046759157,-0.036760417134370976
202505,NON PRIME,2025-12-31,9045676.26315831,-422968.1965601928,-332522.8326961776,334081.0081965727,8624266.242098512,-0.08351957413437099,0.03693267352019161,-0.046759157,-0.036760417134370976
202505,NON PRIME,2026-01-31,8624266.242098512,-403263.41922408435,-317031.62453741534,318517.2094706341,8222488.407807647,-0.08351957413437097,0.03693267352019161,-0.046759157,-0.036760417134370976
202505,NON PRIME,2026-02-28,8222488.407807647,-384476.6263913578,-302262.103753539,303678.47988912,7839428.157551871,-0.08351957413437097,0.03693267352019161,-0.046759157,-0.036760417134370976
202505,NON PRIME,2026-03-31,7839428.157551871,-366565.0520091887,-288180.64916654007,289531.04072786047,7474213.497104002,-0.08351957413437099,0.03693267352019161,-0.046759157,-0.036760417134370976
202505,NON PRIME,2026-04-30,7474213.497104002,-349487.9223626051,-274755.2059048888,276042.6869087517,7126013.05574526,-0.08351957413437099,0.03693267352019161,-0.046759157,-0.03676041713437098
202505,NON PRIME,2026-05-31,7126013.05574526,-333206.36325764237,-261955.21243416934,263182.7136884627,6794034.193741912,-0.08351957413437099,0.03693267352019161,-0.046759157,-0.036760417134370976
202505,NON PRIME,2026-06-30,6794034.193741912,-317683.3115285465,-249751.5309871325,250921.84676248828,6477521.197988722,-0.08351957413437097,0.03693267352019161,-0.046759157,-0.036760417134370976
202505,NON PRIME,2026-07-31,6477521.197988722,-302883.4306675827,-238116.38123479582,239232.1756254379,6175753.561711781,-0.08351957413437099,0.03693267352019161,-0.046759157,-0.036760417134370976
202505,NON PRIME,2026-08-31,6175753.561711781,-288773.03038539033,-227023.2770476023,228087.0900358617,5888044.34431465,-0.08351957413437097,0.03693267352019161,-0.046759156999999996,-0.036760417134370976
202505,NON PRIME,2026-09-30,5888044.34431465,-275319.9899187708,-216446.96620268037,217461.21944098364,5613738.607634182,-0.08351957413437099,0.03693267352019161,-0.046759157,-0.036760417134370976
202505,NON PRIME,2026-10-31,5613738.607634182,-262493.68491132814,-206363.37289995546,207330.37522344827,5352211.925046347,-0.08351957413437099,0.03693267352019161,-0.046759157,-0.036760417134370976
202505,NON PRIME,2026-11-30,5352211.925046347,-250264.9177005144,-196749.5429562584,197671.495638613,5102868.960028187,-0.08351957413437099,0.03693267352019161,-0.046759157,-0.036760417134370976
202505,NON PRIME,2026-12-31,5102868.960028187,-238605.85085238476,-187583.59155267,188462.59331704074,4865142.110940173,-0.08351957413437099,0.03693267352019161,-0.046759157,-0.036760417134370976
202505,NON PRIME,2027-01-31,4865142.110940173,-227489.943792763,-178844.65341615494,179682.70521268924,4638490.218943944,-0.08351957413437099,0.036932673520191604,-0.046759157,-0.036760417134370976
202505,NON PRIME,2027-02-28,4638490.218943944,-216891.89239056426,-170512.83532207916,171311.8448828588,4422397.33611416,-0.08351957413437099,0.03693267352019161,-0.046759157,-0.036760417134370976
202505,NON PRIME,2027-03-31,4422397.33611416,-206787.57135574377,-162569.17080948752,163330.95699126934,4216371.550940199,-0.08351957413437097,0.03693267352019161,-0.046759157,-0.036760417134370976
202505,NON PRIME,2027-04-30,4216371.550940199,-197153.97932074626,-154995.5770060564,155721.87393069832,4019943.8685440943,-0.08351957413437099,0.03693267352019161,-0.046759157,-0.036760417134370976
202505,NON PRIME,2027-05-31,4019943.8685440943,-187969.18648044067,-147774.81346443787,148467.2744664351,3832667.1430656505,-0.08351957413437097,0.03693267352019161,-0.046759157,-0.036760417134370976
202505,NON PRIME,2027-06-30,3832667.1430656505,-179212.28467134823,-140890.44291629118,141550.6443064092,3654115.0597844203,-0.08351957413437097,0.03693267352019162,-0.046759157,-0.036760417134370976
202505,NON PRIME,2027-07-31,3654115.0597844203,-170863.3397765241,-134326.79385466222,134956.23850823345,3483881.1646614675,-0.08351957413437097,0.03693267352019161,-0.046759157,-0.036760417134370976
202505,NON PRIME,2027-08-31,3483881.1646614675,-162903.34634774842,-128068.92485953373,128669.0456375869,3321577.939091773,-0.08351957413437097,0.03693267352019161,-0.046759157,-0.036760417134370976
202505,NON PRIME,2027-09-30,3321577.939091773,-155314.18434172866,-122102.59058533784,122674.75359634735,3166835.9177610534,-0.08351957413437099,0.03693267352019161,-0.046759157,-0.036760417134370976
202505,NON PRIME,2027-10-31,3166835.9177610534,-148078.5778718282,-116414.20933300487,116959.71704268536,3019302.8475989057,-0.08351957413437099,0.03693267352019161,-0.046759157,-0.036760417134370976
202505,NON PRIME,2027-11-30,3019302.8475989057,-141180.0558814243,-110990.83213272989,111510.92632895523,2878642.885913707,-0.08351957413437099,0.03693267352019161,-0.046759157,-0.036760417134370976
202505,NON PRIME,2027-12-31,2878642.885913707,-134602.9146493721,-105820.11326707735,106315.97788667312,2744535.835883931,-0.08351957413437099,0.03693267352019161,-0.046759157,-0.036760417134370976
202505,NON PRIME,2028-01-31,2744535.835883931,-128332.18204222296,-100890.28216732282,101363.04599116741,2616676.4176655523,-0.08351957413437099,0.03693267352019162,-0.046759157,-0.036760417134370976
202505,NON PRIME,2028-02-29,2616676.4176655523,-122353.58343182114,-96190.11661905724,96640.8558416264,2494773.5734563004,-0.08351957413437099,0.03693267352019161,-0.046759157,-0.036760417134370976
202505,NON PRIME,2028-03-31,2494773.5734563004,-116653.50920069418,-91708.9172160589,92138.6578952633,2378549.804934811,-0.08351957413437099,0.036932673520191604,-0.046759157,-0.036760417134370976
202505,NON PRIME,2028-04-30,2378549.804934811,-111218.9837612662,-87436.48300428037,87846.20339717281,2267740.541566437,-0.08351957413437097,0.03693267352019161,-0.046759157,-0.036760417134370976
202505,NON PRIME,2028-05-31,2267740.541566437,-106037.63601837006,-83363.08826050657,83753.72105017574,2162093.538337736,-0.08351957413437097,0.03693267352019161,-0.046759157,-0.036760417134370976
202505,NON PRIME,2028-06-30,2162093.538337736,-101097.67120781972,-79479.46035282328,79851.89477154349,2061368.3015486365,-0.08351957413437099,0.03693267352019161,-0.046759157,-0.036760417134370976
202505,NON PRIME,2028-07-31,2061368.3015486365,-96387.84404693605,-75776.7586324977,76131.84248596769,1965335.5413551705,-0.08351957413437099,0.03693267352019161,-0.046759157,-0.036760417134370976
202505,NON PRIME,2028-08-31,1965335.5413551705,-91897.43313590642,-72246.55430922087,72585.09590649955,1873776.6498165426,-0.08351957413437097,0.03693267352019161,-0.046759157,-0.036760417134370976
202505,NON PRIME,2028-09-30,1873776.6498165426,-87616.21655170574,-68880.81126390028,69203.58125743277,1786483.2032583694,-0.08351957413437099,0.03693267352019161,-0.046759157,-0.036760417134370976
202505,NON PRIME,2028-10-31,1786483.2032583694,-83534.448579021,-65671.86775532491,65979.60089524747,1703256.487819271,-0.08351957413437097,0.03693267352019161,-0.046759156999999996,-0.03676041713437098
202505,NON PRIME,2028-11-30,1703256.487819271,-79642.83752520988,-62612.41897906006,62905.815785777355,1623907.0471007782,-0.08351957413437097,0.03693267352019161,-0.046759157,-0.036760417134370976
202505,NON PRIME,2028-12-31,1623907.0471007782,-75932.52456879169,-59695.500438869225,59975.22879771146,1548254.2508908287,-0.08351957413437097,0.03693267352019161,-0.046759157,-0.036760417134370976
202505,NON PRIME,2029-01-31,1548254.2508908287,-72395.06359332165,-56914.47209280992,57181.16877439981,1476125.883979097,-0.08351957413437097,0.03693267352019161,-0.046759157,-0.036760417134370976
202505,NRP-L,2025-10-31,16425.98,-195.83553442453186,-258.2922609593063,259.475988929259,16231.32819354542,-0.027646922459654652,0.015796682385419866,-0.011922304448473203,-0.01572461801118145
202505,NRP-L,2025-11-30,16231.32819354542,-232.20629570193086,-271.74273618921904,273.771907693439,16001.151069347708,-0.031047923243370263,0.016866882637633293,-0.014306056345670495,-0.01674186689769977
202505,NRP-L,2025-12-31,16001.151069347708,-164.0517316620526,-267.8891414130057,269.88953715372827,15839.099733426381,-0.026994362543235863,0.016866882637633293,-0.010252495645536094,-0.01674186689769977
202505,NRP-L,2026-01-31,15839.099733426381,-162.3903010461659,-265.1760995164164,267.15623628947156,15678.68956915327,-0.026994362543235867,0.016866882637633293,-0.010252495645536094,-0.01674186689769977
202505,NRP-L,2026-02-28,15678.68956915327,-160.74569653545606,-262.4905338971178,264.4506168747935,15519.90395559549,-0.026994362543235863,0.016866882637633293,-0.010252495645536094,-0.01674186689769977
202505,NRP-L,2026-03-31,15519.90395559549,-159.11774772388117,-259.83216628966386,261.7723985663698,15362.726440148315,-0.026994362543235867,0.016866882637633293,-0.010252495645536094,-0.01674186689769977
202505,NRP-L,2026-04-30,15362.726440148315,-157.50628593118282,-257.2007212467361,259.12130386004753,15207.140736830444,-0.026994362543235867,0.016866882637633293,-0.010252495645536094,-0.01674186689769977
202505,NRP-L,2026-05-31,15207.140736830444,-155.9111441854087,-254.5959261106033,256.4970580620914,15053.130724596524,-0.026994362543235863,0.016866882637633293,-0.010252495645536094,-0.01674186689769977
202505,NRP-L,2026-06-30,15053.130724596524,-154.33215720561145,-252.0175109848699,253.89938926072136,14900.680445666763,-0.026994362543235863,0.016866882637633293,-0.010252495645536094,-0.01674186689769977
202505,NRP-L,2026-07-31,14900.680445666763,-152.7691613847233,-249.46520870651062,251.32802829793866,14749.774103873468,-0.026994362543235863,0.016866882637633293,-0.010252495645536094,-0.01674186689769977
202505,NRP-L,2026-08-31,14749.774103873468,-151.22199477260375,-246.9387548181885,248.78270874163653,14600.396063024313,-0.026994362543235863,0.01686688263763329,-0.010252495645536092,-0.01674186689769977
202505,NRP-L,2026-09-30,14600.396063024313,-149.6904970592591,-244.43788754085278,246.26316685799426,14452.530845282196,-0.026994362543235863,0.016866882637633293,-0.010252495645536094,-0.01674186689769977
202505,NRP-L,2026-10-31,14452.530845282196,-148.1745095582318,-241.96234774661485,243.76914158414988,14306.163129561497,-0.026994362543235863,0.016866882637633293,-0.010252495645536094,-0.01674186689769977
202505,NRP-L,2026-11-30,14306.163129561497,-146.67387519015827,-239.51187893189856,241.30037450115037,14161.277749940591,-0.026994362543235863,0.016866882637633293,-0.010252495645536094,-0.01674186689769977
202505,NRP-L,2026-12-31,14161.277749940591,-145.18843846649307,-237.08622719086267,238.8566098071756,14017.85969409041,-0.026994362543235863,0.016866882637633293,-0.010252495645536092,-0.01674186689769977
202505,NRP-L,2027-01-31,14017.85969409041,-143.71804547339784,-234.68514118909206,236.43759429103307,13875.894101718954,-0.026994362543235867,0.016866882637633293,-0.010252495645536094,-0.01674186689769977
202505,NRP-L,2027-02-28,13875.894101718954,-142.26254385579352,-232.30837213755603,234.04307730592166,13735.366263031525,-0.026994362543235863,0.016866882637633293,-0.010252495645536092,-0.01674186689769977
202505,NRP-L,2027-03-31,13735.366263031525,-140.82178280157407,-229.95567376682968,231.67281074346053,13596.261617206581,-0.026994362543235863,0.016866882637633293,-0.010252495645536094,-0.01674186689769977
202505,NRP-L,2027-04-30,13596.261617206581,-139.39561302598,-227.6268023015768,229.32654900798164,13458.565750887006,-0.026994362543235863,0.016866882637633293,-0.010252495645536094,-0.01674186689769977
202505,NRP-L,2027-05-31,13458.565750887006,-137.98388675613023,-225.32151643529102,227.00404899108216,13322.264396686667,-0.026994362543235863,0.016866882637633297,-0.010252495645536094,-0.01674186689769977
202505,NRP-L,2027-06-30,13322.264396686667,-136.5864577157106,-223.0395773052927,224.70507004643454,13187.3434317121,-0.026994362543235863,0.016866882637633293,-0.010252495645536094,-0.01674186689769977
202505,NRP-L,2027-07-31,13187.3434317121,-135.2031811098173,-220.78074846797927,222.42937396485226,13053.788876099155,-0.026994362543235863,0.016866882637633293,-0.010252495645536094,-0.01674186689769977
202505,NRP-L,2027-08-31,13053.788876099155,-133.8339136099541,-218.54479587432593,220.17672494960746,12921.586891564482,-0.026994362543235863,0.016866882637633293,-0.010252495645536094,-0.01674186689769977
202505,NRP-L,2027-09-30,12921.586891564482,-132.47851333918112,-216.33148784563468,217.9468895919989,12790.723779971664,-0.026994362543235863,0.016866882637633293,-0.010252495645536094,-0.01674186689769977
202505,NRP-L,2027-10-31,12790.723779971664,-131.13683985741446,-214.14059504952888,215.73963684716736,12661.185981911889,-0.026994362543235863,0.016866882637633293,-0.010252495645536094,-0.01674186689769977
202505,NRP-L,2027-11-30,12661.185981911889,-129.80875414687426,-211.97189047619102,213.5547380101557,12532.96007529898,-0.026994362543235867,0.016866882637633293,-0.010252495645536094,-0.01674186689769977
202505,NRP-L,2027-12-31,12532.96007529898,-128.4941185976805,-209.8251494148408,211.39196669221164,12406.032773978672,-0.026994362543235863,0.016866882637633293,-0.010252495645536094,-0.01674186689769977
202505,NRP-L,2028-01-31,12406.032773978672,-127.1927969935944,-207.70014943045197,209.25109879733046,12280.390926351956,-0.026994362543235863,0.016866882637633293,-0.010252495645536094,-0.01674186689769977
202505,NRP-L,2028-02-29,12280.390926351956,-125.90465449790439,-205.59667034070443,207.13191249903525,12156.021514012382,-0.026994362543235863,0.016866882637633293,-0.010252495645536094,-0.01674186689769977
202505,NRP-L,2028-03-31,12156.021514012382,-124.62955763945502,-203.51449419317012,205.0341882173922,12032.911650397149,-0.02699436254323586,0.01686688263763329,-0.010252495645536094,-0.01674186689769977
202505,NRP-L,2028-04-30,12032.911650397149,-123.3673742988173,-201.45340524272993,202.95770859625904,11911.04857945186,-0.02699436254323586,0.016866882637633293,-0.010252495645536094,-0.01674186689769977
202505,NRP-L,2028-05-31,11911.04857945186,-122.11797369459907,-199.413189929219,200.9022584807633,11790.419674308805,-0.026994362543235867,0.016866882637633293,-0.010252495645536094,-0.01674186689769977
202505,NRP-L,2028-06-30,11790.419674308805,-120.88122636989411,-197.3936368552987,198.86762489500916,11671.01243597862,-0.026994362543235863,0.016866882637633293,-0.010252495645536094,-0.01674186689769977
202505,NRP-L,2028-07-31,11671.01243597862,-119.6570041788684,-195.3945367645528,196.85359702001006,11552.81449205521,-0.026994362543235863,0.016866882637633293,-0.010252495645536094,-0.01674186689769977
202505,NRP-L,2028-08-31,11552.81449205521,-118.44518027348231,-193.4156825198053,194.85996617184432,11435.813595433765,-0.026994362543235863,0.016866882637633293,-0.010252495645536094,-0.01674186689769977
202505,NRP-L,2028-09-30,11435.813595433765,-117.24562909034714,-191.45686908165754,192.88652578003254,11319.997623041792,-0.026994362543235863,0.016866882637633293,-0.010252495645536094,-0.01674186689769977
202505,NRP-L,2028-10-31,11319.997623041792,-116.05822633771491,-189.51789348724347,190.93307136613376,11205.354574582967,-0.026994362543235863,0.016866882637633293,-0.010252495645536094,-0.01674186689769977
202505,NRP-L,2028-11-30,11205.354574582967,-114.88284898259981,-187.59855482919926,188.99940052255826,11091.872571293727,-0.02699436254323586,0.016866882637633297,-0.010252495645536094,-0.01674186689769977
202505,NRP-L,2028-12-31,11091.872571293727,-113.71937523803017,-185.69865423484646,187.0853128915951,10979.539854712446,-0.026994362543235863,0.016866882637633293,-0.010252495645536094,-0.01674186689769977
202505,NRP-L,2029-01-31,10979.539854712446,-112.56768455042935,-183.81799484558564,185.19061014465214,10868.344785461084,-0.026994362543235867,0.016866882637633293,-0.010252495645536094,-0.01674186689769977
202505,NRP-M,2025-10-31,7268939.299999999,-199895.83074999996,-120664.39237999998,120932.61420283919,7069311.691072838,-0.0441,0.016636899719721033,-0.0275,-0.0166
202505,NRP-M,2025-11-30,7069311.691072838,-194406.07150450305,-117350.57407180913,114467.86921352705,6872022.914710053,-0.04410000000000001,0.016192222696599676,-0.0275,-0.0166
202505,NRP-M,2025-12-31,6872022.914710053,-188980.63015452647,-114075.58038418689,111273.32541112119,6680240.029582461,-0.04410000000000001,0.016192222696599676,-0.0275,-0.0166
202505,NRP-M,2026-01-31,6680240.029582461,-183706.6008135177,-110891.98449106886,108167.93422573882,6493809.378503614,-0.0441,0.016192222696599676,-0.0275,-0.0166
202505,NRP-M,2026-02-28,6493809.378503614,-178579.7579088494,-107797.23568315999,105149.20760599805,6312581.592517603,-0.04410000000000001,0.016192222696599673,-0.0275,-0.0166
202505,NRP-M,2026-03-31,6312581.592517603,-173595.9937942341,-104788.85443579221,102214.72693650085,6136411.471224077,-0.0441,0.016192222696599676,-0.0275,-0.0166
202505,NRP-M,2026-04-30,6136411.471224077,-168751.3154586621,-101864.43042231968,99362.14110002911,5965157.866443125,-0.0441,0.016192222696599676,-0.0275,-0.0166
202505,NRP-M,2026-05-31,5965157.866443125,-164041.84132718592,-99021.62058295587,96589.16459382046,5798683.569126803,-0.0441,0.016192222696599676,-0.0275,-0.0166
202505,NRP-M,2026-06-30,5798683.569126803,-159463.7981509871,-96258.14724750494,93893.57569841464,5636855.1994267255,-0.0441,0.016192222696599676,-0.0275,-0.0166
202505,NRP-M,2026-07-31,5636855.1994267255,-155013.51798423496,-93571.79631048364,91273.21469760331,5479543.09982961,-0.0441,0.016192222696599676,-0.0275,-0.0166
202505,NRP-M,2026-08-31,5479543.09982961,-150687.4352453143,-90960.41545717153,88725.98214805716,5326621.231275181,-0.0441,0.016192222696599676,-0.0275,-0.0166
202505,NRP-M,2026-09-30,5326621.231275181,-146482.08386006748,-88421.91243916801,86249.8371972437,5177967.072173189,-0.0441,0.016192222696599676,-0.027499999999999997,-0.0166
202505,NRP-M,2026-10-31,5177967.072173189,-142394.0944847627,-85954.25339807494,83842.79594828848,5033461.520238641,-0.0441,0.016192222696599673,-0.027499999999999997,-0.0166
202505,NRP-M,2026-11-30,5033461.520238641,-138420.19180656262,-83555.46123596144,81502.92987046922,4892988.797066586,-0.0441,0.016192222696599673,-0.0275,-0.0166
202505,NRP-M,2026-12-31,4892988.797066586,-134557.19191933112,-81223.61403130533,79228.36425406951,4756436.355370019,-0.0441,0.016192222696599673,-0.0275,-0.0166
202505,NRP-M,2027-01-31,4756436.355370019,-130801.99977267551,-78956.84349914231,77017.27670835426,4623694.788806555,-0.0441,0.016192222696599676,-0.0275,-0.0166
202505,NRP-M,2027-02-28,4623694.788806555,-127151.60669218026,-76753.33349418882,74867.89570146315,4494657.744321649,-0.0441,0.016192222696599676,-0.0275,-0.0166
202505,NRP-M,2027-03-31,4494657.744321649,-123603.08796884534,-74611.31855573937,72778.4991410525,4369221.836938117,-0.0441,0.016192222696599673,-0.0275,-0.0166
202505,NRP-M,2027-04-30,4369221.836938117,-120153.60051579821,-72529.08249317274,70747.4129945483,4247286.566923694,-0.0441,0.016192222696599676,-0.0275,-0.0166
202505,NRP-M,2027-05-31,4247286.566923694,-116800.38059040158,-70504.95701093331,68773.00994790475,4128754.239270264,-0.0441,0.016192222696599676,-0.0275,-0.0166
202505,NRP-M,2027-06-30,4128754.239270264,-113540.74157993226,-68537.32037188638,66853.7081017941,4013529.8854202395,-0.0441,0.016192222696599676,-0.0275,-0.0166
202505,NRP-M,2027-07-31,4013529.8854202395,-110372.07184905659,-66624.59609797598,64987.969704182695,3901521.18717739,-0.0441,0.016192222696599676,-0.0275,-0.016600000000000004
202505,NRP-M,2027-08-31,3901521.18717739,-107291.83264737822,-64765.25170714467,63174.299918278244,3792638.4027411453,-0.0441,0.016192222696599676,-0.0275,-0.0166
202505,NRP-M,2027-09-30,3792638.4027411453,-104297.5560753815,-62957.79748550301,61411.24562486071,3686794.2948051216,-0.0441,0.016192222696599676,-0.0275,-0.0166
202505,NRP-M,2027-10-31,3686794.2948051216,-101386.84310714084,-61200.78529376502,59697.39425803768,3583904.0606622538,-0.0441,0.016192222696599676,-0.0275,-0.0166
202505,NRP-M,2027-11-30,3583904.0606622538,-98557.36166821198,-59492.807406993415,58031.37267349108,3483885.2642605393,-0.0441,0.016192222696599673,-0.0275,-0.0166
202505,NRP-M,2027-12-31,3483885.2642605393,-95806.84476716483,-57832.49538672496,56411.84604830866,3386657.770154958,-0.0441,0.016192222696599673,-0.0275,-0.0166
202505,NRP-M,2028-01-31,3386657.770154958,-93133.08867926135,-56218.51898457231,54837.516811518755,3292143.679302643,-0.0441,0.016192222696599673,-0.0275,-0.0166
202505,NRP-M,2028-02-29,3292143.679302643,-90533.95118082268,-54649.58507642388,53307.12360447142,3200267.266649868,-0.0441,0.016192222696599673,-0.0275,-0.0166
202505,NRP-M,2028-03-31,3200267.266649868,-88007.34983287136,-53124.436626387804,51819.440270233,3110954.9204608416,-0.0441,0.016192222696599676,-0.027499999999999997,-0.0166
202505,NRP-M,2028-04-30,3110954.9204608416,-85551.26031267314,-51641.85167964997,50373.27487118448,3024135.083339703,-0.04409999999999999,0.016192222696599676,-0.0275,-0.0166
202505,NRP-M,2028-05-31,3024135.083339703,-83163.71479184183,-50200.642383439066,48967.46873403649,2939738.1948984587,-0.0441,0.016192222696599676,-0.027500000000000004,-0.0166
202505,NRP-M,2028-06-30,2939738.1948984587,-80842.80035970762,-48799.654035314416,47600.89552149578,2857696.6360249324,-0.04410000000000001,0.016192222696599676,-0.0275,-0.0166
202505,NRP-M,2028-07-31,2857696.6360249324,-78586.65749068564,-47437.76415801388,46272.46032983946,2777944.6747060725,-0.0441,0.016192222696599676,-0.0275,-0.0166
202505,NRP-M,2028-08-31,2777944.6747060725,-76393.478554417,-46113.8816001208,44981.09881167387,2700418.413363209,-0.0441,0.016192222696599676,-0.027500000000000004,-0.0166
202505,NRP-M,2028-09-30,2700418.413363209,-74261.50636748825,-44826.94566182927,43725.776323175436,2625055.737657067,-0.04410000000000001,0.016192222696599676,-0.027500000000000004,-0.0166
202505,NRP-M,2028-10-31,2625055.737657067,-72189.03278556935,-43575.92524510731,42505.48709512996,2551796.2667215206,-0.0441,0.016192222696599673,-0.027500000000000004,-0.0166
202505,NRP-M,2028-11-30,2551796.2667215206,-70174.39733484182,-42359.81802757724,41319.25342710652,2480581.3047862076,-0.0441,0.016192222696599676,-0.027500000000000004,-0.0166
202505,NRP-M,2028-12-31,2480581.3047862076,-68215.98588162071,-41177.649659451046,40166.12490412007,2411353.794149256,-0.04410000000000001,0.016192222696599676,-0.0275,-0.0166
202505,NRP-M,2029-01-31,2411353.794149256,-66312.22933910454,-40028.47298287765,39045.17763515532,2344058.2694624285,-0.0441,0.016192222696599673,-0.0275,-0.0166
202505,NRP-S,2025-10-31,2437021.07,-120632.542965,-52639.655112,49920.76805461082,2313669.6399776107,-0.07110000000000001,0.020484339946478518,-0.0495,-0.0216
202505,NRP-S,2025-11-30,2313669.6399776107,-114526.64717889174,-49975.264223516395,47020.733225002456,2196188.461800205,-0.07110000000000001,0.02032301086228433,-0.0495,-0.0216
202505,NRP-S,2025-12-31,2196188.461800205,-108711.32885911016,-47437.670774884435,44633.161964789084,2084672.6241309994,-0.07110000000000001,0.02032301086228433,-0.0495,-0.0216
202505,NRP-S,2026-01-31,2084672.6241309994,-103191.29489448448,-45028.92868122959,42366.824384521075,1978819.2249398062,-0.07110000000000001,0.020323010862284326,-0.0495,-0.0216
202505,NRP-S,2026-02-28,1978819.2249398062,-97951.55163452041,-42742.49525869982,40215.56460294874,1878340.7426495345,-0.0711,0.02032301086228433,-0.0495,-0.021600000000000005
202505,NRP-S,2026-03-31,1878340.7426495345,-92977.86676115196,-40572.160041229945,38173.539315937705,1782964.2551630903,-0.0711,0.02032301086228433,-0.0495,-0.0216
202505,NRP-S,2026-04-30,1782964.2551630903,-88256.73063057297,-38512.02791152275,36235.20192474417,1692430.6985457388,-0.0711,0.02032301086228433,-0.0495,-0.0216
202505,NRP-S,2026-05-31,1692430.6985457388,-83775.31957801408,-36556.50308858796,34395.2874702085,1606494.1633493453,-0.0711,0.020323010862284326,-0.0495,-0.0216
202505,NRP-S,2026-06-30,1606494.1633493453,-79521.4610857926,-34700.27392834586,32648.79833194512,1524921.226667152,-0.0711,0.02032301086228433,-0.0495,-0.021599999999999998
202505,NRP-S,2026-07-31,1524921.226667152,-75483.60072002403,-32938.29849601049,30990.990653684476,1447490.318104802,-0.0711,0.02032301086228433,-0.0495,-0.0216
202505,NRP-S,2026-08-31,1447490.318104802,-71650.7707461877,-31265.790871063724,29417.361457895287,1373991.1179454457,-0.07110000000000001,0.02032301086228433,-0.0495,-0.0216
202505,NRP-S,2026-09-30,1373991.1179454457,-68012.56033829956,-29678.20814762163,27923.636414687484,1304223.9858742119,-0.0711,0.02032301086228433,-0.0495,-0.0216
202505,NRP-S,2026-10-31,1304223.9858742119,-64559.08730077349,-28171.238094882978,26505.758231773372,1237999.4187103286,-0.07110000000000001,0.02032301086228433,-0.0495,-0.0216
202505,NRP-S,2026-11-30,1237999.4187103286,-61280.97122616127,-26740.7874441431,25159.875633951695,1175137.535673976,-0.07110000000000001,0.02032301086228433,-0.0495,-0.0216
202505,NRP-S,2026-12-31,1175137.535673976,-58169.30801586181,-25382.97077055788,23882.332902180253,1115467.5897897366,-0.0711,0.02032301086228433,-0.0495,-0.0216
202505,NRP-S,2027-01-31,1115467.5897897366,-55215.64569459196,-24094.099939458312,22669.659943822935,1058827.5040995092,-0.07110000000000001,0.02032301086228433,-0.0495,-0.0216
202505,NRP-S,2027-02-28,1058827.5040995092,-52411.96145292571,-22870.6740885494,21518.562867099732,1005063.4314251338,-0.07110000000000001,0.02032301086228433,-0.0495,-0.0216
202505,NRP-S,2027-03-31,1005063.4314251338,-49750.63985554413,-21709.370118782892,20425.915034137757,954029.3364849447,-0.07110000000000001,0.02032301086228433,-0.0495,-0.0216
202505,NRP-S,2027-04-30,954029.3364849447,-47224.452156004765,-20607.033668074808,19388.748568321444,905586.5992291867,-0.07110000000000001,0.02032301086228433,-0.0495,-0.0216
202505,NRP-S,2027-05-31,905586.5992291867,-44826.536661844744,-19560.670543350432,18404.246292873886,859603.6383168654,-0.07110000000000001,0.02032301086228433,-0.0495,-0.0216
202505,NRP-S,2027-06-30,859603.6383168654,-42550.38009668484,-18567.438587644294,17469.734078772784,815955.5537113092,-0.0711,0.020323010862284326,-0.0495,-0.0216
202505,NRP-S,2027-07-31,815955.5537113092,-40389.79990870981,-17624.63996016428,16582.67358121616,774523.7874236512,-0.07110000000000001,0.020323010862284326,-0.0495,-0.0216
202505,NRP-S,2027-08-31,774523.7874236512,-38338.92747747074,-16729.713808350865,15740.655344908462,735195.8014827381,-0.07110000000000001,0.02032301086228433,-0.0495,-0.021599999999999998
202505,NRP-S,2027-09-30,735195.8014827381,-36392.19217339554,-15880.229312027144,14941.39225943952,697864.772256755,-0.0711,0.02032301086228433,-0.0495,-0.0216
202505,NRP-S,2027-10-31,697864.772256755,-34544.30622670938,-15073.87908074591,14182.713346979612,662429.3002962794,-0.0711,0.02032301086228433,-0.0495,-0.0216
202505,NRP-S,2027-11-30,662429.3002962794,-32790.25036466583,-14308.472886399635,13462.557865416695,628793.1349106306,-0.0711,0.02032301086228433,-0.0495,-0.0216
202505,NRP-S,2027-12-31,628793.1349106306,-31125.26017807622,-13581.931714069622,12778.969710918564,596864.9127294035,-0.07110000000000001,0.02032301086228433,-0.0495,-0.0216
202505,NRP-S,2028-01-31,596864.9127294035,-29544.813180105473,-12892.282114955116,12130.092104716054,566557.9095390589,-0.0711,0.020323010862284326,-0.0495,-0.0216
202505,NRP-S,2028-02-29,566557.9095390589,-28044.616522183416,-12237.650846043673,11514.162549675397,537789.8047205072,-0.0711,0.02032301086228433,-0.0495,-0.0216
202505,NRP-S,2028-03-31,537789.8047205072,-26620.59533366511,-11616.259781962957,10929.508042960637,510482.45764783985,-0.07110000000000001,0.02032301086228433,-0.0495,-0.0216
202505,NRP-S,2028-04-30,510482.45764783985,-25268.881653568074,-11026.421085193342,10374.54053178265,484561.6954408611,-0.0711,0.02032301086228433,-0.0495,-0.0216
202505,NRP-S,2028-05-31,484561.6954408611,-23985.803924322627,-10466.5326215226,9847.752599891532,459957.11149490735,-0.0711,0.02032301086228433,-0.0495,-0.021599999999999998
202505,NRP-S,2028-06-30,459957.11149490735,-22767.877018997915,-9935.073608289998,9347.713373095927,436601.87424071535,-0.07110000000000001,0.02032301086228433,-0.0495,-0.021599999999999998
202505,NRP-S,2028-07-31,436601.87424071535,-21611.79277491541,-9430.600483599452,8873.064632687756,414432.54561488825,-0.07110000000000001,0.020323010862284333,-0.0495,-0.0216
202505,NRP-S,2028-08-31,414432.54561488825,-20514.41100793697,-8951.742985281588,8422.51712621552,393388.9087478852,-0.07110000000000001,0.02032301086228433,-0.04950000000000001,-0.021600000000000005
202505,NRP-S,2028-09-30,393388.9087478852,-19472.75098302032,-8497.20042895432,7994.84706558545,373413.80440149596,-0.0711,0.02032301086228433,-0.04950000000000001,-0.0216
202505,NRP-S,2028-10-31,373413.80440149596,-18483.983317874052,-8065.738175072313,7588.892802978519,354452.97571152815,-0.07110000000000001,0.020323010862284333,-0.0495,-0.0216
202505,NRP-S,2028-11-30,354452.97571152815,-17545.422297720645,-7656.184275369009,7203.55167555439,336454.9208139929,-0.0711,0.02032301086228433,-0.0495,-0.0216
202505,NRP-S,2028-12-31,336454.9208139929,-16654.51858029265,-7267.426289582248,6837.777010371792,319370.7529544898,-0.0711,0.02032301086228433,-0.0495,-0.0216
202505,NRP-S,2029-01-31,319370.7529544898,-15808.852271247246,-6898.408263816979,6490.575281390021,303154.0677008156,-0.07110000000000001,0.02032301086228433,-0.0495,-0.0216
202506,NON PRIME,2025-10-31,10973736.760000002,-496802.8130714584,-381054.14398431696,389795.60704236844,10485675.409986595,-0.07999617416153286,0.03552077251052707,-0.045271982,-0.03472419216153285
202506,NON PRIME,2025-11-30,10485675.409986595,-474707.30841875577,-360352.1117732738,360172.3328599518,10010788.322654517,-0.07963811462223178,0.03434898743069258,-0.045271982,-0.03436613262223177
202506,NON PRIME,2025-12-31,10010788.322654517,-453208.2287490255,-383155.2630276314,383867.8381115809,9558292.668989442,-0.08354621682330028,0.03834541553964177,-0.045271982,-0.038274234823300286
202506,NON PRIME,2026-01-31,9558292.668989442,-432722.85366122203,-365836.33812273154,366516.7042419118,9126250.1814474,-0.0835462168233003,0.038345415539641776,-0.045271982,-0.038274234823300286
202506,NON PRIME,2026-02-28,9126250.1814474,-413163.43394198344,-349300.2425009046,349949.85552633164,8713736.360530844,-0.0835462168233003,0.03834541553964177,-0.045271982,-0.038274234823300286
202506,NON PRIME,2026-03-31,8713736.360530844,-394488.1156666979,-333511.5916512875,334131.841647441,8319868.494860299,-0.08354621682330028,0.038345415539641776,-0.045271982,-0.038274234823300286
202506,NON PRIME,2026-04-30,8319868.494860299,-376656.9367416826,-318436.600471261,319028.8146705921,7943803.772317948,-0.0835462168233003,0.03834541553964177,-0.045271982,-0.038274234823300286
202506,NON PRIME,2026-05-31,7943803.772317948,-359631.74139191024,-304043.0109719158,304608.45661490556,7584737.476569028,-0.0835462168233003,0.03834541553964177,-0.045271982,-0.038274234823300286
202506,NON PRIME,2026-06-30,7584737.476569028,-343376.09851395845,-290300.02325128904,290839.9102981333,7241901.265101913,-0.0835462168233003,0.038345415539641776,-0.045271982,-0.038274234823300286
202506,NON PRIME,2026-07-31,7241901.265101913,-327855.2237194711,-277178.22958766605,277693.7133073903,6914561.525102166,-0.0835462168233003,0.03834541553964177,-0.045271982,-0.038274234823300286
202506,NON PRIME,2026-08-31,6914561.525102166,-313035.90490231785,-264649.55151191767,265141.7349544617,6602017.803642393,-0.0835462168233003,0.03834541553964177,-0.045271982,-0.038274234823300286
202506,NON PRIME,2026-09-30,6602017.803642393,-298886.431170178,-252687.17972421815,253157.11608078063,6303601.308828778,-0.0835462168233003,0.03834541553964177,-0.04527198200000001,-0.038274234823300286
202506,NON PRIME,2026-10-31,6303601.308828778,-285376.52498847287,-241265.51672657568,241714.2115832692,6018673.478696998,-0.08354621682330028,0.03834541553964177,-0.045271982,-0.038274234823300286
202506,NON PRIME,2026-11-30,6018673.478696998,-272477.2773914479,-230360.12204841853,230788.53553805768,5746624.614795189,-0.08354621682330028,0.03834541553964177,-0.045271982,-0.038274234823300286
202506,NON PRIME,2026-12-31,5746624.614795189,-260161.08612176476,-219947.65994802862,220356.70880465535,5486872.577530051,-0.08354621682330028,0.03834541553964177,-0.045271982,-0.038274234823300286
202506,NON PRIME,2027-01-31,5486872.577530051,-248401.59656623407,-210005.84947791207,210396.40899845507,5238861.5404843595,-0.0835462168233003,0.03834541553964176,-0.045271982,-0.038274234823300286
202506,NON PRIME,2027-02-28,5238861.5404843595,-237173.6453613002,-200513.41680725507,200886.32272452058,5002060.801040324,-0.0835462168233003,0.03834541553964177,-0.045271982,-0.038274234823300286
202506,NON PRIME,2027-03-31,5002060.801040324,-226453.20654760316,-191450.0496994429,191806.0999704446,4775963.644763724,-0.08354621682330028,0.03834541553964177,-0.045271982,-0.038274234823300286
202506,NON PRIME,2027-04-30,4775963.644763724,-216217.3401583977,-182796.35404723187,183136.31056068707,4560086.261118782,-0.08354621682330028,0.038345415539641776,-0.045271982,-0.038274234823300286
202506,NON PRIME,2027-05-31,4560086.261118782,-206444.1431318168,-174533.81237256568,174858.40257921108,4353966.70819361,-0.0835462168233003,0.03834541553964177,-0.045271982,-0.038274234823300286
202506,NON PRIME,2027-06-30,4353966.70819361,-197112.7024419404,-166644.744202234,166954.6626714502,4157163.924220886,-0.0835462168233003,0.03834541553964177,-0.045271982,-0.038274234823300286
202506,NON PRIME,2027-07-31,4157163.924220886,-188203.05034837732,-159112.2682345827,159408.17814065772,3969256.7837785836,-0.0835462168233003,0.03834541553964177,-0.045271982,-0.038274234823300286
202506,NON PRIME,2027-08-31,3969256.7837785836,-179696.12166860193,-151920.26621631917,152202.8007575318,3789843.1966511947,-0.0835462168233003,0.03834541553964177,-0.045271982,-0.038274234823300286
202506,NON PRIME,2027-09-30,3789843.1966511947,-171573.71298161536,-145053.34845211482,145323.11220567438,3618539.247423139,-0.08354621682330028,0.038345415539641776,-0.045271982,-0.038274234823300286
202506,NON PRIME,2027-10-31,3618539.247423139,-163818.4436756339,-138496.8208732015,138754.39108894285,3454978.3739632466,-0.08354621682330028,0.03834541553964176,-0.045271982,-0.038274234823300286
202506,NON PRIME,2027-11-30,3454978.3739632466,-156413.71875645337,-132236.6535944935,132482.58143009653,3298810.583042396,-0.0835462168233003,0.03834541553964177,-0.045271982,-0.038274234823300286
202506,NON PRIME,2027-12-31,3298810.583042396,-149343.69333690486,-126259.45089295281,126494.26259332862,3149701.701405867,-0.08354621682330028,0.03834541553964177,-0.045271982,-0.038274234823300286
202506,NON PRIME,2028-01-31,3149701.701405867,-142593.2387314158,-120552.4225429566,120776.62056632467,3007332.660697819,-0.08354621682330028,0.038345415539641776,-0.045271982,-0.038274234823300286
202506,NON PRIME,2028-02-29,3007332.660697819,-136147.91008312377,-115103.35644732877,115317.42054039438,2871398.8147077607,-0.08354621682330028,0.03834541553964177,-0.045271981999999995,-0.038274234823300286
202506,NON PRIME,2028-03-31,2871398.8147077607,-129993.91545427109,-109900.59250547094,110104.98073000392,2741609.2874780227,-0.0835462168233003,0.03834541553964177,-0.045271982,-0.038274234823300286
202506,NON PRIME,2028-04-30,2741609.2874780227,-124118.08631373788,-104932.99766267482,105128.14737568598,2617686.350877296,-0.0835462168233003,0.03834541553964177,-0.045271982,-0.038274234823300286
202506,NON PRIME,2028-05-31,2617686.350877296,-118507.84935856264,-100189.94208722566,100376.27087683843,2499364.830308346,-0.08354621682330028,0.03834541553964177,-0.045271982,-0.038274234823300286
202506,NON PRIME,2028-06-30,2499364.830308346,-113151.1996091525,-95661.27642431972,95839.18300333976,2386391.5372782135,-0.0835462168233003,0.03834541553964176,-0.045271982,-0.038274234823300286
202506,NON PRIME,2028-07-31,2386391.5372782135,-108036.67472061161,-91337.3100781229,91507.17513721762,2278524.7276166966,-0.08354621682330028,0.03834541553964177,-0.045271982,-0.038274234823300286
202506,NON PRIME,2028-08-31,2278524.7276166966,-103153.33045521799,-87208.79047549776,87370.97749781131,2175533.584183792,-0.08354621682330028,0.03834541553964177,-0.045271982,-0.038274234823300286
202506,NON PRIME,2028-09-30,2175533.584183792,-98490.71726356413,-83266.88326702658,83421.73930597374,2077197.722959175,-0.0835462168233003,0.03834541553964177,-0.045271982,-0.038274234823300286
202506,NON PRIME,2028-10-31,2077197.722959175,-94038.85792424876,-79503.15342296411,79651.00984486725,1983306.7214568295,-0.0835462168233003,0.03834541553964177,-0.045271982,-0.038274234823300286
202506,NON PRIME,2028-11-30,1983306.7214568295,-89788.2261942726,-75909.5471836685,76050.72037682668,1893659.668455715,-0.0835462168233003,0.03834541553964177,-0.045271982,-0.038274234823300286
202506,NON PRIME,2028-12-31,1893659.668455715,-85729.72642445311,-72478.374825887,72613.16687759466,1808064.7340829698,-0.0835462168233003,0.03834541553964177,-0.045271982,-0.038274234823300286
202506,NON PRIME,2029-01-31,1808064.7340829698,-81854.674096239,-69202.29420801958,69330.99355098337,1726338.7593296948,-0.0835462168233003,0.03834541553964177,-0.045271982,-0.038274234823300286
202506,NRP-L,2025-10-31,29971.3,-391.5266239166172,-501.77551535102907,475.7015206915085,29553.699381423863,-0.029805251666349016,0.01587190147546181,-0.01306338476864925,-0.01674186689769977
202506,NRP-L,2025-11-30,29553.699381423863,-352.3482016039895,-464.7206335901798,466.85040244253236,29203.480948672226,-0.027646922459654652,0.015796682385419866,-0.011922304448473203,-0.01572461801118145
202506,NRP-L,2025-12-31,29203.480948672226,-417.7866439414197,-494.6466617015004,478.90640315760965,28769.954046186915,-0.031243991332629308,0.01639894928961829,-0.014306056345670495,-0.01693793498695881
202506,NRP-L,2026-01-31,28769.954046186915,-412.18910117039024,-487.30361121210655,471.7970174680677,28342.25835127248,-0.031265003445555134,0.016398949289618287,-0.014327068458596324,-0.01693793498695881
202506,NRP-L,2026-02-28,28342.25835127248,-406.0614756699042,-480.0593293374437,464.78325745577786,27920.92080372091,-0.031265003445555134,0.016398949289618287,-0.014327068458596324,-0.01693793498695881
202506,NRP-L,2026-03-31,27920.92080372091,-400.02494378195576,-472.9227413494505,457.87376437966753,27505.84688296917,-0.031265003445555134,0.01639894928961829,-0.014327068458596322,-0.01693793498695881
202506,NRP-L,2026-04-30,27505.84688296917,-394.0781513039676,-465.8922462649755,451.0669882018167,27096.94347360204,-0.031265003445555134,0.016398949289618287,-0.014327068458596324,-0.01693793498695881
202506,NRP-L,2026-05-31,27096.94347360204,-388.2197641650113,-458.96626690116926,444.3614019272531,26694.11884446311,-0.031265003445555134,0.016398949289618287,-0.014327068458596324,-0.01693793498695881
202506,NRP-L,2026-06-30,26694.11884446311,-382.4484681265292,-452.1432495216683,437.7555012613945,26297.28262807631,-0.031265003445555134,0.016398949289618287,-0.014327068458596322,-0.01693793498695881
202506,NRP-L,2026-07-31,26297.28262807631,-376.7629684875052,-445.4216634880379,431.2478042725834,25906.345800373347,-0.031265003445555134,0.016398949289618287,-0.014327068458596326,-0.01693793498695881
202506,NRP-L,2026-08-31,25906.345800373347,-371.1619897940183,-438.8000009163972,424.83685105963826,25521.220660722567,-0.031265003445555134,0.01639894928961829,-0.014327068458596324,-0.01693793498695881
202506,NRP-L,2026-09-30,25521.220660722567,-365.6442755531151,-432.27677633914885,418.52120342434796,25141.820812254653,-0.031265003445555134,0.01639894928961829,-0.014327068458596322,-0.01693793498695881
202506,NRP-L,2026-10-31,25141.820812254653,-360.20858795093426,-425.8505263717373,412.2994445488337,24768.061142480812,-0.031265003445555134,0.016398949289618287,-0.014327068458596324,-0.01693793498695881
202506,NRP-L,2026-11-30,24768.061142480812,-354.8537075750221,-419.51980938436077,406.170178677708,24399.85780419914,-0.031265003445555134,0.016398949289618287,-0.014327068458596324,-0.01693793498695881
202506,NRP-L,2026-12-31,24399.85780419914,-349.57843314077684,-413.2832051785646,400.13203080495873,24037.128196684753,-0.031265003445555134,0.01639894928961829,-0.014327068458596324,-0.01693793498695881
202506,NRP-L,2027-01-31,24037.128196684753,-344.38158122195847,-407.13931466864085,394.18364636548716,23679.79094715964,-0.03126500344555514,0.016398949289618287,-0.014327068458596324,-0.01693793498695881
202506,NRP-L,2027-02-28,23679.79094715964,-339.2619859852056,-401.0867595677658,388.32369093123316,23327.7658925379,-0.031265003445555134,0.01639894928961829,-0.014327068458596322,-0.01693793498695881
202506,NRP-L,2027-03-31,23327.7658925379,-334.2184989284989,-395.12418207880216,382.55084991181616,22980.974061442415,-0.031265003445555134,0.01639894928961829,-0.014327068458596324,-0.01693793498695881
202506,NRP-L,2027-04-30,22980.974061442415,-329.2499886235119,-389.2502445896984,376.8638282596274,22639.33765648883,-0.031265003445555134,0.016398949289618287,-0.014327068458596324,-0.01693793498695881
202506,NRP-L,2027-05-31,22639.33765648883,-324.35534046179316,-383.46362937341627,371.26135017930613,22302.78003683293,-0.031265003445555134,0.01639894928961829,-0.014327068458596324,-0.01693793498695881
202506,NRP-L,2027-06-30,22302.78003683293,-319.5334564047208,-377.76303829231904,365.7421588415343,21971.225700977422,-0.031265003445555134,0.016398949289618287,-0.014327068458596324,-0.01693793498695881
202506,NRP-L,2027-07-31,21971.225700977422,-314.78325473717456,-372.1471925069541,360.3050161010868,21644.60026983438,-0.031265003445555134,0.016398949289618287,-0.014327068458596326,-0.01693793498695881
202506,NRP-L,2027-08-31,21644.60026983438,-310.10366982486966,-366.6148321891659,354.94870221907235,21322.83047003942,-0.031265003445555134,0.01639894928961829,-0.014327068458596326,-0.01693793498695881
202506,NRP-L,2027-09-30,21322.83047003942,-305.4936518752984,-361.16471623947206,349.67201558930407,21005.844117513952,-0.031265003445555134,0.016398949289618287,-0.014327068458596324,-0.01693793498695881
202506,NRP-L,2027-10-31,21005.844117513952,-300.95216670222527,-355.7956220086425,344.47377246873793,20693.570101271824,-0.031265003445555134,0.016398949289618287,-0.014327068458596324,-0.01693793498695881
202506,NRP-L,2027-11-30,20693.570101271824,-296.4781954936835,-350.5063450234168,339.3528067119178,20385.938367466642,-0.031265003445555134,0.016398949289618287,-0.014327068458596324,-0.01693793498695881
202506,NRP-L,2027-12-31,20385.938367466642,-292.07073458341995,-345.2956987162992,334.3079695093693,20082.879903676294,-0.031265003445555134,0.016398949289618287,-0.014327068458596322,-0.01693793498695881
202506,NRP-L,2028-01-31,20082.879903676294,-287.7287952257386,-340.1625141593707,329.3381291298818,19784.326723421065,-0.031265003445555134,0.01639894928961829,-0.014327068458596324,-0.01693793498695881
202506,NRP-L,2028-02-29,19784.326723421065,-283.4514033736903,-335.10563980205785,324.44217066662196,19490.21185091194,-0.031265003445555134,0.016398949289618287,-0.014327068458596324,-0.01693793498695881
202506,NRP-L,2028-03-31,19490.21185091194,-279.2375994605607,-330.1239412128006,319.6189957870223,19200.4693060256,-0.031265003445555134,0.01639894928961829,-0.014327068458596324,-0.01693793498695881
202506,NRP-L,2028-04-30,19200.4693060256,-275.0864381846062,-325.21630082455977,314.86752248638624,18915.03408950282,-0.031265003445555134,0.016398949289618287,-0.014327068458596324,-0.01693793498695881
202506,NRP-L,2028-05-31,18915.03408950282,-270.9969882969901,-320.38161768410845,310.18668484515797,18633.84216836688,-0.031265003445555134,0.016398949289618287,-0.014327068458596324,-0.01693793498695881
202506,NRP-L,2028-06-30,18633.84216836688,-266.9683323928712,-315.6188072050498,305.5754327897993,18356.830461558755,-0.031265003445555134,0.016398949289618287,-0.014327068458596322,-0.01693793498695881
202506,NRP-L,2028-07-31,18356.830461558755,-262.9995667055986,-310.9268009245073,301.0327318572223,18083.936825785873,-0.031265003445555134,0.016398949289618287,-0.014327068458596322,-0.01693793498695881
202506,NRP-L,2028-08-31,18083.936825785873,-259.08980090396534,-306.3045462634314,296.55756296272324,17815.100041581198,-0.031265003445555134,0.016398949289618287,-0.014327068458596326,-0.01693793498695881
202506,NRP-L,2028-09-30,17815.100041581198,-255.23815789247604,-301.75100629046955,292.14892217136673,17550.25979956962,-0.031265003445555134,0.01639894928961829,-0.014327068458596324,-0.01693793498695881
202506,NRP-L,2028-10-31,17550.25979956962,-251.44377361458496,-297.265159489347,287.80582047276863,17289.356686938456,-0.031265003445555134,0.01639894928961829,-0.014327068458596324,-0.01693793498695881
202506,NRP-L,2028-11-30,17289.356686938456,-247.70579685885738,-292.8459995297052,283.5272835592266,17032.33217410912,-0.03126500344555514,0.016398949289618287,-0.014327068458596324,-0.01693793498695881
202506,NRP-L,2028-12-31,17032.33217410912,-244.02338906801413,-288.4925350413471,279.3123516071495,16779.12860160691,-0.031265003445555134,0.016398949289618287,-0.014327068458596324,-0.01693793498695881
202506,NRP-L,2029-01-31,16779.12860160691,-240.3957241508138,-284.20378939183894,275.16007906173553,16529.68916712599,-0.031265003445555134,0.016398949289618287,-0.014327068458596324,-0.01693793498695881
202506,NRP-M,2025-10-31,7085059.32,-142409.692332,-115486.46691599999,118554.65087853727,6945717.811630539,-0.0364,0.016733049862246923,-0.0201,-0.0163
202506,NRP-M,2025-11-30,6945717.811630539,-139608.92801377384,-113215.20032957777,115555.2107135775,6808448.894000765,-0.036399999999999995,0.016636899719721033,-0.020100000000000003,-0.0163
202506,NRP-M,2025-12-31,6808448.894000765,-136849.82276941536,-110977.71697221245,112362.77798817614,6672984.132247313,-0.036399999999999995,0.01650343268158833,-0.020099999999999996,-0.0163
202506,NRP-M,2026-01-31,6672984.132247313,-134126.981058171,-108769.64135563119,110127.14441185065,6540214.654245362,-0.0364,0.01650343268158833,-0.0201,-0.0163
202506,NRP-M,2026-02-28,6540214.654245362,-131458.31455033176,-106605.49886419938,107935.99226947581,6410086.833100307,-0.036399999999999995,0.01650343268158833,-0.0201,-0.0163
202506,NRP-M,2026-03-31,6410086.833100307,-128842.74534531617,-104484.41537953498,105788.43653320662,6282548.108908663,-0.0364,0.016503432681588326,-0.0201,-0.0163
202506,NRP-M,2026-04-30,6282548.108908663,-126279.21698906412,-102405.53417521119,103683.60978421418,6157546.9675286,-0.0364,0.01650343268158833,-0.0201,-0.0163
202506,NRP-M,2026-05-31,6157546.9675286,-123766.69404732487,-100368.01557071618,101620.66186232661,6035032.919772886,-0.0364,0.01650343268158833,-0.0201,-0.0163
202506,NRP-M,2026-06-30,6035032.919772886,-121304.161687435,-98371.03659229803,99598.75952264127,5914956.481015794,-0.036399999999999995,0.016503432681588326,-0.0201,-0.0163
202506,NRP-M,2026-07-31,5914956.481015794,-118890.62526841745,-96413.79064055743,97617.08609896875,5797269.151205788,-0.036399999999999995,0.01650343268158833,-0.0201,-0.0163
202506,NRP-M,2026-08-31,5797269.151205788,-116525.10993923634,-94495.48716465435,95674.84117397344,5681923.395275871,-0.036399999999999995,0.01650343268158833,-0.0201,-0.0163
202506,NRP-M,2026-09-30,5681923.395275871,-114206.66024504502,-92615.3513429967,93771.24025587713,5568872.623943707,-0.0364,0.01650343268158833,-0.0201,-0.0163
202506,NRP-M,2026-10-31,5568872.623943707,-111934.33974126852,-90772.62377028241,91905.51446159511,5458071.174893752,-0.036399999999999995,0.016503432681588326,-0.0201,-0.0163
202506,NRP-M,2026-11-30,5458071.174893752,-109707.2306153644,-88966.56015076814,90076.91020617675,5349474.294333795,-0.036399999999999995,0.01650343268158833,-0.0201,-0.0163
202506,NRP-M,2026-12-31,5349474.294333795,-107524.43331610928,-87196.43099764085,88284.68889842501,5243038.118918469,-0.036399999999999995,0.01650343268158833,-0.0201,-0.0163
202506,NRP-M,2027-01-31,5243038.118918469,-105385.06619026123,-85461.52133837104,86528.12664257245,5138719.65803241,-0.036399999999999995,0.016503432681588326,-0.0201,-0.0163
202506,NRP-M,2027-02-28,5138719.65803241,-103288.26512645144,-83761.13042592828,84806.51394589247,5036476.776425922,-0.0364,0.01650343268158833,-0.0201,-0.0163
202506,NRP-M,2027-03-31,5036476.776425922,-101233.18320616103,-82094.57145574252,83119.1554321282,4936268.177196147,-0.036399999999999995,0.01650343268158833,-0.0201,-0.0163
202506,NRP-M,2027-04-30,4936268.177196147,-99218.99036164256,-80461.17128829719,81465.36956062334,4838053.385106831,-0.0364,0.01650343268158833,-0.0201,-0.0163
202506,NRP-M,2027-05-31,4838053.385106831,-97244.8730406473,-78860.27017724134,79844.48835104112,4741792.730239984,-0.0364,0.01650343268158833,-0.0201,-0.0163
202506,NRP-M,2027-06-30,4741792.730239984,-95310.03387782368,-77291.22150291172,78255.8571135605,4647447.3319728095,-0.036399999999999995,0.01650343268158833,-0.0201,-0.0163
202506,NRP-M,2027-07-31,4647447.3319728095,-93413.69137265347,-75753.39151115679,76698.83418444054,4554979.08327344,-0.0364,0.016503432681588326,-0.0201,-0.0163
202506,NRP-M,2027-08-31,4554979.08327344,-91555.07957379613,-74246.15905735706,75172.79066684614,4464350.635309133,-0.036399999999999995,0.01650343268158833,-0.0201,-0.0163
202506,NRP-M,2027-09-30,4464350.635309133,-89733.44776971357,-72768.91535553886,73677.11017683036,4375525.382360711,-0.036399999999999995,0.01650343268158833,-0.0201,-0.0163
202506,NRP-M,2027-10-31,4375525.382360711,-87948.06018545029,-71321.06373247958,72211.18859437102,4288467.447037152,-0.0364,0.01650343268158833,-0.0201,-0.0163
202506,NRP-M,2027-11-30,4288467.447037152,-86198.19568544676,-69902.01938670558,70774.4338193606,4203141.66578436,-0.036399999999999995,0.016503432681588326,-0.0201,-0.0163
202506,NRP-M,2027-12-31,4203141.66578436,-84483.14748226563,-68511.20915228505,69366.26553245122,4119513.5746822604,-0.036399999999999995,0.01650343268158833,-0.0201,-0.0163
202506,NRP-M,2028-01-31,4119513.5746822604,-82802.22285111343,-67148.07126732083,67986.11496065797,4037549.395524484,-0.036399999999999995,0.016503432681588326,-0.0201,-0.0163
202506,NRP-M,2028-02-29,4037549.395524484,-81154.74285004212,-65812.05514704909,66633.42464762597,3957216.022175019,-0.036399999999999995,0.01650343268158833,-0.0201,-0.0163
202506,NRP-M,2028-03-31,3957216.022175019,-79540.04204571788,-64502.62116145281,65307.64822846817,3878481.0071963165,-0.0364,0.016503432681588326,-0.0201,-0.0163
202506,NRP-M,2028-04-30,3878481.0071963165,-77957.46824464596,-63219.24041729995,64008.25020908331,3801312.5487434543,-0.0364,0.01650343268158833,-0.0201,-0.0163
202506,NRP-M,2028-05-31,3801312.5487434543,-76406.38222974342,-61961.3945445183,62734.705749864544,3725679.4777190574,-0.036399999999999995,0.016503432681588326,-0.020099999999999996,-0.0163
202506,NRP-M,2028-06-30,3725679.4777190574,-74886.15750215306,-60728.57548682063,61486.500453711626,3651551.245183795,-0.036399999999999995,0.01650343268158833,-0.020100000000000003,-0.0163
202506,NRP-M,2028-07-31,3651551.245183795,-73396.18002819429,-59520.28529649586,60263.13015826081,3578897.910017366,-0.0364,0.01650343268158833,-0.0201,-0.0163
202506,NRP-M,2028-08-31,3578897.910017366,-71935.84799134906,-58336.03593328306,59064.100732248764,3507690.1268249825,-0.0364,0.01650343268158833,-0.0201,-0.0163
202506,NRP-M,2028-09-30,3507690.1268249825,-70504.57154918215,-57175.34906724721,57888.92787592812,3437899.1340844813,-0.0364,0.01650343268158833,-0.0201,-0.0163
202506,NRP-M,2028-10-31,3437899.1340844813,-69101.77259509807,-56037.75588557704,56737.13692545404,3369496.7425292605,-0.036399999999999995,0.01650343268158833,-0.0201,-0.0163
202506,NRP-M,2028-11-30,3369496.7425292605,-67726.88452483814,-54922.79690322694,55608.262661162815,3302455.323762358,-0.0364,0.01650343268158833,-0.0201,-0.0163
202506,NRP-M,2028-12-31,3302455.323762358,-66379.3520076234,-53830.02177732643,54501.849119665065,3236747.7990970737,-0.036399999999999995,0.01650343268158833,-0.0201,-0.0163
202506,NRP-M,2029-01-31,3236747.7990970737,-65058.63076185118,-52758.9891252823,53417.449409677734,3172347.628619618,-0.036399999999999995,0.016503432681588326,-0.0201,-0.0163
202506,NRP-S,2025-10-31,2767480.4099999997,-148890.44605799997,-62821.805306999995,57236.61966248014,2613004.7782974797,-0.0765,0.020681851786795536,-0.053799999999999994,-0.0227
202506,NRP-S,2025-11-30,2613004.7782974797,-140579.6570724044,-59315.20846735279,53525.67816041831,2466635.590918141,-0.0765,0.02048433994647852,-0.053799999999999994,-0.0227
202506,NRP-S,2025-12-31,2466635.590918141,-132704.994791396,-55992.6279138418,52708.93723158401,2330646.905444487,-0.0765,0.021368757276369502,-0.0538,-0.0227
202506,NRP-S,2026-01-31,2330646.905444487,-125388.80351291341,-52905.684753589856,49803.02801936493,2202155.445197349,-0.0765,0.021368757276369495,-0.0538,-0.0227
202506,NRP-S,2026-02-28,2202155.445197349,-118475.96295161737,-49988.928605979825,47057.325193257566,2080747.8788330094,-0.0765,0.0213687572763695,-0.0538,-0.0227
202506,NRP-S,2026-03-31,2080747.8788330094,-111944.23588121591,-47232.976849509316,44462.99637610326,1966033.6624783874,-0.07650000000000001,0.021368757276369495,-0.0538,-0.0227
202506,NRP-S,2026-04-30,1966033.6624783874,-105772.61104133724,-44628.9641382594,42011.69613067242,1857643.7834294632,-0.0765,0.021368757276369502,-0.0538,-0.0227
202506,NRP-S,2026-05-31,1857643.7834294632,-99941.23554850512,-42168.51388384881,39695.539114060906,1755229.57311117,-0.07650000000000001,0.0213687572763695,-0.0538,-0.022699999999999998
202506,NRP-S,2026-06-30,1755229.57311117,-94431.35103338094,-39843.71130962356,37507.07471211824,1658461.5854802835,-0.0765,0.0213687572763695,-0.053799999999999994,-0.0227
202506,NRP-S,2026-07-31,1658461.5854802835,-89225.23329883926,-37647.07799040244,35439.2630723111,1567028.537263353,-0.07650000000000001,0.021368757276369495,-0.05380000000000001,-0.0227
202506,NRP-S,2026-08-31,1567028.537263353,-84306.13530476838,-35571.54779587811,33485.45245792493,1480636.3066206314,-0.0765,0.0213687572763695,-0.053799999999999994,-0.0227
202506,NRP-S,2026-09-30,1480636.3066206314,-79658.23329618997,-33610.44416028833,31639.357850756478,1399006.9870149095,-0.0765,0.0213687572763695,-0.0538,-0.022699999999999998
202506,NRP-S,2026-10-31,1399006.9870149095,-75266.57590140213,-31757.458605238447,29895.04073346662,1321877.9932417355,-0.0765,0.021368757276369502,-0.0538,-0.0227
202506,NRP-S,2026-11-30,1321877.9932417355,-71117.03603640538,-30006.6304465874,28246.889986557046,1249001.2167452995,-0.07650000000000001,0.0213687572763695,-0.05380000000000001,-0.0227
202506,NRP-S,2026-12-31,1249001.2167452995,-67196.26546089712,-28352.3276201183,26689.603838520477,1180142.2275028047,-0.07650000000000001,0.0213687572763695,-0.05380000000000001,-0.0227
202506,NRP-S,2027-01-31,1180142.2275028047,-63491.65183965089,-26789.228564313667,25218.172811101467,1115079.5199099416,-0.0765,0.0213687572763695,-0.0538,-0.0227
202506,NRP-S,2027-02-28,1115079.5199099416,-59991.27817115486,-25312.305101955677,23827.86360480617,1053603.8002416373,-0.0765,0.0213687572763695,-0.0538,-0.0227
202506,NRP-S,2027-03-31,1053603.8002416373,-56683.884453000086,-23916.806265485167,22514.203872824044,995517.3133959762,-0.0765,0.0213687572763695,-0.0538,-0.0227
202506,NRP-S,2027-04-30,995517.3133959762,-53558.83146070352,-22598.24301408866,21272.96783438208,940633.2067555661,-0.07650000000000001,0.0213687572763695,-0.0538,-0.0227
202506,NRP-S,2027-05-31,940633.2067555661,-50606.06652344945,-21352.37379335135,20100.16268125278,888774.929120018,-0.0765,0.021368757276369502,-0.0538,-0.0227
202506,NRP-S,2027-06-30,888774.929120018,-47816.09118665697,-20175.19089102441,18992.01573368817,839775.6627760248,-0.07650000000000001,0.0213687572763695,-0.0538,-0.0227
202506,NRP-S,2027-07-31,839775.6627760248,-45179.93065735013,-19062.907545015765,17944.9623044632,793477.786878122,-0.0765,0.0213687572763695,-0.0538,-0.022700000000000005
202506,NRP-S,2027-08-31,793477.786878122,-42689.10493404297,-18011.94576213337,16955.634231989436,749732.370413935,-0.0765,0.0213687572763695,-0.0538,-0.0227
202506,NRP-S,2027-09-30,749732.370413935,-40335.601528269704,-17018.924808396325,16020.849045612527,708398.6931228815,-0.0765,0.0213687572763695,-0.0538,-0.022699999999999998
202506,NRP-S,2027-10-31,708398.6931228815,-38111.849690011026,-16080.65033388941,15137.599728240217,669343.7928272212,-0.07650000000000001,0.0213687572763695,-0.05380000000000001,-0.0227
202506,NRP-S,2027-11-30,669343.7928272212,-36010.696054104505,-15194.104097177922,14303.045043369442,632442.0377193082,-0.0765,0.0213687572763695,-0.05380000000000001,-0.0227
202506,NRP-S,2027-12-31,632442.0377193082,-34025.38162929878,-14356.434256228296,13514.500395396419,597574.7222291775,-0.07650000000000001,0.0213687572763695,-0.05380000000000001,-0.0227
202506,NRP-S,2028-01-31,597574.7222291775,-32149.52005592975,-13564.94619460233,12769.42919380922,564629.6851724546,-0.0765,0.0213687572763695,-0.0538,-0.0227
202506,NRP-S,2028-02-29,564629.6851724546,-30377.077062278055,-12817.093853414719,12065.434693483106,533500.9489502449,-0.0765,0.021368757276369495,-0.0538,-0.0227
202506,NRP-S,2028-03-31,533500.9489502449,-28702.351053523176,-12110.47154117056,11400.25228483058,504088.37864038174,-0.0765,0.021368757276369502,-0.0538,-0.0227
202506,NRP-S,2028-04-30,504088.37864038174,-27119.95477085254,-11442.806195136665,10771.74220900496,476297.35988339747,-0.0765,0.0213687572763695,-0.0538,-0.0227
202506,NRP-S,2028-05-31,476297.35988339747,-25624.797961726785,-10811.950069353123,10177.88267472393,450038.4945270415,-0.0765,0.0213687572763695,-0.0538,-0.0227
202506,NRP-S,2028-06-30,450038.4945270415,-24212.071005554833,-10215.873825763843,9616.763354571094,425227.31305029395,-0.0765,0.021368757276369502,-0.0538,-0.0227
202506,NRP-S,2028-07-31,425227.31305029395,-22877.229442105814,-9652.660006241673,9086.57923985452,401784.002841801,-0.0765,0.0213687572763695,-0.0538,-0.0227
202506,NRP-S,2028-08-31,401784.002841801,-21615.97935288889,-9120.496864508883,8585.624834254597,379633.1514586578,-0.0765,0.021368757276369495,-0.053799999999999994,-0.0227
202506,NRP-S,2028-09-30,379633.1514586578,-20424.263548475792,-8617.672538111532,8112.288667583278,358703.50403965375,-0.0765,0.0213687572763695,-0.05380000000000001,-0.022699999999999998
202506,NRP-S,2028-10-31,358703.50403965375,-19298.248517333373,-8142.569541700141,7665.048112006588,338927.73409262684,-0.07650000000000001,0.021368757276369502,-0.05380000000000001,-0.0227
202506,NRP-S,2028-11-30,338927.73409262684,-18234.312094183326,-7693.65956390263,7242.464484055246,320242.2269185961,-0.07650000000000001,0.0213687572763695,-0.05380000000000001,-0.0227
202506,NRP-S,2028-12-31,320242.2269185961,-17229.03180822047,-7269.498551052131,6843.178416667522,302586.87497599097,-0.0765,0.0213687572763695,-0.0538,-0.0227
202506,NRP-S,2029-01-31,302586.87497599097,-16279.173873708314,-6868.722061954995,6465.905486377115,285904.8845267048,-0.0765,0.0213687572763695,-0.0538,-0.0227
202507,NON PRIME,2025-10-31,13508660.829999998,-588977.6121879999,-553855.0940299999,510402.2350268333,12876230.35880883,-0.0846,0.037783333333333335,-0.0436,-0.041
202507,NON PRIME,2025-11-30,12876230.35880883,-561403.643644065,-527925.444711162,486506.90372366033,12273408.174177265,-0.0846,0.037783333333333335,-0.0436,-0.040999999999999995
202507,NON PRIME,2025-12-31,12273408.174177265,-535120.5963941287,-503209.7351412679,463730.2721809977,11698808.114822865,-0.08460000000000001,0.037783333333333335,-0.0436,-0.041
202507,NON PRIME,2026-01-31,11698808.114822865,-510068.0338062769,-479651.13270773744,442019.96660505724,11151108.914913908,-0.08460000000000001,0.037783333333333335,-0.0436,-0.041
202507,NON PRIME,2026-02-28,11151108.914913908,-486188.34869024635,-457195.4655114702,421326.06516849715,10629051.165880688,-0.0846,0.037783333333333335,-0.0436,-0.041
202507,NON PRIME,2026-03-31,10629051.165880688,-463426.63083239796,-435791.0978011082,401600.9832175253,10131434.420464706,-0.08460000000000001,0.03778333333333333,-0.0436,-0.041
202507,NON PRIME,2026-04-30,10131434.420464706,-441730.54073226114,-415388.811239053,382799.3638532248,9657114.432346618,-0.0846,0.037783333333333335,-0.0436,-0.041
202507,NON PRIME,2026-05-31,9657114.432346618,-421050.1892503125,-395941.69172621134,364877.9736354964,9205000.52500559,-0.0846,0.037783333333333335,-0.0436,-0.041
202507,NON PRIME,2026-06-30,9205000.52500559,-401338.02289024374,-377405.0215252292,347795.6031697946,8774053.083759913,-0.08460000000000001,0.03778333333333334,-0.0436,-0.041
202507,NON PRIME,2026-07-31,8774053.083759913,-382548.71445193223,-359736.1764341565,331512.9723480621,8363281.165221888,-0.08460000000000001,0.037783333333333335,-0.0436,-0.041
202507,NON PRIME,2026-08-31,8363281.165221888,-364639.0588036743,-342894.5277740974,315992.640025967,7971740.218670082,-0.0846,0.03778333333333333,-0.0436,-0.041
202507,NON PRIME,2026-09-30,7971740.218670082,-347567.8735340156,-326841.3489654734,301198.91792875127,7598529.914099345,-0.08460000000000002,0.037783333333333335,-0.0436,-0.04100000000000001
202507,NON PRIME,2026-10-31,7598529.914099345,-331295.90425473143,-311539.72647807316,287097.78858772025,7242792.071954261,-0.0846,0.037783333333333335,-0.0436,-0.041
202507,NON PRIME,2026-11-30,7242792.071954261,-315785.73433720577,-296954.4749501247,273656.8271186718,6903708.689785602,-0.08460000000000001,0.03778333333333333,-0.0436,-0.041
202507,NON PRIME,2026-12-31,6903708.689785602,-301001.6988746522,-283052.0562812097,260845.1266623993,6580500.061292139,-0.0846,0.03778333333333333,-0.0436,-0.041
202507,NON PRIME,2027-01-31,6580500.061292139,-286909.8026723373,-269800.5025129777,248633.22731582134,6272422.983422646,-0.08460000000000001,0.037783333333333335,-0.0436,-0.041
202507,NON PRIME,2027-02-28,6272422.983422646,-273477.64207722736,-257169.34232032852,236993.048390319,5978769.047415409,-0.08460000000000001,0.037783333333333335,-0.04359999999999999,-0.041
202507,NON PRIME,2027-03-31,5978769.047415409,-260674.33046731184,-245129.53094403178,225897.82384151223,5698863.009845578,-0.0846,0.037783333333333335,-0.0436,-0.041
202507,NON PRIME,2027-04-30,5698863.009845578,-248470.4272292672,-233653.3834036687,215322.04072199878,5432061.23993464,-0.0846,0.037783333333333335,-0.0436,-0.041
202507,NON PRIME,2027-05-31,5432061.23993464,-236837.87006115032,-222714.51083732024,205241.3805155305,5177750.2395517,-0.0846,0.037783333333333335,-0.0436,-0.041
202507,NON PRIME,2027-06-30,5177750.2395517,-225749.91044445412,-212287.7598216197,195632.6632177284,4935345.232503354,-0.0846,0.037783333333333335,-0.0436,-0.041
202507,NON PRIME,2027-07-31,4935345.232503354,-215181.0521371462,-202349.1545326375,186473.7940347517,4704288.819868322,-0.0846,0.037783333333333335,-0.0436,-0.041
202507,NON PRIME,2027-08-31,4704288.819868322,-205106.99254625887,-192875.84161460123,177743.71257735812,4484049.698284821,-0.08460000000000001,0.037783333333333335,-0.0436,-0.041
202507,NON PRIME,2027-09-30,4484049.698284821,-195504.56684521819,-183846.03762967765,169422.34443352817,4274121.438243452,-0.08460000000000001,0.03778333333333334,-0.0436,-0.041
202507,NON PRIME,2027-10-31,4274121.438243452,-186351.6947074145,-175238.97896798156,161490.55500829846,4074021.3195763547,-0.0846,0.037783333333333335,-0.0436,-0.041
202507,NON PRIME,2027-11-30,4074021.3195763547,-177627.32953352906,-167034.87410263054,153930.10552465994,3883289.221464855,-0.0846,0.037783333333333335,-0.0436,-0.041
202507,NON PRIME,2027-12-31,3883289.221464855,-169311.4100558677,-159214.85808005906,146723.61108434713,3701486.564413275,-0.0846,0.037783333333333335,-0.0436,-0.041
202507,NON PRIME,2028-01-31,3701486.564413275,-161384.8142084188,-151760.94914094429,139854.50069208158,3528195.3017559936,-0.08460000000000001,0.037783333333333335,-0.0436,-0.041
202507,NON PRIME,2028-02-29,3528195.3017559936,-153829.31515656132,-144656.00737199574,133306.9791513473,3363016.958378784,-0.0846,0.037783333333333335,-0.0436,-0.041
202507,NON PRIME,2028-03-31,3363016.958378784,-146627.53938531497,-137883.69529353015,127065.9907440784,3205571.714444017,-0.08460000000000001,0.037783333333333335,-0.0436,-0.041
202507,NON PRIME,2028-04-30,3205571.714444017,-139762.92674975915,-131428.4402922047,121117.18461074312,3055497.532012796,-0.08460000000000001,0.037783333333333335,-0.0436,-0.041
202507,NON PRIME,2028-05-31,3055497.532012796,-133219.6923957579,-125275.39881252464,115446.88175121682,2912449.3225557306,-0.08460000000000001,0.037783333333333335,-0.0436,-0.041
202507,NON PRIME,2028-06-30,2912449.3225557306,-126982.79046342985,-119410.42222478495,110042.04357056403,2776098.15343808,-0.0846,0.037783333333333335,-0.0436,-0.041
202507,NON PRIME,2028-07-31,2776098.15343808,-121037.8794899003,-113820.02429096129,104890.24189740214,2646130.491554621,-0.08460000000000001,0.03778333333333334,-0.0436,-0.041
202507,NON PRIME,2028-08-31,2646130.491554621,-115371.28943178148,-108491.35015373948,99979.63040590544,2522247.4823750057,-0.08460000000000001,0.037783333333333335,-0.0436,-0.041
202507,NON PRIME,2028-09-30,2522247.4823750057,-109969.99023155025,-103412.14677737524,95298.91737573565,2404164.2627418158,-0.08460000000000001,0.03778333333333334,-0.0436,-0.041
202507,NON PRIME,2028-10-31,2404164.2627418158,-104821.56185554317,-98570.73477241445,90837.33972726161,2291609.30584112,-0.0846,0.037783333333333335,-0.0436,-0.041
202507,NON PRIME,2028-11-30,2291609.30584112,-99914.16573467283,-93955.98153948592,86584.63827236365,2184323.7968393248,-0.0846,0.037783333333333335,-0.0436,-0.041
202507,NON PRIME,2028-12-31,2184323.7968393248,-95236.51754219456,-89557.27567041232,82531.0341239125,2082061.0377506304,-0.0846,0.037783333333333335,-0.0436,-0.041
202507,NON PRIME,2029-01-31,2082061.0377506304,-90777.86124592749,-85364.50254777585,78667.20620967798,1984585.880166605,-0.0846,0.037783333333333335,-0.0436,-0.041
202507,NRP-L,2025-10-31,114199.52,-1313.29448,-2112.69112,1924.261912,112697.796312,-0.03,0.01685,-0.0115,-0.0185
202507,NRP-L,2025-11-30,112697.796312,-1296.024657588,-2084.909231772,1898.9578678572,111215.8202904972,-0.03,0.01685,-0.0115,-0.0185
202507,NRP-L,2025-12-31,111215.8202904972,-1278.9819333407177,-2057.492675374198,1873.9865718948777,109753.33225367714,-0.029999999999999995,0.01685,-0.011499999999999998,-0.0185
202507,NRP-L,2026-01-31,109753.33225367714,-1262.1633209172871,-2030.4366466930271,1849.3436484744598,108310.0759345413,-0.03,0.01685,-0.0115,-0.0185
202507,NRP-L,2026-02-28,108310.0759345413,-1245.5658732472248,-2003.736404789014,1825.0247794970207,106885.79843600208,-0.030000000000000002,0.01685,-0.011499999999999998,-0.0185
202507,NRP-L,2026-03-31,106885.79843600208,-1229.186682014024,-1977.3872710660382,1801.0257036466348,105480.25018656865,-0.029999999999999995,0.016849999999999997,-0.011500000000000002,-0.0185
202507,NRP-L,2026-04-30,105480.25018656865,-1213.0228771455395,-1951.38462845152,1777.3422156436818,104093.18489661528,-0.030000000000000002,0.01685,-0.0115,-0.0185
202507,NRP-L,2026-05-31,104093.18489661528,-1197.0716263110758,-1925.7239205873825,1753.9701655079673,102724.35951522479,-0.03,0.01685,-0.011500000000000002,-0.0185
202507,NRP-L,2026-06-30,102724.35951522479,-1181.3301344250851,-1900.4006510316585,1730.9054578315374,101373.5341875996,-0.03,0.016849999999999997,-0.011500000000000002,-0.0185
202507,NRP-L,2026-07-31,101373.5341875996,-1165.7956431573953,-1875.4103824705924,1708.144051061053,100040.47221303266,-0.029999999999999995,0.016849999999999997,-0.0115,-0.0185
202507,NRP-L,2026-08-31,100040.47221303266,-1150.4654304498756,-1850.748735941104,1685.6819567896002,98724.94000343129,-0.03,0.01685,-0.011500000000000002,-0.0185
202507,NRP-L,2026-09-30,98724.94000343129,-1135.3368100394598,-1826.4113900634786,1663.515239057817,97426.70704238616,-0.03,0.01685,-0.0115,-0.0185
202507,NRP-L,2026-10-31,97426.70704238616,-1120.4071309874407,-1802.394080284144,1641.6400136642067,96145.54584477878,-0.03,0.01685,-0.0115,-0.0185
202507,NRP-L,2026-11-30,96145.54584477878,-1105.673777214956,-1778.6925981284073,1620.0524474845224,94881.23191691996,-0.03,0.01685,-0.011500000000000002,-0.0185
202507,NRP-L,2026-12-31,94881.23191691996,-1091.1341670445795,-1755.3027904630192,1598.7487578001012,93633.54371721247,-0.03,0.016849999999999997,-0.0115,-0.0185
202507,NRP-L,2027-01-31,93633.54371721247,-1076.7857527479434,-1732.2205587684305,1577.72521163503,92402.26261733111,-0.03,0.01685,-0.011500000000000002,-0.0185
202507,NRP-L,2027-02-28,92402.26261733111,-1062.6260200993079,-1709.4418584206255,1556.9781251020293,91187.1728639132,-0.03,0.01685,-0.0115,-0.0185
202507,NRP-L,2027-03-31,91187.1728639132,-1048.6524879350018,-1686.9626979823943,1536.5038627569375,89988.06154075274,-0.03,0.01685,-0.0115,-0.0185
202507,NRP-L,2027-04-30,89988.06154075274,-1034.8627077186566,-1664.7791385039257,1516.2988369616835,88804.71853149183,-0.03,0.01685,-0.011500000000000002,-0.0185
202507,NRP-L,2027-05-31,88804.71853149183,-1021.2542631121561,-1642.8872928325989,1496.3595072556373,87636.9364828027,-0.030000000000000002,0.01685,-0.0115,-0.0185
202507,NRP-L,2027-06-30,87636.9364828027,-1007.824769552231,-1621.2833249318498,1476.6823797352254,86484.51076805385,-0.03,0.016849999999999997,-0.0115,-0.0185
202507,NRP-L,2027-07-31,86484.51076805385,-994.5718738326193,-1599.963449208996,1457.2640064417074,85347.23945145393,-0.03,0.01685,-0.0115,-0.0185
202507,NRP-L,2027-08-31,85347.23945145393,-981.4932536917203,-1578.9239298518976,1438.1009847569987,84224.92325266731,-0.029999999999999995,0.01685,-0.0115,-0.0185
202507,NRP-L,2027-09-30,84224.92325266731,-968.5866174056741,-1558.1610801743452,1419.189956807444,83117.36551189474,-0.029999999999999995,0.016849999999999997,-0.0115,-0.0185
202507,NRP-L,2027-10-31,83117.36551189474,-955.8497033867894,-1537.6712619700525,1400.5276088754263,82024.37215541332,-0.029999999999999995,0.01685,-0.0115,-0.0185
202507,NRP-L,2027-11-30,82024.37215541332,-943.2802797872532,-1517.4508848751464,1382.1106708187144,80945.75166156964,-0.029999999999999995,0.01685,-0.0115,-0.0185
202507,NRP-L,2027-12-31,80945.75166156964,-930.8761441080508,-1497.4964057390382,1363.9359154974484,79881.31502722,-0.03,0.01685,-0.0115,-0.0185
202507,NRP-L,2028-01-31,79881.31502722,-918.63512281303,-1477.80432800357,1346.000158208657,78830.87573461205,-0.029999999999999995,0.01685,-0.0115,-0.0185
202507,NRP-L,2028-02-29,78830.87573461205,-906.5550709480386,-1458.371201090323,1328.300256128213,77794.2497187019,-0.030000000000000002,0.01685,-0.0115,-0.0185
202507,NRP-L,2028-03-31,77794.2497187019,-894.6338717650718,-1439.1936197959851,1310.833107760127,76771.25533490098,-0.029999999999999995,0.016849999999999997,-0.0115,-0.0185
202507,NRP-L,2028-04-30,76771.25533490098,-882.8694363513613,-1420.2682236956682,1293.5956523930815,75761.71332724702,-0.03,0.01685,-0.0115,-0.0185
202507,NRP-L,2028-05-31,75761.71332724702,-871.2597032633407,-1401.5916965540698,1276.5848695641123,74765.44679699374,-0.029999999999999995,0.01685,-0.0115,-0.0185
202507,NRP-L,2028-06-30,74765.44679699374,-859.802638165428,-1383.1607657443842,1259.7977785293444,73782.28117161327,-0.030000000000000002,0.01685,-0.0115,-0.0185
202507,NRP-L,2028-07-31,73782.28117161327,-848.4962334735526,-1364.9722016748453,1243.2314377416835,72812.04417420656,-0.03,0.01685,-0.0115,-0.0185
202507,NRP-L,2028-08-31,72812.04417420656,-837.3385080033754,-1347.0228172228212,1226.8829443353804,71854.56579331573,-0.03,0.01685,-0.0115,-0.0185
202507,NRP-L,2028-09-30,71854.56579331573,-826.327506623131,-1329.309467176341,1210.7494336173702,70909.67825313364,-0.03,0.01685,-0.0115,-0.0185
202507,NRP-L,2028-10-31,70909.67825313364,-815.4612999110368,-1311.8290476829723,1194.8280785653017,69977.21598410493,-0.030000000000000002,0.016849999999999997,-0.0115,-0.0185
202507,NRP-L,2028-11-30,69977.21598410493,-804.7379838172067,-1294.5784957059411,1179.116089332168,69057.01559391395,-0.03,0.01685,-0.0115,-0.0185
202507,NRP-L,2028-12-31,69057.01559391395,-794.1556793300105,-1277.5547884874081,1163.61071275745,68148.91583885398,-0.030000000000000002,0.01685,-0.0115,-0.0185
202507,NRP-L,2029-01-31,68148.91583885398,-783.7125321468208,-1260.7549430187985,1148.3092318846896,67252.75759557306,-0.03,0.01685,-0.0115,-0.0185
202507,NRP-M,2025-10-31,8680064.72,-141485.054936,-149297.11318400002,135047.34026866668,8524329.892148668,-0.0335,0.015558333333333334,-0.0163,-0.0172
202507,NRP-M,2025-11-30,8524329.892148668,-138946.57724202328,-146618.4741449571,132624.36590534638,8371389.206667034,-0.033499999999999995,0.015558333333333335,-0.0163,-0.0172
202507,NRP-M,2025-12-31,8371389.206667034,-136453.64406867264,-143987.894354673,130244.8637403946,8221192.531984083,-0.0335,0.015558333333333334,-0.0163,-0.0172
202507,NRP-M,2026-01-31,8221192.531984083,-134005.43827134054,-141404.51155012625,127908.05381011903,8073690.635972735,-0.0335,0.015558333333333334,-0.0163,-0.0172
202507,NRP-M,2026-02-28,8073690.635972735,-131601.15736635556,-138867.47893873104,125613.17014467581,7928835.1698123235,-0.0335,0.015558333333333335,-0.0163,-0.0172
202507,NRP-M,2026-03-31,7928835.1698123235,-129240.01326794086,-136375.96492077198,123359.46051699674,7786578.652140607,-0.0335,0.015558333333333334,-0.0163,-0.0172
202507,NRP-M,2026-04-30,7786578.652140607,-126921.23202989188,-133929.15281681844,121146.18619622094,7646874.4534901185,-0.033499999999999995,0.015558333333333332,-0.0163,-0.0172
202507,NRP-M,2026-05-31,7646874.4534901185,-124644.05359188892,-131526.24060003003,118972.62170555042,7509676.78100375,-0.033499999999999995,0.015558333333333334,-0.0163,-0.0172
202507,NRP-M,2026-06-30,7509676.78100375,-122407.73153036111,-129166.4406332645,116838.05458445002,7374940.663424575,-0.033499999999999995,0.015558333333333334,-0.0163,-0.0172
202507,NRP-M,2026-07-31,7374940.663424575,-120211.53281382055,-126848.97941090268,114741.78515511402,7242621.936354965,-0.033499999999999995,0.015558333333333335,-0.0163,-0.0172
202507,NRP-M,2026-08-31,7242621.936354965,-118054.73756258591,-124573.0973053054,112683.12629312267,7112677.227780197,-0.0335,0.015558333333333334,-0.0163,-0.0172
202507,NRP-M,2026-09-30,7112677.227780197,-115936.6388128172,-122338.04831781938,110661.40320221357,6985063.943851773,-0.0335,0.015558333333333334,-0.0163,-0.0172
202507,NRP-M,2026-10-31,6985063.943851773,-113856.54228478388,-120143.09983425049,108675.95319309382,6859740.254925832,-0.033499999999999995,0.015558333333333332,-0.0163,-0.0172
202507,NRP-M,2026-11-30,6859740.254925832,-111813.76615529106,-117987.53238472431,106726.12546622107,6736665.081852037,-0.033499999999999995,0.015558333333333334,-0.0163,-0.0172
202507,NRP-M,2026-12-31,6736665.081852037,-109807.6408341882,-115870.63940785505,104811.28089848127,6615798.0825084755,-0.0335,0.015558333333333332,-0.0163,-0.0172
202507,NRP-M,2027-01-31,6615798.0825084755,-107837.50874488814,-113791.72701914578,102930.79183369437,6497099.6385781355,-0.033499999999999995,0.015558333333333334,-0.0163,-0.0172
202507,NRP-M,2027-02-28,6497099.6385781355,-105902.7241088236,-111750.11378354393,101084.04187687817,6380530.842562647,-0.0335,0.015558333333333335,-0.0163,-0.0172
202507,NRP-M,2027-03-31,6380530.842562647,-104002.65273377113,-109745.13049207751,99270.42569220385,6266053.485029002,-0.033499999999999995,0.015558333333333334,-0.0163,-0.0172
202507,NRP-M,2027-04-30,6266053.485029002,-102136.67180597271,-107776.11994249883,97489.34880457622,6153630.0420851065,-0.0335,0.015558333333333334,-0.0163,-0.0172
202507,NRP-M,2027-05-31,6153630.0420851065,-100304.16968598723,-105842.43672386384,95740.22740477411,6043223.66308003,-0.033499999999999995,0.015558333333333332,-0.0163,-0.0172
202507,NRP-M,2027-06-30,6043223.66308003,-98504.54570820449,-103943.44700497652,94022.4881580868,5934798.158524936,-0.0335,0.015558333333333332,-0.0163,-0.0172
202507,NRP-M,2027-07-31,5934798.158524936,-96737.20998395645,-102078.5283266289,92335.5680163838,5828317.988230735,-0.0335,0.015558333333333334,-0.0163,-0.0172
202507,NRP-M,2027-08-31,5828317.988230735,-95001.58320816097,-100247.06939756864,90678.91403355653,5723748.249658561,-0.033499999999999995,0.015558333333333335,-0.0163,-0.0172
202507,NRP-M,2027-09-30,5723748.249658561,-93297.09646943455,-98448.46989412725,89051.98318427113,5621054.666479271,-0.033499999999999995,0.015558333333333335,-0.0163,-0.0172
202507,NRP-M,2027-10-31,5621054.666479271,-91623.1910636121,-96682.14026344346,87454.24218597333,5520203.577338189,-0.0335,0.015558333333333334,-0.0163,-0.0172
202507,NRP-M,2027-11-30,5520203.577338189,-89979.31831061248,-94947.50153021685,85885.16732408667,5421161.924821446,-0.0335,0.015558333333333335,-0.0163,-0.0172
202507,NRP-M,2027-12-31,5421161.924821446,-88364.93937458955,-93243.98510692887,84344.244280347,5323897.244620274,-0.033499999999999995,0.015558333333333335,-0.0163,-0.0172
202507,NRP-M,2028-01-31,5323897.244620274,-86779.52508731045,-91571.0326074687,82830.9679642171,5228377.654889712,-0.033499999999999995,0.015558333333333334,-0.0163,-0.0172
202507,NRP-M,2028-02-29,5228377.654889712,-85222.5557747023,-89928.09566410305,81344.84234732577,5134571.845798232,-0.033499999999999995,0.015558333333333334,-0.0163,-0.0172
202507,NRP-M,2028-03-31,5134571.845798232,-83693.52108651117,-88314.63574772958,79885.38030087748,5042449.069264868,-0.0335,0.015558333333333332,-0.0163,-0.0172
202507,NRP-M,2028-04-30,5042449.069264868,-82191.91982901735,-86730.12399135574,78452.10343597924,4951979.128880475,-0.033499999999999995,0.015558333333333332,-0.0163,-0.0172
202507,NRP-M,2028-05-31,4951979.128880475,-80717.25980075174,-85174.04101674416,77044.54194683205,4863132.370009811,-0.0335,0.015558333333333332,-0.0163,-0.0172
202507,NRP-M,2028-06-30,4863132.370009811,-79269.0576311599,-83645.87676416874,75662.23445673597,4775879.670071217,-0.033499999999999995,0.015558333333333334,-0.0163,-0.0172
202507,NRP-M,2028-07-31,4775879.670071217,-77846.83862216084,-82145.13032522493,74304.72786685803,4690192.428990689,-0.0335,0.015558333333333334,-0.0163,-0.0172
202507,NRP-M,2028-08-31,4690192.428990689,-76450.13659254822,-80671.30977863986,72971.57720771348,4606042.559827214,-0.0335,0.015558333333333334,-0.0163,-0.0172
202507,NRP-M,2028-09-30,4606042.559827214,-75078.49372518358,-79223.93202902809,71662.34549331175,4523402.479566314,-0.0335,0.015558333333333335,-0.0163,-0.0172
202507,NRP-M,2028-10-31,4523402.479566314,-73731.46041693092,-77802.5226485406,70376.60357791923,4442245.1000787625,-0.033499999999999995,0.015558333333333332,-0.0163,-0.0172
202507,NRP-M,2028-11-30,4442245.1000787625,-72408.59513128382,-76406.61572135471,69113.93001539208,4362543.819241516,-0.033499999999999995,0.015558333333333332,-0.0163,-0.0172
202507,NRP-M,2028-12-31,4362543.819241516,-71109.4642536367,-75035.75369095408,67873.91092103258,4284272.5122179575,-0.033499999999999995,0.015558333333333332,-0.0163,-0.0172
202507,NRP-M,2029-01-31,4284272.5122179575,-69833.6419491527,-73689.48721014887,66656.13983592439,4207405.522894581,-0.0335,0.015558333333333334,-0.0163,-0.0172
202507,NRP-S,2025-10-31,3125154.64,-124381.15467200002,-74691.195896,66357.45018933334,2992439.7396213333,-0.0637,0.021233333333333333,-0.0398,-0.0239
202507,NRP-S,2025-11-30,2992439.7396213333,-119099.10163692907,-71519.30977694987,63539.47047129299,2865360.798678748,-0.0637,0.021233333333333337,-0.0398,-0.0239
202507,NRP-S,2025-12-31,2865360.798678748,-114041.35978741417,-68482.12308842207,60841.16095861208,2743678.476761523,-0.0637,0.021233333333333333,-0.0398,-0.023899999999999998
202507,NRP-S,2026-01-31,2743678.476761523,-109198.40337510862,-65573.9155946004,58257.43965656968,2627163.5974483835,-0.0637,0.021233333333333337,-0.0398,-0.0239
202507,NRP-S,2026-02-28,2627163.5974483835,-104561.11117844567,-62789.20997901637,55783.440385820686,2515596.7166767423,-0.0637,0.021233333333333337,-0.0398,-0.0239
202507,NRP-S,2026-03-31,2515596.7166767423,-100120.74932373434,-60122.76152857414,53414.50361743617,2408767.70944187,-0.06369999999999999,0.021233333333333337,-0.0398,-0.0239
202507,NRP-S,2026-04-30,2408767.70944187,-95868.95483578643,-57569.548255660695,51146.167697149045,2306475.374047572,-0.06369999999999999,0.021233333333333337,-0.0398,-0.0239
202507,NRP-S,2026-05-31,2306475.374047572,-91797.71988709336,-55124.76143973697,48974.16044227678,2208527.0531630185,-0.0637,0.021233333333333333,-0.0398,-0.0239
202507,NRP-S,2026-06-30,2208527.0531630185,-87899.37671588814,-52783.79657059615,46894.391095494764,2114738.270972029,-0.0637,0.021233333333333337,-0.0398,-0.0239
202507,NRP-S,2026-07-31,2114738.270972029,-84166.58318468675,-50542.244676231494,44902.94262030608,2024932.3857314168,-0.0637,0.021233333333333333,-0.0398,-0.0239
202507,NRP-S,2026-08-31,2024932.3857314168,-80592.3089521104,-48395.88401898086,42996.06432369709,1938940.2570840225,-0.0637,0.021233333333333337,-0.0398,-0.0239
202507,NRP-S,2026-09-30,1938940.2570840225,-77169.8222319441,-46340.67214430814,41170.164792084084,1856599.9274998542,-0.06369999999999999,0.021233333333333337,-0.0398,-0.0239
202507,NRP-S,2026-10-31,1856599.9274998542,-73892.6771144942,-44372.73826724652,39421.80512724691,1777756.3172453607,-0.0637,0.021233333333333337,-0.0398,-0.0239
202507,NRP-S,2026-11-30,1777756.3172453607,-70754.70142636535,-42488.37598216412,37747.69246950983,1702260.932306341,-0.06369999999999999,0.021233333333333333,-0.0398,-0.0239
202507,NRP-S,2026-12-31,1702260.932306341,-67749.98510579237,-40684.036282121546,36144.67379597131,1629971.5847143985,-0.06369999999999999,0.021233333333333333,-0.0398,-0.023899999999999998
202507,NRP-S,2027-01-31,1629971.5847143985,-64872.86907163306,-38956.32087467412,34609.7299821024,1560752.1247501937,-0.0637,0.021233333333333337,-0.0398,-0.023899999999999998
202507,NRP-S,2027-02-28,1560752.1247501937,-62117.93456505771,-37301.97578152963,33139.97011552912,1494472.1845191354,-0.06369999999999999,0.021233333333333337,-0.0398,-0.0239
202507,NRP-S,2027-03-31,1494472.1845191354,-59479.992943861595,-35717.885210007335,31732.626051289644,1431006.9324165562,-0.06369999999999999,0.021233333333333337,-0.0398,-0.023899999999999998
202507,NRP-S,2027-04-30,1431006.9324165562,-56954.07591017894,-34201.0656847557,30385.047198311546,1370236.838019933,-0.06369999999999999,0.021233333333333337,-0.0398,-0.023900000000000005
202507,NRP-S,2027-05-31,1370236.838019933,-54535.42615319334,-32748.6604286764,29094.695527289918,1312047.4469653536,-0.06369999999999999,0.021233333333333337,-0.0398,-0.0239
202507,NRP-S,2027-06-30,1312047.4469653536,-52219.48838922107,-31357.93398247195,27859.140790564343,1256329.1653842248,-0.06369999999999999,0.021233333333333333,-0.0398,-0.0239
202507,NRP-S,2027-07-31,1256329.1653842248,-50001.90078229215,-30026.267052682975,26676.05594499171,1202977.0534942413,-0.06369999999999999,0.021233333333333333,-0.0398,-0.0239
202507,NRP-S,2027-08-31,1202977.0534942413,-47878.486729070806,-28751.15157851237,25543.212769194393,1151890.6279558528,-0.06369999999999999,0.021233333333333337,-0.0398,-0.0239
202507,NRP-S,2027-09-30,1151890.6279558528,-45845.24699264294,-27530.186008144883,24458.477666929277,1102973.6726219943,-0.0637,0.021233333333333337,-0.0398,-0.0239
202507,NRP-S,2027-10-31,1102973.6726219943,-43898.35217035538,-26361.070775665663,23419.807648673683,1056134.057324647,-0.0637,0.021233333333333337,-0.0398,-0.0239
202507,NRP-S,2027-11-30,1056134.057324647,-42034.13548152095,-25241.603970059063,22425.24648386001,1011283.564356927,-0.06369999999999999,0.02123333333333334,-0.0398,-0.0239
202507,NRP-S,2027-12-31,1011283.564356927,-40249.08586140569,-24169.677188130554,21472.921016512086,968337.7223239028,-0.0637,0.021233333333333337,-0.0398,-0.0239
202507,NRP-S,2028-01-31,968337.7223239028,-38539.84134849133,-23143.27156354128,20561.037637344205,927215.6470492143,-0.0637,0.021233333333333337,-0.0398,-0.0239
202507,NRP-S,2028-02-29,927215.6470492143,-36903.182752558736,-22160.453964476223,19687.87890567832,887839.8892378577,-0.0637,0.021233333333333337,-0.03980000000000001,-0.0239
202507,NRP-S,2028-03-31,887839.8892378577,-35336.02759166674,-21219.373352784798,18851.80031481718,850136.2886082233,-0.0637,0.021233333333333337,-0.0398,-0.0239
202507,NRP-S,2028-04-30,850136.2886082233,-33835.42428660729,-20318.257297736538,18051.227194781277,814033.8342186607,-0.06369999999999999,0.021233333333333337,-0.0398,-0.0239
202507,NRP-S,2028-05-31,814033.8342186607,-32398.546601902697,-19455.408637825993,17284.65174657623,779464.5307255082,-0.0637,0.021233333333333333,-0.0398,-0.0239
202507,NRP-S,2028-06-30,779464.5307255082,-31022.68832287523,-18629.202284339648,16550.630202404962,746363.2703206983,-0.0637,0.021233333333333337,-0.0398,-0.0239
202507,NRP-S,2028-07-31,746363.2703206983,-29705.258158763794,-17838.08216066469,15847.78010647616,714667.710107746,-0.0637,0.021233333333333333,-0.0398,-0.0239
202507,NRP-S,2028-08-31,714667.710107746,-28443.77486228829,-17080.55827157513,15174.777711287808,684318.1546851704,-0.06369999999999999,0.021233333333333337,-0.0398,-0.0239
202507,NRP-S,2028-09-30,684318.1546851704,-27235.862556469783,-16355.203896975572,14530.355484481786,655257.4437162068,-0.06369999999999999,0.021233333333333337,-0.0398,-0.0239
202507,NRP-S,2028-10-31,655257.4437162068,-26079.246259905034,-15660.652904817343,13913.299721574127,627430.8442730586,-0.06369999999999999,0.021233333333333337,-0.0398,-0.0239
202507,NRP-S,2028-11-30,627430.8442730586,-24971.74760206773,-14995.597178126101,13322.448260064613,600785.9477529293,-0.06369999999999999,0.021233333333333337,-0.0398,-0.0239
202507,NRP-S,2028-12-31,600785.9477529293,-23911.28072056659,-14358.78415129501,12756.688290620534,575272.5711716883,-0.0637,0.021233333333333337,-0.0398,-0.0239
202507,NRP-S,2029-01-31,575272.5711716883,-22895.848332633195,-13749.01445100335,12214.954261212182,550842.6626492639,-0.0637,0.021233333333333337,-0.0398,-0.0239
202507,PRIME,2025-10-31,9843.27,-115.16625900000001,-114.181932,111.228951,9725.15076,-0.0233,0.0113,-0.0117,-0.0116
202507,PRIME,2025-11-30,9725.15076,-113.78426389200001,-112.81174881599999,109.894203588,9608.448950880002,-0.023299999999999998,0.0113,-0.0117,-0.0116
202507,PRIME,2025-12-31,9608.448950880002,-112.41885272529602,-111.458007830208,108.57547314494401,9493.147563469442,-0.0233,0.0113,-0.0117,-0.0116
202507,PRIME,2026-01-31,9493.147563469442,-111.06982649259247,-110.12051173624552,107.27256746720468,9379.229792707807,-0.0233,0.0113,-0.0117,-0.0116
202507,PRIME,2026-02-28,9379.229792707807,-109.73698857468135,-108.79906559541055,105.98529665759821,9266.679035195313,-0.0233,0.0113,-0.0117,-0.0116
202507,PRIME,2026-03-31,9266.679035195313,-108.42014471178517,-107.49347680826563,104.71347309770704,9155.47888677297,-0.0233,0.0113,-0.0117,-0.0116
202507,PRIME,2026-04-30,9155.47888677297,-107.11910297524375,-106.20355508656644,103.45691142053455,9045.613140131694,-0.0233,0.0113,-0.0117,-0.0116
202507,PRIME,2026-05-31,9045.613140131694,-105.83367373954083,-104.92911242552765,102.21542848348815,8937.065782450116,-0.023299999999999998,0.011300000000000001,-0.0117,-0.0116
202507,PRIME,2026-06-30,8937.065782450116,-104.56366965466636,-103.66996307642134,100.98884334168632,8829.820993060714,-0.0233,0.011300000000000001,-0.0117,-0.0116
202507,PRIME,2026-07-31,8829.820993060714,-103.30890561881036,-102.42592351950427,99.77697722158605,8723.863141143984,-0.0233,0.0113,-0.0117,-0.0116
202507,PRIME,2026-08-31,8723.863141143984,-102.06919875138462,-101.19681243727021,98.57965349492702,8619.176783450257,-0.0233,0.0113,-0.0117,-0.0116
202507,PRIME,2026-09-30,8619.176783450257,-100.84436836636802,-99.98245068802298,97.3966976529879,8515.746662048854,-0.0233,0.0113,-0.0117,-0.0116
202507,PRIME,2026-10-31,8515.746662048854,-99.6342359459716,-98.7826612797667,96.22793728115205,8413.557702104266,-0.0233,0.011300000000000001,-0.0117,-0.0116
202507,PRIME,2026-11-30,8413.557702104266,-98.43862511461992,-97.59726934440948,95.07320203377822,8312.595009679015,-0.0233,0.011300000000000001,-0.0117,-0.0116
202507,PRIME,2026-12-31,8312.595009679015,-97.25736161324447,-96.42610211227657,93.93232360937287,8212.843869562867,-0.0233,0.011300000000000001,-0.0117,-0.0116
202507,PRIME,2027-01-31,8212.843869562867,-96.09027327388554,-95.26898888692925,92.80513572606039,8114.289743128112,-0.0233,0.0113,-0.0117,-0.0116
202507,PRIME,2027-02-28,8114.289743128112,-94.93718999459891,-94.12576102028609,91.69147409734767,8016.918266210574,-0.0233,0.011300000000000001,-0.0117,-0.0116
202507,PRIME,2027-03-31,8016.918266210574,-93.79794371466372,-92.99625188804265,90.59117640817948,7920.715247016046,-0.023299999999999998,0.0113,-0.0117,-0.0116
202507,PRIME,2027-04-30,7920.715247016046,-92.67236839008774,-91.88029686538613,89.50408229128134,7825.666664051853,-0.023299999999999998,0.011300000000000001,-0.0117,-0.0116
202507,PRIME,2027-05-31,7825.666664051853,-91.56029996940669,-90.7777333030015,88.43003330378593,7731.758664083231,-0.0233,0.0113,-0.0117,-0.0116
202507,PRIME,2027-06-30,7731.758664083231,-90.46157636977381,-89.68840050336547,87.36887290414052,7638.977560114233,-0.023299999999999998,0.011300000000000001,-0.0117,-0.011599999999999997
202507,PRIME,2027-07-31,7638.977560114233,-89.37603745333652,-88.61213969732509,86.32044642929083,7547.309829392862,-0.023299999999999998,0.0113,-0.0117,-0.0116
202507,PRIME,2027-08-31,7547.309829392862,-88.3035250038965,-87.5487940209572,85.28460107213935,7456.742111440149,-0.0233,0.011300000000000001,-0.0117,-0.0116
202507,PRIME,2027-09-30,7456.742111440149,-87.24388270384974,-86.49820849270571,84.26118585927368,7367.261206102867,-0.0233,0.011300000000000001,-0.0117,-0.0116
202507,PRIME,2027-10-31,7367.261206102867,-86.19695611140354,-85.46022999079325,83.2500516289624,7278.854071629632,-0.023299999999999998,0.011300000000000001,-0.0117,-0.0116
202507,PRIME,2027-11-30,7278.854071629632,-85.1625926380667,-84.43470723090373,82.25105100941484,7191.507822770077,-0.0233,0.0113,-0.0117,-0.0116
202507,PRIME,2027-12-31,7191.507822770077,-84.14064152640991,-83.42149074413288,81.26403839730186,7105.209728896836,-0.0233,0.0113,-0.0117,-0.0116
202507,PRIME,2028-01-31,7105.209728896836,-83.13095382809298,-82.42043285520329,80.28886993653425,7019.947212150074,-0.023299999999999998,0.011300000000000001,-0.0117,-0.011599999999999997
202507,PRIME,2028-02-29,7019.947212150074,-82.13338238215587,-81.43138766094086,79.32540349729584,6935.707845604273,-0.0233,0.011300000000000001,-0.0117,-0.0116
202507,PRIME,2028-03-31,6935.707845604273,-81.14778179356999,-80.45421100900955,78.37349865532828,6852.479351457021,-0.0233,0.0113,-0.0117,-0.0116
202507,PRIME,2028-04-30,6852.479351457021,-80.17400841204714,-79.48876047690143,77.43301667146433,6770.249599239537,-0.023299999999999994,0.0113,-0.0117,-0.0116
202507,PRIME,2028-05-31,6770.249599239537,-79.21192031110259,-78.53489535117862,76.50382047140677,6689.006604048663,-0.0233,0.0113,-0.0117,-0.0116
202507,PRIME,2028-06-30,6689.006604048663,-78.26137726736935,-77.59247660696448,75.58577462574989,6608.738524800078,-0.023299999999999998,0.011300000000000001,-0.0117,-0.0116
202507,PRIME,2028-07-31,6608.738524800078,-77.32224074016092,-76.6613668876809,74.67874533024089,6529.433662502478,-0.023299999999999998,0.011300000000000001,-0.0117,-0.0116
202507,PRIME,2028-08-31,6529.433662502478,-76.394373851279,-75.74143048502874,73.78260038627799,6451.080458552448,-0.023299999999999998,0.0113,-0.0117,-0.0116
202507,PRIME,2028-09-30,6451.080458552448,-75.47764136506365,-74.8325333192084,72.89720918164267,6373.667493049819,-0.0233,0.0113,-0.0117,-0.0116
202507,PRIME,2028-10-31,6373.667493049819,-74.57190966868289,-73.9345429193779,72.02244267146295,6297.183483133222,-0.0233,0.0113,-0.0117,-0.0116
202507,PRIME,2028-11-30,6297.183483133222,-73.6770467526587,-73.04732840434536,71.15817335940541,6221.617281335623,-0.023299999999999998,0.011300000000000001,-0.0117,-0.0116
202507,PRIME,2028-12-31,6221.617281335623,-72.7929221916268,-72.17076046349322,70.30427527909255,6146.957873959596,-0.023299999999999998,0.011300000000000001,-0.0117,-0.0116
202507,PRIME,2029-01-31,6146.957873959596,-71.91940712532728,-71.30471133793131,69.46062397574345,6073.194379472081,-0.0233,0.011300000000000001,-0.0117,-0.0116
202508,NON PRIME,2025-10-31,10582346.66,-519593.221006,-347100.970448,401423.6833026667,10117076.151848666,-0.0819,0.03793333333333333,-0.0491,-0.0328
202508,NON PRIME,2025-11-30,10117076.151848666,-496748.4390557695,-331840.0977806363,383774.4220267928,9672262.037039055,-0.0819,0.03793333333333334,-0.0491,-0.0328
202508,NON PRIME,2025-12-31,9672262.037039055,-474908.06601861754,-317250.194814881,366901.13993834815,9247004.916143905,-0.0819,0.03793333333333333,-0.0491,-0.0328
202508,NON PRIME,2026-01-31,9247004.916143905,-454027.9413826657,-303301.7612495201,350769.71981905884,8840444.93333078,-0.08189999999999999,0.03793333333333334,-0.0491,-0.0328
202508,NON PRIME,2026-02-28,8840444.93333078,-434065.84622654127,-289966.5938132496,335347.54447101423,8451760.037762003,-0.0819,0.03793333333333333,-0.0491,-0.0328
202508,NON PRIME,2026-03-31,8451760.037762003,-414981.4178541143,-277217.7292385937,320603.43076577195,8080164.321435067,-0.0819,0.03793333333333333,-0.0491,-0.0328
202508,NON PRIME,2026-04-30,8080164.321435067,-396736.0681824618,-265029.38974307023,306507.5665931035,7724906.430102638,-0.0819,0.03793333333333333,-0.0491,-0.0328
202508,NON PRIME,2026-05-31,7724906.430102638,-379292.9057180395,-253376.93090736654,293031.4505818934,7385268.044059125,-0.0819,0.03793333333333333,-0.0491,-0.0328
202508,NON PRIME,2026-06-30,7385268.044059125,-362616.660963303,-242236.79184513932,280147.8344713095,7060562.425721992,-0.0819,0.03793333333333334,-0.0491,-0.0328
202508,NON PRIME,2026-07-31,7060562.425721992,-346673.6151029498,-231586.44756368134,267830.6680157209,6750133.031071082,-0.08189999999999999,0.03793333333333333,-0.0491,-0.0328
202508,NON PRIME,2026-08-31,6750133.031071082,-331431.5318255901,-221404.3634191315,256055.04631196303,6453352.182138324,-0.0819,0.03793333333333333,-0.0491,-0.0328
202508,NON PRIME,2026-09-30,6453352.182138324,-316859.59214299166,-211669.95157413703,244797.1594424471,6169619.797863642,-0.0819,0.03793333333333333,-0.0491,-0.0328
202508,NON PRIME,2026-10-31,6169619.797863642,-302928.3320751048,-202363.52936992748,234034.24433229413,5898362.180750904,-0.0819,0.03793333333333333,-0.0491,-0.0328
202508,NON PRIME,2026-11-30,5898362.180750904,-289609.58307486936,-193466.27952862965,223744.53872315094,5639030.856870555,-0.08189999999999999,0.03793333333333333,-0.0491,-0.0328
202508,NON PRIME,2026-12-31,5639030.856870555,-276876.41507234424,-184960.21210535424,213907.23717062306,5391101.466863479,-0.0819,0.03793333333333333,-0.0491,-0.0328
202508,NON PRIME,2027-01-31,5391101.466863479,-264703.08202299685,-176828.12811312213,204502.44897635464,5154072.705703716,-0.0819,0.03793333333333333,-0.049100000000000005,-0.0328
202508,NON PRIME,2027-02-28,5154072.705703716,-253064.96985005244,-169053.58474708188,195511.15796969426,4927465.309076277,-0.0819,0.037933333333333326,-0.0491,-0.0328
202508,NON PRIME,2027-03-31,4927465.309076277,-241938.54667564516,-161620.8621377019,186915.18405762676,4710821.084320556,-0.0819,0.03793333333333333,-0.0491,-0.0328
202508,NON PRIME,2027-04-30,4710821.084320556,-231301.31524013932,-154514.93156571427,178697.14646522643,4503701.983979929,-0.0819,0.03793333333333333,-0.0491,-0.0328
202508,NON PRIME,2027-05-31,4503701.983979929,-221131.76741341452,-147721.42507454168,170840.4285923053,4305689.220084279,-0.0819,0.03793333333333333,-0.0491,-0.0328
202508,NON PRIME,2027-06-30,4305689.220084279,-211409.3407061381,-141226.60641876436,163329.144415197,4116382.4173745736,-0.0819,0.03793333333333334,-0.0491,-0.0328
202508,NON PRIME,2027-07-31,4116382.4173745736,-202114.37669309156,-135017.34328988602,156148.10636574216,3935398.8037573383,-0.0819,0.03793333333333333,-0.0491,-0.0328
202508,NON PRIME,2027-08-31,3935398.8037573383,-193228.0812644853,-129081.08076324071,149282.79462252837,3762372.4363521407,-0.0819,0.03793333333333333,-0.0491,-0.0328
202508,NON PRIME,2027-09-30,3762372.4363521407,-184732.4866248901,-123405.81591235023,142719.3277522912,3596953.461567192,-0.0819,0.03793333333333333,-0.0491,-0.0328
202508,NON PRIME,2027-10-31,3596953.461567192,-176610.41496294911,-117980.07353940391,136444.43464211546,3438807.4077069545,-0.0819,0.037933333333333326,-0.0491,-0.0328
202508,NON PRIME,2027-11-30,3438807.4077069545,-168845.44371841146,-112792.88297278812,130445.4276656838,3287614.508681439,-0.0819,0.03793333333333333,-0.0491,-0.0328
202508,NON PRIME,2027-12-31,3287614.508681439,-161421.87237625863,-107833.7558847512,124710.1770293159,3143069.057449745,-0.08189999999999999,0.03793333333333333,-0.0491,-0.0328
202508,NON PRIME,2028-01-31,3143069.057449745,-154324.69072078247,-103092.66508435164,119227.08624592698,3004878.7878905376,-0.0819,0.03793333333333333,-0.0491,-0.0328
202508,NON PRIME,2028-02-29,3004878.7878905376,-147539.5484854254,-98560.02424280964,113985.0686873144,2872764.2838496175,-0.0819,0.03793333333333333,-0.0491,-0.0328
202508,NON PRIME,2028-03-31,2872764.2838496175,-141052.7263370162,-94226.66851026747,108973.52516736217,2746458.414169696,-0.0819,0.03793333333333334,-0.0491,-0.0328
202508,NON PRIME,2028-04-30,2746458.414169696,-134851.10813573207,-90083.83598476605,104182.32251083713,2625705.7925600354,-0.0819,0.037933333333333326,-0.04909999999999999,-0.0328
202508,NON PRIME,2028-05-31,2625705.7925600354,-128922.15441469772,-86123.14999596917,99601.77306444402,2510262.2612138125,-0.0819,0.03793333333333334,-0.0491,-0.0328
202508,NON PRIME,2028-06-30,2510262.2612138125,-123253.8770255982,-82336.60216781306,95222.61510871061,2399894.397129112,-0.0819,0.03793333333333333,-0.0491,-0.0328
202508,NON PRIME,2028-07-31,2399894.397129112,-117834.8148990394,-78716.53622583488,91035.99413109764,2294379.040135335,-0.0819,0.03793333333333333,-0.0491,-0.0328
202508,NON PRIME,2028-08-31,2294379.040135335,-112654.01087064495,-75255.632516439,87033.44492246704,2193502.8416707185,-0.0819,0.03793333333333333,-0.0491,-0.0328
202508,NON PRIME,2028-09-30,2193502.8416707185,-107700.98952603228,-71946.89320679958,83206.87446070925,2097061.833398596,-0.08190000000000001,0.03793333333333333,-0.0491,-0.0328
202508,NON PRIME,2028-10-31,2097061.833398596,-102965.73601987105,-68783.62813547395,79548.54554692007,2004861.014790171,-0.0819,0.03793333333333333,-0.0491,-0.0328
202508,NON PRIME,2028-11-30,2004861.014790171,-98438.67582619739,-65759.44128511762,76051.06116104049,1916713.9588398966,-0.0819,0.03793333333333333,-0.0491,-0.0328
202508,NON PRIME,2028-12-31,1916713.9588398966,-94110.65537903892,-62868.21784994861,72707.34950532674,1832442.4351162356,-0.0819,0.03793333333333333,-0.0491,-0.0328
202508,NON PRIME,2029-01-31,1832442.4351162356,-89972.92356420717,-60104.111871812536,69510.6497054092,1751876.0493856252,-0.0819,0.03793333333333333,-0.049100000000000005,-0.0328
202508,NRP-L,2025-10-31,46868.77,-707.718427,-707.718427,717.8733271666665,46171.20647316666,-0.030200000000000005,0.015316666666666664,-0.015100000000000002,-0.015100000000000002
202508,NRP-L,2025-11-30,46171.20647316666,-697.1852177448167,-697.1852177448167,707.188979147336,45484.025016824366,-0.030200000000000005,0.015316666666666666,-0.015100000000000002,-0.015100000000000002
202508,NRP-L,2025-12-31,45484.025016824366,-686.8087777540479,-686.8087777540479,696.6636498410265,44807.0711111573,-0.0302,0.015316666666666668,-0.0151,-0.0151
202508,NRP-L,2026-01-31,44807.0711111573,-676.5867737784752,-676.5867737784752,686.2949725192258,44140.192536119575,-0.0302,0.015316666666666664,-0.0151,-0.0151
202508,NRP-L,2026-02-28,44140.192536119575,-666.5169072954056,-666.5169072954056,676.0806156782315,43483.23933720699,-0.0302,0.015316666666666668,-0.0151,-0.0151
202508,NRP-L,2026-03-31,43483.23933720699,-656.5969139918257,-656.5969139918257,666.0182825148871,42836.063791738234,-0.030200000000000005,0.015316666666666668,-0.015100000000000002,-0.015100000000000002
202508,NRP-L,2026-04-30,42836.063791738234,-646.8245632552473,-646.8245632552473,656.105710410124,42198.52037563786,-0.030199999999999998,0.015316666666666666,-0.015099999999999999,-0.015099999999999999
202508,NRP-L,2026-05-31,42198.52037563786,-637.1976576721318,-637.1976576721318,646.3406704201865,41570.465730713775,-0.0302,0.015316666666666664,-0.0151,-0.0151
202508,NRP-L,2026-06-30,41570.465730713775,-627.714032533778,-627.714032533778,636.7209667754327,40951.75863242166,-0.030199999999999998,0.015316666666666666,-0.015099999999999999,-0.015099999999999999
202508,NRP-L,2026-07-31,40951.75863242166,-618.3715553495671,-618.3715553495671,627.2444363865917,40342.25995810913,-0.0302,0.015316666666666664,-0.0151,-0.0151
202508,NRP-L,2026-08-31,40342.25995810913,-609.1681253674478,-609.1681253674478,617.9089483583715,39741.83265573261,-0.0302,0.015316666666666668,-0.0151,-0.0151
202508,NRP-L,2026-09-30,39741.83265573261,-600.1016731015624,-600.1016731015624,608.7124035103044,39150.34171303979,-0.0302,0.015316666666666666,-0.0151,-0.0151
202508,NRP-L,2026-10-31,39150.34171303979,-591.1701598669008,-591.1701598669008,599.652733904726,38567.654127210706,-0.0302,0.015316666666666666,-0.0151,-0.0151
202508,NRP-L,2026-11-30,38567.654127210706,-582.3715773208817,-582.3715773208817,590.7279023817773,37993.63887495072,-0.0302,0.015316666666666666,-0.0151,-0.0151
202508,NRP-L,2026-12-31,37993.63887495072,-573.7039470117559,-573.7039470117559,581.9359021013285,37428.16688302854,-0.0302,0.015316666666666666,-0.0151,-0.0151
202508,NRP-L,2027-01-31,37428.16688302854,-565.165319933731,-565.165319933731,573.2747560917204,36871.1109992528,-0.0302,0.015316666666666664,-0.0151,-0.0151
202508,NRP-L,2027-02-28,36871.1109992528,-556.7537760887172,-556.7537760887172,564.742516805222,36322.34596388058,-0.030199999999999998,0.015316666666666664,-0.015099999999999999,-0.015099999999999999
202508,NRP-L,2027-03-31,36322.34596388058,-548.4674240545968,-548.4674240545968,556.3372656801042,35781.7483814515,-0.0302,0.015316666666666668,-0.0151,-0.0151
202508,NRP-L,2027-04-30,35781.7483814515,-540.3044005599177,-540.3044005599177,548.0571127092321,35249.1966930409,-0.0302,0.015316666666666666,-0.0151,-0.0151
202508,NRP-L,2027-05-31,35249.1966930409,-532.2628700649177,-532.2628700649177,539.9001960150764,34724.57114892615,-0.030200000000000005,0.015316666666666664,-0.015100000000000002,-0.015100000000000002
202508,NRP-L,2027-06-30,34724.57114892615,-524.3410243487849,-524.3410243487849,531.8646814310522,34207.75378165964,-0.0302,0.015316666666666666,-0.0151,-0.0151
202508,NRP-L,2027-07-31,34207.75378165964,-516.5370821030606,-516.5370821030606,523.9487620890867,33698.628379542606,-0.030200000000000005,0.015316666666666664,-0.015100000000000002,-0.015100000000000002
202508,NRP-L,2027-08-31,33698.628379542606,-508.84928853109335,-508.84928853109335,516.1506580133275,33197.08046049375,-0.0302,0.015316666666666664,-0.0151,-0.0151
202508,NRP-L,2027-09-30,33197.08046049375,-501.27591495345564,-501.27591495345564,508.4686157198959,32702.99724630674,-0.0302,0.015316666666666666,-0.0151,-0.0151
202508,NRP-L,2027-10-31,32702.99724630674,-493.8152584192318,-493.8152584192318,500.9009078225982,32216.26763729087,-0.0302,0.015316666666666666,-0.0151,-0.0151
202508,NRP-L,2027-11-30,32216.26763729087,-486.4656413230922,-486.4656413230922,493.4458326445052,31736.782187289195,-0.0302,0.015316666666666666,-0.0151,-0.0151
202508,NRP-L,2027-12-31,31736.782187289195,-479.22541102806684,-479.22541102806684,486.10171383531275,31264.433079068374,-0.0302,0.015316666666666664,-0.0151,-0.0151
202508,NRP-L,2028-01-31,31264.433079068374,-472.0929394939325,-472.0929394939325,478.8668999943973,30799.114100074905,-0.0302,0.015316666666666668,-0.0151,-0.0151
202508,NRP-L,2028-02-29,30799.114100074905,-465.0666229111311,-465.0666229111311,471.7397642994806,30340.720618552125,-0.0302,0.015316666666666666,-0.0151,-0.0151
202508,NRP-L,2028-03-31,30340.720618552125,-458.1448813401371,-458.1448813401371,464.7187041408233,29889.149560012673,-0.0302,0.015316666666666664,-0.0151,-0.0151
202508,NRP-L,2028-04-30,29889.149560012673,-451.3261583561914,-451.3261583561914,457.80214076086077,29444.299384061153,-0.0302,0.015316666666666666,-0.0151,-0.0151
202508,NRP-L,2028-05-31,29444.299384061153,-444.60892069932345,-444.60892069932345,450.98851889920326,29006.07006156171,-0.030200000000000005,0.015316666666666664,-0.015100000000000002,-0.015100000000000002
202508,NRP-L,2028-06-30,29006.07006156171,-437.99165792958183,-437.99165792958183,444.2763064429202,28574.363052145465,-0.0302,0.015316666666666668,-0.0151,-0.0151
202508,NRP-L,2028-07-31,28574.363052145465,-431.47288208739656,-431.47288208739656,437.663994082028,28149.0812820527,-0.0302,0.015316666666666666,-0.0151,-0.0151
202508,NRP-L,2028-08-31,28149.0812820527,-425.05112735899576,-425.05112735899576,431.15009497010715,27730.129122304817,-0.0302,0.015316666666666666,-0.0151,-0.0151
202508,NRP-L,2028-09-30,27730.129122304817,-418.72494974680274,-418.72494974680274,424.7331443899688,27317.412367201177,-0.0302,0.015316666666666668,-0.0151,-0.0151
202508,NRP-L,2028-10-31,27317.412367201177,-412.4929267447378,-412.4929267447378,418.411699424298,26910.838213136,-0.0302,0.015316666666666664,-0.0151,-0.0151
202508,NRP-L,2028-11-30,26910.838213136,-406.35365701835366,-406.35365701835366,412.18433863119975,26510.315237730494,-0.030200000000000005,0.015316666666666666,-0.015100000000000002,-0.015100000000000002
202508,NRP-L,2028-12-31,26510.315237730494,-400.3057600897305,-400.3057600897305,406.0496617245721,26115.753379275608,-0.0302,0.015316666666666668,-0.0151,-0.0151
202508,NRP-L,2029-01-31,26115.753379275608,-394.3478760270617,-394.3478760270617,400.00628925923803,25727.06391648072,-0.030200000000000005,0.015316666666666666,-0.015100000000000002,-0.015100000000000002
202508,NRP-M,2025-10-31,7533596.42,-149918.568758,-91909.87632400001,118654.14361500001,7410422.118533,-0.032100000000000004,0.01575,-0.0199,-0.012200000000000003
202508,NRP-M,2025-11-30,7410422.118533,-147467.4001588067,-90407.1498461026,116714.14836689475,7289261.716894985,-0.0321,0.01575,-0.0199,-0.0122
202508,NRP-M,2025-12-31,7289261.716894985,-145056.30816621022,-88928.99294611883,114805.87204109602,7170082.287823752,-0.032100000000000004,0.01575,-0.0199,-0.0122
202508,NRP-M,2026-01-31,7170082.287823752,-142684.63752769266,-87475.00391144978,112928.79603322409,7052851.442417833,-0.032100000000000004,0.01575,-0.0199,-0.0122
202508,NRP-M,2026-02-28,7052851.442417833,-140351.7437041149,-86044.78759749756,111082.41021808087,6937537.321334301,-0.032100000000000004,0.01575,-0.0199,-0.012199999999999999
202508,NRP-M,2026-03-31,6937537.321334301,-138056.99269455258,-84637.95532027847,109266.21281101524,6824108.586130485,-0.032100000000000004,0.01575,-0.0199,-0.0122
202508,NRP-M,2026-04-30,6824108.586130485,-135799.76086399666,-83254.12475079192,107479.71023155515,6712534.410747251,-0.032100000000000004,0.01575,-0.0199,-0.0122
202508,NRP-M,2026-05-31,6712534.410747251,-133579.43477387028,-81892.91981111646,105722.41696926921,6602784.473131534,-0.032100000000000004,0.015750000000000004,-0.019899999999999998,-0.0122
202508,NRP-M,2026-06-30,6602784.473131534,-131395.4110153175,-80553.97057220472,103993.85545182166,6494828.946995833,-0.0321,0.01575,-0.019899999999999998,-0.0122
202508,NRP-M,2026-07-31,6494828.946995833,-129247.09604521708,-79236.91315334916,102293.55591518438,6388638.49371245,-0.032100000000000004,0.01575,-0.0199,-0.012199999999999999
202508,NRP-M,2026-08-31,6388638.49371245,-127133.90602487777,-77941.38962329189,100621.0562759711,6284184.254340252,-0.0321,0.01575,-0.0199,-0.012199999999999999
202508,NRP-M,2026-09-30,6284184.254340252,-125055.26666137102,-76667.04790295108,98975.90200585897,6181437.8417817885,-0.032100000000000004,0.01575,-0.0199,-0.0122
202508,NRP-M,2026-10-31,6181437.8417817885,-123010.61305145759,-75413.54166973782,97357.64600806317,6080371.333068657,-0.0321,0.01575,-0.0199,-0.0122
202508,NRP-M,2026-11-30,6080371.333068657,-120999.38952806627,-74180.53026343761,95765.84849583135,5980957.261772985,-0.0321,0.01575,-0.0199,-0.0122
202508,NRP-M,2026-12-31,5980957.261772985,-119021.0495092824,-72967.67859363042,94200.07687292452,5883168.610542997,-0.032100000000000004,0.01575,-0.0199,-0.0122
202508,NRP-M,2027-01-31,5883168.610542997,-117075.05534980564,-71774.65704862456,92659.9056160522,5786978.803760619,-0.032100000000000004,0.01575,-0.0199,-0.0122
202508,NRP-M,2027-02-28,5786978.803760619,-115160.87819483632,-70601.14140587955,91144.91615922975,5692361.700319133,-0.0321,0.01575,-0.0199,-0.012199999999999999
202508,NRP-M,2027-03-31,5692361.700319133,-113277.99783635075,-69446.81274389342,89654.69678002635,5599291.586518914,-0.032100000000000004,0.015750000000000004,-0.0199,-0.012199999999999999
202508,NRP-M,2027-04-30,5599291.586518914,-111425.9025717264,-68311.35735553077,88188.84248767291,5507743.169079331,-0.032100000000000004,0.01575,-0.0199,-0.012200000000000003
202508,NRP-M,2027-05-31,5507743.169079331,-109604.08906467869,-67194.46666276784,86746.95491299946,5417691.568264883,-0.0321,0.01575,-0.0199,-0.0122
202508,NRP-M,2027-06-30,5417691.568264883,-107812.06220847118,-66095.83713283157,85328.6422001719,5329112.311123753,-0.032100000000000004,0.01575,-0.0199,-0.012199999999999999
202508,NRP-M,2027-07-31,5329112.311123753,-106049.33499136269,-65015.17019570979,83933.51890019911,5241981.324836879,-0.032100000000000004,0.01575,-0.0199,-0.0122
202508,NRP-M,2027-08-31,5241981.324836879,-104315.4283642539,-63952.17216300993,82561.20586618084,5156274.930175797,-0.032100000000000004,0.01575,-0.0199,-0.0122
202508,NRP-M,2027-09-30,5156274.930175797,-102609.87111049837,-62906.55414814473,81211.33015026881,5071969.835067423,-0.032100000000000004,0.01575,-0.0199,-0.0122
202508,NRP-M,2027-10-31,5071969.835067423,-100932.19971784172,-61878.031987822564,79883.52490231191,4989043.1282640705,-0.0321,0.01575,-0.0199,-0.0122
202508,NRP-M,2027-11-30,4989043.1282640705,-99281.958252455,-60866.326164821665,78577.42927015912,4907472.273116953,-0.032100000000000004,0.01575,-0.0199,-0.0122
202508,NRP-M,2027-12-31,4907472.273116953,-97658.69823502736,-59871.16173202683,77292.688301592,4827235.101451491,-0.032100000000000004,0.01575,-0.0199,-0.0122
202508,NRP-M,2028-01-31,4827235.101451491,-96061.97851888467,-58892.268237708195,76028.95284786099,4748309.807542759,-0.032100000000000004,0.01575,-0.0199,-0.0122
202508,NRP-M,2028-02-29,4748309.807542759,-94491.36517010091,-57929.379652021664,74785.87946879845,4670674.9421894355,-0.032100000000000004,0.01575,-0.0199,-0.0122
202508,NRP-M,2028-03-31,4670674.9421894355,-92946.43134956977,-56982.23429471112,73563.13033948361,4594309.406884639,-0.032100000000000004,0.01575,-0.0199,-0.0122
202508,NRP-M,2028-04-30,4594309.406884639,-91426.7571970043,-56050.5747639926,72360.37315843305,4519192.4480820745,-0.032100000000000004,0.01575,-0.0199,-0.0122
202508,NRP-M,2028-05-31,4519192.4480820745,-89931.92971683329,-55134.14786660131,71177.28105729267,4445303.651555933,-0.0321,0.01575,-0.0199,-0.0122
202508,NRP-M,2028-06-30,4445303.651555933,-88461.54266596308,-54232.70454898239,70013.53251200594,4372622.936852994,-0.032100000000000004,0.01575,-0.0199,-0.0122
202508,NRP-M,2028-07-31,4372622.936852994,-87015.19644337459,-53345.99982960653,68868.81125543466,4301130.5518354485,-0.032100000000000004,0.01575,-0.0199,-0.0122
202508,NRP-M,2028-08-31,4301130.5518354485,-85592.49798152543,-52473.792732392474,67742.80619140832,4230807.067312939,-0.032100000000000004,0.015750000000000004,-0.0199,-0.0122
202508,NRP-M,2028-09-30,4230807.067312939,-84193.0606395275,-51615.846221217864,66635.21131017878,4161633.3717623726,-0.032100000000000004,0.015749999999999997,-0.0199,-0.0122
202508,NRP-M,2028-10-31,4161633.3717623726,-82816.50409807122,-50771.92713550095,65545.72560525736,4093590.6661340576,-0.032100000000000004,0.01575,-0.0199,-0.0122
202508,NRP-M,2028-11-30,4093590.6661340576,-81462.45425606775,-49941.80612683551,64474.05299161141,4026660.4587427657,-0.032100000000000004,0.01575,-0.0199,-0.0122
202508,NRP-M,2028-12-31,4026660.4587427657,-80130.54312898104,-49125.257596661744,63419.902225198566,3960824.5602423213,-0.032100000000000004,0.01575,-0.0199,-0.0122
202508,NRP-M,2029-01-31,3960824.5602423213,-78820.4087488222,-48322.05963495632,62382.98682381656,3896065.0786823593,-0.032100000000000004,0.01575,-0.0199,-0.0122
202508,NRP-S,2025-10-31,3257214.8600000003,-129962.872914,-59607.03193800001,66800.04808716668,3134445.003235167,-0.058199999999999995,0.020508333333333337,-0.0399,-0.0183
202508,NRP-S,2025-11-30,3134445.003235167,-125064.35562908315,-57360.34355920355,64282.24294134788,3016302.546988228,-0.058199999999999995,0.020508333333333333,-0.0399,-0.0183
202508,NRP-S,2025-12-31,3016302.546988228,-120350.47162483029,-55198.33660988457,61859.33806781691,2902613.07682133,-0.058199999999999995,0.020508333333333337,-0.0399,-0.0183
202508,NRP-S,2026-01-31,2902613.07682133,-115814.26176517106,-53117.81930583034,59527.75651714412,2793208.752267473,-0.058199999999999995,0.020508333333333337,-0.0399,-0.0183
202508,NRP-S,2026-02-28,2793208.752267473,-111449.02921547217,-51115.72016649476,57284.05616108543,2687928.0590465916,-0.058199999999999995,0.020508333333333333,-0.0399,-0.0183
202508,NRP-S,2026-03-31,2687928.0590465916,-107248.329555959,-49189.083480552625,55124.92461094719,2586615.570621027,-0.0582,0.020508333333333337,-0.0399,-0.0183
202508,NRP-S,2026-04-30,2586615.570621027,-103205.96126777898,-47335.0649423648,53047.17432748623,2489121.7187383696,-0.0582,0.020508333333333333,-0.0399,-0.0183
202508,NRP-S,2026-05-31,2489121.7187383696,-99315.95657766094,-45550.92745291217,51047.73791512606,2395302.5726229227,-0.058199999999999995,0.020508333333333333,-0.0399,-0.0183
202508,NRP-S,2026-06-30,2395302.5726229227,-95572.57264765461,-43834.037078999485,49123.66359354177,2305019.6264898106,-0.0582,0.020508333333333333,-0.0399,-0.0183
202508,NRP-S,2026-07-31,2305019.6264898106,-91970.28309694344,-42181.85916476353,47272.11083992854,2218139.595068032,-0.0582,0.020508333333333333,-0.0399,-0.0183
202508,NRP-S,2026-08-31,2218139.595068032,-88503.76984321447,-40591.954589744986,45490.34619552022,2134534.2168305926,-0.0582,0.020508333333333333,-0.0399,-0.0183
202508,NRP-S,2026-09-30,2134534.2168305926,-85167.91525154065,-39061.97616799985,43775.739230167404,2054080.0646412193,-0.0582,0.020508333333333333,-0.0399,-0.0183
202508,NRP-S,2026-10-31,2054080.0646412193,-81957.79457918464,-37589.66518293432,42125.75865901701,1976658.3635381174,-0.058199999999999995,0.020508333333333337,-0.0399,-0.0183
202508,NRP-S,2026-11-30,1976658.3635381174,-78868.66870517087,-36172.84805274755,40537.96860556089,1902154.8153857598,-0.058199999999999995,0.020508333333333333,-0.03989999999999999,-0.0183
202508,NRP-S,2026-12-31,1902154.8153857598,-75895.9771338918,-34809.43312155941,39010.02500553629,1830459.430135845,-0.0582,0.020508333333333333,-0.0399,-0.0183
202508,NRP-S,2027-01-31,1830459.430135845,-73035.33126242021,-33497.407571485965,37539.67214636929,1761466.363448308,-0.058199999999999995,0.020508333333333333,-0.0399,-0.0183
202508,NRP-S,2027-02-28,1761466.363448308,-70282.5079015875,-32234.834451104038,36124.739337052386,1695073.760432669,-0.0582,0.020508333333333333,-0.0399,-0.0183
202508,NRP-S,2027-03-31,1695073.760432669,-67633.44304126348,-31019.84981591784,34763.137703539986,1631183.6052790277,-0.058199999999999995,0.020508333333333333,-0.0399,-0.0183
202508,NRP-S,2027-04-30,1631183.6052790277,-65084.2258506332,-29850.659976606206,33452.85710493073,1569701.5765567191,-0.058199999999999995,0.020508333333333333,-0.0399,-0.0183
202508,NRP-S,2027-05-31,1569701.5765567191,-62631.09290461309,-28725.53885098796,32191.96316588405,1510536.9079670021,-0.058199999999999995,0.020508333333333337,-0.0399,-0.0183
202508,NRP-S,2027-06-30,1510536.9079670021,-60270.42262788338,-27642.82541579614,30978.594420889935,1453602.2543442124,-0.058199999999999995,0.020508333333333333,-0.0399,-0.0183
202508,NRP-S,2027-07-31,1453602.2543442124,-57998.72994833407,-26600.921254499088,29810.95956617589,1398813.562707555,-0.0582,0.020508333333333333,-0.0399,-0.0183
202508,NRP-S,2027-08-31,1398813.562707555,-55812.66115203144,-25598.288197548256,28687.334815194106,1346089.9481731693,-0.058199999999999995,0.020508333333333333,-0.0399,-0.0183
202508,NRP-S,2027-09-30,1346089.9481731693,-53708.98893210945,-24633.446051568997,27606.06135378475,1295353.5745432756,-0.0582,0.020508333333333337,-0.0399,-0.0183
202508,NRP-S,2027-10-31,1295353.5745432756,-51684.607624276694,-23704.970414141946,26565.542891258345,1246529.5393961153,-0.058199999999999995,0.020508333333333333,-0.0399,-0.0183
202508,NRP-S,2027-11-30,1246529.5393961153,-49736.528621905,-22811.49057094891,25564.243303782,1199545.7635070435,-0.0582,0.020508333333333337,-0.0399,-0.0183
202508,NRP-S,2027-12-31,1199545.7635070435,-47861.87596393103,-21951.687472178895,24600.684366590285,1154332.884437524,-0.058199999999999995,0.020508333333333333,-0.0399,-0.0183
202508,NRP-S,2028-01-31,1154332.884437524,-46057.8820890572,-21124.29178520669,23673.44357167289,1110824.154134933,-0.05819999999999999,0.020508333333333337,-0.0399,-0.0183
202508,NRP-S,2028-02-29,1110824.154134933,-44321.88374998382,-20328.082020669273,22781.15202771725,1068955.3403919972,-0.058199999999999995,0.020508333333333333,-0.0399,-0.0183
202508,NRP-S,2028-03-31,1068955.3403919972,-42651.31808164069,-19561.88272917355,21922.49243920588,1028664.632020389,-0.0582,0.020508333333333333,-0.0399,-0.0183
202508,NRP-S,2028-04-30,1028664.632020389,-41043.71881761352,-18824.562765973118,21096.197161684813,989892.5475984871,-0.058199999999999995,0.020508333333333337,-0.0399,-0.0183
202508,NRP-S,2028-05-31,989892.5475984871,-39496.71264917964,-18115.033621052313,20301.04633033231,952581.8476585875,-0.058199999999999995,0.020508333333333337,-0.0399,-0.0183
202508,NRP-S,2028-06-30,952581.8476585875,-38008.01572157764,-17432.247812152153,19535.86605906487,916677.4501839225,-0.05820000000000001,0.020508333333333337,-0.0399,-0.0183
202508,NRP-S,2028-07-31,916677.4501839225,-36575.43026233851,-16775.197338365782,18799.526707521945,882126.3492907402,-0.0582,0.020508333333333333,-0.0399,-0.0183
202508,NRP-S,2028-08-31,882126.3492907402,-35196.841336700534,-16142.912192020545,18090.94121337093,848877.53697539,-0.058199999999999995,0.020508333333333333,-0.0399,-0.0183
202508,NRP-S,2028-09-30,848877.53697539,-33870.21372531806,-15534.458926649639,17409.063487470292,816881.9278108926,-0.0582,0.020508333333333333,-0.0399,-0.0183
202508,NRP-S,2028-10-31,816881.9278108926,-32593.588919654612,-14948.939278939335,16752.88686952172,786092.2864818203,-0.0582,0.020508333333333333,-0.0399,-0.0183
202508,NRP-S,2028-11-30,786092.2864818203,-31365.082230624626,-14385.488842617311,16121.442641931331,756463.1580505098,-0.0582,0.020508333333333333,-0.0399,-0.0183
202508,NRP-S,2028-12-31,756463.1580505098,-30182.88000621534,-13843.275792324328,15513.798599685872,727950.800851656,-0.058199999999999995,0.020508333333333333,-0.0399,-0.0183
202508,NRP-S,2029-01-31,727950.800851656,-29045.23695398107,-13321.499655585305,14929.057674132711,700513.1219162224,-0.058199999999999995,0.020508333333333333,-0.0399,-0.0183
202508,PRIME,2025-10-31,30052.62,-228.399912,-117.20521799999999,337.84153649999996,30044.8564065,-0.0115,0.011241666666666665,-0.0076,-0.0039
202508,PRIME,2025-11-30,30044.8564065,-228.34090868939998,-117.17493998535,337.75426076973747,30037.094818594986,-0.0115,0.011241666666666665,-0.0076,-0.0039
202508,PRIME,2025-12-31,30037.094818594986,-228.2819206213219,-117.14466979252043,337.6670075857053,30029.33523576685,-0.011499999999999998,0.011241666666666665,-0.0076,-0.0039
202508,PRIME,2026-01-31,30029.33523576685,-228.22294779182803,-117.1144074194907,337.579776942079,30021.57765749761,-0.011499999999999998,0.011241666666666667,-0.0076,-0.0039
202508,PRIME,2026-02-28,30021.57765749761,-228.16399019698184,-117.08415286424068,337.49256883303565,30013.822083269424,-0.0115,0.011241666666666667,-0.0076,-0.0039
202508,PRIME,2026-03-31,30013.822083269424,-228.10504783284762,-117.05390612475075,337.4053832527538,30006.06851256458,-0.0115,0.011241666666666667,-0.0076,-0.0039
202508,PRIME,2026-04-30,30006.06851256458,-228.0461206954908,-117.02366719900185,337.31822019541346,29998.316944865503,-0.0115,0.011241666666666665,-0.0076,-0.0039
202508,PRIME,2026-05-31,29998.316944865503,-227.98720878097782,-116.99343608497546,337.2310796551963,29990.567379654745,-0.011500000000000002,0.011241666666666665,-0.0076,-0.0039
202508,PRIME,2026-06-30,29990.567379654745,-227.92831208537606,-116.9632127806535,337.1439616262854,29982.819816415,-0.0115,0.011241666666666665,-0.0076,-0.0039
202508,PRIME,2026-07-31,29982.819816415,-227.869430604754,-116.9329972840185,337.0568661028653,29975.074254629097,-0.0115,0.011241666666666665,-0.0076,-0.0039
202508,PRIME,2026-08-31,29975.074254629097,-227.81056433518114,-116.90278959305347,336.9697930791221,29967.330693779986,-0.0115,0.011241666666666667,-0.0076,-0.0039
202508,PRIME,2026-09-30,29967.330693779986,-227.7517132727279,-116.87258970574194,336.88274254924335,29959.58913335076,-0.0115,0.011241666666666667,-0.0076,-0.0039
202508,PRIME,2026-10-31,29959.58913335076,-227.6928774134658,-116.84239762006796,336.7957145074181,29951.849572824645,-0.0115,0.011241666666666665,-0.007600000000000001,-0.0039
202508,PRIME,2026-11-30,29951.849572824645,-227.6340567534673,-116.8122133340161,336.708708947837,29944.112011685,-0.0115,0.011241666666666665,-0.0076,-0.0039
202508,PRIME,2026-12-31,29944.112011685,-227.575251288806,-116.7820368455715,336.6217258646922,29936.376449415315,-0.0115,0.011241666666666667,-0.0076,-0.0039
202508,PRIME,2027-01-31,29936.376449415315,-227.5164610155564,-116.75186815271972,336.5347652521771,29928.64288549922,-0.0115,0.011241666666666665,-0.0076,-0.0039
202508,PRIME,2027-02-28,29928.64288549922,-227.45768592979405,-116.72170725344695,336.44782710448703,29920.911319420462,-0.0115,0.011241666666666665,-0.0076,-0.0039
202508,PRIME,2027-03-31,29920.911319420462,-227.3989260275955,-116.6915541457398,336.36091141581835,29913.181750662945,-0.0115,0.011241666666666667,-0.0076,-0.0039
202508,PRIME,2027-04-30,29913.181750662945,-227.34018130503839,-116.66140882758548,336.27401818036924,29905.454178710694,-0.0115,0.011241666666666665,-0.0076,-0.0039
202508,PRIME,2027-05-31,29905.454178710694,-227.28145175820129,-116.6312712969717,336.18714739233934,29897.72860304786,-0.0115,0.011241666666666665,-0.007600000000000001,-0.0039
202508,PRIME,2027-06-30,29897.72860304786,-227.22273738316375,-116.60114155188666,336.1002990459297,29890.00502315874,-0.0115,0.011241666666666667,-0.0076,-0.0039
202508,PRIME,2027-07-31,29890.00502315874,-227.16403817600644,-116.57101959031908,336.01347313534285,29882.283438527757,-0.011500000000000002,0.011241666666666667,-0.0076,-0.0039
202508,PRIME,2027-08-31,29882.283438527757,-227.10535413281096,-116.54090541025825,335.92666965478287,29874.56384863947,-0.011500000000000002,0.011241666666666667,-0.0076,-0.0039
202508,PRIME,2027-09-30,29874.56384863947,-227.04668524966,-116.51079900969393,335.8398885984554,29866.846252978572,-0.011500000000000002,0.011241666666666667,-0.0076,-0.0039
202508,PRIME,2027-10-31,29866.846252978572,-226.98803152263716,-116.48070038661642,335.75312996056743,29859.13065102989,-0.0115,0.011241666666666665,-0.0076,-0.0039
202508,PRIME,2027-11-30,29859.13065102989,-226.92939294782715,-116.45060953901657,335.66639373532763,29851.41704227837,-0.011500000000000002,0.011241666666666665,-0.0076,-0.0039
202508,PRIME,2027-12-31,29851.41704227837,-226.87076952131562,-116.42052646488564,335.579679916946,29843.70542620912,-0.0115,0.011241666666666667,-0.0076,-0.0039
202508,PRIME,2028-01-31,29843.70542620912,-226.8121612391893,-116.39045116221556,335.4929884996341,29835.99580230735,-0.0115,0.011241666666666665,-0.0076,-0.0039
202508,PRIME,2028-02-29,29835.99580230735,-226.75356809753586,-116.36038362899865,335.4063194776051,29828.288170058422,-0.011500000000000002,0.011241666666666667,-0.0076,-0.0038999999999999994
202508,PRIME,2028-03-31,29828.288170058422,-226.69499009244402,-116.33032386322785,335.3196728450734,29820.582528947823,-0.011500000000000002,0.011241666666666665,-0.0076,-0.0039
202508,PRIME,2028-04-30,29820.582528947823,-226.63642722000347,-116.30027186289651,335.23304859625506,29812.87887846118,-0.0115,0.011241666666666665,-0.0076,-0.0039
202508,PRIME,2028-05-31,29812.87887846118,-226.57787947630496,-116.27022762599859,335.14644672536775,29805.17721808424,-0.011499999999999998,0.011241666666666667,-0.0076,-0.0039
202508,PRIME,2028-06-30,29805.17721808424,-226.51934685744024,-116.24019115052853,335.05986722663033,29797.477547302904,-0.0115,0.011241666666666665,-0.0076,-0.0039
202508,PRIME,2028-07-31,29797.477547302904,-226.46082935950207,-116.21016243448132,334.97331009426347,29789.77986560319,-0.0115,0.011241666666666665,-0.0076,-0.0039
202508,PRIME,2028-08-31,29789.77986560319,-226.40232697858423,-116.18014147585242,334.88677532248914,29782.08417247124,-0.0115,0.011241666666666665,-0.0076,-0.0039
202508,PRIME,2028-09-30,29782.08417247124,-226.34383971078142,-116.15012827263783,334.8002629055308,29774.39046739335,-0.011499999999999998,0.011241666666666665,-0.0076,-0.0039
202508,PRIME,2028-10-31,29774.39046739335,-226.28536755218946,-116.12012282283406,334.7137728376136,29766.69874985594,-0.0115,0.011241666666666667,-0.0076,-0.0039
202508,PRIME,2028-11-30,29766.69874985594,-226.22691049890514,-116.09012512443816,334.6273051129638,29759.009019345558,-0.0115,0.011241666666666665,-0.0076,-0.0039
202508,PRIME,2028-12-31,29759.009019345558,-226.16846854702624,-116.06013517544767,334.54085972580964,29751.321275348895,-0.0115,0.011241666666666667,-0.0076,-0.0039
202508,PRIME,2029-01-31,29751.321275348895,-226.1100416926516,-116.03015297386068,334.45443667038046,29743.635517352763,-0.0115,0.011241666666666665,-0.0076,-0.0039
202509,NON PRIME,2025-10-31,11481431.49,-206665.76682,-42481.296513,435528.967854,11667813.394521,-0.0217,0.03793333333333333,-0.018,-0.0037
202509,NON PRIME,2025-11-30,11667813.394521,-210020.641101378,-43170.909559727705,442599.0547654966,11857220.89862539,-0.0217,0.03793333333333333,-0.018,-0.0037000000000000006
202509,NON PRIME,2025-12-31,11857220.89862539,-213429.976175257,-43871.717324913945,449783.91275452316,12049703.11787974,-0.021699999999999997,0.03793333333333333,-0.018,-0.0037
202509,NON PRIME,2026-01-31,12049703.11787974,-216894.65612183532,-44583.90153615504,457085.40493823815,12245309.965159988,-0.0217,0.03793333333333333,-0.018,-0.0037
202509,NON PRIME,2026-02-28,12245309.965159988,-220415.57937287976,-45307.64687109196,464505.4246784022,12444092.16359442,-0.0217,0.03793333333333333,-0.018,-0.0037
202509,NON PRIME,2026-03-31,12444092.16359442,-223993.65894469953,-46043.14100529935,472045.8960723483,12646101.259716768,-0.0217,0.03793333333333333,-0.018,-0.0037
202509,NON PRIME,2026-04-30,12646101.259716768,-227629.8226749018,-46790.57466095204,479708.7744519227,12851389.636832837,-0.021699999999999997,0.03793333333333333,-0.018,-0.0037
202509,NON PRIME,2026-05-31,12851389.636832837,-231325.01346299105,-47550.1416562815,487496.0468905256,13060010.52860409,-0.021699999999999997,0.03793333333333333,-0.018,-0.0037
202509,NON PRIME,2026-06-30,13060010.52860409,-235080.1895148736,-48322.03895583514,495409.7327183818,13272018.032851763,-0.0217,0.03793333333333333,-0.018,-0.0037
202509,NON PRIME,2026-07-31,13272018.032851763,-238896.3245913317,-49106.46672155152,503451.88404617686,13487467.125585057,-0.0217,0.03793333333333333,-0.018,-0.0036999999999999997
202509,NON PRIME,2026-08-31,13487467.125585057,-242774.408260531,-49903.62836466471,511624.58629719313,13706413.675257053,-0.021699999999999997,0.03793333333333333,-0.018,-0.0037
202509,NON PRIME,2026-09-30,13706413.675257053,-246715.44615462693,-50713.7305984511,519929.9587480842,13928914.45725206,-0.021699999999999997,0.03793333333333333,-0.018,-0.0037
202509,NON PRIME,2026-10-31,13928914.45725206,-250720.46023053705,-51536.98349183262,528370.1550784281,14155027.168608118,-0.0217,0.03793333333333333,-0.018,-0.0037
202509,NON PRIME,2026-11-30,14155027.168608118,-254790.4890349461,-52373.60052385004,536947.3639292013,14384810.442978522,-0.0217,0.03793333333333333,-0.018,-0.0037
202509,NON PRIME,2026-12-31,14384810.442978522,-258926.58797361338,-53223.79863902053,545663.8094703186,14618323.865836207,-0.0217,0.03793333333333333,-0.018,-0.0037
202509,NON PRIME,2027-01-31,14618323.865836207,-263129.8295850517,-54087.79830359397,554521.7519773868,14855627.989924947,-0.021699999999999997,0.03793333333333333,-0.018,-0.0037
202509,NON PRIME,2027-02-28,14855627.989924947,-267401.30381864903,-54965.823562722304,563523.4884178196,15096784.350961395,-0.0217,0.03793333333333333,-0.018,-0.0037
202509,NON PRIME,2027-03-31,15096784.350961395,-271742.1183173051,-55858.10209855716,572671.3530464689,15341855.483592002,-0.0217,0.03793333333333333,-0.018000000000000002,-0.0037
202509,NON PRIME,2027-04-30,15341855.483592002,-276153.398704656,-56764.86528929041,581967.7180109232,15590904.93760898,-0.021699999999999997,0.03793333333333333,-0.018,-0.0037
202509,NON PRIME,2027-05-31,15590904.93760898,-280636.2888769616,-57686.348269153226,591414.9939666339,15843997.294429498,-0.021699999999999997,0.03793333333333333,-0.018,-0.0037
202509,NON PRIME,2027-06-30,15843997.294429498,-285191.9512997309,-58622.789989389144,601015.6307020256,16101198.183842404,-0.021699999999999997,0.03793333333333333,-0.018,-0.0037
202509,NON PRIME,2027-07-31,16101198.183842404,-289821.5673091632,-59574.433280216894,610772.1177737551,16362574.301026778,-0.021699999999999997,0.037933333333333326,-0.018,-0.0037
202509,NON PRIME,2027-08-31,16362574.301026778,-294526.337418482,-60541.52491379908,620686.9851522824,16628193.42384678,-0.0217,0.03793333333333333,-0.018,-0.0037
202509,NON PRIME,2027-09-30,16628193.42384678,-299307.481629242,-61524.31566823309,630762.8038779212,16898124.430427227,-0.0217,0.03793333333333333,-0.018,-0.0037
202509,NON PRIME,2027-10-31,16898124.430427227,-304166.2397476901,-62523.060392580745,641002.1867275395,17172437.317014497,-0.0217,0.03793333333333333,-0.018,-0.0037
202509,NON PRIME,2027-11-30,17172437.317014497,-309103.8717062609,-63538.018072953644,651407.7888920832,17451203.216127362,-0.021699999999999997,0.03793333333333333,-0.018,-0.0037
202509,NON PRIME,2027-12-31,17451203.216127362,-314121.65789029247,-64569.45189967124,661982.3086650979,17734494.415002495,-0.021699999999999997,0.03793333333333333,-0.018,-0.0037
202509,NON PRIME,2028-01-31,17734494.415002495,-319220.8994700449,-65617.62933550923,672728.488142428,18022384.37433937,-0.0217,0.03793333333333333,-0.018,-0.0037
202509,NON PRIME,2028-02-29,18022384.37433937,-324402.9187381086,-66682.82218505566,683649.1139332734,18314947.74734948,-0.021699999999999997,0.03793333333333333,-0.018,-0.0036999999999999997
202509,NON PRIME,2028-03-31,18314947.74734948,-329669.0594522906,-67765.30666519307,694747.0178827902,18612260.399114784,-0.021699999999999997,0.03793333333333333,-0.018,-0.0037
202509,NON PRIME,2028-04-30,18612260.399114784,-335020.6871840661,-68865.3634767247,706025.0778064207,18914399.426260415,-0.0217,0.03793333333333333,-0.018,-0.0036999999999999997
202509,NON PRIME,2028-05-31,18914399.426260415,-340459.18967268744,-69983.27787716353,717486.2182361451,19221443.17694671,-0.021699999999999997,0.03793333333333333,-0.018,-0.0036999999999999997
202509,NON PRIME,2028-06-30,19221443.17694671,-345985.97718504077,-71119.33975470283,729133.4111788453,19533471.27118581,-0.021699999999999997,0.03793333333333334,-0.018,-0.0037
202509,NON PRIME,2028-07-31,19533471.27118581,-351602.48288134456,-72273.84370338751,740969.6768869818,19850564.62148806,-0.021699999999999997,0.03793333333333333,-0.018,-0.0037
202509,NON PRIME,2028-08-31,19850564.62148806,-357310.16318678507,-73447.08909950583,752998.0846417804,20172805.453843553,-0.021699999999999997,0.037933333333333326,-0.018,-0.0037
202509,NON PRIME,2028-09-30,20172805.453843553,-363110.4981691839,-74639.38017922115,765221.753549132,20500277.32904428,-0.021699999999999997,0.03793333333333333,-0.018,-0.0037
202509,NON PRIME,2028-10-31,20500277.32904428,-369004.991922797,-75851.02611746383,777643.853348413,20833065.164352432,-0.0217,0.03793333333333333,-0.018,-0.0036999999999999997
202509,NON PRIME,2028-11-30,20833065.164352432,-374995.17295834376,-77082.341108104,790267.6052344356,21171255.255520422,-0.021699999999999997,0.03793333333333333,-0.018,-0.0036999999999999997
202509,NON PRIME,2028-12-31,21171255.255520422,-381082.5945993676,-78333.64444542557,803096.2826927413,21514935.29916837,-0.0217,0.037933333333333326,-0.018,-0.0037
202509,NON PRIME,2029-01-31,21514935.29916837,-387268.83538503066,-79605.26060692298,816133.2123484536,21864194.41552487,-0.0217,0.03793333333333333,-0.018,-0.0037000000000000006
202509,NRP-L,2025-10-31,15353.37,-299.390715,-138.18033,235.1624505,15150.961405500002,-0.0285,0.015316666666666666,-0.0195,-0.009
202509,NRP-L,2025-11-30,15150.961405500002,-295.44374740725004,-136.35865264950002,232.06222552757504,14951.221230970828,-0.0285,0.015316666666666668,-0.0195,-0.009
202509,NRP-L,2025-12-31,14951.221230970828,-291.54881400393117,-134.56099107873746,229.00287185436983,14754.11429774253,-0.0285,0.015316666666666664,-0.0195,-0.009000000000000001
202509,NRP-L,2026-01-31,14754.11429774253,-287.70522880597935,-132.78702867968275,225.98385066042306,14559.605890917292,-0.0285,0.015316666666666666,-0.0195,-0.009
202509,NRP-L,2026-02-28,14559.605890917292,-283.9123148728872,-131.03645301825563,223.00463022921653,14367.661753255365,-0.028499999999999998,0.015316666666666668,-0.0195,-0.009000000000000001
202509,NRP-L,2026-03-31,14367.661753255365,-280.16940418847963,-129.30895577929826,220.064685854028,14178.248079141613,-0.0285,0.015316666666666666,-0.0195,-0.008999999999999998
202509,NRP-L,2026-04-30,14178.248079141613,-276.47583754326143,-127.60423271227451,217.16349974551903,13991.331508631596,-0.028499999999999998,0.015316666666666666,-0.0195,-0.009
202509,NRP-L,2026-05-31,13991.331508631596,-272.8309644183161,-125.92198357768436,214.30056094054058,13806.879121576138,-0.028499999999999998,0.015316666666666664,-0.0195,-0.009
202509,NRP-L,2026-06-30,13806.879121576138,-269.2341428707347,-124.26191209418523,211.47536521214116,13624.858431823359,-0.028499999999999998,0.015316666666666666,-0.0195,-0.009
202509,NRP-L,2026-07-31,13624.858431823359,-265.6847394205555,-122.62372588641023,208.6874149807611,13445.237381497154,-0.0285,0.015316666666666666,-0.0195,-0.009
202509,NRP-L,2026-08-31,13445.237381497154,-262.1821289391945,-121.00713643347439,205.93621922659807,13267.984335351084,-0.0285,0.015316666666666666,-0.0195,-0.009
202509,NRP-L,2026-09-30,13267.984335351084,-258.72569453934614,-119.41185901815975,203.22129340312745,13093.068075196705,-0.0285,0.015316666666666668,-0.0195,-0.009
202509,NRP-L,2026-10-31,13093.068075196705,-255.31482746633574,-117.83761267677033,200.54215935176285,12920.45779440536,-0.0285,0.015316666666666666,-0.0195,-0.009
202509,NRP-L,2026-11-30,12920.45779440536,-251.9489269909045,-116.28412014964823,197.89834521764206,12750.123092482449,-0.028499999999999998,0.015316666666666664,-0.0195,-0.009
202509,NRP-L,2026-12-31,12750.123092482449,-248.62740030340774,-114.75110783234203,195.28938536652285,12582.03396971322,-0.028499999999999998,0.015316666666666668,-0.0195,-0.009
202509,NRP-L,2027-01-31,12582.03396971322,-245.34966240940778,-113.23830572741898,192.71482030277414,12416.160821879168,-0.028499999999999998,0.015316666666666666,-0.0195,-0.009
202509,NRP-L,2027-02-28,12416.160821879168,-242.11513602664377,-111.74544739691251,190.17419658844926,12252.474435044061,-0.028499999999999998,0.015316666666666668,-0.0195,-0.009
202509,NRP-L,2027-03-31,12252.474435044061,-238.9232514833592,-110.27226991539655,187.66706676342486,12090.945980408731,-0.0285,0.015316666666666666,-0.0195,-0.009
202509,NRP-L,2027-04-30,12090.945980408731,-235.77344661797025,-108.81851382367857,185.1929892665937,11931.547009233676,-0.0285,0.015316666666666666,-0.0195,-0.009
202509,NRP-L,2027-05-31,11931.547009233676,-232.6651666800567,-107.38392308310308,182.7515283580958,11774.249447828612,-0.0285,0.015316666666666668,-0.0195,-0.009
202509,NRP-L,2027-06-30,11774.249447828612,-229.59786423265794,-105.9682450304575,180.34225404257487,11619.025592608072,-0.0285,0.015316666666666664,-0.0195,-0.009
202509,NRP-L,2027-07-31,11619.025592608072,-226.57099905585738,-104.57123033347264,177.96474199344695,11465.848105212188,-0.0285,0.015316666666666666,-0.0195,-0.009
202509,NRP-L,2027-08-31,11465.848105212188,-223.58403805163766,-103.19263294690968,175.61857347816667,11314.690007691806,-0.028499999999999998,0.015316666666666666,-0.0195,-0.009
202509,NRP-L,2027-09-30,11314.690007691806,-220.6364551499902,-101.83221006922625,173.30333528447952,11165.52467775707,-0.028499999999999998,0.015316666666666668,-0.0195,-0.009
202509,NRP-L,2027-10-31,11165.52467775707,-217.72773121626287,-100.48972209981362,171.01861964764578,11018.32584408864,-0.0285,0.015316666666666666,-0.0195,-0.009
202509,NRP-L,2027-11-30,11018.32584408864,-214.85735395972847,-99.16493259679775,168.76402417862434,10873.067581710739,-0.0285,0.015316666666666666,-0.0195,-0.009
202509,NRP-L,2027-12-31,10873.067581710739,-212.02481784335941,-97.85760823539664,166.53915179320282,10729.724307425184,-0.0285,0.015316666666666668,-0.0195,-0.009
202509,NRP-L,2028-01-31,10729.724307425184,-209.22962399479107,-96.56751876682665,164.34361064206237,10588.270775305627,-0.028499999999999998,0.015316666666666664,-0.0195,-0.009
202509,NRP-L,2028-02-29,10588.270775305627,-206.47128011845973,-95.29443697775064,162.17701404176452,10448.682072251182,-0.0285,0.015316666666666666,-0.0195,-0.009
202509,NRP-L,2028-03-31,10448.682072251182,-203.74930040889805,-94.03813865026063,160.03898040664725,10310.93361359867,-0.0285,0.015316666666666666,-0.0195,-0.009
202509,NRP-L,2028-04-30,10310.93361359867,-201.06320546517406,-92.79840252238803,157.92913318161962,10175.001138792728,-0.028499999999999998,0.015316666666666664,-0.0195,-0.009
202509,NRP-L,2028-05-31,10175.001138792728,-198.4125222064582,-91.57501024913455,155.84710077584194,10040.860707112977,-0.028499999999999998,0.015316666666666666,-0.0195,-0.009
202509,NRP-L,2028-06-30,10040.860707112977,-195.79678378870307,-90.36774636401678,153.79251649728045,9908.488693457539,-0.0285,0.015316666666666668,-0.0195,-0.009
202509,NRP-L,2028-07-31,9908.488693457539,-193.215529522422,-89.17639824111784,151.76501848812464,9777.861784182123,-0.0285,0.015316666666666668,-0.0195,-0.009
202509,NRP-L,2028-08-31,9777.861784182123,-190.6683047915514,-88.00075605763911,149.7642496610562,9648.956972993989,-0.028499999999999998,0.015316666666666668,-0.0195,-0.009
202509,NRP-L,2028-09-30,9648.956972993989,-188.1546609733828,-86.84061275694589,147.7898576363579,9521.751556900019,-0.0285,0.015316666666666664,-0.0195,-0.009
202509,NRP-L,2028-10-31,9521.751556900019,-185.67415535955035,-85.69576401210016,145.84149467985193,9396.223132208219,-0.028499999999999994,0.015316666666666664,-0.0195,-0.009
202509,NRP-L,2028-11-30,9396.223132208219,-183.22635107806028,-84.56600818987397,143.91881764165586,9272.349590581942,-0.028499999999999998,0.015316666666666664,-0.0195,-0.009
202509,NRP-L,2028-12-31,9272.349590581942,-180.81081701634787,-83.45114631523747,142.02148789574673,9150.109115146102,-0.028499999999999998,0.015316666666666666,-0.0195,-0.009
202509,NRP-L,2029-01-31,9150.109115146102,-178.427127745349,-82.35098203631492,140.14917128032113,9029.480176644762,-0.028500000000000004,0.015316666666666666,-0.0195,-0.009
202509,NRP-M,2025-10-31,8727304.43,-112582.227147,-13963.687088,137455.0447725,8738213.5605375,-0.0145,0.01575,-0.0129,-0.0016
202509,NRP-M,2025-11-30,8738213.5605375,-112722.95493093376,-13981.14169686,137626.86357846562,8749136.327488173,-0.0145,0.01575,-0.0129,-0.0016
202509,NRP-M,2025-12-31,8749136.327488173,-112863.85862459743,-13998.618123981078,137798.8971579387,8760072.747897534,-0.0145,0.01575,-0.0129,-0.0016
202509,NRP-M,2026-01-31,8760072.747897534,-113004.93844787819,-14016.116396636055,137971.14577938616,8771022.838832406,-0.014499999999999999,0.01575,-0.0129,-0.0016
202509,NRP-M,2026-02-28,8771022.838832406,-113146.19462093804,-14033.636542131851,138143.6097116104,8781986.617380945,-0.014499999999999999,0.01575,-0.0129,-0.0016
202509,NRP-M,2026-03-31,8781986.617380945,-113287.62736421419,-14051.178587809512,138316.2892237499,8792964.10065267,-0.014499999999999999,0.01575,-0.0129,-0.0016
202509,NRP-M,2026-04-30,8792964.10065267,-113429.23689841945,-14068.742561044273,138489.18458527955,8803955.305778485,-0.014499999999999999,0.01575,-0.0129,-0.0016
202509,NRP-M,2026-05-31,8803955.305778485,-113571.02344454246,-14086.328489245576,138662.29606601113,8814960.249910707,-0.014499999999999999,0.01575,-0.0129,-0.0016
202509,NRP-M,2026-06-30,8814960.249910707,-113712.98722384812,-14103.936399857132,138835.62393609362,8825978.950223096,-0.0145,0.01575,-0.0129,-0.0016
202509,NRP-M,2026-07-31,8825978.950223096,-113855.12845787793,-14121.566320356953,139009.16846601377,8837011.423910873,-0.0145,0.01575,-0.0129,-0.0016
202509,NRP-M,2026-08-31,8837011.423910873,-113997.44736845026,-14139.218278257398,139182.92992659626,8848057.688190762,-0.014499999999999999,0.01575,-0.0129,-0.0016
202509,NRP-M,2026-09-30,8848057.688190762,-114139.94417766083,-14156.89230110522,139356.9085890045,8859117.760301,-0.0145,0.01575,-0.0129,-0.0016
202509,NRP-M,2026-10-31,8859117.760301,-114282.6191078829,-14174.5884164816,139531.10472474076,8870191.657501375,-0.0145,0.01575,-0.0129,-0.0016
202509,NRP-M,2026-11-30,8870191.657501375,-114425.47238176774,-14192.3066520022,139705.51860564665,8881279.397073252,-0.0145,0.01575,-0.0129,-0.0016
202509,NRP-M,2026-12-31,8881279.397073252,-114568.50422224496,-14210.047035317204,139880.15050390371,8892380.996319592,-0.014499999999999999,0.01575,-0.0129,-0.0016
202509,NRP-M,2027-01-31,8892380.996319592,-114711.71485252274,-14227.809594111348,140055.0006920336,8903496.472564992,-0.014499999999999999,0.01575,-0.0129,-0.0016
202509,NRP-M,2027-02-28,8903496.472564992,-114855.10449608839,-14245.594356103988,140230.06944289862,8914625.843155697,-0.0145,0.01575,-0.0129,-0.0016
202509,NRP-M,2027-03-31,8914625.843155697,-114998.6733767085,-14263.401349049116,140405.35702970222,8925769.125459641,-0.0145,0.01575,-0.0129,-0.0016
202509,NRP-M,2027-04-30,8925769.125459641,-115142.42171842937,-14281.230600735427,140580.86372598936,8936926.336866466,-0.0145,0.01575,-0.0129,-0.0016
202509,NRP-M,2027-05-31,8936926.336866466,-115286.34974557742,-14299.082138986347,140756.58980564683,8948097.49478755,-0.0145,0.015749999999999997,-0.0129,-0.0016
202509,NRP-M,2027-06-30,8948097.49478755,-115430.45768275938,-14316.95599166008,140932.5355429039,8959282.616656035,-0.0145,0.01575,-0.0129,-0.0016
202509,NRP-M,2027-07-31,8959282.616656035,-115574.74575486286,-14334.852186649658,141108.70121233255,8970481.719926855,-0.0145,0.01575,-0.0129,-0.0016
202509,NRP-M,2027-08-31,8970481.719926855,-115719.21418705642,-14352.770751882968,141285.08708884797,8981694.822076764,-0.0145,0.01575,-0.0129,-0.0016
202509,NRP-M,2027-09-30,8981694.822076764,-115863.86320479025,-14370.711715322823,141461.69344770903,8992921.94060436,-0.014499999999999999,0.01575,-0.0129,-0.0016
202509,NRP-M,2027-10-31,8992921.94060436,-116008.69303379625,-14388.675104966978,141638.52056451867,9004163.093030117,-0.0145,0.015749999999999997,-0.0129,-0.0016
202509,NRP-M,2027-11-30,9004163.093030117,-116153.70390008851,-14406.660948848188,141815.56871522436,9015418.296896406,-0.0145,0.01575,-0.0129,-0.0016
202509,NRP-M,2027-12-31,9015418.296896406,-116298.89602996364,-14424.66927503425,141992.83817611838,9026687.569767525,-0.0145,0.01575,-0.0129,-0.0016
202509,NRP-M,2028-01-31,9026687.569767525,-116444.26965000108,-14442.70011162804,142170.32922383852,9037970.929229734,-0.0145,0.01575,-0.0129,-0.0016
202509,NRP-M,2028-02-29,9037970.929229734,-116589.82498706358,-14460.753486767575,142348.0421353683,9049268.392891273,-0.0145,0.01575,-0.0129,-0.0016
202509,NRP-M,2028-03-31,9049268.392891273,-116735.56226829742,-14478.829428626037,142525.97718803756,9060579.978382386,-0.0145,0.01575,-0.0129,-0.0016
202509,NRP-M,2028-04-30,9060579.978382386,-116881.48172113279,-14496.927965411818,142704.1346595226,9071905.703355365,-0.014500000000000002,0.01575,-0.0129,-0.0016
202509,NRP-M,2028-05-31,9071905.703355365,-117027.5835732842,-14515.049125368583,142882.514827847,9083245.58548456,-0.014499999999999999,0.01575,-0.0129,-0.0016
202509,NRP-M,2028-06-30,9083245.58548456,-117173.86805275083,-14533.192936775298,143061.11797138184,9094599.642466415,-0.0145,0.01575,-0.0129,-0.0016
202509,NRP-M,2028-07-31,9094599.642466415,-117320.33538781675,-14551.359427946265,143239.94436884605,9105967.8920195,-0.014499999999999999,0.01575,-0.0129,-0.0016
202509,NRP-M,2028-08-31,9105967.8920195,-117466.98580705153,-14569.5486272312,143418.99429930712,9117350.351884523,-0.0145,0.01575,-0.0129,-0.0016
202509,NRP-M,2028-09-30,9117350.351884523,-117613.81953931035,-14587.760563015237,143598.26804218124,9128747.039824378,-0.0145,0.01575,-0.0129,-0.0016
202509,NRP-M,2028-10-31,9128747.039824378,-117760.83681373447,-14605.995263719005,143777.76587723396,9140157.973624157,-0.014499999999999999,0.01575,-0.0129,-0.0016
202509,NRP-M,2028-11-30,9140157.973624157,-117908.03785975162,-14624.252757798651,143957.4880845805,9151583.171091188,-0.0145,0.015750000000000004,-0.0129,-0.0016
202509,NRP-M,2028-12-31,9151583.171091188,-118055.42290707632,-14642.5330737459,144137.43494468622,9163022.65005505,-0.014499999999999999,0.01575,-0.0129,-0.0016
202509,NRP-M,2029-01-31,9163022.65005505,-118202.99218571016,-14660.836240088081,144317.60673836706,9174476.428367618,-0.0145,0.01575,-0.0129,-0.0016
202509,NRP-S,2025-10-31,3314123.2199999997,-55677.27009599999,-8285.30805,67967.1437035,3318127.7855574996,-0.019299999999999998,0.020508333333333333,-0.0168,-0.0025
202509,NRP-S,2025-11-30,3318127.7855574996,-55744.54679736599,-8295.31946389375,68049.27066880839,3322137.1899650483,-0.019299999999999998,0.020508333333333333,-0.0168,-0.0025
202509,NRP-S,2025-12-31,3322137.1899650483,-55811.90479141281,-8305.34297491262,68131.49687086654,3326151.439069589,-0.0193,0.020508333333333337,-0.0168,-0.0025
202509,NRP-S,2026-01-31,3326151.439069589,-55879.34417636909,-8315.378597673973,68213.82242958549,3330170.538725131,-0.019299999999999998,0.020508333333333333,-0.0168,-0.0025
202509,NRP-S,2026-02-28,3330170.538725131,-55946.8650505822,-8325.426346812828,68296.24746502124,3334194.4947927576,-0.019299999999999998,0.020508333333333337,-0.0168,-0.0025
202509,NRP-S,2026-03-31,3334194.4947927576,-56014.46751251832,-8335.486236981895,68378.77209737481,3338223.313140632,-0.019299999999999998,0.020508333333333333,-0.0168,-0.0025
202509,NRP-S,2026-04-30,3338223.313140632,-56082.15166076262,-8345.55828285158,68461.39644699247,3342256.9996440103,-0.0193,0.020508333333333333,-0.0168,-0.0025
202509,NRP-S,2026-05-31,3342256.9996440103,-56149.91759401937,-8355.642499110027,68544.12063436591,3346295.5601852466,-0.019299999999999998,0.020508333333333333,-0.0168,-0.0025
202509,NRP-S,2026-06-30,3346295.5601852466,-56217.76541111214,-8365.738900463117,68626.94478013243,3350339.000653804,-0.019299999999999998,0.020508333333333333,-0.0168,-0.0025
202509,NRP-S,2026-07-31,3350339.000653804,-56285.695210983904,-8375.84750163451,68709.86900507509,3354387.3269462604,-0.0193,0.020508333333333333,-0.0168,-0.0025
202509,NRP-S,2026-08-31,3354387.3269462604,-56353.70709269717,-8385.96831736565,68792.89343012289,3358440.5449663205,-0.0193,0.020508333333333333,-0.0168,-0.0024999999999999996
202509,NRP-S,2026-09-30,3358440.5449663205,-56421.80115543418,-8396.101362415802,68876.01817635096,3362498.6606248217,-0.019299999999999998,0.020508333333333333,-0.0168,-0.0025000000000000005
202509,NRP-S,2026-10-31,3362498.6606248217,-56489.977498497,-8406.246651562054,68959.24336498072,3366561.6798397438,-0.019299999999999998,0.020508333333333333,-0.0168,-0.0025
202509,NRP-S,2026-11-30,3366561.6798397438,-56558.23622130769,-8416.40419959936,69042.56911738009,3370629.608536217,-0.0193,0.020508333333333337,-0.0168,-0.0025
202509,NRP-S,2026-12-31,3370629.608536217,-56626.57742340844,-8426.574021340542,69125.99555506358,3374702.4526465316,-0.019299999999999998,0.020508333333333333,-0.0168,-0.0025
202509,NRP-S,2027-01-31,3374702.4526465316,-56695.001204461725,-8436.75613161633,69209.52279969263,3378780.218110146,-0.019299999999999998,0.020508333333333337,-0.0168,-0.0025000000000000005
202509,NRP-S,2027-02-28,3378780.218110146,-56763.50766425045,-8446.950545275366,69293.15097307558,3382862.9108736953,-0.019299999999999998,0.020508333333333333,-0.0168,-0.0025
202509,NRP-S,2027-03-31,3382862.9108736953,-56832.09690267808,-8457.157277184238,69376.88019716804,3386950.536891001,-0.0193,0.020508333333333333,-0.0168,-0.0025
202509,NRP-S,2027-04-30,3386950.536891001,-56900.76901976881,-8467.376342227502,69460.71059407295,3391043.102123077,-0.0193,0.020508333333333337,-0.0168,-0.0025
202509,NRP-S,2027-05-31,3391043.102123077,-56969.52411566769,-8477.607755307692,69544.64228604078,3395140.6125381426,-0.019299999999999998,0.020508333333333333,-0.0168,-0.0025
202509,NRP-S,2027-06-30,3395140.6125381426,-57038.36229064079,-8487.851531345357,69628.67539546975,3399243.074111626,-0.0193,0.020508333333333337,-0.0168,-0.0025
202509,NRP-S,2027-07-31,3399243.074111626,-57107.28364507532,-8498.107685279065,69712.81004490594,3403350.4928261777,-0.0193,0.020508333333333337,-0.0168,-0.0025
202509,NRP-S,2027-08-31,3403350.4928261777,-57176.288279479784,-8508.376232065444,69797.04635704354,3407462.874671676,-0.019299999999999998,0.020508333333333337,-0.0168,-0.0025
202509,NRP-S,2027-09-30,3407462.874671676,-57245.37629448416,-8518.657186679191,69881.38445472496,3411580.2256452376,-0.0193,0.020508333333333333,-0.0168,-0.0025
202509,NRP-S,2027-10-31,3411580.2256452376,-57314.54779083999,-8528.950564113095,69965.82446094109,3415702.5517512257,-0.0193,0.020508333333333337,-0.0168,-0.0025
202509,NRP-S,2027-11-30,3415702.5517512257,-57383.802869420586,-8539.256379378065,70050.36649883138,3419829.8590012584,-0.019299999999999998,0.020508333333333333,-0.0168,-0.0025
202509,NRP-S,2027-12-31,3419829.8590012584,-57453.14163122114,-8549.574647503146,70135.01069168415,3423962.1534142187,-0.0193,0.020508333333333337,-0.0168,-0.0025
202509,NRP-S,2028-01-31,3423962.1534142187,-57522.56417735887,-8559.905383535546,70219.7571629366,3428099.4410162605,-0.019299999999999998,0.020508333333333333,-0.0168,-0.0025
202509,NRP-S,2028-02-29,3428099.4410162605,-57592.07060907318,-8570.24860254065,70304.60603617514,3432241.7278408217,-0.019299999999999998,0.020508333333333333,-0.0168,-0.0024999999999999996
202509,NRP-S,2028-03-31,3432241.7278408217,-57661.6610277258,-8580.604319602055,70389.55743513552,3436389.019928629,-0.0193,0.020508333333333333,-0.0168,-0.0025
202509,NRP-S,2028-04-30,3436389.019928629,-57731.335534800965,-8590.972549821572,70474.61148370297,3440541.3233277095,-0.019299999999999998,0.020508333333333337,-0.0168,-0.0025
202509,NRP-S,2028-05-31,3440541.3233277095,-57801.09423190552,-8601.353308319274,70559.76830591245,3444698.6440933975,-0.0193,0.020508333333333337,-0.0168,-0.0025
202509,NRP-S,2028-06-30,3444698.6440933975,-57870.937220769076,-8611.746610233495,70645.02802594876,3448860.988288344,-0.019299999999999998,0.020508333333333333,-0.0168,-0.0025
202509,NRP-S,2028-07-31,3448860.988288344,-57940.864603244176,-8622.15247072086,70730.3907681468,3453028.3619825253,-0.019299999999999998,0.020508333333333337,-0.0168,-0.0024999999999999996
202509,NRP-S,2028-08-31,3453028.3619825253,-58010.87648130642,-8632.570904956314,70815.85665699163,3457200.7712532543,-0.019299999999999998,0.020508333333333333,-0.0168,-0.0025
202509,NRP-S,2028-09-30,3457200.7712532543,-58080.97295705467,-8643.001928133135,70901.42581711883,3461378.2221851856,-0.0193,0.020508333333333333,-0.0168,-0.0025
202509,NRP-S,2028-10-31,3461378.2221851856,-58151.15413271111,-8653.445555462964,70987.09837331453,3465560.720870326,-0.019299999999999998,0.020508333333333337,-0.0168,-0.0025
202509,NRP-S,2028-11-30,3465560.720870326,-58221.42011062147,-8663.901802175815,71072.8744505156,3469748.273408044,-0.019299999999999998,0.020508333333333337,-0.0168,-0.0025
202509,NRP-S,2028-12-31,3469748.273408044,-58291.77099325514,-8674.37068352011,71158.75417380997,3473940.885905079,-0.0193,0.020508333333333333,-0.0168,-0.0025
202509,NRP-S,2029-01-31,3473940.885905079,-58362.20688320533,-8684.852214762697,71244.73766843668,3478138.564475548,-0.0193,0.020508333333333337,-0.0168,-0.0025
202509,PRIME,2025-10-31,24414.84,-183.1113,-107.425296,274.46349299999997,24398.766896999998,-0.0119,0.011241666666666665,-0.0075,-0.0044
202509,PRIME,2025-11-30,24398.766896999998,-182.99075172749997,-107.35457434679999,274.28280453377494,24382.704375459474,-0.0119,0.011241666666666665,-0.0075,-0.0044
202509,PRIME,2025-12-31,24382.704375459474,-182.87028281594604,-107.2838992520217,274.10223502079026,24366.652428412293,-0.011899999999999999,0.011241666666666667,-0.0075,-0.0044
202509,PRIME,2026-01-31,24366.652428412293,-182.7498932130922,-107.2132706850141,273.92178438273487,24350.611048896924,-0.0119,0.011241666666666667,-0.007500000000000001,-0.0044
202509,PRIME,2026-02-28,24350.611048896924,-182.62958286672693,-107.14268861514647,273.7414525413496,24334.5802299564,-0.0119,0.011241666666666667,-0.0075,-0.0044
202509,PRIME,2026-03-31,24334.5802299564,-182.50935172467297,-107.07215301180815,273.5612394184265,24318.559964638345,-0.011899999999999999,0.011241666666666667,-0.007499999999999999,-0.0044
202509,PRIME,2026-04-30,24318.559964638345,-182.38919973478758,-107.00166384440872,273.38114493580935,24302.550245994957,-0.0119,0.011241666666666664,-0.0075,-0.0044
202509,PRIME,2026-05-31,24302.550245994957,-182.26912684496216,-106.93122108237782,273.2011690153933,24286.551067083008,-0.011899999999999999,0.011241666666666667,-0.0075,-0.0044
202509,PRIME,2026-06-30,24286.551067083008,-182.14913300312256,-106.86082469516525,273.0213115791248,24270.56242096384,-0.011899999999999999,0.011241666666666667,-0.0075,-0.0044
202509,PRIME,2026-07-31,24270.56242096384,-182.0292181572288,-106.7904746522409,272.8415725490018,24254.584300703373,-0.011899999999999999,0.011241666666666665,-0.0075,-0.0044
202509,PRIME,2026-08-31,24254.584300703373,-181.9093822552753,-106.72017092309484,272.66195184707374,24238.616699372076,-0.0119,0.011241666666666665,-0.0075,-0.0044
202509,PRIME,2026-09-30,24238.616699372076,-181.78962524529055,-106.64991347723713,272.48244939544105,24222.659610044986,-0.011899999999999999,0.011241666666666665,-0.007499999999999999,-0.0044
202509,PRIME,2026-10-31,24222.659610044986,-181.66994707533738,-106.57970228419795,272.3030651162557,24206.713025801706,-0.0119,0.011241666666666667,-0.007499999999999999,-0.0044
202509,PRIME,2026-11-30,24206.713025801706,-181.55034769351278,-106.50953731352752,272.12379893172084,24190.776939726387,-0.011899999999999999,0.011241666666666667,-0.007499999999999999,-0.0044
202509,PRIME,2026-12-31,24190.776939726387,-181.4308270479479,-106.4394185347961,271.9446507640908,24174.851344907733,-0.0119,0.011241666666666665,-0.0075,-0.0044
202509,PRIME,2027-01-31,24174.851344907733,-181.311385086808,-106.36934591759403,271.7656205356711,24158.936234439003,-0.0119,0.011241666666666665,-0.007500000000000001,-0.0044
202509,PRIME,2027-02-28,24158.936234439003,-181.19202175829253,-106.29931943153161,271.58670816881846,24143.031601418,-0.0119,0.011241666666666667,-0.007500000000000001,-0.0044
202509,PRIME,2027-03-31,24143.031601418,-181.072737010635,-106.2293390462392,271.40791358594066,24127.137438947062,-0.011899999999999999,0.011241666666666665,-0.0075,-0.0044
202509,PRIME,2027-04-30,24127.137438947062,-180.95353079210295,-106.15940473136708,271.22923670949655,24111.25374013309,-0.011899999999999999,0.011241666666666667,-0.0075,-0.0044
202509,PRIME,2027-05-31,24111.25374013309,-180.83440305099816,-106.0895164565856,271.05067746199614,24095.380498087503,-0.0119,0.011241666666666667,-0.0075,-0.0044
202509,PRIME,2027-06-30,24095.380498087503,-180.71535373565627,-106.01967419158503,270.8722357660003,24079.51770592626,-0.011899999999999999,0.011241666666666665,-0.0075,-0.0044
202509,PRIME,2027-07-31,24079.51770592626,-180.59638279444695,-105.94987790607556,270.693911544121,24063.66535676986,-0.0119,0.011241666666666665,-0.0075,-0.0044
202509,PRIME,2027-08-31,24063.66535676986,-180.47749017577394,-105.88012756978739,270.51570471902113,24047.82344374332,-0.0119,0.011241666666666665,-0.0075,-0.0044
202509,PRIME,2027-09-30,24047.82344374332,-180.3586758280749,-105.81042315247062,270.3376152134145,24031.99195997619,-0.0119,0.011241666666666667,-0.0075,-0.0044
202509,PRIME,2027-10-31,24031.99195997619,-180.2399396998214,-105.74076462389523,270.15964295006563,24016.170898602537,-0.011899999999999999,0.011241666666666665,-0.0075,-0.0044
202509,PRIME,2027-11-30,24016.170898602537,-180.12128173951902,-105.67115195385117,269.98178785179016,24000.360252760955,-0.011899999999999999,0.011241666666666665,-0.0075,-0.0044
202509,PRIME,2027-12-31,24000.360252760955,-180.00270189570716,-105.6015851121482,269.8040498414544,23984.560015594554,-0.0119,0.011241666666666667,-0.0075,-0.0044
202509,PRIME,2028-01-31,23984.560015594554,-179.88420011695914,-105.53206406861604,269.62642884197544,23968.77018025096,-0.011899999999999999,0.011241666666666667,-0.007499999999999999,-0.0044
202509,PRIME,2028-02-29,23968.77018025096,-179.76577635188218,-105.46258879310422,269.4489247763212,23952.99073988229,-0.0119,0.011241666666666665,-0.0075,-0.0044
202509,PRIME,2028-03-31,23952.99073988229,-179.64743054911716,-105.39315925548209,269.27153756751005,23937.2216876452,-0.011899999999999999,0.011241666666666665,-0.007499999999999999,-0.0044
202509,PRIME,2028-04-30,23937.2216876452,-179.529162657339,-105.32377542563889,269.09426713861143,23921.463016700833,-0.011899999999999999,0.011241666666666665,-0.0075,-0.0044
202509,PRIME,2028-05-31,23921.463016700833,-179.41097262525625,-105.25443727348367,268.9171134127452,23905.714720214837,-0.0119,0.011241666666666667,-0.007500000000000001,-0.0044
202509,PRIME,2028-06-30,23905.714720214837,-179.29286040161128,-105.18514476894529,268.7400763130818,23889.976791357363,-0.0119,0.011241666666666665,-0.0075,-0.0044
202509,PRIME,2028-07-31,23889.976791357363,-179.17482593518022,-105.1158978819724,268.5631557628423,23874.249223303053,-0.0119,0.011241666666666665,-0.0075,-0.0044
202509,PRIME,2028-08-31,23874.249223303053,-179.05686917477288,-105.04669658253344,268.3863516852985,23858.532009231047,-0.0119,0.011241666666666667,-0.0075,-0.0044
202509,PRIME,2028-09-30,23858.532009231047,-178.93899006923283,-104.97754084061661,268.20966400377233,23842.825142324968,-0.011899999999999999,0.011241666666666665,-0.007499999999999999,-0.0044
202509,PRIME,2028-10-31,23842.825142324968,-178.82118856743725,-104.90843062622986,268.03309264163653,23827.128615772937,-0.011899999999999999,0.011241666666666667,-0.0075,-0.0044
202509,PRIME,2028-11-30,23827.128615772937,-178.70346461829703,-104.83936590940093,267.8566375223141,23811.44242276755,-0.0119,0.011241666666666665,-0.0075,-0.0044
202509,PRIME,2028-12-31,23811.44242276755,-178.58581817075662,-104.77034666017724,267.68029856927853,23795.766556505896,-0.011899999999999999,0.011241666666666665,-0.0075,-0.0044
202509,PRIME,2029-01-31,23795.766556505896,-178.46824917379422,-104.70137284862595,267.50407570605375,23780.101010189526,-0.0119,0.011241666666666665,-0.0075,-0.0044
