Cohort,Segment,Month,GBV,Coll_P,Coll_I,Coll_P_Rate,Coll_I_Rate
201912,NON PRIME,2025-10-31,387941.62,0.0,0.0,0.0,0.0
201912,NON PRIME,2025-11-30,391174.4668333333,0.0,0.0,0.0,0.0
201912,NON PRIME,2025-12-31,394434.2540569444,0.0,0.0,0.0,0.0
201912,NON PRIME,2026-01-31,397721.2061740856,0.0,0.0,0.0,0.0
201912,NON PRIME,2026-02-28,401035.5495588697,0.0,0.0,0.0,0.0
201912,NON PRIME,2026-03-31,404377.5124718603,0.0,0.0,0.0,0.0
201912,NON PRIME,2026-04-30,407747.32507579244,0.0,0.0,0.0,0.0
201912,NON PRIME,2026-05-31,411145.219451424,0.0,0.0,0.0,0.0
201912,NON PRIME,2026-06-30,414571.4296135192,0.0,0.0,0.0,0.0
201912,NON PRIME,2026-07-31,418026.19152696524,0.0,0.0,0.0,0.0
201912,NON PRIME,2026-08-31,421509.7431230233,0.0,0.0,0.0,0.0
201912,NON PRIME,2026-09-30,425022.3243157152,0.0,0.0,0.0,0.0
201912,NON PRIME,2026-10-31,428564.17701834615,0.0,0.0,0.0,0.0
201912,NON PRIME,2026-11-30,432135.5451601657,0.0,0.0,0.0,0.0
201912,NON PRIME,2026-12-31,435736.67470316705,0.0,0.0,0.0,0.0
201912,NON PRIME,2027-01-31,439367.81365902675,0.0,0.0,0.0,0.0
201912,NON PRIME,2027-02-28,443029.2121061853,0.0,0.0,0.0,0.0
201912,NON PRIME,2027-03-31,446721.1222070702,0.0,0.0,0.0,0.0
201912,NON PRIME,2027-04-30,450443.79822546244,0.0,0.0,0.0,0.0
201912,NON PRIME,2027-05-31,454197.49654400797,0.0,0.0,0.0,0.0
201912,NON PRIME,2027-06-30,457982.4756818747,0.0,0.0,0.0,0.0
201912,NON PRIME,2027-07-31,461798.996312557,0.0,0.0,0.0,0.0
201912,NON PRIME,2027-08-31,465647.32128182834,0.0,0.0,0.0,0.0
201912,NON PRIME,2027-09-30,469527.71562584356,0.0,0.0,0.0,0.0
201912,NON PRIME,2027-10-31,473440.44658939226,0.0,0.0,0.0,0.0
201912,NON PRIME,2027-11-30,477385.78364430385,0.0,0.0,0.0,0.0
201912,NON PRIME,2027-12-31,481363.9985080064,0.0,0.0,0.0,0.0
201912,NON PRIME,2028-01-31,485375.36516223976,0.0,0.0,0.0,0.0
201912,NON PRIME,2028-02-29,489420.1598719251,0.0,0.0,0.0,0.0
201912,NON PRIME,2028-03-31,493498.6612041911,0.0,0.0,0.0,0.0
201912,NON PRIME,2028-04-30,497611.15004755935,-262.07015688006317,0.0,-0.0005266565205683508,0.0
201912,NON PRIME,2028-05-31,501495.83947440895,-264.11605389709644,0.0,-0.0005266565205683508,0.0
201912,NRP-S,2025-10-31,60918.41999999999,0.0,-246.76357354376577,0.0,-0.004050721826727709
201912,NRP-S,2025-11-30,61179.309926456226,0.0,-222.7842172020388,0.0,-0.0036414960788189368
201912,NRP-S,2025-12-31,61466.35329197466,0.0,-200.06353747834822,0.0,-0.0032548463795796633
201912,NRP-S,2026-01-31,61778.50936526277,0.0,-178.4986796792184,0.0,-0.002889332900925995
201912,NRP-S,2026-02-28,62114.831596960736,0.0,-157.99679361136847,0.0,-0.0025436242769931172
201912,NRP-S,2026-03-31,62474.458399990704,0.0,-138.47389496216857,0.0,-0.002216488121843233
201912,NRP-S,2026-04-30,62856.60499169512,0.0,-119.85387384439086,0.0,-0.0019067824910401453
201912,NRP-S,2026-05-31,63260.55615944819,0.0,-102.06762931806556,0.0,-0.0016134481818465864
201912,NRP-S,2026-06-30,63685.65983145886,0.0,-85.05231205084426,0.0,-0.0013355017797716355
201912,NRP-S,2026-07-31,64131.32135133684,0.0,-68.75066005234032,0.0,-0.001072029370417879
201912,NRP-S,2026-08-31,64596.998369212306,0.0,-53.110414723656824,0.0,-0.0008221808453095225
201912,NRP-S,2026-09-30,65082.19627423209,0.0,-38.083806385608796,0.0,-0.0005851647388348397
201912,NRP-S,2026-10-31,65586.46410346508,0.0,-23.62710005681379,0.0,-0.00036024354079434995
201912,NRP-S,2026-11-30,66109.39087093715,0.0,-9.700193601181695,0.0,-0.00014672943546127984
201912,NRP-S,2026-12-31,66650.60226792711,0.0,0.0,0.0,0.0
201912,NRP-S,2027-01-31,67206.02395349318,0.0,0.0,0.0,0.0
201912,NRP-S,2027-02-28,67766.07415310561,0.0,0.0,0.0,0.0
201912,NRP-S,2027-03-31,68330.79143771483,0.0,0.0,0.0,0.0
201912,NRP-S,2027-04-30,68900.21469969579,0.0,0.0,0.0,0.0
201912,NRP-S,2027-05-31,69474.3831555266,0.0,0.0,0.0,0.0
201912,NRP-S,2027-06-30,70053.33634848932,0.0,0.0,0.0,0.0
201912,NRP-S,2027-07-31,70637.1141513934,0.0,0.0,0.0,0.0
201912,NRP-S,2027-08-31,71225.75676932167,0.0,0.0,0.0,0.0
201912,NRP-S,2027-09-30,71819.30474239936,0.0,0.0,0.0,0.0
201912,NRP-S,2027-10-31,72417.79894858602,0.0,0.0,0.0,0.0
201912,NRP-S,2027-11-30,73021.2806064909,0.0,0.0,0.0,0.0
201912,NRP-S,2027-12-31,73629.79127821165,0.0,0.0,0.0,0.0
201912,NRP-S,2028-01-31,74243.37287219675,0.0,0.0,0.0,0.0
201912,NRP-S,2028-02-29,74862.06764613172,0.0,0.0,0.0,0.0
201912,NRP-S,2028-03-31,75485.91820984948,0.0,0.0,0.0,0.0
201912,NRP-S,2028-04-30,76114.9675282649,-520.0120457641053,0.0,-0.006831928891922624,0.0
201912,NRP-S,2028-05-31,76229.24687856967,-520.7927941592026,0.0,-0.0068319288919226236,0.0
202001,NON PRIME,2025-10-31,98748.52000000002,0.0,0.0,0.0,0.0
202001,NON PRIME,2025-11-30,99571.42433333336,0.0,0.0,0.0,0.0
202001,NON PRIME,2025-12-31,100401.1862027778,0.0,0.0,0.0,0.0
202001,NON PRIME,2026-01-31,101237.86275446761,0.0,0.0,0.0,0.0
202001,NON PRIME,2026-02-28,102081.51161075484,0.0,0.0,0.0,0.0
202001,NON PRIME,2026-03-31,102932.1908741778,0.0,0.0,0.0,0.0
202001,NON PRIME,2026-04-30,103789.95913146262,0.0,0.0,0.0,0.0
202001,NON PRIME,2026-05-31,104654.87545755814,0.0,0.0,0.0,0.0
202001,NON PRIME,2026-06-30,105526.99941970446,0.0,0.0,0.0,0.0
202001,NON PRIME,2026-07-31,106406.39108153533,0.0,0.0,0.0,0.0
202001,NON PRIME,2026-08-31,107293.11100721479,0.0,0.0,0.0,0.0
202001,NON PRIME,2026-09-30,108187.22026560824,0.0,0.0,0.0,0.0
202001,NON PRIME,2026-10-31,109088.7804344883,0.0,0.0,0.0,0.0
202001,NON PRIME,2026-11-30,109997.85360477571,0.0,0.0,0.0,0.0
202001,NON PRIME,2026-12-31,110914.50238481551,0.0,0.0,0.0,0.0
202001,NON PRIME,2027-01-31,111838.78990468898,0.0,0.0,0.0,0.0
202001,NON PRIME,2027-02-28,112770.7798205614,0.0,0.0,0.0,0.0
202001,NON PRIME,2027-03-31,113710.53631906607,0.0,0.0,0.0,0.0
202001,NON PRIME,2027-04-30,114658.12412172496,0.0,0.0,0.0,0.0
202001,NON PRIME,2027-05-31,115613.608489406,0.0,0.0,0.0,0.0
202001,NON PRIME,2027-06-30,116577.05522681773,0.0,0.0,0.0,0.0
202001,NON PRIME,2027-07-31,117548.5306870412,0.0,0.0,0.0,0.0
202001,NON PRIME,2027-08-31,118528.10177609988,0.0,0.0,0.0,0.0
202001,NON PRIME,2027-09-30,119515.83595756738,0.0,0.0,0.0,0.0
202001,NON PRIME,2027-10-31,120511.80125721378,0.0,0.0,0.0,0.0
202001,NON PRIME,2027-11-30,121516.06626769056,0.0,0.0,0.0,0.0
202001,NON PRIME,2027-12-31,122528.70015325466,0.0,0.0,0.0,0.0
202001,NON PRIME,2028-01-31,123549.77265453179,0.0,0.0,0.0,0.0
202001,NON PRIME,2028-02-29,124579.35409331955,0.0,0.0,0.0,0.0
202001,NON PRIME,2028-03-31,125617.51537743054,0.0,0.0,0.0,0.0
202001,NON PRIME,2028-04-30,126664.3280055758,0.0,0.0,0.0,0.0
202001,NON PRIME,2028-05-31,127719.86407228892,0.0,0.0,0.0,0.0
202001,NRP-S,2025-10-31,4571.870000000001,0.0,0.0,0.0,0.0
202001,NRP-S,2025-11-30,4609.968916666668,0.0,0.0,0.0,0.0
202001,NRP-S,2025-12-31,4648.385324305556,0.0,0.0,0.0,0.0
202001,NRP-S,2026-01-31,4687.12186867477,0.0,0.0,0.0,0.0
202001,NRP-S,2026-02-28,4726.1812175803925,0.0,0.0,0.0,0.0
202001,NRP-S,2026-03-31,4765.566061060229,0.0,0.0,0.0,0.0
202001,NRP-S,2026-04-30,4805.279111569064,0.0,0.0,0.0,0.0
202001,NRP-S,2026-05-31,4845.3231041654735,0.0,0.0,0.0,0.0
202001,NRP-S,2026-06-30,4885.7007967001855,0.0,0.0,0.0,0.0
202001,NRP-S,2026-07-31,4926.414970006021,0.0,0.0,0.0,0.0
202001,NRP-S,2026-08-31,4967.468428089404,0.0,0.0,0.0,0.0
202001,NRP-S,2026-09-30,5008.8639983234825,0.0,0.0,0.0,0.0
202001,NRP-S,2026-10-31,5050.604531642844,0.0,0.0,0.0,0.0
202001,NRP-S,2026-11-30,5092.692902739868,0.0,0.0,0.0,0.0
202001,NRP-S,2026-12-31,5135.1320102627005,0.0,0.0,0.0,0.0
202001,NRP-S,2027-01-31,5177.9247770148895,0.0,0.0,0.0,0.0
202001,NRP-S,2027-02-28,5221.07415015668,0.0,0.0,0.0,0.0
202001,NRP-S,2027-03-31,5264.583101407986,0.0,0.0,0.0,0.0
202001,NRP-S,2027-04-30,5308.454627253052,0.0,0.0,0.0,0.0
202001,NRP-S,2027-05-31,5352.6917491468275,0.0,0.0,0.0,0.0
202001,NRP-S,2027-06-30,5397.297513723051,0.0,0.0,0.0,0.0
202001,NRP-S,2027-07-31,5442.274993004077,0.0,0.0,0.0,0.0
202001,NRP-S,2027-08-31,5487.627284612445,0.0,0.0,0.0,0.0
202001,NRP-S,2027-09-30,5533.357511984215,0.0,0.0,0.0,0.0
202001,NRP-S,2027-10-31,5579.468824584083,0.0,0.0,0.0,0.0
202001,NRP-S,2027-11-30,5625.964398122284,0.0,0.0,0.0,0.0
202001,NRP-S,2027-12-31,5672.847434773304,0.0,0.0,0.0,0.0
202001,NRP-S,2028-01-31,5720.121163396415,0.0,0.0,0.0,0.0
202001,NRP-S,2028-02-29,5767.788839758052,0.0,0.0,0.0,0.0
202001,NRP-S,2028-03-31,5815.853746756035,0.0,0.0,0.0,0.0
202001,NRP-S,2028-04-30,5864.319194645669,0.0,0.0,0.0,0.0
202001,NRP-S,2028-05-31,5913.188521267716,-886.9782781901574,0.0,-0.15,0.0
202101,NON PRIME,2025-10-31,832148.8999999999,0.0,0.0,0.0,0.0
202101,NON PRIME,2025-11-30,839083.4741666666,0.0,0.0,0.0,0.0
202101,NON PRIME,2025-12-31,846075.8364513889,0.0,0.0,0.0,0.0
202101,NON PRIME,2026-01-31,853126.4684218172,0.0,0.0,0.0,0.0
202101,NON PRIME,2026-02-28,860235.8556586656,0.0,0.0,0.0,0.0
202101,NON PRIME,2026-03-31,867404.4877891545,0.0,0.0,0.0,0.0
202101,NON PRIME,2026-04-30,874632.8585207309,0.0,0.0,0.0,0.0
202101,NON PRIME,2026-05-31,881921.4656750703,0.0,0.0,0.0,0.0
202101,NON PRIME,2026-06-30,889270.8112223626,0.0,0.0,0.0,0.0
202101,NON PRIME,2026-07-31,896681.4013158822,0.0,0.0,0.0,0.0
202101,NON PRIME,2026-08-31,904153.7463268479,0.0,0.0,0.0,0.0
202101,NON PRIME,2026-09-30,911688.3608795716,0.0,0.0,0.0,0.0
202101,NON PRIME,2026-10-31,919285.7638869014,0.0,0.0,0.0,0.0
202101,NON PRIME,2026-11-30,926946.478585959,0.0,0.0,0.0,0.0
202101,NON PRIME,2026-12-31,934671.0325741753,0.0,0.0,0.0,0.0
202101,NON PRIME,2027-01-31,942459.9578456267,0.0,0.0,0.0,0.0
202101,NON PRIME,2027-02-28,950313.7908276736,0.0,0.0,0.0,0.0
202101,NON PRIME,2027-03-31,958233.0724179043,0.0,0.0,0.0,0.0
202101,NON PRIME,2027-04-30,966218.3480213868,0.0,0.0,0.0,0.0
202101,NON PRIME,2027-05-31,974270.1675882316,0.0,0.0,0.0,0.0
202101,NON PRIME,2027-06-30,982389.0856514669,0.0,0.0,0.0,0.0
202101,NON PRIME,2027-07-31,990575.661365229,0.0,0.0,0.0,0.0
202101,NON PRIME,2027-08-31,998830.4585432727,0.0,0.0,0.0,0.0
202101,NON PRIME,2027-09-30,1007154.0456978,0.0,0.0,0.0,0.0
202101,NON PRIME,2027-10-31,1015546.996078615,0.0,0.0,0.0,0.0
202101,NON PRIME,2027-11-30,1024009.8877126034,0.0,0.0,0.0,0.0
202101,NON PRIME,2027-12-31,1032543.3034435418,0.0,0.0,0.0,0.0
202101,NON PRIME,2028-01-31,1041147.830972238,0.0,0.0,0.0,0.0
202101,NON PRIME,2028-02-29,1049824.0628970065,0.0,0.0,0.0,0.0
202101,NON PRIME,2028-03-31,1058572.5967544816,0.0,0.0,0.0,0.0
202101,NON PRIME,2028-04-30,1067394.035060769,0.0,0.0,0.0,0.0
202101,NON PRIME,2028-05-31,1076288.985352942,0.0,0.0,0.0,0.0
202101,NRP-M,2025-10-31,3035583.9,-222020.26904639698,0.0,-0.07313923,0.0
202101,NRP-M,2025-11-30,2844551.2327177417,-208048.28685652645,0.0,-0.07313923,0.0
202101,NRP-M,2025-12-31,2665905.3271445083,-194982.26288024744,0.0,-0.07313923,0.0
202101,NRP-M,2026-01-31,2498801.0822699605,-182760.38708039158,0.0,-0.07313923,0.0
202101,NRP-M,2026-02-28,2342456.0971562504,-171325.43525481335,0.0,-0.07313923,0.0
202101,NRP-M,2026-03-31,2196145.3912168755,-160624.38288165105,0.0,-0.07313923,0.0
202101,NRP-M,2026-04-30,2059196.6485663948,-150608.05729472672,0.0,-0.07313923,0.0
202101,NRP-M,2026-05-31,1930985.9243954397,-141230.82365112068,0.0,-0.07313923,0.0
202101,NRP-M,2026-06-30,1810933.7599265964,-132450.30078203612,0.0,-0.07313923,0.0
202101,NRP-M,2026-07-31,1698501.6597543405,-124227.10354815445,0.0,-0.07313923,0.0
202101,NRP-M,2026-08-31,1593188.891501664,-116524.60876898524,0.0,-0.07313923,0.0
202101,NRP-M,2026-09-30,1494529.5729283837,-109308.74217621083,0.0,-0.07313923,0.0
202101,NRP-M,2026-10-31,1402090.0160568103,-102547.78416508273,0.0,-0.07313923,0.0
202101,NRP-M,2026-11-30,1315466.3016667159,-96212.19239485131,0.0,-0.07313923,0.0
202101,NRP-M,2026-12-31,1234282.0607576477,-90274.43952662757,0.0,-0.07313923,0.0
202101,NRP-M,2027-01-31,1158186.442368543,-84708.86459127461,0.0,-0.07313923,0.0
202101,NRP-M,2027-02-28,1086852.249553306,-79491.53665609665,0.0,-0.07313923,0.0
202101,NRP-M,2027-03-31,1019974.2273953697,-74600.12961154224,0.0,-0.07313923,0.0
202101,NRP-M,2027-04-30,957267.4887532659,-70013.80703144753,0.0,-0.07313923,0.0
202101,NRP-M,2027-05-31,898466.0650037356,-65713.11617550316,0.0,-0.07313923,0.0
202101,NRP-M,2027-06-30,843321.570423132,-61679.89030313865,0.0,-0.07313923,0.0
202101,NRP-M,2027-07-31,791601.9700505333,-57897.15855597907,0.0,-0.07313923,0.0
202101,NRP-M,2027-08-31,743090.4419312784,-54349.06274321342,0.0,-0.07313923,0.0
202101,NRP-M,2027-09-30,697584.3255679959,-51020.78043211253,0.0,-0.07313923,0.0
202101,NRP-M,2027-10-31,654894.14922492,-47898.45380581574,0.0,-0.07313923,0.0
202101,NRP-M,2027-11-30,614842.7294550673,-44969.123803441944,0.0,-0.07313923,0.0
202101,NRP-M,2027-12-31,577264.3368611996,-42220.669104488756,0.0,-0.07313923,0.0
202101,NRP-M,2028-01-31,542003.9226711023,-39641.749561143966,0.0,-0.07313923,0.0
202101,NRP-M,2028-02-29,508916.4012147138,-37221.75371921523,0.0,-0.07313923,0.0
202101,NRP-M,2028-03-31,477865.98384288326,-34950.75010146092,0.0,-0.07313923,0.0
202101,NRP-M,2028-04-30,448725.56023178325,-32819.441956671246,0.0,-0.07313923,0.0
202101,NRP-M,2028-05-31,421376.12337905506,-30819.125204329084,0.0,-0.07313923,0.0
202101,NRP-S,2025-10-31,2237190.62,-165640.8776038016,0.0,-0.07403968,0.0
202101,NRP-S,2025-11-30,2095369.0042529418,-155140.45055680643,0.0,-0.07403968,0.0
202101,NRP-S,2025-12-31,1962104.4771628138,-145273.58761570204,0.0,-0.07403968,0.0
202101,NRP-S,2026-01-31,1836937.1400460561,-136006.23802912518,0.0,-0.07403968,0.0
202101,NRP-S,2026-02-28,1719423.9623595627,-127305.59995743407,0.0,-0.07403968,0.0
202101,NRP-S,2026-03-31,1609139.4097206704,-119140.16697110732,0.0,-0.07403968,0.0
202101,NRP-S,2026-04-30,1505675.802184663,-111479.75457749574,0.0,-0.07403968,0.0
202101,NRP-S,2026-05-31,1408643.4511466736,-104295.51035699535,0.0,-0.07403968,0.0
202101,NRP-S,2026-06-30,1317670.6158576354,-97559.91074350225,0.0,-0.07403968,0.0
202101,NRP-S,2026-07-31,1232403.314238048,-91246.74701712451,0.0,-0.07403968,0.0
202101,NRP-S,2026-08-31,1152505.0172855477,-85331.10267821641,0.0,-0.07403968,0.0
202101,NRP-S,2026-09-30,1077656.2517710025,-79789.32403112446,0.0,-0.07403968,0.0
202101,NRP-S,2026-10-31,1007554.1319902805,-74598.98551523812,0.0,-0.07403968,0.0
202101,NRP-S,2026-11-30,941911.8379882105,-69738.85107285895,0.0,-0.07403968,0.0
202101,NRP-S,2026-12-31,880458.0548146607,-65188.83263189993,0.0,-0.07403968,0.0
202101,NRP-S,2027-01-31,822936.3849390638,-60929.9466012451,0.0,-0.07403968,0.0
202101,NRP-S,2027-02-28,769104.7438782783,-56944.26912322968,0.0,-0.07403968,0.0
202101,NRP-S,2027-03-31,718734.7473312395,-53214.890697285824,0.0,-0.07403968,0.0
202101,NRP-S,2027-04-30,671611.0966177772,-49725.87067802931,0.0,-0.07403968,0.0
202101,NRP-S,2027-05-31,627530.967949977,-46462.19205710656,0.0,-0.07403968,0.0
202101,NRP-S,2027-06-30,586303.4099897651,-43409.716858551015,0.0,-0.07403968,0.0
202101,NRP-S,2027-07-31,547779.5548811288,-40557.42295394121,0.0,-0.07403968,0.0
202101,NRP-S,2027-08-31,511786.96155119705,-37892.54286142293,0.0,-0.07403968,0.0
202101,NRP-S,2027-09-30,478159.3100360341,-35402.76230408875,0.0,-0.07403968,0.0
202101,NRP-S,2027-10-31,446741.2086489123,-33076.5761311787,0.0,-0.07403968,0.0
202101,NRP-S,2027-11-30,417387.47592314123,-30903.23515335708,0.0,-0.07403968,0.0
202101,NRP-S,2027-12-31,389962.4697358103,-28872.696471249077,0.0,-0.07403968,0.0
202101,NRP-S,2028-01-31,364339.4605123596,-26975.57706770774,0.0,-0.07403968,0.0
202101,NRP-S,2028-02-29,340400.04561558826,-25203.110449363558,0.0,-0.07403968,0.0
202101,NRP-S,2028-03-31,318033.6022130213,-23547.10613709939,0.0,-0.07403968,0.0
202101,NRP-S,2028-04-30,297136.77609436377,-21999.91181825834,0.0,-0.07403968,0.0
202101,NRP-S,2028-05-31,277613.0040768918,-20554.377985691764,0.0,-0.07403968,0.0
202101,PRIME,2025-10-31,3441726.03,-236122.29539272736,0.0,-0.068605779,0.0
202101,PRIME,2025-11-30,3234284.784857272,-221890.62717298057,0.0,-0.068605779,0.0
202101,PRIME,2025-12-31,3039346.5308914357,-208516.73640275453,0.0,-0.068605779,0.0
202101,PRIME,2026-01-31,2856157.6822461095,-195948.92273732883,0.0,-0.068605779,0.0
202101,PRIME,2026-02-28,2684010.073527498,-184138.60193820132,0.0,-0.068605779,0.0
202101,PRIME,2026-03-31,2522238.2222020263,-173040.11805774513,0.0,-0.068605779,0.0
202101,PRIME,2026-04-30,2370216.7559959646,-162610.56694395607,0.0,-0.068605779,0.0
202101,PRIME,2026-05-31,2227457.395168515,-152816.4497848468,0.0,-0.068605779,0.0
202101,PRIME,2026-06-30,2093710.688582776,-143640.6527908478,0.0,-0.068605779,0.0
202101,PRIME,2026-07-31,1968360.878621619,-135040.93143096063,0.0,-0.068605779,0.0
202101,PRIME,2026-08-31,1850839.7018313494,-126978.29954826746,0.0,-0.068605779,0.0
202101,PRIME,2026-09-30,1740622.0881900203,-119416.73430488305,0.0,-0.068605779,0.0
202101,PRIME,2026-10-31,1637222.324471611,-112322.91296656565,0.0,-0.068605779,0.0
202101,PRIME,2026-11-30,1540190.6229257965,-105665.97749431954,0.0,-0.068605779,0.0
202101,PRIME,2026-12-31,1449110.044979603,-99417.32349255071,0.0,-0.068605779,0.0
202101,PRIME,2027-01-31,1363593.7367932284,-93550.4105522204,0.0,-0.068605779,0.0
202101,PRIME,2027-02-28,1283282.4395055675,-88040.59143929984,0.0,-0.068605779,0.0
202101,PRIME,2027-03-31,1207842.2420786014,-82864.95792690903,0.0,-0.068605779,0.0
202101,PRIME,2027-04-30,1136962.548951048,-78002.20136461228,0.0,-0.068605779,0.0
202101,PRIME,2027-05-31,1070354.2383690865,-73432.48632926287,0.0,-0.068605779,0.0
202101,PRIME,2027-06-30,1007747.9903810298,-69137.33591577507,0.0,-0.068605779,0.0
202101,PRIME,2027-07-31,948892.7661503352,-65099.52740920858,0.0,-0.068605779,0.0
202101,PRIME,2027-08-31,893554.4225289983,-61302.99723649709,0.0,-0.068605779,0.0
202101,PRIME,2027-09-30,841514.447800541,-57732.75423111095,0.0,-0.068605779,0.0
202101,PRIME,2027-10-31,792568.8061978272,-54374.80036030197,0.0,-0.068605779,0.0
202101,PRIME,2027-11-30,746526.8802669379,-51216.05816515301,0.0,-0.068605779,0.0
202101,PRIME,2027-12-31,703210.5014186597,-48244.304250807756,0.0,-0.068605779,0.0
202101,PRIME,2028-01-31,662453.060112604,-45448.10823995903,0.0,-0.068605779,0.0
202101,PRIME,2028-02-29,624098.6880797663,-42816.776668590384,0.0,-0.068605779,0.0
202101,PRIME,2028-03-31,588001.5058278503,-40340.30136049271,0.0,-0.068605779,0.0
202101,PRIME,2028-04-30,554024.9294071504,-38009.31186739756,0.0,-0.068605779,0.0
202101,PRIME,2028-05-31,522041.0310577843,-35815.03160568249,0.0,-0.068605779,0.0
202201,NON PRIME,2025-10-31,1301210.18,-123275.83919683749,-17549.275104020766,-0.094739375,-0.013486887340537688
202201,NON PRIME,2025-11-30,1173652.1835512007,-111191.07433702603,-14093.098034509023,-0.094739375,-0.012007899982656327
202201,NON PRIME,2025-12-31,1058413.3263186952,-100273.41702710424,-11309.351788671771,-0.094739375,-0.010685194061196515
202201,NON PRIME,2026-01-31,955650.6685555751,-90537.74705728734,-9078.457219688662,-0.09473937500000001,-0.00949976546703029
202201,NON PRIME,2026-02-28,863998.2198498955,-81854.65134969169,-7288.093814654036,-0.094739375,-0.00843531114672923
202201,NON PRIME,2026-03-31,782055.4598509655,-74091.44548161807,-5848.045423477704,-0.094739375,-0.007477788627154591
202201,NON PRIME,2026-04-30,708633.0977779612,-67135.45678779793,-4687.647904244892,-0.094739375,-0.006615056393701909
202201,NON PRIME,2026-05-31,642715.2689007346,-60890.442878612535,-3751.2582373025143,-0.094739375,-0.005836578682374333
202201,NON PRIME,2026-06-30,583429.5283589923,-55273.748873275705,-2994.84989521544,-0.094739375,-0.005133181900544237
202201,NON PRIME,2026-07-31,530022.8423268261,-50214.032817767045,-2383.43463210616,-0.094739375,-0.004496852667033681
202201,NON PRIME,2026-08-31,481842.23189634306,-45649.43189846461,-1889.095999464761,-0.094739375,-0.00392056958567126
202201,NON PRIME,2026-09-30,438319.0559308832,-41526.07340948192,-1489.4793798642722,-0.094739375,-0.0033981625022005482
202201,NON PRIME,2026-10-31,398956.161940961,-37796.85743468544,-1166.625319778179,-0.094739375,-0.00292419426260377
202201,NON PRIME,2026-11-30,363317.3138693388,-34420.455242659984,-906.0628725046205,-0.09473937499999999,-0.0024938609802407363
202201,NON PRIME,2026-12-31,331018.4400364187,-31360.48012252528,-696.1011918216767,-0.094739375,-0.0021029075955559806
202201,NON PRIME,2027-01-31,301720.3457223752,-28584.79697852175,-527.2732381289078,-0.094739375,-0.0017475561247502769
202201,NON PRIME,2027-02-28,275122.6117200777,-26064.944282727836,-391.8968855494881,-0.094739375,-0.0014244444798605718
202201,NON PRIME,2027-03-31,250958.45898280104,-23775.647554993706,-283.7271415001033,-0.094739375,-0.001130574130276868
202201,NON PRIME,2027-04-30,228990.40477783055,-21694.40782964868,-197.67944444238813,-0.094739375,-0.000863265186304113
202201,NON PRIME,2027-05-31,209006.5708768881,-19801.15189576958,-129.60868141925886,-0.094739375,-0.0006201177354160924
202201,NON PRIME,2027-06-30,190817.5317236733,-18077.93369454348,-76.13208572095927,-0.09473937499999999,-0.00039897846405018833
202201,NON PRIME,2027-07-31,174253.61204110616,-16508.678296266873,-34.486839395626994,-0.09473937500000001,-0.00019791176200979754
202201,NON PRIME,2027-08-31,159162.56033911955,-15078.961489927973,-2.4152346281811297,-0.094739375,-1.5174640462148337e-05
202201,NON PRIME,2027-09-30,145407.53828405603,-13775.819297320042,0.0,-0.094739375,0.0
202201,NON PRIME,2027-10-31,132843.44847243646,-12585.505281123334,0.0,-0.094739375,0.0
202201,NON PRIME,2027-11-30,121364.97192858343,-11498.041587406538,0.0,-0.094739375,0.0
202201,NON PRIME,2027-12-31,110878.30510724842,-10504.541326920023,0.0,-0.094739375,0.0
202201,NON PRIME,2028-01-31,101297.74965622213,-9596.88549133695,0.0,-0.094739375,0.0
202201,NON PRIME,2028-02-29,92545.01207868704,-8767.65660370226,0.0,-0.09473937499999999,0.0
202201,NON PRIME,2028-03-31,84548.56390897384,-8010.078101883739,0.0,-0.094739375,0.0
202201,NON PRIME,2028-04-30,77243.0571729982,-7317.958959659117,0.0,-0.094739375,0.0
202201,NON PRIME,2028-05-31,70568.79035644741,-6685.643092875855,0.0,-0.094739375,0.0
202201,NRP-M,2025-10-31,194456.57,-13898.58246711319,-2365.65235366973,-0.071473967,-0.012165453466908987
202201,NRP-M,2025-11-30,180382.1993987546,-12892.631367214006,-2213.6233717681143,-0.071473967,-0.012271850432839316
202201,NRP-M,2025-12-31,167320.4370959293,-11959.055399420025,-2069.4657971779047,-0.071473967,-0.012368278693841953
202201,NRP-M,2026-01-31,155199.49291097766,-11092.723434735952,-1933.1482848835908,-0.071473967,-0.012455893048519453
202201,NRP-M,2026-02-28,143952.47135131038,-10288.854186932003,-1804.543327780853,-0.071473967,-0.012535688417442556
202201,NRP-M,2026-03-31,133517.0759685442,-9542.99508171222,-1683.4534556454175,-0.071473967,-0.01260852548959377
202201,NRP-M,2026-04-30,123835.32342172954,-8851.001819679024,-1569.6315119220599,-0.071473967,-0.012675151713994996
202201,NRP-M,2026-05-31,114853.26899262979,-8209.018757821344,-1462.7963379690766,-0.071473967,-0.012736218575223533
202201,NRP-M,2026-06-30,106520.74462852441,-7613.460186394581,-1362.6448830872362,-0.071473967,-0.01279229588414221
202201,NRP-M,2026-07-31,98791.1100950803,-7060.992542829135,-1268.8615244484029,-0.071473967,-0.01284388365741819
202201,NRP-M,2026-08-31,91621.01746066105,-6548.517578489712,-1181.1252036852231,-0.071473967,-0.012891422038533442
202201,NRP-M,2026-09-30,84970.18887087837,-6073.1564753409275,-1099.1148517905733,-0.071473967,-0.012935299619738404
202201,NRP-M,2026-10-31,78801.20738363742,-5632.234896098257,-1022.5134704582006,-0.071473967,-0.012975860451987429
202201,NRP-M,2026-11-30,73079.32050201956,-5223.268941943769,-951.0111582640467,-0.071473967,-0.013013409973314754
202201,NRP-M,2026-12-31,67772.25595130326,-4843.9519853790025,-884.3073083709095,-0.071473967,-0.013048220041639387
202201,NRP-M,2027-01-31,62850.049186858756,-4492.14234152992,-822.112156445737,-0.071473967,-0.013080533222838456
202201,NRP-M,2027-02-28,58284.88208370353,-4165.851738649518,-764.1478199966833,-0.071473967,-0.013110566456997933
202201,NRP-M,2027-03-31,54050.932240205664,-3863.234547255696,-710.1489409471836,-0.071473967,-0.013138514203441268
202201,NRP-M,2027-04-30,50124.23232322571,-3582.5777269705677,-659.8630201348022,-0.071473967,-0.01316455114723116
202201,NRP-M,2027-05-31,46482.53888642916,-3322.2914504448545,-613.0505141584698,-0.071473967,-0.013188834535401279
202201,NRP-M,2027-06-30,43105.21010493194,-3080.900364567972,-569.4847505311718,-0.071473967,-0.013211506199479433
202201,NRP-M,2027-07-31,39973.09188583844,-2857.035450336384,-528.9517056047929,-0.071473967,-0.013232694311349692
202201,NRP-M,2027-08-31,37068.41183404857,-2649.426444169197,-491.2496805848602,-0.071473967,-0.013252514911729532
202201,NRP-M,2027-09-30,34374.6805747712,-2456.8947850367376,-456.18890365255083,-0.071473967,-0.013271073244164605
202201,NRP-M,2027-10-31,31876.599957588875,-2278.3470534409084,-423.5910803753343,-0.071473967,-0.013288464922197256
202201,NRP-M,2027-11-30,29559.977690997468,-2112.7688700070894,-393.2889099152596,-0.071473967,-0.013304776953029849
202201,NRP-M,2027-12-31,27411.64798058499,-1959.2192231799481,-365.12558079886554,-0.071473967,-0.013320088637409732
202201,NRP-M,2028-01-31,25419.3977680389,-1816.825197232686,-338.95425700860454,-0.071473967,-0.01333447236247229
202201,NRP-M,2028-02-29,23571.898191703847,-1684.7770734812004,-314.6375627450612,-0.071473967,-0.013347994301782544
202201,NRP-M,2028-03-31,21858.640912253006,-1562.3237792272212,-292.0470722750095,-0.071473967,-0.013360715034725721
202201,NRP-M,2028-04-30,20269.87896904804,-1448.7686605277336,-271.0628097292508,-0.071473967,-0.013372690095641999
202201,NRP-M,2028-05-31,18796.571853853242,-1343.4655563954354,-251.57276247172302,-0.071473967,-0.013383970461621774
202201,NRP-S,2025-10-31,469898.68,-939.79736,-5089.444933642184,-0.002,-0.010830941116161858
202201,NRP-S,2025-11-30,468482.01307879423,-936.9640261575885,-4932.396391353736,-0.002,-0.01052846481541257
202201,NRP-S,2025-12-31,467064.5905776462,-934.1291811552925,-4791.980500036341,-0.002,-0.010259781188100382
202201,NRP-S,2026-01-31,465647.04086107604,-931.2940817221521,-4666.108597051569,-0.002,-0.01002069848532267
202201,NRP-S,2026-02-28,464229.90979398304,-928.4598195879661,-4552.993724973818,-0.002,-0.00980762684376445
202201,NRP-S,2026-03-31,462813.672758478,-925.627345516956,-4451.101019950306,-0.002,-0.009617479521338903
202201,NRP-S,2026-04-30,461398.74468741904,-922.797489374838,-4359.107245045314,-0.002,-0.00944759233794286
202201,NRP-S,2026-05-31,459985.488480984,-919.9709769619681,-4275.867605833439,-0.002,-0.009295657608577373
202201,NRP-S,2026-06-30,458622.8623021968,-917.2457246043936,-4200.833927908511,-0.002,-0.009159669683323568
202201,NRP-S,2026-07-31,457326.63983553555,-914.6532796710711,-4133.263216913859,-0.002,-0.009037879836609275
202201,NRP-S,2026-08-31,456089.7786709134,-912.1795573418269,-4072.315592207055,-0.002,-0.008928758728323508
202201,NRP-S,2026-09-30,454906.03167695546,-909.812063353911,-4017.259257200141,-0.002,-0.008830965028955553
202201,NRP-S,2026-10-31,453769.8439537094,-907.5396879074189,-3967.4545379004317,-0.002,-0.008743319087341479
202201,NRP-S,2026-11-30,452676.26509418245,-905.3525301883649,-3922.340584557262,-0.002,-0.00866478074290286
202201,NRP-S,2026-12-31,451620.874188555,-903.24174837711,-3881.4242423847722,-0.002,-0.008594430559390506
202201,NRP-S,2027-01-31,450599.7154826977,-901.1994309653954,-3844.2706978598326,-0.002,-0.008531453895264269
202201,NRP-S,2027-02-28,449609.24298289494,-899.2184859657899,-3810.4955854317836,-0.002,-0.008475127335353182
202201,NRP-S,2027-03-31,448646.27260302147,-897.292545206043,-3779.7583008927513,-0.002,-0.008424807095716627
202201,NRP-S,2027-04-30,447707.9406952812,-895.4158813905624,-3751.756316076769,-0.002,-0.008379919083522104
202201,NRP-S,2027-05-31,446791.66800360783,-893.5833360072157,-3726.2203279399914,-0.002,-0.008339950349991536
202201,NRP-S,2027-06-30,445895.1282396907,-891.7902564793814,-3702.9101056619247,-0.002,-0.008304441719918114
202201,NRP-S,2027-07-31,445016.22061288013,-890.0324412257603,-3681.6109239035745,-0.002,-0.008272981418145227
202201,NRP-S,2027-08-31,444153.0457528581,-888.3060915057163,-3662.1304900698287,-0.002,-0.00824519954346449
202201,NRP-S,2027-09-30,443303.8845525564,-886.6077691051128,-3644.2962893568492,-0.002,-0.008220763264989607
202201,NRP-S,2027-10-31,442467.1795320324,-884.9343590640648,-3627.9532843015672,-0.002,-0.008199372636267865
202201,NRP-S,2027-11-30,441641.518384767,-883.283036769534,-3612.961916097067,-0.002,-0.008180756939046165
202201,NRP-S,2027-12-31,440825.6194184401,-881.6512388368802,-3599.1963635711263,-0.002,-0.008164671482386554
202201,NRP-S,2028-01-31,440018.31864451914,-880.0366372890383,-3586.5430228195323,-0.002,-0.008150894794262007
202201,NRP-S,2028-02-29,439218.5583064483,-878.4371166128966,-3574.8991763374465,-0.002,-0.008139226152286568
202201,NRP-S,2028-03-31,438425.3766660516,-876.8507533321033,-3564.171825335665,-0.002,-0.008129483408188967
202201,NRP-S,2028-04-30,437637.8988929343,-875.2757977858687,-3554.276662952059,-0.002,-0.008121501067304943
202201,NRP-S,2028-05-31,436855.3289229709,-873.7106578459419,-3545.1371694210643,-0.002,-0.008115128589964311
202201,PRIME,2025-10-31,114921.47,-12642.56998433558,-1067.5120541728331,-0.11001051399999999,-0.009289056728675965
202201,PRIME,2025-11-30,102235.35122971094,-11246.963537751033,-953.7786481115162,-0.110010514,-0.009329245086354587
202201,PRIME,2025-12-31,90937.87536727768,-10004.122411222157,-851.6620976736964,-0.110010514,-0.009365317742843939
202201,PRIME,2026-01-31,80879.41204186797,-8897.585690743685,-760.0860534841511,-0.110010514,-0.009397769275210428
202201,PRIME,2026-02-28,71925.9561658184,-7912.611407743151,-678.0477440078436,-0.110010514,-0.009427024403327633
202201,PRIME,2026-03-31,63957.606089978515,-7036.009120168067,-604.6199889585633,-0.110010514,-0.009453449338112437
202201,PRIME,2026-04-30,56867.1640696298,-6255.985949022306,-538.9506458974263,-0.110010514,-0.009477361052109431
202201,PRIME,2026-05-31,50558.855987988114,-5562.005734490551,-480.260337234272,-0.11001051400000002,-0.009499034894072235
202201,PRIME,2026-06-30,44947.16515595949,-4944.660741649994,-427.83906979691676,-0.110010514,-0.009518710875588782
202201,PRIME,2026-07-31,39955.77371850389,-4395.5552040403045,-381.04218716036814,-0.110010514,-0.009536598886681149
202201,PRIME,2026-08-31,35516.60450181565,-3907.199916779454,-339.28596888625515,-0.110010514,-0.009552883042885207
202201,PRIME,2026-09-30,31568.95585266236,-3472.9170597946945,-302.0430983756832,-0.110010514,-0.009567725324377824
202201,PRIME,2026-10-31,28058.722022428967,-3086.7544318705304,-268.83815325708747,-0.110010514,-0.009581268635192633
202201,PRIME,2026-11-30,24937.691840429863,-2743.408297339295,-239.24322261587568,-0.11001051399999999,-0.009593639385181837
202201,PRIME,2026-12-31,22162.91873671965,-2438.1540819667593,-212.8737191717177,-0.110010514,-0.009604949677455041
202201,PRIME,2027-01-31,19696.581925053833,-2166.8311016182815,-189.38852780224275,-0.11001051399999999,-0.009615299168295928
202201,PRIME,2027-02-28,17504.50047834209,-1925.6790949356594,-168.47690754515767,-0.110010514,-0.00962477665407306
202201,PRIME,2027-03-31,15556.215313180792,-1711.3472424976899,-149.86020021167045,-0.110010514,-0.009633461429702235
202201,PRIME,2027-04-30,13824.64299808127,-1520.8560820854216,-133.28925108658473,-0.110010514,-0.009641424455234325
202201,PRIME,2027-05-31,12285.703023226608,-1351.556504436513,-118.54142347720759,-0.11001051399999999,-0.009648729360713044
202201,PRIME,2027-06-30,10917.985953839776,-1201.093246626694,-105.41788530317011,-0.110010514,-0.009655433314245601
202201,PRIME,2027-07-31,9702.458038191911,-1067.3723958449239,-93.74114995957407,-0.110010514,-0.009661587774003203
202201,PRIME,2027-08-31,8622.198309372345,-948.5324678239826,-83.35285298145688,-0.110010514,-0.009667239141420834
202201,PRIME,2027-09-30,7662.164641145008,-842.918670524988,-74.11174600662082,-0.110010514,-0.009672429330041882
202201,PRIME,2027-10-31,6808.985596622942,-749.0600053030865,-65.89188996454841,-0.11001051400000002,-0.009677196262131744
202201,PRIME,2027-11-30,6050.775247993831,-665.6488951302788,-58.58103015583164,-0.110010514,-0.009681574303268745
202201,PRIME,2027-12-31,5376.968449774336,-591.5230629214578,-52.07913681558795,-0.110010514,-0.009685594643534433
202201,PRIME,2028-01-31,4778.174320452076,-525.6494129745337,-46.29709579324913,-0.11001051400000002,-0.009689285632607233
202201,PRIME,2028-02-29,4246.045931021395,-467.1096953392722,-41.15553507067448,-0.110010514,-0.009692673074964697
202201,PRIME,2028-03-31,3773.164416703293,-415.0877568880395,-36.58377393884816,-0.110010514,-0.009695780490480801
202201,PRIME,2028-04-30,3352.935922682266,-368.8582042633404,-32.51888273140975,-0.110010514,-0.009698629344934049
202201,PRIME,2028-05-31,2979.4999683765354,-327.7763229840864,-28.904842051381753,-0.11001051399999999,-0.009701239254293857
202301,NON PRIME,2025-10-31,7243912.09,-552775.528309744,0.0,-0.076308978,0.0
202301,NON PRIME,2025-11-30,6803042.586947446,-519133.2271004357,0.0,-0.076308978,0.0
202301,NON PRIME,2025-12-31,6386509.817106119,-487348.0371303349,0.0,-0.076308978,0.0
202301,NON PRIME,2026-01-31,5993532.166656298,-457360.31424766773,0.0,-0.076308978,0.0
202301,NON PRIME,2026-02-28,5623213.553254293,-429101.6793245837,0.0,-0.076308978,0.0
202301,NON PRIME,2026-03-31,5274587.245500784,-402498.36207599996,0.0,-0.076308978,0.0
202301,NON PRIME,2026-04-30,4946648.353630483,-377473.68039092474,0.0,-0.076308978,0.0
202301,NON PRIME,2026-05-31,4638377.823309986,-353949.8712746496,0.0,-0.076308978,0.0
202301,NON PRIME,2026-06-30,4348760.031653383,-331849.4335827173,0.0,-0.076308978,0.0
202301,NON PRIME,2026-07-31,4076795.5513119143,-311096.1020355587,0.0,-0.076308978,0.0
202301,NON PRIME,2026-08-31,3821510.257510084,-291615.54216711136,0.0,-0.076308978,0.0
202301,NON PRIME,2026-09-30,3581961.664192132,-273335.8338296808,0.0,-0.076308978,0.0
202301,NON PRIME,2026-10-31,3357243.16083416,-256187.79450074438,0.0,-0.076308978,0.0
202301,NON PRIME,2026-11-30,3146486.6609550547,-240105.18138811272,0.0,-0.076308978,0.0
202301,NON PRIME,2026-12-31,2948864.052595153,-225024.80211447438,0.0,-0.076308978,0.0
202301,NON PRIME,2027-01-31,2763587.749688778,-210886.55679207048,0.0,-0.076308978,0.0
202301,NON PRIME,2027-02-28,2589910.573824263,-197633.42899992308,0.0,-0.076308978,0.0
202301,NON PRIME,2027-03-31,2427125.1428670324,-185211.43913028724,0.0,-0.076308978,0.0
202301,NON PRIME,2027-04-30,2274562.9022697955,-173569.57046892197,0.0,-0.076308978,0.0
202301,NON PRIME,2027-05-31,2131592.9036086034,-162659.67598642505,0.0,-0.076308978,0.0
202301,NON PRIME,2027-06-30,1997620.4107272683,-152436.37197453808,0.0,-0.076308978,0.0
202301,NON PRIME,2027-07-31,1872085.3951678558,-142856.9232339852,0.0,-0.076308978,0.0
202301,NON PRIME,2027-08-31,1754460.9680467797,-133881.12341254042,0.0,-0.076308978,0.0
202301,NON PRIME,2027-09-30,1644251.7842459604,-125471.17323048574,0.0,-0.076308978,0.0
202301,NON PRIME,2027-10-31,1540992.4459966733,-117591.55865972633,0.0,-0.076308978,0.0
202301,NON PRIME,2027-11-30,1444245.926081753,-110208.93059996213,0.0,-0.076308978,0.0
202301,NON PRIME,2027-12-31,1353602.0255407605,-103291.98718774533,0.0,-0.076308978,0.0
202301,NON PRIME,2028-01-31,1268675.8766016534,-96811.35955672628,0.0,-0.076308978,0.0
202301,NON PRIME,2028-02-29,1189106.498325173,-90739.50162035266,0.0,-0.076308978,0.0
202301,NON PRIME,2028-03-31,1114555.409935422,-85050.5842565431,0.0,-0.076308978,0.0
202301,NON PRIME,2028-04-30,1044705.3048667127,-79720.39412555727,0.0,-0.076308978,0.0
202301,NON PRIME,2028-05-31,979258.7870612426,-74726.23723816304,0.0,-0.076308978,0.0
202301,NRP-L,2025-10-31,1160678.27,-43145.2433508788,0.0,-0.03717244,0.0
202301,NRP-L,2025-11-30,1129541.585732978,-41987.81682316399,0.0,-0.03717244,0.0
202301,NRP-L,2025-12-31,1098270.9183765978,-40825.40981709898,0.0,-0.03717244,0.0
202301,NRP-L,2026-01-31,1067087.6870282164,-39666.25302079516,0.0,-0.03717244,0.0
202301,NRP-L,2026-02-28,1036313.8313993231,-38522.31371886146,0.0,-0.03717244,0.0
202301,NRP-L,2026-03-31,1006427.466275456,-37411.36460447641,0.0,-0.03717244,0.0
202301,NRP-L,2026-04-30,977402.9972232751,-36332.45427010236,0.0,-0.03717244,0.0
202301,NRP-L,2026-05-31,949215.5679300334,-35284.65874594509,0.0,-0.037172439999999994,0.0
202301,NRP-L,2026-06-30,921841.0389168386,-34267.08070867385,0.0,-0.03717244,0.0
202301,NRP-L,2026-07-31,895255.9668658051,-33278.84871296113,0.0,-0.03717244,0.0
202301,NRP-L,2026-08-31,869437.5845433924,-32319.116445184183,0.0,-0.03717244,0.0
202301,NRP-L,2026-09-30,844363.7813027365,-31387.061998649096,0.0,-0.03717244,0.0
202301,NRP-L,2026-10-31,820013.0841482768,-30481.887169716774,0.0,-0.03717244,0.0
202301,NRP-L,2026-11-30,796364.6393464623,-29602.81677422801,0.0,-0.03717244,0.0
202301,NRP-L,2026-12-31,773398.1945667882,-28749.09798364226,0.0,-0.03717244,0.0
202301,NRP-L,2027-01-31,751094.0815378692,-27919.99968032155,0.0,-0.03717244,0.0
202301,NRP-L,2027-02-28,729433.1992036966,-27114.81183140746,0.0,-0.03717244,0.0
202301,NRP-L,2027-03-31,708396.9973656533,-26332.844880754907,0.0,-0.03717244,0.0
202301,NRP-L,2027-04-30,687967.4607962788,-25573.429158402025,0.0,-0.03717244,0.0
202301,NRP-L,2027-05-31,668127.093811179,-24835.914307070427,0.0,-0.03717244,0.0
202301,NRP-L,2027-06-30,648858.9052858684,-24119.66872520463,0.0,-0.03717244,0.0
202301,NRP-L,2027-07-31,630146.3941047126,-23424.079026073785,0.0,-0.03717244,0.0
202301,NRP-L,2027-08-31,611973.5350295114,-22748.54951247241,0.0,-0.03717244,0.0
202301,NRP-L,2027-09-30,594324.7649756182,-22092.50166657027,0.0,-0.03717244,0.0
202301,NRP-L,2027-10-31,577184.9696838447,-21455.373654474537,0.0,-0.03717244,0.0
202301,NRP-L,2027-11-30,560539.4707767356,-20836.619845079957,0.0,-0.03717244,0.0
202301,NRP-L,2027-12-31,544374.0131881284,-20235.71034279491,0.0,-0.03717244,0.0
202301,NRP-L,2028-01-31,528674.7529552345,-19652.13053374328,0.0,-0.03717244,0.0
202301,NRP-L,2028-02-29,513428.24536278483,-19085.3806450534,0.0,-0.03717244,0.0
202301,NRP-L,2028-03-31,498621.433429088,-18534.975316856766,0.0,-0.037172439999999994,0.0
202301,NRP-L,2028-04-30,484241.63672414026,-18000.443186629902,0.0,-0.03717244,0.0
202301,NRP-L,2028-05-31,470276.5405102115,-17481.326485523405,0.0,-0.037172439999999994,0.0
202301,NRP-M,2025-10-31,11951897.25,-462241.9328599192,0.0,-0.038675193,0.0
202301,NRP-M,2025-11-30,11652526.031859133,-450663.6932196761,0.0,-0.038675193,0.0
202301,NRP-M,2025-12-31,11361216.18185184,-439397.22854784294,0.0,-0.038675193,0.0
202301,NRP-M,2026-01-31,11077684.800358374,-428431.59764702653,0.0,-0.038675193,0.0
202301,NRP-M,2026-02-28,10801668.034537526,-417756.59595766943,0.0,-0.038675193,0.0
202301,NRP-M,2026-03-31,10532918.536521016,-407362.6572532278,0.0,-0.038675193,0.0
202301,NRP-M,2026-04-30,10271203.400093181,-397240.77384085994,0.0,-0.038675193,0.0
202301,NRP-M,2026-05-31,10016302.469178261,-387382.43114184577,0.0,-0.038675193,0.0
202301,NRP-M,2026-06-30,9768006.938172406,-377779.55355915683,0.0,-0.038675193,0.0
202301,NRP-M,2026-07-31,9526118.183523616,-368424.45928858523,0.0,-0.038675193,0.0
202301,NRP-M,2026-08-31,9290446.780169344,-359309.8222792779,0.0,-0.038675193,0.0
202301,NRP-M,2026-09-30,9060811.666978896,-350428.6399570605,0.0,-0.038675193,0.0
202301,NRP-M,2026-10-31,8837039.433244715,-341774.2056293499,0.0,-0.038675193,0.0
202301,NRP-M,2026-11-30,8618963.704242006,-333340.0847215545,0.0,-0.038675193,0.0
202301,NRP-M,2026-12-31,8406424.608438656,-325120.0941713144,0.0,-0.038675193,0.0
202301,NRP-M,2027-01-31,8199268.312450674,-317108.2844428141,0.0,-0.038675193,0.0
202301,NRP-M,2027-02-28,7997346.612565543,-309298.92372886854,0.0,-0.038675193,0.0
202301,NRP-M,2027-03-31,7800516.57378863,-301686.48399097397,0.0,-0.038675193,0.0
202301,NRP-M,2027-04-30,7608640.209047863,-294265.6285524864,0.0,-0.038675193,0.0
202301,NRP-M,2027-05-31,7421584.192524019,-287031.2010116156,0.0,-0.038675193,0.0
202301,NRP-M,2027-06-30,7239219.602137176,-279978.2152820385,0.0,-0.038675193,0.0
202301,NRP-M,2027-07-31,7061421.68707356,-273101.84660195553,0.0,-0.038675193,0.0
202301,NRP-M,2027-08-31,6888069.656926335,-266397.4233790698,0.0,-0.038675193,0.0
202301,NRP-M,2027-09-30,6719046.489583699,-259860.41976062203,0.0,-0.038675193,0.0
202301,NRP-M,2027-10-31,6554238.755454553,-253486.44883528462,0.0,-0.038675193,0.0
202301,NRP-M,2027-11-30,6393536.455996811,-247271.25638821267,0.0,-0.038675193,0.0
202301,NRP-M,2027-12-31,6236832.874822423,-241210.715142502,0.0,-0.038675193,0.0
202301,NRP-M,2028-01-31,6084024.43990899,-235300.81943019707,0.0,-0.038675193,0.0
202301,NRP-M,2028-02-29,5935010.595660654,-229537.68024422074,0.0,-0.038675193,0.0
202301,NRP-M,2028-03-31,5789693.683738628,-223917.5206294724,0.0,-0.038675193,0.0
202301,NRP-M,2028-04-30,5647978.831730811,-218436.67137710363,0.0,-0.038675193,0.0
202301,NRP-M,2028-05-31,5509773.848855344,-213091.56699083323,0.0,-0.038675193,0.0
202301,NRP-S,2025-10-31,4875102.47,-301684.62549783074,-146253.0741,-0.061882725,-0.030000000000000002
202301,NRP-S,2025-11-30,4500571.538324423,-278507.6308489572,-135017.1461497327,-0.061882725,-0.03
202301,NRP-S,2025-12-31,4154569.5769025357,-257096.08662082598,-124637.08730707607,-0.061882725,-0.03
202301,NRP-S,2026-01-31,3834987.8853427204,-237319.5006869951,-115049.63656028161,-0.061882725,-0.03
202301,NRP-S,2026-02-28,3539857.4253468225,-219056.02359194544,-106195.72276040466,-0.061882725,-0.029999999999999995
202301,NRP-S,2026-03-31,3267343.821212811,-202192.13916856155,-98020.31463638433,-0.061882725,-0.03
202301,NRP-S,2026-04-30,3015741.253785763,-186622.28667917958,-90472.23761357288,-0.061882725,-0.03
202301,NRP-S,2026-05-31,2783465.7366315993,-172248.4447268957,-83503.97209894797,-0.061882725,-0.029999999999999995
202301,NRP-S,2026-06-30,2569048.110528695,-158979.69773561682,-77071.44331586084,-0.06188272499999999,-0.03
202301,NRP-S,2026-07-31,2371126.986092572,-146731.79922044545,-71133.80958277716,-0.06188272499999999,-0.03
202301,NRP-S,2026-08-31,2188441.789885321,-135426.74146198112,-65653.25369655964,-0.061882725,-0.030000000000000002
202301,NRP-S,2026-09-30,2019826.0169376582,-124992.33795399845,-60594.78050812974,-0.061882725,-0.03
202301,NRP-S,2026-10-31,1864200.7555944466,-115361.82270324335,-55926.02266783339,-0.061882725,-0.03
202301,NRP-S,2026-11-30,1720568.5244338582,-106473.46884119623,-51617.055733015746,-0.061882725,-0.03
202301,NRP-S,2026-12-31,1588007.4425529242,-98270.2278654559,-47640.22327658772,-0.061882725,-0.029999999999999995
202301,NRP-S,2027-01-31,1465665.7415526954,-90699.39002642652,-43969.97224658086,-0.061882725,-0.03
202301,NRP-S,2027-02-28,1352756.6185390155,-83712.2658169798,-40582.698556170464,-0.06188272499999999,-0.03
202301,NRP-S,2027-03-31,1248553.4232743199,-77263.88814029333,-37456.602698229595,-0.061882725,-0.03
202301,NRP-S,2027-04-30,1152385.1684805823,-71312.73447516254,-34571.55505441747,-0.06188272499999999,-0.03
202301,NRP-S,2027-05-31,1063632.3496336716,-65820.46819348435,-31908.970489010146,-0.061882725000000006,-0.03
202301,NRP-S,2027-06-30,981723.0589924102,-60751.6980857861,-29451.691769772304,-0.061882725,-0.03
202301,NRP-S,2027-07-31,906129.3777715047,-56073.75509905514,-27183.88133314514,-0.061882725,-0.03
202301,NRP-S,2027-08-31,836364.0300772731,-51756.48527316362,-25090.920902318194,-0.061882725,-0.03
202301,NRP-S,2027-09-30,771977.2823184105,-47772.057867957556,-23159.318469552312,-0.061882725,-0.03
202301,NRP-S,2027-10-31,712554.072163435,-44094.78769532,-21376.622164903052,-0.06188272499999999,-0.030000000000000002
202301,NRP-S,2027-11-30,657711.3516557228,-40700.97070388939,-19731.340549671684,-0.061882725,-0.03
202301,NRP-S,2027-12-31,607095.6297530178,-37568.73190470782,-18212.868892590534,-0.061882725,-0.03
202301,NRP-S,2028-01-31,560380.7002848192,-34677.88477103289,-16811.421008544577,-0.061882725,-0.030000000000000002
202301,NRP-S,2028-02-29,517265.542084512,-32009.801292791784,-15517.96626253536,-0.061882725,-0.03
202301,NRP-S,2028-03-31,477472.3788292665,-29547.29191418732,-14324.171364877995,-0.061882725,-0.03
202301,NRP-S,2028-04-30,440744.8868922788,-27274.494630710993,-13222.346606768364,-0.061882725,-0.03
202301,NRP-S,2028-05-31,406846.54026669357,-25176.772568525226,-12205.396208000806,-0.061882725000000006,-0.029999999999999995
202404,NON PRIME,2025-10-31,1439613.0899999996,-129378.62007927995,-31833.672638049462,-0.089870411,-0.022112658504688555
202404,NON PRIME,2025-11-30,1307737.5901609426,-117526.91470791347,-28614.66355596424,-0.089870411,-0.021881043851039447
202404,NON PRIME,2025-12-31,1187417.091166158,-106713.66201152708,-25795.048503749527,-0.089870411,-0.02172366281035782
202404,NON PRIME,2026-01-31,1077796.5678234533,-96862.02052468312,-23301.341449749558,-0.089870411,-0.02161942443072095
202404,NON PRIME,2026-02-28,978032.1919262345,-87896.15505964158,-21080.212840992357,-0.089870411,-0.021553700394539035
202404,NON PRIME,2026-03-31,887312.604653549,-79743.14846569496,-19091.557328496423,-0.089870411,-0.021516157021065553
202404,NON PRIME,2026-04-30,804870.4498916251,-72334.03813351525,-17304.213930107606,-0.089870411,-0.021499377859427685
202404,NON PRIME,2026-05-31,729987.9547519259,-65604.31751860498,-15693.256678111864,-0.089870411,-0.021497966611579163
202404,NON PRIME,2026-06-30,661998.8540098876,-59494.10909139759,-14238.238212047592,-0.089870411,-0.021507949939494807
202404,NON PRIME,2026-07-31,600288.0795496738,-53948.136427529884,-12922.024555162767,-0.089870411,-0.021526372079313412
202404,NON PRIME,2026-08-31,544290.1079281636,-48915.57570273842,-11730.004178869593,-0.089870411,-0.021551014813625348
202404,NON PRIME,2026-09-30,493486.5337468875,-44349.83761079815,-10649.53857836913,-0.089870411,-0.02158020097835405
202404,NON PRIME,2026-10-31,447403.2321057482,-40208.31235207198,-9669.571530551586,-0.08987041099999998,-0.021612654618163522
202404,NON PRIME,2026-11-30,405607.3429296689,-36452.09861370729,-8780.34446553859,-0.08987041100000001,-0.02164740017308088
202404,NON PRIME,2026-12-31,367704.2255544931,-33045.729877018995,-7973.184052476552,-0.089870411,-0.02168368894987023
202404,NON PRIME,2027-01-31,333334.4767830262,-29956.90642896052,-7240.3398103725085,-0.089870411,-0.02172094492069413
202404,NON PRIME,2027-02-28,302171.06927939143,-27156.23818844838,-6574.85701185455,-0.089870411,-0.021758724379319548
202404,NON PRIME,2027-03-31,273916.64312747214,-24617.001297606246,-5970.474963025585,-0.089870411,-0.021796685644424732
202404,NON PRIME,2027-04-30,248300.96746515212,-22314.909997790848,-5421.543892399742,-0.089870411,-0.02183456612250466
202404,NON PRIME,2027-05-31,225078.57861626355,-20227.904367539417,-4922.9557673939,-0.089870411,-0.0218721648131031
202404,NON PRIME,2027-06-30,204026.59430055547,-18335.953884721177,-4470.085753577363,-0.089870411,-0.02190932887402117
202404,NON PRIME,2027-07-31,184942.6991281816,-16620.87638209902,-4058.7419777146924,-0.089870411,-0.021945943239974165
202404,NON PRIME,2027-08-31,167643.2938863428,-15066.171722959416,-3685.1219030865855,-0.089870411,-0.02198192255507094
202404,NON PRIME,2027-09-30,151961.79956444562,-13656.869383156349,-3345.7740735694088,-0.089870411,-0.02201720487095506
202404,NON PRIME,2027-10-31,137747.1062733834,-12379.389054849644,-3037.5642963492646,-0.089870411,-0.02205174670109355
202404,NON PRIME,2027-11-30,124862.15694201578,-11221.413362725461,-2757.645554880193,-0.089870411,-0.022085519122986196
202404,NON PRIME,2027-12-31,113182.65574534448,-10171.77178990562,-2503.4311024594167,-0.08987041100000001,-0.022118504694677035
202404,NON PRIME,2028-01-31,102595.8915135548,-9220.334937234582,-2272.5703019223843,-0.089870411,-0.022150695007335026
202404,NON PRIME,2028-02-29,92999.66680529506,-8357.918278654923,-2062.926861594661,-0.08987041099999998,-0.022182088737087883
202404,NON PRIME,2028-03-31,84301.32384433586,-7576.194621734563,-1872.559180771283,-0.089870411,-0.022212690090478323
202404,NON PRIME,2028-04-30,76416.85907611733,-6867.614532499744,-1699.7025658301334,-0.089870411,-0.02224250756154598
202404,NON PRIME,2028-05-31,69270.118672333,-6225.334035101341,-1542.7531149326564,-0.089870411,-0.022271552936559982
202404,NRP-L,2025-10-31,312423.2,-21247.939947630402,-4559.404292546433,-0.068010122,-0.014593680279013956
202404,NRP-L,2025-11-30,290687.3749107121,-19769.683831537273,-4300.938225138626,-0.068010122,-0.014795751712504567
202404,NRP-L,2025-12-31,270377.9264038034,-18388.435760829692,-4042.852438642749,-0.068010122,-0.014952597989100778
202404,NRP-L,2026-01-31,251426.16415190656,-17099.524097963193,-3790.4313240759143,-0.068010122,-0.015075723470791261
202404,NRP-L,2026-02-28,233758.62125979064,-15897.952350430156,-3546.8880529029443,-0.068010122,-0.01517329300535643
202404,NRP-L,2026-03-31,217300.46377176998,-14778.631051774659,-3314.0964827934336,-0.068010122,-0.01525121679571848
202404,NRP-L,2026-04-30,201977.60616359525,-13736.521636454067,-3093.054358888376,-0.068010122,-0.015313847993539954
202404,NRP-L,2026-05-31,187718.01188773898,-12766.72489008258,-2884.1826400295286,-0.068010122,-0.015364442713970125
202404,NRP-L,2026-06-30,174452.47179210332,-11864.533889782506,-2687.5223625717153,-0.068010122,-0.015405470240481669
202404,NRP-L,2026-07-31,162115.04372338526,-11025.463901662766,-2502.8660209908417,-0.068010122,-0.015438826425396082
202404,NRP-L,2026-08-31,150643.2704657784,-10245.267202856587,-2329.8462830970107,-0.068010122,-0.015465983152737523
202404,NRP-L,2026-09-30,139978.2522207922,-9519.93801088285,-2167.996430601863,-0.068010122,-0.015488094730474362
202404,NRP-L,2026-10-31,130064.62394677018,-8845.710942503962,-2016.791780783213,-0.068010122,-0.015506074746416815
202404,NRP-L,2026-11-30,120850.47119547157,-8219.055289761509,-1875.6781482557278,-0.068010122,-0.015520652337564174
202404,NRP-L,2026-12-31,112287.20715087684,-7636.666657370407,-1744.091376738757,-0.068010122,-0.015532413896404739
202404,NRP-L,2027-01-31,104329.4263028493,-7095.45701104679,-1621.4706597728295,-0.068010122,-0.015541834334121573
202404,NRP-L,2027-02-28,96934.74528621844,-6592.543852954642,-1507.2675086211864,-0.068010122,-0.015549300760740535
202404,NRP-L,2027-03-31,90063.63807355319,-6125.239013146198,-1400.9516520895709,-0.068010122,-0.015555130594940451
202404,NRP-L,2027-04-30,83679.27040868643,-5691.037389365754,-1302.0147656781648,-0.068010122,-0.015559585537961475
202404,NRP-L,2027-05-31,77747.33677077561,-5287.605858955536,-1209.9726626500437,-0.068010122,-0.015562882445959995
202404,NRP-L,2027-06-30,72235.90204295465,-4912.7725107213955,-1124.3663964645266,-0.068010122,-0.015565201854832917
202404,NRP-L,2027-07-31,67115.24927679206,-4564.51629137504,-1044.7625960648488,-0.068010122,-0.01556669471279338
202404,NRP-L,2027-08-31,62357.7343932098,-4240.957123725795,-970.753265256556,-0.068010122,-0.015567487733522633
202404,NRP-L,2027-09-30,57937.6482733704,-3940.3465274650107,-901.9552132076726,-0.068010122,-0.015567687679553846
202404,NRP-L,2027-10-31,53831.08642167342,-3661.058754930553,-838.0092370721359,-0.068010122,-0.015567384810103654
202404,NRP-L,2027-11-30,50015.82619415391,-3401.582441395203,-778.5791445100838,-0.068010122,-0.015566655671901864
202404,NRP-L,2027-12-31,46471.21145581424,-3160.5127605977245,-723.3506797452479,-0.068010122,-0.015565565370143713
202404,NRP-L,2028-01-31,43178.04444310916,-2936.5440702972764,-672.030399179128,-0.068010122,-0.01556416942561136
202404,NRP-L,2028-02-29,40118.48455104708,-2728.4630287718273,-624.344529659309,-0.068010122,-0.015562515300519095
202404,NRP-L,2028-03-31,37275.95372960579,-2535.142160816845,-580.0378329892023,-0.068010122,-0.015560643657750792
202404,NRP-L,2028-04-30,34635.04815519369,-2355.533850510598,-538.8724932499279,-0.068010122,-0.015558589404447569
202404,NRP-L,2028-05-31,32181.455835214576,-2188.6647374905556,-500.62703832081706,-0.068010122,-0.015556382560325491
202404,NRP-M,2025-10-31,2980564.9000000004,-137008.55967511373,-43089.04092071106,-0.045967313,-0.014456669244380839
202404,NRP-M,2025-11-30,2843533.95888012,-130709.61551397161,-41949.55818309113,-0.045967313,-0.014752613750958082
202404,NRP-M,2025-12-31,2711763.684540967,-124652.4900693279,-40645.07787748536,-0.045967313,-0.014988429157449074
202404,NRP-M,2026-01-31,2585323.448121399,-118840.37214603562,-39242.13162767043,-0.045967313,-0.015178809311533285
202404,NRP-M,2026-02-28,2464192.0576691744,-113272.28760699299,-37786.59981305019,-0.045967313,-0.015334275465846486
202404,NRP-M,2026-03-31,2348288.2678185315,-107944.50182104227,-36310.438083284,-0.045967313,-0.015462513091297342
202404,NRP-M,2026-04-30,2237491.2043242217,-102851.45852391845,-34836.028647858024,-0.045967313,-0.015569236017792247
202404,NRP-M,2026-05-31,2131654.2764421916,-97986.41933300675,-33379.06130257216,-0.045967313,-0.01565875933609789
202404,NRP-M,2026-06-30,2030614.7875475255,-93341.90552162561,-31950.480613632826,-0.045967313,-0.0157343878364153
202404,NRP-M,2026-07-31,1934200.646872842,-88910.0065396064,-30557.826190750537,-0.045967313,-0.01579868471254806
202404,NRP-M,2026-08-31,1842235.0932471768,-84682.59715087718,-29206.170322037004,-0.04596731300000001,-0.015853660821625846
202404,NRP-M,2026-09-30,1754540.0344211054,-80651.49093326573,-27898.783492755367,-0.045967313,-0.015900910178980508
202404,NRP-M,2026-10-31,1670938.4093100983,-76808.54886447941,-26637.612891267287,-0.045967313,-0.015941708409387453
202404,NRP-M,2026-11-30,1591255.8526022024,-73145.7558396473,-25423.630421057467,-0.045967313,-0.01597708525595168
202404,NRP-M,2026-12-31,1515321.856305567,-69655.27406453903,-24257.088388860637,-0.045967313,-0.01600787864830292
202404,NRP-M,2027-01-31,1442970.5655433333,-66329.47963611742,-23137.709045683463,-0.045967313,-0.016034775482042653
202404,NRP-M,2027-02-28,1374041.3066694364,-63160.98681860297,-22064.826187374296,-0.045967313,-0.01605834270067006
202404,NRP-M,2027-03-31,1308378.9185234276,-60142.6632703679,-21037.491643306705,-0.045967313,-0.016079051217860182
202404,NRP-M,2027-04-30,1245833.9384650795,-57267.63859544705,-20054.55580117128,-0.045967313,-0.016097294496471452
202404,NRP-M,2027-05-31,1186262.6811767563,-54529.307965871165,-19114.72876389703,-0.045967313,-0.01611340309967054
202404,NRP-M,2027-06-30,1129527.2383962297,-51921.33210938511,-18216.626943685733,-0.045967313,-0.016127656177243488
202404,NRP-M,2027-07-31,1075495.42060113,-49437.634628838794,-17358.808626879487,-0.045967313,-0.016140290599449575
202404,NRP-M,2027-08-31,1024040.65642765,-47072.39737873525,-16539.80113150199,-0.045967313,-0.01615150827038531
202404,NRP-M,2027-09-30,975041.8617309447,-44820.05444628906,-15758.121518758056,-0.045967313,-0.0161614820216882
202404,NRP-M,2027-10-31,928383.2873057841,-42675.28515155391,-15012.292336853541,-0.045967313,-0.01617036039114834
202404,NRP-M,2027-11-30,883954.3521170856,-40633.00638147829,-14300.853519384465,-0.045967313,-0.016178271519489303
202404,NRP-M,2027-12-31,841649.4672510427,-38688.36449741193,-13622.371295809478,-0.045967313,-0.01618532634530412
202404,NRP-M,2028-01-31,801367.8545518803,-36836.72699832476,-12975.444773216826,-0.04596731300000001,-0.016191621238005126
202404,NRP-M,2028-02-29,763013.3629575105,-35073.67407825049,-12358.7106989921,-0.045967313,-0.016197240178191102
202404,NRP-M,2028-03-31,726494.2848167917,-33394.99018288461,-11770.846800368448,-0.045967313,-0.01620225657155285
202404,NRP-M,2028-04-30,691723.1739080496,-31796.65564438475,-11210.57400999775,-0.045967313,-0.01620673476451718
202404,NRP-M,2028-05-31,658616.6664431168,-30274.838453407352,-10676.657819912789,-0.045967313,-0.016210731315945078
202404,NRP-S,2025-10-31,1135465.04,-54177.73353804198,-18420.50649949546,-0.04771413617282482,-0.016222874197426157
202404,NRP-S,2025-11-30,1080709.8363166358,-52379.11048066094,-17631.441324154453,-0.04846732094082139,-0.01631468571087257
202404,NRP-S,2025-12-31,1027444.0733324961,-50065.444235755494,-16844.486958298236,-0.04872814543897182,-0.016394553626323864
202404,NRP-S,2026-01-31,976285.9092351624,-48763.88474664234,-16074.223444135796,-0.0499483648031392,-0.016464668077334634
202404,NRP-S,2026-02-28,926296.5352885096,-46367.50733127147,-15308.638085712471,-0.05005687224861483,-0.016526714181160525
202404,NRP-S,2026-03-31,878624.8342146121,-43981.211080741225,-14569.365575292384,-0.05005687224861483,-0.016582009758824644
202404,NRP-S,2026-04-30,833298.7851676089,-41712.33083406094,-13859.092319426782,-0.05005687224861483,-0.016631600292851954
202404,NRP-S,2026-05-31,790228.3305315959,-39556.35858865627,-13178.105142868633,-0.05005687224861483,-0.01667632585888634
202404,NRP-S,2026-06-30,749320.276948837,-37508.629376524616,-12526.289083741962,-0.050056872248614825,-0.016716869233470974
202404,NRP-S,2026-07-31,710480.5083002781,-35564.43203911795,-11903.242002752691,-0.05005687224861483,-0.016753791080390757
202404,NRP-S,2026-08-31,673615.5010760863,-33719.08508205232,-11308.35800923222,-0.05005687224861483,-0.016787556092707726
202404,NRP-S,2026-09-30,638633.3577007214,-31967.98840012895,-10740.88877752282,-0.05005687224861483,-0.016818552692257353
202404,NRP-S,2026-10-31,605444.5027536954,-30306.65812796786,-10199.98896615238,-0.05005687224861483,-0.01684710806648764
202404,NRP-S,2026-11-30,573962.14112444,-28730.74957380753,-9684.750062974601,-0.05005687224861483,-0.016873499781712716
202404,NRP-S,2026-12-31,544102.5467561785,-27236.071673120005,-9194.225709442717,-0.05005687224861483,-0.016897964849193776
202404,NRP-S,2027-01-31,515785.230187128,-25818.59537519946,-8727.4506894354,-0.05005687224861483,-0.016920706873031363
202404,NRP-S,2027-02-28,488933.0191290702,-24474.45767667342,-8283.455166230995,-0.05005687224861483,-0.016941901737350856
202404,NRP-S,2027-03-31,463472.0766487494,-23199.96253160667,-7861.275328063956,-0.05005687224861483,-0.016961702169647135
202404,NRP-S,2027-04-30,439331.8747322408,-21991.579528216233,-7459.961301366675,-0.05005687224861483,-0.016980241431180678
202404,NRP-S,2027-05-31,416445.13619865495,-20845.940981253076,-7078.582973699503,-0.05005687224861483,-0.016997636323270296
202404,NRP-S,2027-06-30,394747.7544785249,-19759.837916359094,-6716.234210254019,-0.05005687224861483,-0.01701398965302891
202404,NRP-S,2027-07-31,374178.6982744567,-18730.215297677474,-6372.035831492564,-0.05005687224861483,-0.017029392268660716
202404,NRP-S,2027-08-31,354679.90629806725,-17754.166758713032,-6045.1376331115325,-0.05005687224861483,-0.017043924749521325
202404,NRP-S,2027-09-30,336196.17593542143,-16828.929029272225,-5734.719664819362,-0.050056872248614825,-0.01705765881739512
202404,NRP-S,2027-10-31,318675.0486988846,-15951.876201541178,-5439.992935569822,-0.05005687224861483,-0.01707065852121375
202404,NRP-S,2027-11-30,302066.6945819062,-15120.513941247833,-5160.199675729073,-0.05005687224861483,-0.017082981236548972
202404,NRP-S,2027-12-31,286323.7968774015,-14332.473722030429,-4894.613258186991,-0.05005687224861483,-0.017094678512812447
202404,NRP-S,2028-01-31,271401.4386017241,-13585.507140176785,-4642.537858474609,-0.05005687224861483,-0.01710579679456834
202404,NRP-S,2028-02-29,257256.99134966295,-12877.48035105309,-4403.307916925589,-0.05005687224861483,-0.017116378038257572
202404,NRP-S,2028-03-31,243850.00716585136,-12206.368656524834,-4176.287452642557,-0.05005687224861483,-0.01712646024161119
202404,NRP-S,2028-04-30,231142.11383559674,-11570.251263543252,-3960.8692686211543,-0.050056872248614825,-0.017136077899842957
202404,NRP-S,2028-05-31,219096.9138594529,-10967.306227128403,-3756.4740791880026,-0.05005687224861483,-0.017145262400171092
202405,NON PRIME,2025-10-31,1749500.3,-103641.37019033995,-38184.25216305268,-0.05924055582633506,-0.021825804867282778
202405,NON PRIME,2025-11-30,1643442.2355591124,-95684.25237697086,-35635.74974415384,-0.05822185307560768,-0.021683603459314936
202405,NON PRIME,2025-12-31,1544884.0323986316,-91135.62480899665,-33374.01974036009,-0.05899188735059734,-0.02160292878976982
202405,NON PRIME,2026-01-31,1450614.0183973436,-85808.48058719534,-31281.42273649274,-0.05915321339717758,-0.021564263366938122
202405,NON PRIME,2026-02-28,1361548.439666864,-82955.58110700607,-29347.577516863268,-0.06092738142118776,-0.021554559986160952
202405,NON PRIME,2026-03-31,1275305.5843411328,-77701.02976572294,-27501.86644590044,-0.06092738142118776,-0.021564922778965843
202405,NON PRIME,2026-04-30,1194355.635339904,-72768.96134689938,-25785.165117938657,-0.06092738142118776,-0.021589185293708943
202405,NON PRIME,2026-05-31,1118417.7285776827,-68142.26353727092,-24183.562192554287,-0.060927381421187754,-0.0216230139907645
202405,NON PRIME,2026-06-30,1047213.6533783178,-63803.98568885628,-22686.13397746172,-0.06092738142118776,-0.02166332906783263
202405,NON PRIME,2026-07-31,980471.9919090207,-59737.591023832625,-21284.00969851542,-0.06092738142118776,-0.02170792217845463
202405,NON PRIME,2026-08-31,917930.6918510719,-55927.11338062503,-19969.765116796498,-0.06092738142118777,-0.021755199269485215
202405,NON PRIME,2026-09-30,859338.5955095974,-52357.25037856103,-18737.02272218795,-0.06092738142118776,-0.021804004638098076
202405,NON PRIME,2026-10-31,804456.2679024894,-49013.41387116018,-17580.184026343697,-0.06092738142118776,-0.021853498726763163
202405,NON PRIME,2026-11-30,753056.3518139564,-45881.751578617084,-16494.24756085209,-0.06092738142118777,-0.021903072088988923
202405,NON PRIME,2026-12-31,704923.6037226063,-42949.149276805445,-15474.683205046771,-0.060927381421187754,-0.021952284082029684
202405,NON PRIME,2027-01-31,659854.715763655,-40203.21994990164,-14517.343971675195,-0.060927381421187754,-0.02200081870275665
202405,NON PRIME,2027-02-28,617657.9962911496,-37632.28432787745,-13618.402968844679,-0.06092738142118777,-0.022048452461749204
202405,NON PRIME,2027-03-31,578152.9595041488,-35225.345883497794,-12774.307453039706,-0.060927381421187754,-0.022095030809831974
202405,NON PRIME,2027-04-30,541169.8594229904,-32972.0624387151,-11981.744595862567,-0.06092738142118776,-0.022140450705510135
202405,NON PRIME,2027-05-31,506549.1929615341,-30862.715888162227,-11237.615355508498,-0.06092738142118776,-0.02218464763473002
202405,NON PRIME,2027-06-30,474141.1894492885,-28888.181097072444,-10539.014011257213,-0.06092738142118776,-0.022227585887440407
202405,NON PRIME,2027-07-31,443805.2987290672,-27039.894712410052,-9883.211697181418,-0.06092738142118776,-0.02226925123581025
202405,NON PRIME,2027-08-31,415409.6862314271,-25309.82439907809,-9267.642794144484,-0.06092738142118776,-0.022309645396620403
202405,NON PRIME,2027-09-30,388830.7407587598,-23690.438850491937,-8689.893393253999,-0.06092738142118777,-0.022348781828043333
202405,NON PRIME,2027-10-31,363952.59879196266,-22174.67880583043,-8147.691285312133,-0.06092738142118776,-0.02238668253051656
202405,NON PRIME,2027-11-30,340666.6877475737,-20755.929221889095,-7638.89709627192,-0.06092738142118776,-0.02242337560733901
202405,NON PRIME,2027-12-31,318871.28961335984,-19427.9926865392,-7161.496302682158,-0.060927381421187754,-0.02245889340293279
202405,NON PRIME,2028-01-31,298471.12566961907,-18185.064116884147,-6713.591939915119,-0.06092738142118776,-0.02249327108226364
202405,NON PRIME,2028-02-29,279376.96248619456,-17021.70675368924,-6293.397870635475,-0.060927381421187754,-0.02252654554845933
202405,NON PRIME,2028-03-31,261505.23901695956,-15932.829441225167,-5899.232518969646,-0.06092738142118776,-0.0225587546205415
202405,NON PRIME,2028-04-30,244777.71435482262,-14913.665165902825,-5529.513002290069,-0.06092738142118776,-0.02258993641175458
202405,NON PRIME,2028-05-31,229121.13553232327,-13959.750816233516,-5182.749610959418,-0.06092738142118776,-0.02262012886291872
202405,NRP-L,2025-10-31,474179.94,-15105.570660393161,-5878.580864053477,-0.03185619927404175,-0.012397363043349065
202405,NRP-L,2025-11-30,459310.8291164579,-14482.769040723748,-5589.531122868426,-0.0315315209715024,-0.012169386760640047
202405,NRP-L,2025-12-31,444956.2546929061,-12247.04879424537,-5341.843071108807,-0.027524163701660675,-0.012005321904724246
202405,NRP-L,2026-01-31,432757.6959201352,-8786.996469313975,-5144.147930637397,-0.02030465674476556,-0.01188690109762194
202405,NRP-L,2026-02-28,423959.98593915737,-4937.785310242294,-5003.420479874992,-0.011646819214091863,-0.011801633752750042
202405,NRP-L,2026-03-31,418966.58151935483,-4879.628031702006,-4918.998940830303,-0.011646819214091862,-0.011740790692641584
202405,NRP-L,2026-04-30,413996.12142025004,-4821.737981516876,-4842.990757862481,-0.011646819214091863,-0.011698154903597106
202405,NRP-L,2026-05-31,409055.85765247984,-4764.199622543729,-4773.364793143576,-0.011646819214091865,-0.011669224884193852
202405,NRP-L,2026-06-30,404151.2856957357,-4707.076959641025,-4708.642871626259,-0.011646819214091863,-0.011650693782949261
202405,NRP-L,2026-07-31,399286.585177677,-4650.418672176495,-4647.736277562819,-0.011646819214091863,-0.011640101245812304
202405,NRP-L,2026-08-31,394464.93711447157,-4594.261808870366,-4589.834675747613,-0.011646819214091863,-0.01163559607939417
202405,NRP-L,2026-09-30,389688.7558816209,-4538.634489517616,-4534.3293496762335,-0.011646819214091863,-0.011635771577288376
202405,NRP-L,2026-10-31,384959.8612369077,-4483.5579085081545,-4480.759334096656,-0.011646819214091863,-0.011639549431724149
202405,NRP-L,2026-11-30,380279.60752231645,-4429.047839618228,-4428.773085921338,-0.011646819214091863,-0.011646096709672864
202405,NRP-L,2026-12-31,375648.9818336726,-4375.115779374463,-4378.100866586231,-0.011646819214091863,-0.01165476569433306
202405,NRP-L,2027-01-31,371068.6794028925,-4321.769825017302,-4328.534613969745,-0.011646819214091863,-0.011665049771743156
202405,NRP-L,2027-02-28,366539.162043931,-4269.015355210387,-4279.913119494588,-0.011646819214091863,-0.011676550728245581
202405,NRP-L,2027-03-31,362060.70387068304,-4216.855562508696,-4232.11100810075,-0.011646819214091863,-0.011688954263350076
202405,NRP-L,2027-04-30,357633.42735107004,-4165.291873273969,-4185.030474176495,-0.011646819214091863,-0.011702011484704613
202405,NRP-L,2027-05-31,353257.3319540967,-4114.3242813218,-4138.595034970014,-0.011646819214091862,-0.011715524804755633
202405,NRP-L,2027-06-30,348932.317069615,-4063.9516148639864,-4092.7447746837656,-0.011646819214091863,-0.01172933710770971
202405,NRP-L,2027-07-31,344658.2004633623,-4014.171751451013,-4047.4326995205824,-0.011646819214091863,-0.011743323368134486
202405,NRP-L,2027-08-31,340434.73322498304,-3964.98179206897,-4002.6219272982207,-0.011646819214091863,-0.01175738412288563
202405,NRP-L,2027-09-30,336261.6119417213,-3916.3782029243416,-3958.283508648788,-0.011646819214091863,-0.011771440355001963
202405,NRP-L,2027-10-31,332138.48866280913,-3868.356931497438,-3914.3947294687114,-0.011646819214091863,-0.011785429461150618
202405,NRP-L,2027-11-30,328064.9790935552,-3820.913501977464,-3870.937782401461,-0.011646819214091863,-0.01179930205624775
202405,NRP-L,2027-12-31,324040.6693626253,-3774.043094079813,-3827.898722971148,-0.011646819214091863,-0.01181301942901324
202405,NRP-L,2028-01-31,320065.1216330595,-3727.740608396567,-3785.266646479368,-0.011646819214091863,-0.011826551506661849
202405,NRP-L,2028-02-29,316137.87877144606,-3682.000720777522,-3743.033036982692,-0.011646819214091863,-0.011839875220042019
202405,NRP-L,2028-03-31,312258.4682461894,-3636.8179277326126,-3701.191251030377,-0.011646819214091863,-0.011852973185381479
202405,NRP-L,2028-04-30,308426.4053919093,-3592.1865844517756,-3659.7361073902844,-0.011646819214091863,-0.011865832637578337
202405,NRP-L,2028-05-31,304641.1961504032,-3548.1009367284437,-3618.6635604636595,-0.011646819214091863,-0.011878444564264064
202405,NRP-M,2025-10-31,2724042.47,-71101.77521455745,-40205.16141396781,-0.026101566329308164,-0.01475937392927938
202405,NRP-M,2025-11-30,2652152.0154686845,-65838.59912155877,-39027.29828749986,-0.024824594796058048,-0.014715332326304462
202405,NRP-M,2025-12-31,2585189.4359279415,-57228.105132177814,-37967.20308597192,-0.02213690971224167,-0.01468642976731946
202405,NRP-M,2026-01-31,2526601.4984225538,-54647.1068529316,-37060.41855426744,-0.021628700405287384,-0.014668090150902532
202405,NRP-M,2026-02-28,2470426.2501108223,-47045.238106163844,-36209.5882951294,-0.01904336877251584,-0.01465722293612491
202405,NRP-M,2026-03-31,2421735.1176025704,-46117.994913857765,-35482.52897032238,-0.01904336877251584,-0.014651696922762055
202405,NRP-M,2026-04-30,2373886.7547030053,-45206.80089400018,-34777.47910124867,-0.01904336877251584,-0.014650016068521197
202405,NRP-M,2026-05-31,2326893.0732577397,-44311.882888259854,-34091.57586478993,-0.01904336877251584,-0.014651114078508306
202405,NRP-M,2026-06-30,2280758.9519064855,-43433.333802371926,-33422.74573744777,-0.01904336877251584,-0.014654221003718831
202405,NRP-M,2026-07-31,2235484.1485699466,-42571.149026331084,-32769.45847553644,-0.01904336877251584,-0.014658774698312789
202405,NRP-M,2026-08-31,2191064.664063102,-41725.25240218219,-32130.562996025634,-0.01904336877251584,-0.014664360903179753
202405,NRP-M,2026-09-30,2147493.7289500423,-40895.51501706083,-31505.176106750703,-0.01904336877251584,-0.014670671994071101
202405,NRP-M,2026-10-31,2104762.5272366786,-40081.76898474049,-30892.6059756037,-0.01904336877251584,-0.01467747813629231
202405,NRP-M,2026-11-30,2062860.7333367784,-39283.81767127473,-30292.29881616962,-0.01904336877251584,-0.014684606831005184
202405,NRP-M,2026-12-31,2021776.9146489394,-38501.443361419035,-29703.801322488474,-0.01904336877251584,-0.01469192822772251
202405,NRP-M,2027-01-31,1981498.8361553715,-37734.41305921769,-29126.733932237825,-0.01904336877251584,-0.014699344456215449
202405,NRP-M,2027-02-28,1942013.692743136,-36982.48291218281,-28560.77162620442,-0.01904336877251584,-0.014706781797126114
202405,NRP-M,2027-03-31,1903308.2876311834,-36245.401609146276,-28005.630030824992,-0.01904336877251584,-0.014714184881567557
202405,NRP-M,2027-04-30,1865369.170214007,-35522.913005267204,-27461.055289634212,-0.01904336877251584,-0.014721512356979561
202405,NRP-M,2027-05-31,1828182.7430688918,-34814.75815981049,-26926.816637439108,-0.01904336877251584,-0.014728733623334732
202405,NRP-M,2027-06-30,1791735.3453386575,-34120.67692403508,-26402.700928379498,-0.01904336877251584,-0.014735826357987652
202405,NRP-M,2027-07-31,1756013.3178776775,-33440.40918179369,-25888.508586788907,-0.019043368772515838,-0.01474277462660581
202405,NRP-M,2027-08-31,1721003.0542223542,-32773.695820182365,-25384.05060083715,-0.01904336877251584,-0.014749567433107832
202405,NRP-M,2027-09-30,1686691.0404728022,-32120.279489022014,-24889.146284805003,-0.01904336877251584,-0.014756197600852993
202405,NRP-M,2027-10-31,1653063.886450096,-31479.905194197432,-24403.621610734957,-0.01904336877251584,-0.014762660905466265
202405,NRP-M,2027-11-30,1620108.3499532174,-30852.320759591268,-23927.30796364649,-0.01904336877251584,-0.014768955400012239
202405,NRP-M,2027-12-31,1587811.3555325626,-30237.277184594852,-23460.04121295053,-0.01904336877251584,-0.014775080888045342
202405,NRP-M,2028-01-31,1556160.0088874698,-29634.528918285614,-23001.66102056302,-0.01904336877251584,-0.014781038510948094
202405,NRP-M,2028-02-29,1525141.6077585,-29043.83406685282,-22552.010326553238,-0.01904336877251584,-0.01478683042402726
202405,NRP-M,2028-03-31,1494743.6500028474,-28464.954547380574,-22110.934968099573,-0.01904336877251584,-0.014792459541846825
202405,NRP-M,2028-04-30,1464953.8393999012,-27897.656198405264,-21678.28339856136,-0.01904336877251584,-0.01479792933778827
202405,NRP-M,2028-05-31,1435760.0896237276,-27341.70885556504,-21253.906481673836,-0.01904336877251584,-0.014803243686237224
202405,NRP-S,2025-10-31,1006382.0399999999,-51415.466456865965,-16989.57876263227,-0.051089411787263186,-0.016881838195991924
202405,NRP-S,2025-11-30,954375.4144736824,-48495.82351975553,-16122.589678937942,-0.05081420034955526,-0.01689334137743815
202405,NRP-S,2025-12-31,905123.0565871224,-46598.23471695382,-15307.242256065845,-0.05148276179446603,-0.016911780276356765
202405,NRP-S,2026-01-31,857665.0526973193,-44357.6268657731,-14523.92850077885,-0.051719055972107394,-0.016934266419159467
202405,NRP-S,2026-02-28,812388.1046403915,-42360.364408174275,-13777.261129513494,-0.052143014116295246,-0.01695896462641102
202405,NRP-S,2026-03-31,769079.1599408819,-40102.105493345895,-13062.576222614687,-0.052143014116295246,-0.01698469663853431
202405,NRP-S,2026-04-30,728020.6934473205,-37961.19329537869,-12384.143567636585,-0.05214301411629525,-0.017010702688951385
202405,NRP-S,2026-05-31,689110.0893983647,-35932.277119180406,-11740.020090292956,-0.052143014116295246,-0.01703649427124585
202405,NRP-S,2026-06-30,652245.5947216279,-34010.05125286123,-11128.458546335256,-0.052143014116295246,-0.01706176114701821
202405,NRP-S,2026-07-31,617327.5480752729,-32189.319053666888,-10547.850760754196,-0.052143014116295246,-0.017086311462433
202405,NRP-S,2026-08-31,584259.1632625338,-30465.03379757315,-9996.693294663915,-0.052143014116295246,-0.017110032539056564
202405,NRP-S,2026-09-30,552947.0132615668,-28832.32391806117,-9473.566439311058,-0.052143014116295246,-0.01713286483533219
202405,NRP-S,2026-10-31,523301.31087167567,-27286.50763985759,-8977.121189242818,-0.052143014116295246,-0.01715478444777715
202405,NRP-S,2026-11-30,495236.0501193589,-25823.10035227203,-8506.071009430494,-0.05214301411629525,-0.01717579123607906
202405,NRP-S,2026-12-31,468669.0519518118,-24437.816991794032,-8059.186479900899,-0.052143014116295246,-0.017195900702932563
202405,NRP-S,2027-01-31,443521.944157731,-23126.57099510328,-7635.291656974787,-0.052143014116295246,-0.0172151384109631
202405,NRP-S,2027-02-28,419720.09635014745,-21885.47090887854,-7233.261445753904,-0.052143014116295246,-0.01723353613194548
202405,NRP-S,2027-03-31,397192.5246527423,-20710.81541985489,-6852.01955586462,-0.052143014116295246,-0.01725112918944083
202405,NRP-S,2027-04-30,375871.7764610896,-19599.087345927568,-6490.536782550601,-0.05214301411629525,-0.017267954629795152
202405,NRP-S,2027-05-31,355693.8026701312,-18546.94697370739,-6147.829459939133,-0.05214301411629525,-0.017284049971600438
202405,NRP-S,2027-06-30,336597.8226563371,-17551.22501828363,-5822.957997844317,-0.052143014116295246,-0.017299452360954506
202405,NRP-S,2027-07-31,318526.1858045597,-16608.915402816838,-5515.025453102891,-0.052143014116295246,-0.017314198012237474
202405,NRP-S,2027-08-31,301424.2322925323,-15717.167999422967,-5223.176110557991,-0.052143014116295246,-0.0173283218500127
202405,NRP-S,2027-09-30,285240.1550659094,-14873.281432135958,-4946.594063237225,-0.052143014116295246,-0.01734185729247775
202405,NRP-S,2027-10-31,269924.8643681394,-14074.696013086974,-4684.501789654526,-0.052143014116295246,-0.01735483613419743
202405,NRP-S,2027-11-30,255431.85577279737,-13318.986861312464,-4436.158730788273,-0.052143014116295246,-0.01736728849801008
202405,NRP-S,2027-12-31,241717.08235943172,-12603.857237617549,-4200.8598715953,-0.052143014116295246,-0.017379242834598876
202405,NRP-S,2028-01-31,228738.83144781142,-11927.132117128109,-3977.9343328249556,-0.05214301411629524,-0.017390725954340432
202405,NRP-S,2028-02-29,216457.60613840303,-11286.752012454226,-3766.7439789753535,-0.052143014116295246,-0.01740176308041999
202405,NRP-S,2028-03-31,204836.01178360172,-10680.767053957963,-3566.6820478486807,-0.052143014116295246,-0.017412377915347665
202405,NRP-S,2028-04-30,193838.64742348026,-10107.331328886108,-3377.171806539526,-0.052143014116295246,-0.01742259271527727
202405,NRP-S,2028-05-31,183432.0021533944,-9564.697477664744,-3197.6652379687953,-0.052143014116295246,-0.017432428368168596
202405,PRIME,2025-10-31,4824.29,-77.89731383227992,-48.40629921510861,-0.01614689702158865,-0.01003387010629722
202405,PRIME,2025-11-30,4746.590082376788,-77.7144942188674,-47.85169245160425,-0.016372699742370204,-0.010081277637449407
202405,PRIME,2025-12-31,4668.827072674329,-77.44814877706612,-47.24903700469579,-0.016588352400189327,-0.010120108598845852
202405,PRIME,2026-01-31,4591.139633380803,-76.57499767446544,-46.61105853994121,-0.016678864898316645,-0.010152394015866158
202405,PRIME,2026-02-28,4514.175814723572,-75.62816781246582,-45.95244776551124,-0.016753483009189562,-0.010179587515318155
202405,PRIME,2026-03-31,4438.0406757576275,-74.35263905539757,-45.280234397165636,-0.016753483009189562,-0.010202753355665391
202405,PRIME,2026-04-30,4363.087178447229,-73.09690691172848,-44.602471744364266,-0.016753483009189562,-0.010222686350318986
202405,PRIME,2026-05-31,4289.314506736096,-71.86095770967349,-43.92254012888185,-0.016753483009189562,-0.010239990576560495
202405,PRIME,2026-06-30,4216.717929244402,-70.64471218214108,-43.24300046393931,-0.016753483009189562,-0.010255132354012608
202405,PRIME,2026-07-31,4145.289809016754,-69.44804238352883,-42.565811865167426,-0.016753483009189562,-0.010268476711225136
202405,PRIME,2026-08-31,4075.0203376638683,-68.27078398915353,-41.892484526740255,-0.016753483009189562,-0.01028031299366629
202405,PRIME,2026-09-30,4005.8980774706974,-67.11274537745047,-41.224189057885134,-0.016753483009189562,-0.010290873172667905
202405,PRIME,2026-10-31,3937.910367277468,-65.97371442989449,-40.56183595363108,-0.016753483009189562,-0.010300345150231061
202405,PRIME,2026-11-30,3871.043630141682,-64.85346368541015,-39.90613421108068,-0.016753483009189562,-0.010308882571189231
202405,PRIME,2026-12-31,3805.2836091341806,-63.75175429077703,-39.25763514554647,-0.016753483009189562,-0.010316612157714783
202405,PRIME,2027-01-31,3740.6155498411554,-62.66833905817407,-38.6167655464463,-0.016753483009189562,-0.010323639259876935
202405,PRIME,2027-02-28,3677.0243428565204,-61.60296485242313,-37.98385304973998,-0.016753483009189562,-0.010330052104096753
202405,PRIME,2027-03-31,3614.494635897579,-60.5553744693169,-37.359145755768495,-0.016753483009189562,-0.010335925079189165
202405,PRIME,2027-04-30,3553.0109226175505,-59.52530812353806,-36.74282754301987,-0.016753483009189562,-0.010341321302764514
202405,PRIME,2027-05-31,3492.557613369845,-58.512504634207346,-36.13503012804121,-0.016753483009189562,-0.010346294643705477
202405,PRIME,2027-06-30,3433.1190918701736,-57.51670237417125,-35.53584264084528,-0.016753483009189562,-0.010350891329402534
202405,PRIME,2027-07-31,3374.679760749571,-56.53764003317383,-34.94531928558046,-0.016753483009189562,-0.010355151233022046
202405,PRIME,2027-08-31,3317.224078289799,-55.57505723330265,-34.36348551273808,-0.016753483009189562,-0.0103591089120679
202405,PRIME,2027-09-30,3260.7365881108126,-54.62869502635724,-33.79034302486155,-0.016753483009189562,-0.010362794452047049
202405,PRIME,2027-10-31,3205.2019431881617,-53.698296296224235,-33.22587386111069,-0.016753483009189562,-0.010366234156235866
202405,PRIME,2027-11-30,3150.6049252813605,-52.78360608437022,-32.67004374922433,-0.016753483009189562,-0.010369451113045148
202405,PRIME,2027-12-31,3096.930460627474,-51.88437185276399,-32.122804870911295,-0.016753483009189562,-0.010372465665374624
202405,PRIME,2028-01-31,3044.163632579518,-51.00034369561373,-31.58409815461492,-0.016753483009189562,-0.010375295800985462
202405,PRIME,2028-02-29,2992.2896917337725,-50.13127450903483,-31.053855185184812,-0.016753483009189562,-0.010377957478840157
202405,PRIME,2028-03-31,2941.294063984241,-49.276920125990095,-30.531999801275255,-0.016753483009189562,-0.010380464903232757
202405,PRIME,2028-04-30,2891.162356859215,-48.4370394224493,-30.018449436839,-0.016753483009189562,-0.010382830755118588
202405,PRIME,2028-05-31,2841.880364428997,-47.61139439961064,-29.513116251850363,-0.016753483009189562,-0.010385066388176501
202406,NON PRIME,2025-10-31,2338555.8699999996,-151407.6693787524,-55180.541923644676,-0.064744089,-0.023595990427906555
202406,NON PRIME,2025-11-30,2183540.5953902886,-141371.34664306184,-50994.44573686665,-0.064744089,-0.023354017710740953
202406,NON PRIME,2025-12-31,2038188.5118646128,-131960.65841094006,-47289.45876409054,-0.064744089,-0.02320170999336481
202406,NON PRIME,2026-01-31,1902091.2634662632,-123149.1660479822,-43957.54742467236,-0.064744089,-0.023110114782067093
202406,NON PRIME,2026-02-28,1774788.5891518297,-114907.0703722305,-40927.10863771975,-0.064744089,-0.023060272580002775
202406,NON PRIME,2026-03-31,1655799.72880937,-107203.24500820972,-38148.74406088812,-0.064744089,-0.023039467513574004
202406,NON PRIME,2026-04-30,1544642.1405239233,-100006.4482192314,-35587.00693238232,-0.064744089,-0.02303899783564862
202406,NON PRIME,2026-05-31,1440842.6838252714,-93286.04695658224,-33215.46808534954,-0.064744089,-0.02305280684575938
202406,NON PRIME,2026-06-30,1343944.2120711196,-87012.44367736745,-31013.687670310366,-0.064744089,-0.0230766183534627
202406,NON PRIME,2026-07-31,1253509.3100252524,-81157.31833060354,-28965.31248898627,-0.064744089,-0.023107377230730544
202406,NON PRIME,2026-08-31,1169122.2296831012,-75693.75369048116,-27056.854882384814,-0.064744089,-0.023142879500049167
202406,NON PRIME,2026-09-30,1090389.6785742536,-70596.28639429287,-25276.89344012047,-0.064744089,-0.023181523025026653
202406,NON PRIME,2026-10-31,1016940.8753582686,-65840.91054193366,-23615.539919167786,-0.064744089,-0.02322213659751657
202406,NON PRIME,2026-11-30,948427.1402603654,-61405.05117903259,-22064.077132013314,-0.064744089,-0.023263860970866152
202406,NON PRIME,2026-12-31,884521.1953285271,-57267.51899273655,-20614.708394278186,-0.064744089,-0.023306064911900175
202406,NON PRIME,2027-01-31,824916.2901930553,-53408.453709809,-19260.380835494136,-0.064744089,-0.023348285231446483
202406,NON PRIME,2027-02-28,769325.2303762237,-49809.26118542373,-17994.658284992674,-0.064744089,-0.02339018346791088
202406,NON PRIME,2027-03-31,717479.3596580061,-46452.54751736096,-16811.627866000643,-0.064744089,-0.02343151428636787
202406,NON PRIME,2027-04-30,669127.5309016139,-43322.052413044345,-15705.829801574328,-0.064744089,-0.023472102217063993
202406,NON PRIME,2027-05-31,624035.0881673746,-40402.58328743135,-14672.203408863788,-0.064744089,-0.02351182439428551
202406,NON PRIME,2027-06-30,581982.8750399357,-37679.95105806148,-13706.04453233596,-0.064744089,-0.023550597655292608
202406,NON PRIME,2027-07-31,542766.2786608142,-35140.90825181456,-12802.971172858117,-0.064744089,-0.02358836883611732
202406,NON PRIME,2027-08-31,506194.3152069296,-32773.08979505151,-11958.895077622505,-0.064744089,-0.023625107430797147
202406,NON PRIME,2027-09-30,472088.7599606131,-30564.95669078957,-11169.997736949897,-0.064744089,-0.023660800011171254
202406,NON PRIME,2027-10-31,440283.3233235597,-28505.742670476327,-10432.709698102732,-0.064744089,-0.02369544596726831
202406,NON PRIME,2027-11-30,410622.87289485644,-26585.403828140275,-9743.69242497705,-0.064744089,-0.023729054244554973
202406,NON PRIME,2027-12-31,382962.7008952685,-24794.571190443647,-9099.822153032854,-0.064744089,-0.02376164083802366
202406,NON PRIME,2028-01-31,357167.8356607608,-23124.506139957673,-8498.175342364733,-0.064744089,-0.023793226863900275
202406,NON PRIME,2028-02-29,333112.39556667523,-21567.058585572027,-7936.015439400854,-0.064744089,-0.02382383707427181
202406,NON PRIME,2028-03-31,310678.98352276755,-20114.627759627598,-7410.780733546909,-0.064744089,-0.023853498712776054
202406,NON PRIME,2028-04-30,289758.12005765835,-18760.12551348572,-6920.073148841889,-0.064744089,-0.0238822406338945
202406,NON PRIME,2028-05-31,270247.7129599993,-17496.941979928648,-6461.647849010147,-0.064744089,-0.023910092626636098
202406,NRP-L,2025-10-31,263352.54000000004,0.0,-4072.557312329393,0.0,-0.015464279601515871
202406,NRP-L,2025-11-30,263254.2509758252,0.0,-4028.6881627344883,0.0,-0.015303411617480188
202406,NRP-L,2025-12-31,263185.76696324174,0.0,-3995.7024497945417,0.0,-0.01518206130938915
202406,NRP-L,2026-01-31,263139.5593501782,0.0,-3970.517504123671,0.0,-0.015089017834980204
202406,NRP-L,2026-02-28,263110.2639627923,0.0,-3951.0478717302926,0.0,-0.015016699889324841
202406,NRP-L,2026-03-31,263093.97403346666,0.0,-3935.8450744752226,0.0,-0.014959845009504348
202406,NRP-L,2026-04-30,263087.7902885787,0.0,-3923.879895998367,0.0,-0.014914716839174851
202406,NRP-L,2026-05-31,263089.5259390528,0.0,-3914.406362331568,0.0,-0.01487860966095008
202406,NRP-L,2026-06-30,263097.5081416103,0.0,-3906.8742683159394,0.0,-0.014849529727256455
202406,NRP-L,2026-07-31,263110.44130242727,0.0,-3900.8714747145455,0.0,-0.014825985070774
202406,NRP-L,2026-08-31,263127.3110452087,0.0,-3896.08497624715,0.0,-0.01480684373192166
202406,NRP-L,2026-09-30,263147.3155271134,0.0,-3892.2741006189235,0.0,-0.014791236204793747
202406,NRP-L,2026-10-31,263169.81552013993,0.0,-3889.2517223237437,0.0,-0.014778487094490159
202406,NRP-L,2026-11-30,263194.29760336777,0.0,-3886.870877911084,0.0,-0.014768066456244334
202406,NRP-L,2026-12-31,263220.3466657732,0.0,-3885.0150875112286,0.0,-0.014759554634445745
202406,NRP-L,2027-01-31,263247.62511930306,0.0,-3883.591261328803,0.0,-0.014752616512945826
202406,NRP-L,2027-02-28,263275.8570136736,0.0,-3882.524436147718,0.0,-0.014746982424393262
202406,NRP-L,2027-03-31,263304.8157761685,0.0,-3881.753825221234,0.0,-0.014742433835775549
202406,NRP-L,2027-04-30,263334.3146627394,0.0,-3881.2298227045526,0.0,-0.014738792502888834
202406,NRP-L,2027-05-31,263364.1992582472,0.0,-3880.91170993547,0.0,-0.014735912173582718
202406,NRP-L,2027-06-30,263394.34154037386,0.0,-3880.7658833439214,0.0,-0.014733672183876684
202406,NRP-L,2027-07-31,263424.63514743553,0.0,-3880.7644739382017,0.0,-0.014731972473896321
202406,NRP-L,2027-08-31,263454.99158081133,0.0,-3880.8842634851226,0.0,-0.014730729678715207
202406,NRP-L,2027-09-30,263485.33713854983,0.0,-3881.1058274505067,0.0,-0.014729874040048328
202406,NRP-L,2027-10-31,263515.6104251268,0.0,-3881.412852661705,0.0,-0.014729346949882267
202406,NRP-L,2027-11-30,263545.760318259,0.0,-3881.791590622873,0.0,-0.01472909898430999
202406,NRP-L,2027-12-31,263575.7443005862,0.0,-3882.23041690404,0.0,-0.014729088320345135
202406,NRP-L,2028-01-31,263605.5270843525,0.0,-3882.719474033137,0.0,-0.014729279453957297
202406,NRP-L,2028-02-29,263635.079472684,0.0,-3883.2503805397105,0.0,-0.014729642156525172
202406,NRP-L,2028-03-31,263664.37741291465,0.0,-3883.8159927180122,0.0,-0.014730150621127393
202406,NRP-L,2028-04-30,263693.40120657015,0.0,-3884.4102086421126,0.0,-0.014730782760844184
202406,NRP-L,2028-05-31,263722.13484773313,0.0,-3885.027806224999,0.0,-0.014731519629431642
202406,NRP-M,2025-10-31,2559981.8499999996,-78026.39080115873,-35604.60191870672,-0.030479274999999997,-0.013908146231078446
202406,NRP-M,2025-11-30,2482717.5558271497,-75671.43113138355,-34847.643685826675,-0.030479275,-0.014036088641672625
202406,NRP-M,2025-12-31,2406980.687671731,-73363.0262992358,-34037.39164147132,-0.030479275,-0.014141115388173569
202406,NRP-M,2026-01-31,2332967.229756246,-71107.1497617288,-33195.17769886983,-0.030479275,-0.014228737238773022
202406,NRP-M,2026-02-28,2260794.5463811634,-68907.37869765173,-32335.81739731085,-0.030479274999999997,-0.014302855360771524
202406,NRP-M,2026-03-31,2190527.8002141025,-66765.69921787069,-31469.78597875205,-0.030479275,-0.014366302941088531
202406,NRP-M,2026-04-30,2122196.8179141497,-64683.0204173303,-30604.58979885877,-0.030479275,-0.014421183530441441
202406,NRP-M,2026-05-31,2055807.1580842903,-62659.51171821956,-29745.657516214404,-0.030479275,-0.014469089378953704
202406,NRP-M,2026-06-30,1991347.5484979188,-60694.8295512439,-28896.934891032957,-0.030479275,-0.014511246373256154
202406,NRP-M,2026-07-31,1928794.986619271,-58788.272815790086,-28061.291187603973,-0.030479275,-0.014548612673858556
202406,NRP-M,2026-08-31,1868118.2996743866,-56938.89138830804,-27240.802671033114,-0.030479275,-0.014581947340155702
202406,NRP-M,2026-09-30,1809280.6673893428,-55145.56301354331,-26436.954047054085,-0.030479275,-0.014611859024172651
202406,NRP-M,2026-10-31,1752241.4328726565,-53407.048498919736,-25650.78397150738,-0.030479275,-0.014638841138150133
202406,NRP-M,2026-11-30,1696957.4166894369,-51722.031766566935,-24882.99172075327,-0.030479275,-0.014663297662057451
202406,NRP-M,2026-12-31,1643383.8789362456,-50089.149176664534,-24134.01643340849,-0.030479275,-0.014685562358704846
202406,NRP-M,2027-01-31,1591475.2285167978,-48507.01114565132,-23404.09668303213,-0.030479274999999997,-0.014705913270697889
202406,NRP-M,2027-02-28,1541185.5486420917,-46974.21816308819,-22693.31574816068,-0.030479275,-0.014724583790806574
202406,NRP-M,2027-03-31,1492468.9872683748,-45489.37269192429,-22001.63634851037,-0.030479274999999997,-0.014741771210120328
202406,NRP-M,2027-04-30,1445280.0473012784,-44051.08801370867,-21328.927531826906,-0.030479275,-0.014757643386590493
202406,NRP-M,2027-05-31,1399573.8017646854,-42657.99478678133,-20674.98564853773,-0.030479275,-0.014772343996771868
202406,NRP-M,2027-06-30,1355306.0523655103,-41308.74587921279,-20039.5508289833,-0.030479275,-0.01478599670827624
202406,NRP-M,2027-07-31,1312433.445071359,-40002.01989152734,-19422.32000805866,-0.030479275,-0.014798708521941576
202406,NRP-M,2027-08-31,1270913.5528543952,-38736.523678676145,-18822.957276906094,-0.030479274999999997,-0.01481057246941058
202406,NRP-M,2027-09-30,1230704.9332365263,-37510.99410397273,-18241.10214904202,-0.030479275,-0.0148216698059959
202406,NRP-M,2027-10-31,1191767.1664222865,-36324.19920135564,-17676.376187443413,-0.030479275,-0.0148320718051902
202406,NRP-M,2027-11-30,1154060.8784361603,-35174.9388805973,-17128.388334896285,-0.030479275,-0.01484184123640561
202406,NRP-M,2027-12-31,1117547.7526578163,-34062.04527888956,-16596.73921207957,-0.030479275,-0.014851033589041947
202406,NRP-M,2028-01-31,1082190.5323781425,-32984.38283874981,-16081.024589231334,-0.030479275,-0.014859698092065965
202406,NRP-M,2028-02-29,1047953.0164144061,-31940.848174374198,-15580.838192722205,-0.030479275,-0.014867878567717072
202406,NRP-M,2028-03-31,1014800.0493763279,-30930.369774954677,-15095.773973789295,-0.030479275,-0.014875614149868046
202406,NRP-M,2028-04-30,982697.507831581,-29951.907583013413,-14625.427940420856,-0.030479275,-0.014882939891333708
202406,NRP-M,2028-05-31,951612.2833537074,-29004.45247771557,-14169.399632998491,-0.030479275,-0.014889887279577945
202406,NRP-S,2025-10-31,1206635.83,-64752.46958558537,-20991.44353136363,-0.053663639,-0.017396668497208168
202406,NRP-S,2025-11-30,1140914.1609894417,-61225.60566532528,-19775.642399496053,-0.053663639,-0.017333155355303775
202406,NRP-S,2025-12-31,1078560.0360618853,-57879.456415051995,-18654.317775832937,-0.053663639,-0.017295576650461573
202406,NRP-S,2026-01-31,1019465.2970084205,-54708.21767168766,-17611.643540667417,-0.053663639,-0.017275373269053953
202406,NRP-S,2026-02-28,963503.0246951982,-51705.0784926512,-16636.776793698908,-0.053663639,-0.017266968932414
202406,NRP-S,2026-03-31,910537.1162762166,-48862.73510394791,-15721.921086539114,-0.053663639,-0.017266644934625357
202406,NRP-S,2026-04-30,860428.1301410786,-46173.704561335864,-14861.205062735762,-0.053663639000000006,-0.01727187262031876
202406,NRP-S,2026-05-31,813036.9003576437,-43630.51871447156,-14050.013038561703,-0.05366363899999999,-0.017280904510461083
202406,NRP-S,2026-06-30,768226.7792181644,-41225.84455009628,-13284.574486847885,-0.053663639,-0.017292516801311966
202406,NRP-S,2026-07-31,725865.0156712066,-38952.55816370898,-12561.70615175877,-0.053663639000000006,-0.01730584320852407
202406,NRP-S,2026-08-31,685823.5788721916,-36803.788954285315,-11878.646428913344,-0.053663639,-0.017320265436844975
202406,NRP-S,2026-09-30,647979.620033633,-34772.94440884205,-11232.946766682222,-0.053663639000000006,-0.01733533959925959
202406,NRP-S,2026-10-31,612215.695967155,-32853.722098515165,-10622.399006650936,-0.053663639,-0.017350745948893184
202406,NRP-S,2026-11-30,578419.8346687225,-31040.113198102008,-10044.985778594364,-0.053663639,-0.017366254019189044
202406,NRP-S,2026-12-31,546485.4961507384,-29326.400384169116,-9498.845923067105,-0.053663639,-0.017381698123690028
202406,NRP-S,2027-01-31,516311.4642536674,-27707.15202927021,-8982.249854714953,-0.053663639,-0.017396959929407867
202406,NRP-S,2027-02-28,487801.69372214266,-26177.21399549363,-8493.581592747147,-0.053663639,-0.01741195592810956
202406,NRP-S,2027-03-31,460865.1292075961,-24731.699921484793,-8031.3253226668285,-0.053663639,-0.017426628342386754
202406,NRP-S,2027-04-30,435415.507709671,-23365.9806207335,-7594.055078170518,-0.05366363899999999,-0.017440938468443638
202406,NRP-S,2027-05-31,411371.15244468267,-22075.673019805417,-7180.42660037773,-0.053663639,-0.017454861765843648
202406,NRP-S,2027-06-30,388654.763690368,-20856.628934310214,-6789.1707378811925,-0.053663639,-0.01746838421177815
202406,NRP-S,2027-07-31,367193.2104512218,-19704.923888905392,-6419.087953799933,-0.053663639,-0.017481499578687467
202406,NRP-S,2027-08-31,346917.32558674214,-18616.846123132393,-6069.043641519526,-0.053663639,-0.017494207391501527
202406,NRP-S,2027-09-30,327761.70619150845,-17588.885879085174,-5737.964042233274,-0.053663639,-0.01750651138873627
202406,NRP-S,2027-10-31,309664.52040675323,-16617.72503421614,-5424.832619608508,-0.053663639,-0.017518418359593908
202406,NRP-S,2027-11-30,292567.3214064199,-15700.22711915109,-5128.68678955189,-0.053663639,-0.017529937263319216
202406,NRP-S,2027-12-31,276414.8689871109,-14833.427743556615,-4848.614932486503,-0.053663639,-0.017541078561560997
202406,NRP-S,2028-01-31,261154.9589661817,-14014.525441020987,-4583.753635998586,-0.053663639,-0.01755185371223282
202406,NRP-S,2028-02-29,246738.26043105408,-13240.87293526007,-4333.285129989523,-0.053663639,-0.017562274786323096
202406,NRP-S,2028-03-31,233118.1607681886,-12509.968823808034,-4096.434886490345,-0.05366363899999999,-0.01757235417863397
202406,NRP-S,2028-04-30,220250.61831954686,-11819.449671026949,-3872.4693633632623,-0.053663639,-0.01758210439048555
202406,NRP-S,2028-05-31,208094.02245873414,-11167.0824992834,-3660.693876121036,-0.053663639,-0.01759153786768174
202407,NON PRIME,2025-10-31,2523024.380000001,-152834.67962457056,-61000.34617108629,-0.06057598207773581,-0.02417746996605965
202407,NON PRIME,2025-11-30,2366691.907720521,-138341.3672394714,-57332.41114291711,-0.05845347541358473,-0.024224704092615422
202407,NON PRIME,2025-12-31,2223857.6022454696,-125212.55068540123,-54019.31422794261,-0.056304212355580606,-0.02429081528124747
202407,NON PRIME,2026-01-31,2093597.1882538246,-111278.89636906925,-51012.91609523828,-0.05315200889330673,-0.024366156193487185
202407,NON PRIME,2026-02-28,1976991.944560539,-104417.18585564653,-48327.85682205925,-0.05281619186306659,-0.02444514604878774
202407,NON PRIME,2026-03-31,1867139.191647299,-98615.18178109481,-45790.71666643159,-0.05281619186306659,-0.024524532970695317
202407,NON PRIME,2026-04-30,1763100.4066248022,-93120.24935014627,-43376.56208538926,-0.05281619186306659,-0.024602434394775816
202407,NON PRIME,2026-05-31,1664649.8234228282,-87920.46445872002,-41079.87690265597,-0.05281619186306659,-0.02467778888065968
202407,NON PRIME,2026-06-30,1571545.3585111427,-83003.04117663628,-38895.80110750523,-0.05281619186306659,-0.024750034032968986
202407,NON PRIME,2026-07-31,1483538.3694755933,-78354.84715844391,-36819.80949289931,-0.05281619186306659,-0.02481891284410427
202407,NON PRIME,2026-08-31,1400379.9671733987,-73962.73702742512,-34847.5523111662,-0.05281619186306659,-0.02488435505222511
202407,NON PRIME,2026-09-30,1321825.0968608726,-69813.76792522043,-32974.78206764712,-0.05281619186306659,-0.02494640338268433
202407,NON PRIME,2026-10-31,1247635.149877388,-65895.33745102996,-31197.325527666962,-0.05281619186306659,-0.025005167200309236
202407,NON PRIME,2026-11-30,1177579.593818038,-62195.26976112552,-29511.07867124804,-0.05281619186306659,-0.025060793194933838
202407,NON PRIME,2026-12-31,1111436.9399698288,-58701.8666651461,-27912.012470046742,-0.05281619186306659,-0.025113446805901957
202407,NON PRIME,2027-01-31,1048995.2598780866,-55403.93490916842,-26396.18294443387,-0.05281619186306659,-0.025163300497183953
202407,NON PRIME,2027-02-28,990052.3939866122,-52290.797195285304,-24959.742057853524,-0.05281619186306659,-0.025210526442291534
202407,NON PRIME,2027-03-31,934415.9500587616,-49352.292098213205,-23598.94772937151,-0.05281619186306659,-0.025255292065474125
202407,NON PRIME,2027-04-30,881903.1589142048,-46578.766445857145,-22310.17219860717,-0.05281619186306659,-0.025297757438668612
202407,NON PRIME,2027-05-31,832340.6345966613,-43961.062652283865,-21089.90849559694,-0.05281619186306659,-0.02533807388343688
202407,NON PRIME,2027-06-30,785564.0720868043,-41490.50275206853,-19934.775040251712,-0.052816191863066596,-0.025376383351260155
202407,NON PRIME,2027-07-31,741417.9059607759,-39158.8703719374,-18841.518529178866,-0.05281619186306659,-0.025412818300851316
202407,NON PRIME,2027-08-31,699754.9465843275,-36958.39151592775,-17807.015323135834,-0.05281619186306659,-0.025447501886276286
202407,NON PRIME,2027-09-30,660436.0056130391,-34881.714785735596,-16828.271561544345,-0.05281619186306659,-0.025480548332497063
202407,NON PRIME,2027-10-31,623329.5191304939,-32921.891476309196,-15902.422221575742,-0.05281619186306658,-0.02551206341672802
202407,NON PRIME,2027-11-30,588311.1742857825,-31072.355856263897,-15026.72931986778,-0.05281619186306659,-0.025542145001937838
202407,NON PRIME,2027-12-31,555263.5435064236,-29326.90584840149,-14198.579431434568,-0.05281619186306659,-0.02557088358758837
202407,NON PRIME,2028-01-31,524075.7290667867,-27679.68425716791,-13415.480676319661,-0.05281619186306659,-0.025598362855323208
202407,NON PRIME,2028-02-29,494643.0198482979,-26125.160640034355,-12675.05930184241,-0.05281619186306659,-0.02562466019581096
202407,NON PRIME,2028-03-31,466866.5614392524,-24658.11388342572,-11975.055967743421,-0.05281619186306659,-0.02564984720864741
202407,NON PRIME,2028-04-30,440653.0402199348,-23273.615517299673,-11313.321823438291,-0.05281619186306659,-0.025673990171023644
202407,NON PRIME,2028-05-31,415914.3817133663,-21967.01378318187,-10687.814450930677,-0.05281619186306659,-0.025697150473378786
202407,NRP-L,2025-10-31,471704.42,-18296.573494988468,-7177.25850702386,-0.038788217195396366,-0.015215584596438295
202407,NRP-L,2025-11-30,453122.20424593217,-17388.317961697816,-6945.585742735876,-0.038374455718043564,-0.01532828379993967
202407,NRP-L,2025-12-31,435336.50163252145,-16912.728403309033,-6707.5617188766655,-0.03884978250132008,-0.015407763175665633
202407,NRP-L,2026-01-31,417956.61189023807,-18115.32690128792,-6463.508596188409,-0.0433426015666078,-0.015464544434305604
202407,NRP-L,2026-02-28,399332.5384840442,-16952.12063915746,-6191.8251115479825,-0.042451137849952095,-0.015505435983387526
202407,NRP-L,2026-03-31,381851.4844062164,-16210.030002737127,-5932.054001902782,-0.042451137849952095,-0.015534976932529662
202407,NRP-L,2026-04-30,365104.8529519695,-15499.116442350545,-5679.670166045984,-0.042451137849952095,-0.015556271356363373
202407,NRP-L,2026-05-31,349070.34674019675,-14818.433408798668,-5435.545016445542,-0.042451137849952095,-0.015571488862361219
202407,NRP-L,2026-06-30,333723.80428593676,-14166.955219552736,-5200.142683614978,-0.042451137849952095,-0.015582174890825171
202407,NRP-L,2026-07-31,319040.13917498925,-13543.61692778537,-4973.659853750651,-0.042451137849952095,-0.015589448608604903
202407,NRP-L,2026-08-31,304993.95895312977,-12947.340594921943,-4756.116147854365,-0.042451137849952095,-0.015594132304060704
202407,NRP-L,2026-09-30,291559.9758495331,-12377.052726317233,-4547.413676511146,-0.042451137849952095,-0.015596837883050017
202407,NRP-L,2026-10-31,278713.27956272813,-11831.695851329609,-4347.376936031162,-0.042451137849952095,-0.015598025838064623
202407,NRP-L,2026-11-30,266429.51712783833,-11310.236158890038,-4155.779908313206,-0.042451137849952095,-0.01559804616663092
202407,NRP-L,2026-12-31,254685.00932215934,-10811.66843905132,-3972.3646787094435,-0.042451137849952095,-0.015597167219546362
202407,NRP-L,2027-01-31,243456.82323874248,-10335.019163819277,-3796.854340065581,-0.042451137849952095,-0.015595596334312838
202407,NRP-L,2027-02-28,232722.81432315215,-9879.348271660938,-3628.961992041235,-0.042451137849952095,-0.015593494787331696
202407,NRP-L,2027-03-31,222461.6470092975,-9443.750043519072,-3468.3970378701133,-0.042451137849952095,-0.015590988759177693
202407,NRP-L,2027-04-30,212652.80031310022,-9027.353340269754,-3314.869589557343,-0.042451137849952095,-0.015588177464283004
202407,NRP-L,2027-05-31,203276.56286003845,-8629.321391635944,-3168.093536188577,-0.04245113784995209,-0.015585139238948552
202407,NRP-L,2027-06-30,194314.02052844618,-8248.85127163149,-3027.7886594824913,-0.042451137849952095,-0.015581936142581358
202407,NRP-L,2027-07-31,185747.03898956534,-7885.173157366465,-2893.682065649425,-0.042451137849952095,-0.015578617464862967
202407,NRP-L,2027-08-31,177558.24279098952,-7537.549441115559,-2765.509123973257,-0.042451137849952095,-0.015575222419995684
202407,NRP-L,2027-09-30,169730.99217875826,-7205.273746389607,-2643.0140481397875,-0.042451137849952095,-0.015571782231474868
202407,NRP-L,2027-10-31,162249.35852912208,-6887.669884986062,-2525.950218299901,-0.042451137849952095,-0.015568321756085827
202407,NRP-L,2027-11-30,155098.09902608316,-6584.090782021777,-2414.0803149889875,-0.042451137849952095,-0.015564860756823375
202407,NRP-L,2027-12-31,148262.6310493055,-6293.917388670655,-2307.176316867842,-0.042451137849952095,-0.015561414906366925
202407,NRP-L,2028-01-31,141729.0066109105,-6016.557596976533,-2205.0194004732043,-0.042451137849952095,-0.015557996582355632
202407,NRP-L,2028-02-29,135483.8870864397,-5751.445167153796,-2107.399770178405,-0.042451137849952095,-0.01555461550076334
202407,NRP-L,2028-03-31,129514.51841596914,-5498.038674846465,-2014.1164392708342,-0.042451137849952095,-0.015551279222627242
202407,NRP-L,2028-04-30,123808.7068996373,-5255.820483620818,-1924.9769776904504,-0.042451137849952095,-0.015547993561154702
202407,NRP-L,2028-05-31,118354.79567312225,-5024.295746322627,-1839.797238006839,-0.042451137849952095,-0.01554476291005627
202407,NRP-M,2025-10-31,4349482.11,-116380.84149040401,-63841.77680675184,-0.02675740204168905,-0.01467801802425435
202407,NRP-M,2025-11-30,4231821.603652077,-114280.05821024487,-62636.801839314416,-0.027004932843015115,-0.01480138051785043
202407,NRP-M,2025-12-31,4115202.959776763,-110485.22972091656,-61313.722688872556,-0.026848063339969516,-0.014899319253065136
202407,NRP-M,2026-01-31,4001669.924361487,-111344.38155212115,-59939.66615844924,-0.0278244791941173,-0.01497866323095434
202407,NRP-M,2026-02-28,3886804.587030324,-106016.00269487889,-58473.290728734595,-0.027275876705671845,-0.015044052104870689
202407,NRP-M,2026-03-31,3776962.0251080613,-103019.95051885213,-57027.3503816038,-0.027275876705671845,-0.01509873543935677
202407,NRP-M,2026-04-30,3669923.3556633955,-100100.37696834026,-55581.16999630721,-0.02727587670567185,-0.015145049258463342
202407,NRP-M,2026-05-31,3565694.4823805154,-97257.44307150533,-54144.04086538194,-0.027275876705671845,-0.015184711178405419
202407,NRP-M,2026-06-30,3464258.164245274,-94490.67856457118,-52722.577135334825,-0.027275876705671845,-0.015219009275776942
202407,NRP-M,2026-07-31,3365581.3589531844,-91799.18218971456,-51321.50262607096,-0.027275876705671845,-0.01524892645650788
202407,NRP-M,2026-08-31,3269620.227487652,-89181.75819932393,-49944.18280270735,-0.027275876705671845,-0.015275224438247383
202407,NRP-M,2026-09-30,3176323.604693403,-86637.01101893242,-48592.9921946381,-0.027275876705671845,-0.01529850174045115
202407,NRP-M,2026-10-31,3085635.442017326,-84163.41187511584,-47269.573018677205,-0.02727587670567185,-0.015319234532700763
202407,NRP-M,2026-11-30,2997496.5484052896,-81759.3462799796,-45975.0203302805,-0.027275876705671845,-0.015337805928330379
202407,NRP-M,2026-12-31,2911845.84380241,-79423.14822147753,-44710.01660282384,-0.02727587670567184,-0.015354527334606294
202407,NRP-M,2027-01-31,2828621.2690442777,-77153.12498149274,-43474.93089209914,-0.027275876705671845,-0.015369654243881247
202407,NRP-M,2027-02-28,2747760.450223315,-74947.5752570125,-42269.89280904015,-0.027275876705671845,-0.01538339807081975
202407,NRP-M,2027-03-31,2669201.185490615,-72804.80243807514,-41094.84831507338,-0.027275876705671845,-0.015395935135372683
202407,NRP-M,2027-04-30,2592881.802054753,-70723.12434522567,-39949.60222905269,-0.027275876705671845,-0.015407413557144894
202407,NRP-M,2027-05-31,2518741.4173811655,-68700.88035395782,-38833.850902774895,-0.027275876705671845,-0.015417958602178376
202407,NRP-M,2027-06-30,2446720.129089179,-66736.43657432195,-37747.20754218207,-0.02727587670567185,-0.01542767686970145
202407,NRP-M,2027-07-31,2376759.151387415,-64828.18957232037,-36689.22197111197,-0.027275876705671845,-0.015436659599982992
202407,NRP-M,2027-08-31,2308800.9111704803,-62974.568991028835,-35659.396155906485,-0.027275876705671845,-0.015444985309637822
202407,NRP-M,2027-09-30,2242789.113518038,-61174.039337141054,-34657.19646834384,-0.027275876705671845,-0.015452721907491597
202407,NRP-M,2027-10-31,2178668.783887777,-59425.10113181902,-33682.06341879272,-0.027275876705671845,-0.015459928405770778
202407,NRP-M,2027-11-30,2116386.292502206,-57726.29157586412,-32733.41941265434,-0.027275876705671845,-0.015466656313462314
202407,NRP-M,2027-12-31,2055889.3651069452,-56076.184843159004,-31810.67495161506,-0.027275876705671845,-0.015472950778146713
202407,NRP-M,2028-01-31,1997127.0832941525,-54473.39208948933,-30913.233603559536,-0.027275876705671845,-0.015478851527349896
202407,NRP-M,2028-02-29,1940049.8768465912,-52916.561243721466,-30040.495991828633,-0.02727587670567184,-0.01548439364902167
202407,NRP-M,2028-03-31,1884609.5100001686,-51404.37663310123,-29191.86299924337,-0.027275876705671845,-0.015489608242102503
202407,NRP-M,2028-04-30,1830759.0630985247,-49935.55848286666,-28366.73834024732,-0.027275876705671845,-0.0154945229615508
202407,NRP-M,2028-05-31,1778452.9107884774,-48508.86232150972,-27564.530622258626,-0.027275876705671845,-0.015499162477143062
202407,NRP-S,2025-10-31,1186959.49,-69237.61904453118,-20657.003582867575,-0.05833191412836775,-0.017403292830884712
202407,NRP-S,2025-11-30,1117062.9373470226,-68832.9883850093,-19683.697470984738,-0.061619615228202584,-0.017620938635501317
202407,NRP-S,2025-12-31,1047147.0335431892,-64957.9258990349,-18630.294138242873,-0.06203324253255953,-0.017791478695407557
202407,NRP-S,2026-01-31,980857.7904799691,-63309.39687718503,-17584.745933773807,-0.06454492943998075,-0.017927926050491944
202407,NRP-S,2026-02-28,916081.5533422653,-62084.66878511706,-16525.236556369542,-0.06777198881322857,-0.018039045209543046
202407,NRP-S,2026-03-31,852472.3242229,-57773.74482082134,-15456.110123137,-0.06777198881322857,-0.01813092306219623
202407,NRP-S,2026-04-30,793170.2823180406,-53754.7275002436,-14441.96478671308,-0.06777198881322857,-0.018207899499848166
202407,NRP-S,2026-05-31,737915.1797373234,-50009.97930626944,-13484.027486574652,-0.06777198881322857,-0.018273140134309987
202407,NRP-S,2026-06-30,686452.8987247429,-46522.27817318161,-12581.995554757466,-0.06777198881322857,-0.018329000544875917
202407,NRP-S,2026-07-31,638538.7734768998,-43275.04261288915,-11734.596050820124,-0.06777198881322857,-0.018377264683433734
202407,NRP-S,2026-08-31,593939.4330963477,-40252.456615541,-10939.951514818491,-0.06777198881322857,-0.018419304907549106
202407,NRP-S,2026-09-30,552433.7130836546,-37439.531423155764,-10195.822588350597,-0.06777198881322857,-0.018456191841439356
202407,NRP-S,2026-10-31,513812.97566377814,-34822.127238777255,-9499.77060881205,-0.06777198881322857,-0.01848877132100373
202407,NRP-S,2026-11-30,477881.05476976506,-32386.949497910387,-8849.267214236086,-0.06777198881322857,-0.018517719264890115
202407,NRP-S,2026-12-31,444453.9648576856,-30121.529134330154,-8241.768296720827,-0.06777198881322857,-0.018543581446865586
202407,NRP-S,2027-01-31,413359.4645036437,-28014.193004183093,-7674.763643955965,-0.06777198881322857,-0.018566802754042936
202407,NRP-S,2027-02-28,384436.53481567523,-26054.0285369243,-7145.809816812972,-0.06777198881322857,-0.01858774900319803
202407,NRP-S,2027-03-31,357534.8125388343,-24230.845315721654,-6652.5513665978015,-0.06777198881322857,-0.018606723410675492
202407,NRP-S,2027-04-30,332514.00440270494,-22535.135386621954,-6192.733891223483,-0.06777198881322857,-0.018623979168478914
202407,NRP-S,2027-05-31,309243.30033585406,-20958.033490927384,-5764.2113592672695,-0.06777198881322857,-0.018639729148560505
202407,NRP-S,2027-06-30,287600.79713404307,-19491.278006043987,-5364.949406193435,-0.06777198881322857,-0.018654153464299942
202407,NRP-S,2027-07-31,267472.9400507244,-18127.17310095905,-4993.02580967885,-0.06777198881322857,-0.018667405415785078
202407,NRP-S,2027-08-31,248753.986952397,-16858.552420983855,-4646.629005439243,-0.06777198881322856,-0.018679616203813643
202407,NRP-S,2027-09-30,231345.49773546375,-15678.744484518646,-4324.055262195064,-0.06777198881322857,-0.018690898697062537
202407,NRP-S,2027-10-31,215155.85036051483,-14581.539883733492,-4023.704962140017,-0.06777198881322857,-0.01870135046478124
202407,NRP-S,2027-11-30,200099.78393904652,-13561.160318646516,-3744.0783099081464,-0.06777198881322857,-0.018711056235066453
202407,NRP-S,2027-12-31,186097.96868000968,-12612.229451546178,-3483.7707039790853,-0.06777198881322857,-0.018720089900440197
202407,NRP-S,2028-01-31,173076.60208206362,-11729.745540137228,-3241.467939718096,-0.06777198881322857,-0.018728516164080725
202407,NRP-S,2028-02-29,160967.03048131027,-10909.055789077982,-3015.941365894298,-0.06777198881322857,-0.01873639189886451
202407,NRP-S,2028-03-31,149705.3948910408,-10145.832347835583,-2806.043081711585,-0.06777198881322857,-0.01874376727541376
202407,NRP-S,2028-04-30,139232.29996955217,-9436.049875976574,-2610.701235697946,-0.06777198881322857,-0.0187506867032209
202407,NRP-S,2028-05-31,129492.50490298413,-8775.964593681987,-2428.915468788004,-0.06777198881322857,-0.01875718961964439
202407,PRIME,2025-10-31,3074.04,-150.1895359984124,-31.87550391941904,-0.048857378563197745,-0.010369254765526486
202407,PRIME,2025-11-30,2922.815811261631,-148.06887314154542,-30.45926614313279,-0.050659666124370534,-0.0104212061621444
202407,PRIME,2025-12-31,2773.584799999628,-144.57070162976106,-29.008413565107062,-0.05212413250526194,-0.01045881617360715
202407,PRIME,2026-01-31,2627.789738692534,-139.5187421564353,-27.55636551033627,-0.0530935714155933,-0.010486518424433395
202407,PRIME,2026-02-28,2487.0269504542725,-133.39140213477893,-26.131693172843697,-0.053634884057213,-0.010507201447121658
202407,PRIME,2026-03-31,2352.399385641665,-126.17066830514982,-24.753839772467003,-0.053634884057213006,-0.010522804895953025
202407,PRIME,2026-04-30,2225.01806432378,-119.33858590521045,-23.439820635385615,-0.053634884057213006,-0.010534665318552983
202407,PRIME,2026-05-31,2104.505049263192,-112.87488431505066,-22.18932132276665,-0.053634884057213006,-0.010543724440354917
202407,PRIME,2026-06-30,1990.498528105696,-106.76015777100216,-21.001070822045182,-0.053634884057213006,-0.010550658805073991
202407,PRIME,2026-07-31,1882.653289346117,-100.97589089400967,-19.873218089649257,-0.053634884057213006,-0.010555962801069772
202407,PRIME,2026-08-31,1780.64072458688,-95.50445881076907,-18.803571724089913,-0.053634884057213006,-0.010560003185624356
202407,PRIME,2026-09-30,1684.148542398114,-90.32911180664712,-17.78975485533055,-0.053634884057213006,-0.010563055696975006
202407,PRIME,2026-10-31,1592.8803081907643,-85.43395064682936,-16.82930631596369,-0.053634884057213006,-0.010565330131476649
202407,PRIME,2026-11-30,1506.5548821174539,-80.80389642819785,-15.91974710286031,-0.053634884057213006,-0.01056698782887033
202407,PRIME,2026-12-31,1424.9058010221524,-76.42465743027337,-15.058624028636302,-0.053634884057213006,-0.010568154061716949
202407,PRIME,2027-01-31,1347.6806341695028,-72.28269455983258,-14.243538165154517,-0.053634884057213006,-0.010568926943089882
202407,PRIME,2027-02-28,1274.6403320773861,-68.36518642561809,-13.472163025341064,-0.053634884057213006,-0.01056938391662562
202407,PRIME,2027-03-31,1205.558581015243,-64.65999471693078,-12.742255754554094,-0.053634884057213006,-0.010569586542881555
202407,PRIME,2027-04-30,1140.2211712747817,-61.15563032090253,-12.05166352679283,-0.053634884057213006,-0.010569584068781075
202407,PRIME,2027-05-31,1078.4253843474833,-57.84122045383264,-11.398326638275101,-0.053634884057213006,-0.01056941611697301
202407,PRIME,2027-06-30,1019.9794021415481,-54.70647697460737,-10.780279324860755,-0.053634884057213006,-0.010569114731362699
202407,PRIME,2027-07-31,964.7017400132036,-51.74166597539982,-10.195649016397622,-0.053634884057213006,-0.010568705946625614
202407,PRIME,2027-08-31,912.420704462564,-48.93757869525023,-9.64265452762207,-0.053634884057213006,-0.010568211002293956
202407,PRIME,2027-09-30,862.9738757140024,-46.28550376832426,-9.119603538181305,-0.053634884057213006,-0.010567647289016692
202407,PRIME,2027-10-31,816.2076149730924,-43.77720079569617,-8.624889611939688,-0.053634884057213006,-0.010567029091273574
202407,PRIME,2027-11-30,771.97659586449,-41.404875214073904,-8.15698893373726,-0.053634884057213006,-0.010566368174157846
202407,PRIME,2027-12-31,730.1433593653094,-39.16115442470238,-7.714456890715709,-0.05363488405721301,-0.01056567424980985
202407,PRIME,2028-01-31,690.577891427428,-37.03906513918473,-7.29592458884358,-0.053634884057213006,-0.010564955350312284
202407,PRIME,2028-02-29,653.1572224094336,-35.03201189506126,-6.900095369023993,-0.053634884057213,-0.010564218127406155
202407,PRIME,2028-03-31,617.7650474003478,-33.13375669191635,-6.525741368173138,-0.053634884057213006,-0.010563468094600821
202407,PRIME,2028-04-30,584.291366502768,-31.338399698006516,-6.171700156845907,-0.053634884057213006,-0.010562709823672654
202407,PRIME,2028-05-31,552.6321441454681,-29.64036097753121,-5.8368714749048625,-0.053634884057213006,-0.010561947104851062
202408,NON PRIME,2025-10-31,2642668.7499999995,-172038.96154711477,-62677.84056281659,-0.06510046389549004,-0.023717630354851173
202408,NON PRIME,2025-11-30,2465955.6053050794,-162438.90775304058,-57960.84001325707,-0.0658726002218293,-0.02350441341626925
202408,NON PRIME,2025-12-31,2297906.0914977985,-150060.8887808201,-53768.449023973255,-0.0653033165002008,-0.02339888876352055
202408,NON PRIME,2026-01-31,2141802.2613996775,-138659.0135853918,-50031.543261129715,-0.06473940946106645,-0.023359552916165975
202408,NON PRIME,2026-02-28,1996968.4509586927,-129499.56475361656,-46652.21456832372,-0.06484807744030567,-0.023361518078028325
202408,NON PRIME,2026-03-31,1861344.8888462044,-120704.6374950158,-43535.71729847258,-0.06484807744030567,-0.023389387726773812
202408,NON PRIME,2026-04-30,1734681.4858621683,-112490.75932945439,-40649.48261685826,-0.06484807744030567,-0.02343339855077471
202408,NON PRIME,2026-05-31,1616464.900118632,-104824.64102242902,-37966.29727120862,-0.06484807744030567,-0.02348723889298325
202408,NON PRIME,2026-06-30,1506185.4729594802,-97673.2321899398,-35465.80183972171,-0.06484807744030567,-0.023546769289996876
202408,NON PRIME,2026-07-31,1403347.3497221877,-91004.37761043216,-33131.976051783044,-0.06484807744030567,-0.02360924831499627
202408,NON PRIME,2026-08-31,1307474.2671347212,-84787.1925263593,-30951.64406913136,-0.06484807744030567,-0.023672851425948657
202408,NON PRIME,2026-09-30,1218112.6682012256,-78992.26463853044,-28913.566779226265,-0.06484807744030567,-0.0237363648979389
202408,NON PRIME,2026-10-31,1134833.1475161999,-73591.74783195635,-27007.87951048494,-0.06484807744030567,-0.023798987163528726
202408,NON PRIME,2026-11-30,1057230.84699267,-68559.38783806063,-25225.73690449676,-0.06484807744030567,-0.023860197587170527
202408,NON PRIME,2026-12-31,984925.1928793084,-63870.505180745386,-23559.08406423832,-0.06484807744030567,-0.023919668452551425
202408,NON PRIME,2027-01-31,917559.2245215351,-59501.95164783933,-22000.505763093388,-0.06484807744030567,-0.02397720514941762
202408,NON PRIME,2027-02-28,854798.6774107009,-55432.0508286,-20543.124502039394,-0.06484807744030567,-0.024032705062515137
202408,NON PRIME,2027-03-31,796330.9269905515,-51640.52962159368,-19180.529469078712,-0.06484807744030567,-0.024086129043819352
202408,NON PRIME,2027-04-30,741863.8633336544,-48108.44525962516,-17906.72524732464,-0.06484807744030567,-0.024137481460356647
202408,NON PRIME,2027-05-31,691124.7428934491,-44818.110848065735,-16716.093272832146,-0.06484807744030567,-0.02418679615325141
202408,NON PRIME,2027-06-30,643859.0476275821,-41753.0213811949,-15603.361616511727,-0.06484807744030567,-0.02423412651263534
202408,NON PRIME,2027-07-31,599829.3710954399,-38897.78150776694,-14563.580275202074,-0.06484807744030567,-0.024279538443749926
202408,NON PRIME,2027-08-31,558814.3438914999,-36238.03584742959,-13592.100174083016,-0.06484807744030567,-0.024323105379560686
202408,NON PRIME,2027-09-30,520607.6058466082,-33760.402339952976,-12684.554729319156,-0.06484807744030567,-0.024364904751423347
202408,NON PRIME,2027-10-31,485016.8290653609,-31452.40889108202,-11836.843233099833,-0.06484807744030567,-0.0244050155041212
202408,NON PRIME,2027-11-30,451862.7935742268,-29302.433430094316,-11045.115588151271,-0.06484807744030567,-0.02444351636208992
202408,NON PRIME,2027-12-31,420978.51579936146,-27299.647393261937,-10305.758088757888,-0.06484807744030567,-0.02448048463753342
202408,NON PRIME,2028-01-31,392208.4290494139,-25433.962579737024,-9615.38005420626,-0.06484807744030567,-0.024515995430059535
202408,NON PRIME,2028-02-29,365407.61449212447,-23695.98128186265,-8970.801190003798,-0.06484807744030567,-0.024550121109195286
202408,NON PRIME,2028-03-31,340441.08067697845,-22076.94956360205,-8369.039596159993,-0.06484807744030567,-0.02458293100091763
202408,NON PRIME,2028-04-30,317183.08939482935,-20568.71354383129,-7807.300369271939,-0.06484807744030567,-0.024614491220726512
202408,NON PRIME,2028-05-31,295516.52552669984,-19163.6785322455,-7282.964761992321,-0.06484807744030567,-0.024644864611249317
202408,NRP-L,2025-10-31,570319.56,-16785.895600694614,-8910.02117057132,-0.029432438895651083,-0.01562285742149773
202408,NRP-L,2025-11-30,553341.0445333419,-20980.135462888058,-8879.168200363049,-0.03791537907798179,-0.016046465896726064
202408,NRP-L,2025-12-31,531931.0440985704,-24402.11574869,-8693.784467033507,-0.04587458472186505,-0.016343818552207852
202408,NRP-L,2026-01-31,506951.70697231445,-27393.143433173,-8393.546015668155,-0.05403501567589946,-0.01655689467108657
202408,NRP-L,2026-02-28,478896.43370740424,-29892.004922649325,-8003.321957596539,-0.0624185164446489,-0.016712009934253137
202408,NRP-L,2026-03-31,448301.89255412726,-27982.339052557018,-7543.244558954735,-0.0624185164446489,-0.0168262607948816
202408,NRP-L,2026-04-30,419608.7593208209,-26191.356243985385,-7096.042971669379,-0.06241851644464891,-0.016911093522344576
202408,NRP-L,2026-05-31,392715.15917536616,-24512.697621050505,-6666.092710044778,-0.06241851644464891,-0.01697437074759838
202408,NRP-L,2026-06-30,367519.4257856702,-22940.017322130774,-6255.773895558355,-0.0624185164446489,-0.017021614251233063
202408,NRP-L,2026-07-31,343922.1593369021,-21467.11095824958,-5866.203641481828,-0.062418516444648894,-0.017056777187001097
202408,NRP-L,2026-08-31,321827.42988026625,-20087.99072432049,-5497.6935935127885,-0.0624185164446489,-0.01708273777520508
202408,NRP-L,2026-09-30,301143.45055748365,-18796.927420820608,-5150.04173937929,-0.06241851644464891,-0.017101622930352348
202408,NRP-L,2026-10-31,281782.91709529853,-17588.47164453403,-4822.721717296192,-0.06241851644464891,-0.017115025165507655
202408,NRP-L,2026-11-30,263663.1353130352,-16457.46174738438,-4515.007308743204,-0.06241851644464891,-0.017124150872979423
202408,NRP-L,2026-12-31,246706.01367378497,-15399.023371490925,-4226.055143249679,-0.0624185164446489,-0.01712992350821945
202408,NRP-L,2027-01-31,230837.97046454044,-14408.563655490296,-3954.960002199835,-0.06241851644464891,-0.017133056551488637
202408,NRP-L,2027-02-28,215989.7879751257,-13481.762132601614,-3700.791890447713,-0.0624185164446489,-0.017134105853531888
202408,NRP-L,2027-03-31,202096.43503822683,-12614.55965383848,-3462.6208238101135,-0.0624185164446489,-0.017133507689807363
202408,NRP-L,2027-04-30,189096.8721347503,-11803.146222974583,-3239.5332531287086,-0.06241851644464891,-0.017131606760899882
202408,NRP-L,2027-05-31,176933.84854455266,-11043.948334993178,-3030.6427463971136,-0.0624185164446489,-0.0171286770243625
202408,NRP-L,2027-06-30,165553.69786453294,-10333.616212629784,-2835.096704251823,-0.062418516444648894,-0.01712493735157573
202408,NRP-L,2027-07-31,154906.13608189317,-9669.01120240467,-2652.080324756178,-0.06241851644464891,-0.017120563405920348
202408,NRP-L,2027-08-31,144944.06493519412,-9047.193500711674,-2480.818658613504,-0.06241851644464891,-0.017115696732547838
202408,NRP-L,2027-09-30,135623.38229679753,-8465.410318171562,-2320.5773417115756,-0.06241851644464891,-0.017110451770279818
202408,NRP-L,2027-10-31,126902.80062123317,-7921.084547448443,-2170.6624174990707,-0.0624185164446489,-0.0171049213009715
202408,NRP-L,2027-11-30,118743.6740278039,-7411.8039700025065,-2030.419540830864,-0.0624185164446489,-0.01709918071387483
202408,NRP-L,2027-12-31,111109.8342569529,-6935.311016729829,-1899.2327703808826,-0.06241851644464891,-0.017093291364189345
202408,NRP-L,2028-01-31,103967.43551405874,-6489.4930833422495,-1776.5230970982268,-0.0624185164446489,-0.01708730323407853
202408,NRP-L,2028-02-29,97284.80806078199,-6072.373391756432,-1661.746813819656,-0.0624185164446489,-0.017081257052811608
202408,NRP-L,2028-03-31,91032.32031160517,-5682.102382364474,-1554.3938008568134,-0.0624185164446489,-0.017075185994777427
202408,NRP-L,2028-04-30,85182.24912690361,-5316.949617919812,-1453.9857805915794,-0.062418516444648894,-0.0170691170460344
202408,NRP-L,2028-05-31,79708.65795325047,-4975.2961772358585,-1360.0745783753987,-0.062418516444648894,-0.017063072109093712
202408,NRP-M,2025-10-31,2983355.65,-83445.52901699422,-46058.83476174959,-0.027970359154797456,-0.015438600074969134
202408,NRP-M,2025-11-30,2899697.106437126,-77496.25976782989,-45155.69277089797,-0.026725639583456348,-0.015572555033646606
202408,NRP-M,2025-12-31,2821261.296875909,-72765.70158599027,-44231.092274444585,-0.02579190437502777,-0.015677772322408908
202408,NRP-M,2026-01-31,2747074.1087761996,-69275.88063008663,-43300.380299766315,-0.025218060338731998,-0.0157623633674216
202408,NRP-M,2026-02-28,2676054.463099317,-64017.656703401684,-42366.4895316954,-0.023922404265740754,-0.015831699285607192
202408,NRP-M,2026-03-31,2610078.4162276965,-62439.35103828332,-41472.750270141245,-0.023922404265740754,-0.015889465240696152
202408,NRP-M,2026-04-30,2545538.4683922883,-60895.40031487486,-40571.47067570428,-0.023922404265740754,-0.015938266570895084
202408,NRP-M,2026-05-31,2482453.0983971227,-59386.24659059668,-39669.583166120814,-0.023922404265740754,-0.015979993012449976
202408,NRP-M,2026-06-30,2420825.3973461823,-57911.963812087866,-38772.050855892594,-0.023922404265740754,-0.01601604597274808
202408,NRP-M,2026-07-31,2360647.965430388,-56472.37495812415,-37882.46289723881,-0.023922404265740754,-0.01604748503461513
202408,NRP-M,2026-08-31,2301906.1860156045,-55067.130363674725,-37003.429932403305,-0.023922404265740754,-0.01607512511031258
202408,NRP-M,2026-09-30,2244580.460844396,-53695.76119130233,-36136.85318765009,-0.023922404265740754,-0.01609960249500508
202408,NRP-M,2026-10-31,2188647.763675004,-52357.71659794287,-35284.11153470302,-0.023922404265740754,-0.016121420778762836
202408,NRP-M,2026-11-30,2134082.7370241145,-51052.38997162938,-34446.19402062947,-0.023922404265740754,-0.016140983394422274
202408,NRP-M,2026-12-31,2080858.476690961,-49779.13769919465,-33623.7953719412,-0.023922404265740754,-0.016158617103749745
202408,NRP-M,2027-01-31,2028947.0992435901,-48537.292741907186,-32817.38587553752,-0.023922404265740754,-0.016174589218108316
202408,NRP-M,2027-02-28,1978320.1563005229,-47326.17454608454,-32027.263219462417,-0.023922404265740754,-0.016189120409789332
202408,NRP-M,2027-03-31,1928948.9391675994,-46145.096330739085,-31253.591432052777,-0.023922404265740754,-0.016202394370034314
202408,NRP-M,2027-04-30,1880804.7040272548,-44993.37047464688,-30496.430461782977,-0.023922404265740754,-0.016214565178661447
202408,NRP-M,2027-05-31,1833858.8389165325,-43870.312510863245,-29755.758878268243,-0.023922404265740754,-0.016225762990486406
202408,NRP-M,2027-06-30,1788082.9876253281,-42775.24409066662,-29031.49145650251,-0.023922404265740754,-0.01623609846825841
202408,NRP-M,2027-07-31,1743449.1414266704,-41707.49517796743,-28323.49291276833,-0.02392240426574075,-0.016245666271395287
202408,NRP-M,2027-08-31,1699929.7065950711,-40666.40566450936,-27631.58871655297,-0.023922404265740754,-0.016254547825920725
202408,NRP-M,2027-09-30,1657497.5535729262,-39651.326546047836,-26955.573659732425,-0.023922404265740757,-0.016262813541791717
202408,NRP-M,2027-10-31,1616126.0521415495,-38661.62076372577,-26295.218690451926,-0.023922404265740754,-0.016270524601473872
202408,NRP-M,2027-11-30,1575789.095863697,-37696.663788797465,-25650.276393381595,-0.02392240426574075,-0.016277734413006943
202408,NRP-M,2027-12-31,1536461.1182667515,-36755.844009769346,-25020.48540607974,-0.023922404265740754,-0.016284489798417293
202408,NRP-M,2028-01-31,1498117.1026465055,-35838.56296692994,-24405.57399329256,-0.02392240426574075,-0.01629083197179899
202408,NRP-M,2028-02-29,1460732.586932478,-34944.23546874004,-23805.262950397733,-0.023922404265740754,-0.01629679734905382
202408,NRP-M,2028-03-31,1424283.6647260566,-34072.28961666749,-23219.267969128952,-0.023922404265740754,-0.016302418222001368
202408,NRP-M,2028-04-30,1388746.9833733425,-33222.166759085056,-22647.30156984933,-0.023922404265740757,-0.016307723322529055
202408,NRP-M,2028-05-31,1354099.7397445885,-32393.321390304387,-22089.07468257811,-0.023922404265740754,-0.016312738297065598
202408,NRP-S,2025-10-31,1318156.9200000002,-61971.992099286035,-23623.734058273316,-0.04701412340139748,-0.017921791935267703
202408,NRP-S,2025-11-30,1255347.6298098557,-60246.07896144704,-22721.196141041568,-0.04799155033301203,-0.018099525264155786
202408,NRP-S,2025-12-31,1193909.0262348657,-57492.72881784418,-21775.142839176013,-0.048155033218196155,-0.018238527694062687
202408,NRP-S,2026-01-31,1135016.6829829372,-54673.736965223594,-20827.373539485492,-0.0481699853270311,-0.018349839127253242
202408,NRP-S,2026-02-28,1078830.2302955883,-53752.057228745856,-19894.43278254222,-0.04982438915715066,-0.018440744636059513
202408,NRP-S,2026-03-31,1023513.2634776809,-50995.923147017245,-18951.60317032036,-0.04982438915715066,-0.018516226263572622
202408,NRP-S,2026-04-30,970943.0139497111,-48376.642576447164,-18039.922473907296,-0.04982438915715066,-0.018579795327557352
202408,NRP-S,2026-05-31,921009.0362218922,-45888.712637971825,-17162.074300300985,-0.04982438915715066,-0.01863399122629916
202408,NRP-S,2026-06-30,873597.2750653251,-43526.45059948114,-16319.40153666073,-0.04982438915715066,-0.018680691895977368
202408,NRP-S,2026-07-31,828593.2064398242,-41284.150370629075,-15512.3531368138,-0.04982438915715066,-0.018721313445792014
202408,NRP-S,2026-08-31,785883.8041298384,-39156.180489267026,-14740.777115683604,-0.04982438915715065,-0.01875694223270726
202408,NRP-S,2026-09-30,745358.7663167344,-37137.04523465869,-14004.116870990925,-0.04982438915715066,-0.01878842445255415
202408,NRP-S,2026-10-31,706911.2662561077,-35221.42202951846,-13301.54513882203,-0.04982438915715066,-0.018816428275742033
202408,NRP-S,2026-11-30,670438.3919570382,-33404.183346761776,-12632.056784815532,-0.04982438915715066,-0.0188414878031403
202408,NRP-S,2026-12-31,635841.3801339677,-31680.40836601457,-11994.533870823618,-0.04982438915715066,-0.018864034719313874
202408,NRP-S,2027-01-31,603025.7129699778,-30045.387794784405,-11387.791712338605,-0.04982438915715066,-0.0188844214556827
202408,NRP-S,2027-02-28,571901.12308534,-28494.6241160155,-10810.611694795984,-0.04982438915715066,-0.018902938389898573
202408,NRP-S,2027-03-31,542381.53722373,-27023.828782288718,-10261.764737250176,-0.04982438915715066,-0.018919826787941057
202408,NRP-S,2027-04-30,514384.9794249663,-25628.917391462455,-9740.028068835381,-0.04982438915715066,-0.018935288662051932
202408,NRP-S,2027-05-31,487833.4479687879,-24306.003555471496,-9244.197172852828,-0.04982438915715066,-0.018949494363995067
202408,NRP-S,2027-06-30,462652.7759951577,-23051.391955818788,-8773.09420707565,-0.04982438915715066,-0.018962588494589455
202408,NRP-S,2027-07-31,438772.4827102508,-21861.570930004695,-8325.57383505007,-0.04982438915715066,-0.01897469454698683
202408,NRP-S,2027-08-31,416125.62001290213,-20733.204829783437,-7900.527143729015,-0.049824389157150664,-0.018985918587478598
202408,NRP-S,2027-09-30,394648.6179252067,-19663.126319837163,-7496.884140354825,-0.04982438915715066,-0.01899635219747716
202408,NRP-S,2027-10-31,374281.13118666236,-18648.328734422823,-7113.615191697467,-0.04982438915715066,-0.019006074843109705
202408,NRP-S,2027-11-30,354965.8886425612,-17685.958573240776,-6749.731675352262,-0.049824389157150664,-0.019015155797544862
202408,NRP-S,2027-12-31,336648.54653562815,-16773.30819178028,-6404.2860449033615,-0.049824389157150664,-0.019023655711003
202408,NRP-S,2028-01-31,319277.54643449583,-15907.80872269256,-6076.3714609319,-0.04982438915715066,-0.0190316279011451
202408,NRP-S,2028-02-29,302803.97826154565,-15087.023251236638,-5765.121102960345,-0.04982438915715066,-0.019039119419959356
202408,NRP-S,2028-03-31,287181.44868658826,-14308.640258074865,-5469.70724989491,-0.04982438915715066,-0.019046171940807374
202408,NRP-S,2028-04-30,272365.9550111123,-13570.46733563265,-5189.340195828905,-0.04982438915715066,-0.01905282249985019
202408,NRP-S,2028-05-31,258315.76456564612,-12870.42517914566,-4923.267052399853,-0.04982438915715066,-0.019059104118861074
202409,NON PRIME,2025-10-31,2580823.24,-170620.54089921172,-64105.6775411805,-0.06611089758290138,-0.024839236003307414
202409,NON PRIME,2025-11-30,2405113.040165383,-164199.669514484,-61637.042631690696,-0.06827108197093021,-0.025627503407262865
202409,NON PRIME,2025-12-31,2232989.620239813,-153581.96002254993,-58530.26977824616,-0.06877862692709513,-0.026211617487035287
202409,NON PRIME,2026-01-31,2070061.82654088,-142956.32812790867,-55183.345017198066,-0.06905896543524592,-0.02665782456817277
202409,NON PRIME,2026-02-28,1917168.7476615869,-135106.7915096639,-51777.567064113435,-0.07047203939374488,-0.02700730810851558
202409,NON PRIME,2026-03-31,1772030.8415159031,-124878.62727023962,-48353.070535573715,-0.07047203939374488,-0.027286810930564592
202409,NON PRIME,2026-04-30,1637335.9787795146,-115386.40559734579,-45050.21894147468,-0.07047203939374488,-0.02751434007762752
202409,NON PRIME,2026-05-31,1512519.1210765596,-106590.3070842997,-41900.40683692541,-0.07047203939374488,-0.027702398107272937
202409,NON PRIME,2026-06-30,1396978.413647333,-98447.91779876608,-38919.67468305043,-0.07047203939374488,-0.02785989697681592
202409,NON PRIME,2026-07-31,1290106.1977802902,-90916.41479208703,-36114.37583229864,-0.07047203939374488,-0.027993335660611292
202409,NON PRIME,2026-08-31,1191307.1802743224,-83953.84653834319,-33484.7249126275,-0.07047203939374488,-0.02810754897399088
202409,NON PRIME,2026-09-30,1100008.8676134944,-77519.86825192688,-31027.06748330097,-0.07047203939374488,-0.028206197601493174
202409,NON PRIME,2026-10-31,1015667.2596731463,-71576.14313462288,-28735.356607507172,-0.07047203939374488,-0.028292096977463415
202409,NON PRIME,2026-11-30,937769.605130704,-66086.53655502756,-26602.125838959306,-0.07047203939374488,-0.028367443019494717
202409,NON PRIME,2026-12-31,865835.3270982131,-61017.181279761266,-24619.13589015798,-0.07047203939374488,-0.028433970201547795
202409,NON PRIME,2027-01-31,799415.8133500725,-56336.462690388915,-22777.80614016342,-0.07047203939374488,-0.028493064259899472
202409,NON PRIME,2027-02-28,738093.5125163824,-52014.95509032203,-21069.502171536937,-0.07047203939374488,-0.028545843872417574
202409,NON PRIME,2027-03-31,681480.6199149197,-48025.329092717904,-19485.725792052468,-0.07047203939374488,-0.02859322073529426
202409,NON PRIME,2027-04-30,629217.5366672993,-44342.243031253034,-18018.238365157344,-0.07047203939374488,-0.028635944351761672
202409,NON PRIME,2027-05-31,580971.2213338177,-40942.22679646888,-16659.13820480373,-0.07047203939374488,-0.028674635839202146
202409,NON PRIME,2027-06-30,536433.5112924831,-37803.56353992876,-15400.906192811788,-0.07047203939374488,-0.02870981373946016
202409,NON PRIME,2027-07-31,495319.46340137394,-34906.172737310204,-14236.429385990012,-0.07047203939374488,-0.028741913932127792
202409,NON PRIME,2027-08-31,457365.74508851446,-32231.49680522727,-13159.009416344064,-0.07047203939374488,-0.0287713051483499
202409,NON PRIME,2027-09-30,422329.0947242361,-29762.39260053098,-12162.360461378534,-0.07047203939374488,-0.028798301166818887
202409,NON PRIME,2027-10-31,389984.86189968,-27483.02855075841,-11240.60016012425,-0.07047203939374488,-0.0288231704824886
202409,NON PRIME,2027-11-30,360125.6327270204,-25378.787776235884,-10388.235871301225,-0.07047203939374488,-0.028846144032117906
202409,NON PRIME,2027-12-31,332559.94161141646,-23436.17730602124,-9600.14797946746,-0.07047203939374488,-0.028867421412663297
202409,NON PRIME,2028-01-31,307111.0685338235,-21642.743319970694,-8871.571464058688,-0.07047203939374488,-0.028887175921116708
202409,NON PRIME,2028-02-29,283615.9193313575,-19986.9922398126,-8198.076594745597,-0.07047203939374488,-0.028905558665652763
202409,NON PRIME,2028-03-31,261923.98549833908,-18458.317424205616,-7575.549363422745,-0.07047203939374488,-0.028922701939684648
202409,NON PRIME,2028-04-30,241896.37947164677,-17046.93118333015,-7000.172080009274,-0.07047203939374488,-0.02893872200691528
202409,NON PRIME,2028-05-31,223404.94108102363,-15743.801808619151,-6468.40442627961,-0.07047203939374488,-0.028953721412695498
202409,NRP-L,2025-10-31,604094.49,-13891.59425977122,-9283.551095967901,-0.022995730783393207,-0.015367713577337714
202409,NRP-L,2025-11-30,590117.3208256315,-16162.691463870176,-8984.777643707923,-0.027388946051027617,-0.015225409129048009
202409,NRP-L,2025-12-31,573889.8713642817,-18199.574786429555,-8682.647432559292,-0.03171266072907778,-0.015129466236994979
202409,NRP-L,2026-01-31,555641.7113727363,-20196.181147172498,-8369.726950533035,-0.03634748927915613,-0.015063172507073438
202409,NRP-L,2026-02-28,535409.7170779603,-21994.622366433377,-8039.998125043046,-0.041079983543202615,-0.015016533821840131
202409,NRP-L,2026-03-31,513389.48288269894,-21090.031508074575,-7692.274850013356,-0.041079983543202615,-0.014983312098294219
202409,NRP-L,2026-04-30,492282.02967642294,-20222.937677721835,-7364.279773481073,-0.041079983543202615,-0.014959473085624545
202409,NRP-L,2026-05-31,472048.19384016714,-19391.732034552584,-7053.499326687444,-0.041079983543202615,-0.014942328810341174
202409,NRP-L,2026-06-30,452650.79516924726,-18594.887216370254,-6758.0955120022745,-0.041079983543202615,-0.014930042284528421
202409,NRP-L,2026-07-31,434054.4563364742,-17830.94992315612,-6476.669963540497,-0.041079983543202615,-0.014921330420623198
202409,NRP-L,2026-08-31,416225.4600860789,-17098.535050598057,-6208.119251637904,-0.04107998354320261,-0.014915279931107563
202409,NRP-L,2026-09-30,399131.6321653207,-16396.320880922973,-5951.543551291947,-0.041079983543202615,-0.014911229959410513
202409,NRP-L,2026-10-31,382742.2424523256,-15723.04502123,-5706.1874958767785,-0.041079983543202615,-0.014908695364576962
202409,NRP-L,2026-11-30,367027.9193835318,-15077.500888171382,-5471.40097652644,-0.041079983543202615,-0.014907315459042806
202409,NRP-L,2026-12-31,351960.5744080861,-14458.534604540315,-5246.612603881301,-0.041079983543202615,-0.014906819073996724
202409,NRP-L,2027-01-31,337513.33422322484,-13865.04221550152,-5031.311384067837,-0.041079983543202615,-0.014907000328289916
202409,NRP-L,2027-02-28,323660.47921096004,-13295.96715957131,-4825.0338283615565,-0.041079983543202615,-0.014907701552331409
202409,NRP-L,2027-03-31,310377.38693913183,-12750.297947641766,-4627.354721601301,-0.041079983543202615,-0.014908801079985807
202409,NRP-L,2027-04-30,297640.4798904965,-12227.066015692526,-4437.880394658682,-0.041079983543202615,-0.014910204405971262
202409,NRP-L,2027-05-31,285427.17679170787,-11725.343725386143,-4256.243736696066,-0.041079983543202615,-0.014911837704235445
202409,NRP-L,2027-06-30,273715.84706090624,-11244.242492775793,-4082.100433325318,-0.041079983543202615,-0.014913643024903065
202409,NRP-L,2027-07-31,262485.7679980206,-10782.911029683584,-3915.1260800953155,-0.041079983543202615,-0.014915574699367471
202409,NRP-L,2027-08-31,251717.08441875782,-10340.533685465514,-3755.013928936047,-0.041079983543202615,-0.014917596624824982
202409,NRP-L,2027-09-30,241390.7704901897,-9916.328879217992,-3601.473097907122,-0.041079983543202615,-0.01491968019569948
202409,NRP-L,2027-10-31,231488.5935686474,-9509.547614239154,-3454.2271241246663,-0.041079983543202615,-0.014921802715520509
202409,NRP-L,2027-11-30,221993.07987326814,-9119.47206789872,-3313.0127738868323,-0.041079983543202615,-0.014923946168854325
202409,NRP-L,2027-12-31,212887.4818537662,-8745.41425110656,-3177.5790478304793,-0.041079983543202615,-0.014926096265318123
202409,NRP-L,2028-01-31,204155.7471307667,-8386.71473238213,-3047.6863357345333,-0.041079983543202615,-0.014928241690802938
202409,NRP-L,2028-02-29,195782.48890273192,-8042.741422171475,-2923.1056875320937,-0.041079983543202615,-0.014930373517645609
202409,NRP-L,2028-03-31,187752.95772612517,-7712.8884135768385,-2803.618175676573,-0.041079983543202615,-0.014932484737557131
202409,NRP-L,2028-04-30,180053.01458572762,-7396.574876085711,-2689.014330227941,-0.041079983543202615,-0.014934569889956693
202409,NRP-L,2028-05-31,172669.10518048704,-7093.243999233929,-2579.0936325710377,-0.041079983543202615,-0.014936624764894511
202409,NRP-M,2025-10-31,3038266.7999999993,-98375.88272118839,-47666.251910218525,-0.03237894799797977,-0.01568863271330172
202409,NRP-M,2025-11-30,2938716.2945731194,-93977.2531356642,-46853.75934294802,-0.03197901522825136,-0.01594361436980906
202409,NRP-M,2025-12-31,2842326.3315151595,-89095.7783272747,-45833.90631075364,-0.031346076395028295,-0.016125490519000665
202409,NRP-M,2026-01-31,2750061.8838727116,-85072.81637516017,-44713.87174164464,-0.030934873456505033,-0.016259223839238612
202409,NRP-M,2026-02-28,2661362.8861046704,-86828.55570428482,-43540.00024049411,-0.03262559801883023,-0.016360038861224918
202409,NRP-M,2026-03-31,2570641.91655741,-83868.72981995737,-42255.27260510388,-0.03262559801883023,-0.016437634636290346
202409,NRP-M,2026-04-30,2482748.418377471,-81001.15187986991,-40961.42227275228,-0.03262559801883023,-0.01649841843400365
202409,NRP-M,2026-05-31,2397675.2424096433,-78225.58863855834,-39673.74444965176,-0.03262559801883023,-0.016546754851495225
202409,NRP-M,2026-06-30,2315387.728568039,-75540.90928999323,-38402.31759645244,-0.03262559801883023,-0.01658569626271731
202409,NRP-M,2026-07-31,2235833.792209965,-72945.41454155912,-37153.80385031776,-0.03262559801883023,-0.016617426563534415
202409,NRP-M,2026-08-31,2158950.403101785,-70437.04799419032,-35932.57688264276,-0.03262559801883023,-0.016643539764052976
202409,NRP-M,2026-09-30,2084667.8364010644,-68013.53483320566,-34741.44809889392,-0.03262559801883023,-0.016665219989612817
202409,NRP-M,2026-10-31,2012912.5100776325,-65672.47440086739,-33582.14558145869,-0.03262559801883023,-0.01668336075876617
202409,NRP-M,2026-11-30,1943608.9042644992,-63411.40281635264,-32455.636697981798,-0.03262559801883023,-0.016698645816434796
202409,NRP-M,2026-12-31,1876680.8720578304,-61227.83574138654,-31362.349487857267,-0.03262559801883023,-0.016711605022897483
202409,NRP-M,2027-01-31,1812052.5396866885,-59119.2977488183,-30302.327105618413,-0.03262559801883023,-0.01672265369902454
202409,NRP-M,2027-02-28,1749648.9252728247,-57083.342510029506,-29275.33714031788,-0.03262559801883023,-0.016732120780031882
202409,NRP-M,2027-03-31,1689396.3621307476,-55117.566605351916,-28280.949991685287,-0.03262559801883023,-0.016740269261629047
202409,NRP-M,2027-04-30,1631222.7847388596,-53219.618854046865,-27318.59569523065,-0.03262559801883023,-0.016747311250684897
202409,NRP-M,2027-05-31,1575057.9172910375,-51387.20646591334,-26387.605524706487,-0.03262559801883023,-0.016753419182255133
202409,NRP-M,2027-06-30,1520833.392600172,-49618.09892058702,-25487.24270345355,-0.03262559801883023,-0.01675873427521075
202409,NRP-M,2027-07-31,1468482.8209146885,-47910.13021272048,-24616.72523232991,-0.03262559801883023,-0.01676337297360867
202409,NRP-M,2027-08-31,1417941.8225767903,-46261.199917477854,-23775.242950490163,-0.03262559801883023,-0.016767431901602285
202409,NRP-M,2027-09-30,1369148.0345376474,-44669.27340309677,-22961.97033630755,-0.03262559801883023,-0.016770991709498865
202409,NRP-M,2027-10-31,1322041.0979933685,-43132.38142750458,-22176.07613414185,-0.03262559801883023,-0.016774120084316085
202409,NRP-M,2027-11-30,1276562.6324502793,-41648.619292182535,-21416.73059716598,-0.03262559801883023,-0.016776874124897385
202409,NRP-M,2027-12-31,1232656.200124642,-40216.145680685324,-20683.110926967845,-0.03262559801883023,-0.01677930222950766
202409,NRP-M,2028-01-31,1190267.2635655347,-38833.18127606218,-19974.405340520014,-0.03262559801883023,-0.01678144560632978
202409,NRP-M,2028-02-29,1149343.1386472927,-37498.00722720723,-19289.816086453397,-0.03262559801883023,-0.01678333949002936
202409,NRP-M,2028-03-31,1109832.9445316845,-36208.963516345444,-18628.561653192275,-0.03262559801883023,-0.01678501412755679
202409,NRP-M,2028-04-30,1071687.5517952144,-34964.44726665496,-17989.878353009368,-0.03262559801883023,-0.016786495581547073
202409,NRP-M,2028-05-31,1034859.529615157,-33762.911019179846,-17373.021422594727,-0.03262559801883023,-0.016787806388617203
202409,NRP-S,2025-10-31,1203094.8800000004,-68169.51362972344,-22085.521981710237,-0.05666179348192673,-0.01835725706164607
202409,NRP-S,2025-11-30,1133136.5481880496,-68421.50107976315,-21354.149434863677,-0.06038239715166991,-0.01884516872128976
202409,NRP-S,2025-12-31,1062315.9763751903,-68109.24789618146,-20384.670560238985,-0.06411392599834773,-0.01918889578390328
202409,NRP-S,2026-01-31,991508.9900544246,-68347.09263437791,-19273.301498804765,-0.06893239831403475,-0.01943835274529063
202409,NRP-S,2026-02-28,920356.8179969077,-68122.07032060814,-18060.924457614437,-0.0740170214296571,-0.01962382861130184
202409,NRP-S,2026-03-31,849445.1184406911,-62873.39753494224,-16788.875028512713,-0.07401702142965709,-0.0197645199955139
202409,NRP-S,2026-04-30,783876.1719744597,-58020.17941923115,-15578.003602592598,-0.07401702142965709,-0.019873041380189017
202409,NRP-S,2026-05-31,723289.5665617367,-53535.73934804746,-14435.36921552872,-0.07401702142965709,-0.019957939230548245
202409,NRP-S,2026-06-30,667334.2782446025,-49394.09557357549,-13363.473967278378,-0.07401702142965709,-0.0200251574105117
202409,NRP-S,2026-07-31,615674.5485940832,-45570.39625698271,-12362.082765363015,-0.07401702142965709,-0.020078924479812122
202409,NRP-S,2026-08-31,567992.8287796958,-42041.137379678294,-11429.327148743254,-0.07401702142965709,-0.020122308891291095
202409,NRP-S,2026-09-30,523991.0031767637,-38784.25331108204,-10562.388725857756,-0.07401702142965709,-0.020157576488569265
202409,NRP-S,2026-10-31,483390.5961784129,-35779.13211623231,-9757.928781205395,-0.07401702142965709,-0.020186426584111447
202409,NRP-S,2026-11-30,445932.38067704765,-33006.58657675104,-9012.360920920883,-0.07401702142965709,-0.020210151384919946
202409,NRP-S,2026-12-31,411375.64202303503,-30448.79971125793,-8322.024678124557,-0.07401702142965709,-0.020229745828408974
202409,NRP-S,2027-01-31,379497.253674933,-28089.25635775353,-7683.295563374822,-0.07401702142965709,-0.02024598462563875
202409,NRP-S,2027-02-28,350090.6615877471,-25912.668001063106,-7092.653771915533,-0.07401702142965709,-0.020259477187276595
202409,NRP-S,2027-03-31,322964.83781546506,-23904.895321613003,-6546.725716027742,-0.07401702142965709,-0.020270707363407765
202409,NRP-S,2027-04-30,297943.24083339126,-22052.871241586603,-6042.307570976459,-0.07401702142965709,-0.020280062585327434
202409,NRP-S,2027-05-31,274862.80546838295,-20344.52616256897,-5576.376879820005,-0.07401702142965709,-0.020287855500556066
202409,NRP-S,2027-06-30,253572.97593201295,-18768.716393541723,-5146.096243580248,-0.07401702142965709,-0.020294340217705216
202409,NRP-S,2027-07-31,233934.7893782077,-17315.156318549118,-4748.811806257117,-0.07401702142965709,-0.020299724632147825
202409,NRP-S,2027-08-31,215820.01347191533,-15974.35456209964,-4382.048372823461,-0.07401702142965709,-0.02030417986881322
202409,NRP-S,2027-09-30,199110.33891416094,-14737.554222275736,-4043.502414571939,-0.07401702142965709,-0.020307847581511804
202409,NRP-S,2027-10-31,183696.62624481408,-13596.677121318113,-3731.0338207201476,-0.07401702142965709,-0.020310845642574658
202409,NRP-S,2027-11-30,169478.20522835196,-12544.27194824675,-3442.656984660902,-0.07401702142965709,-0.020313272612382968
202409,NRP-S,2027-12-31,156362.22451686728,-11573.466122853819,-3176.5316266486934,-0.07401702142965709,-0.020315211276020387
202409,NRP-S,2028-01-31,144263.0489438733,-10677.921185186338,-2930.953625116083,-0.07401702142965709,-0.020316731460849648
202409,NRP-S,2028-02-29,133101.70164193795,-9851.791502755146,-2704.34603831932,-0.07401702142965709,-0.02031789229558001
202409,NRP-S,2028-03-31,122805.34813600116,-9089.686084658897,-2495.2504345883144,-0.07401702142965709,-0.020318744032425538
202409,NRP-S,2028-04-30,113306.81960111303,-8386.633294541873,-2302.318604924146,-0.07401702142965708,-0.020319329525171227
202409,NRP-S,2028-05-31,104544.17256012927,-7738.048260728857,-2124.3047004341206,-0.07401702142965709,-0.020319685434521114
202409,PRIME,2025-10-31,10148.720000000001,-407.7668649948957,-105.47500815487558,-0.040179142295274244,-0.010392937055596723
202409,PRIME,2025-11-30,9737.558763962035,-403.4678275922202,-101.70892875148827,-0.04143418667576353,-0.010445013089718676
202409,PRIME,2025-12-31,9330.281708846405,-396.1654991270113,-97.77669648245964,-0.04246018625047422,-0.010479500998319667
202409,PRIME,2026-01-31,8930.11854724532,-385.0372998957317,-93.7914969039798,-0.043116706442212285,-0.010502827751700087
202409,PRIME,2026-02-28,8541.032087310787,-371.4457653877472,-89.8415637176463,-0.04348956444498032,-0.010518818194246316
202409,PRIME,2026-03-31,8165.569184063544,-355.1170472602768,-85.98219781243851,-0.04348956444498032,-0.010529847445325301
202409,PRIME,2026-04-30,7806.517866831187,-339.5020618604452,-82.26073792249137,-0.04348956444498032,-0.010537443111736905
202409,PRIME,2026-05-31,7463.194124252484,-324.57106183207685,-78.68159766997465,-0.04348956444498032,-0.010542617056454422
202409,PRIME,2026-06-30,7134.931294102696,-310.295054325386,-75.24538821814286,-0.04348956444498032,-0.010546056453316681
202409,PRIME,2026-07-31,6821.0837025787605,-296.64595926790395,-71.95041455177153,-0.04348956444498032,-0.010548238035045685
202409,PRIME,2026-08-31,6521.028525714704,-283.59669031662463,-68.79358173378725,-0.04348956444498032,-0.010549498666124524
202409,PRIME,2026-09-30,6234.16658684442,-271.1211895393134,-65.77095738235091,-0.04348956444498032,-0.010550080185720949
202409,PRIME,2026-10-31,5959.9225064780085,-259.194433932564,-62.87812778641436,-0.04348956444498032,-0.010550158616671667
202409,PRIME,2026-11-30,5697.74445449037,-247.79242464458818,-60.11042689528094,-0.04348956444498032,-0.010549863612768409
202409,PRIME,2026-12-31,5447.103658316266,-236.8921655868333,-57.463085203570124,-0.04348956444498032,-0.010549291661787896
202409,PRIME,2027-01-31,5207.4937636418235,-226.4716356307342,-54.93132715646468,-0.04348956444498032,-0.010548515207063609
202409,PRIME,2027-02-28,4978.430109203377,-216.50975706903066,-52.51043490106461,-0.04348956444498032,-0.010547589049003858
202409,PRIME,2027-03-31,4759.44895556068,-206.98636207545044,-50.19578971216673,-0.04348956444498032,-0.010546554901806587
202409,PRIME,2027-04-30,4550.106693887594,-197.88215829536085,-47.98289842366059,-0.04348956444498032,-0.010545444678938767
202409,PRIME,2027-05-31,4349.979051881196,-189.17869431110165,-45.86740968794482,-0.04348956444498032,-0.010544282889847241
202409,PRIME,2027-06-30,4158.660308017479,-180.85832547030785,-43.84512328220631,-0.04348956444498032,-0.010543088407023126
202409,PRIME,2027-07-31,3975.762521473819,-172.9041803955731,-41.91199463832499,-0.04348956444498032,-0.010541875781551503
202409,PRIME,2027-08-31,3800.9147824087104,-165.30012837944196,-40.0641360856593,-0.04348956444498032,-0.010540656231253338
202409,PRIME,2027-09-30,3633.762485503578,-158.0307477910597,-38.297815836085874,-0.04348956444498032,-0.010539438388961861
202409,PRIME,2027-10-31,3473.9666284504833,-151.08129556770828,-36.609455429142216,-0.04348956444498032,-0.01053822887339346
202409,PRIME,2027-11-30,3321.2031362308903,-144.43767782798406,-34.99562614164549,-0.04348956444498032,-0.01053703272765204
202409,PRIME,2027-12-31,3175.1622114537645,-138.0864216182847,-33.45304471832889,-0.04348956444498032,-0.010535853758165079
202409,PRIME,2028-01-31,3035.547710625153,-132.01464778704505,-31.97856867667597,-0.04348956444498032,-0.01053469479815561
202409,PRIME,2028-02-29,2902.0765459513104,-126.2100449694154,-30.569191366237106,-0.04348956444498032,-0.010533557913516862
202409,PRIME,2028-03-31,2774.4781120957155,-120.66084465717394,-29.222036910898247,-0.04348956444498032,-0.01053244456443927
202409,PRIME,2028-04-30,2652.4937371910005,-115.3557973234747,-27.93435512548624,-0.04348956444498032,-0.010531355732839094
202409,PRIME,2028-05-31,2535.876157331696,-110.28414956876584,-26.703516471389644,-0.04348956444498032,-0.010530292023206553
202410,NON PRIME,2025-10-31,3386607.26,-208287.77893688317,-87730.05523166448,-0.06150337578172061,-0.025904998275963206
202410,NON PRIME,2025-11-30,3169221.519829738,-201070.64831847747,-84299.01736173796,-0.06344480720592852,-0.026599282137358075
202410,NON PRIME,2025-12-31,2954777.7300508176,-187187.20617332836,-80085.75995297462,-0.0633506893833632,-0.027103818719926953
202410,NON PRIME,2026-01-31,2752238.118890041,-174589.64399701892,-75643.16339303454,-0.06343551555322173,-0.027484236510589757
202410,NON PRIME,2026-02-28,2561589.1393365446,-166497.24917334964,-71160.07899886579,-0.06499764018224745,-0.02777966142427367
202410,NON PRIME,2026-03-31,2379052.699974927,-154632.8113675746,-66648.4226681791,-0.06499764018224745,-0.028014689489174203
202410,NON PRIME,2026-04-30,2208840.2803076548,-143569.40575949155,-62301.36895336923,-0.06499764018224745,-0.028205465786186986
202410,NON PRIME,2026-05-31,2050378.1806212342,-133269.74322155016,-58154.82699440108,-0.06499764018224745,-0.028362975934898522
202410,NON PRIME,2026-06-30,1903019.0407368548,-123691.74686977979,-54226.38547401872,-0.06499764018224745,-0.028494925333496453
202410,NON PRIME,2026-07-31,1766090.2002468265,-114791.69536503658,-50522.29675646116,-0.06499764018224745,-0.028606860934622835
202410,NON PRIME,2026-08-31,1638921.6442716154,-106526.03932126382,-47041.7495872337,-0.06499764018224745,-0.028702866760991753
202410,NON PRIME,2026-09-30,1520862.0508278287,-98852.44434654214,-43779.549420983785,-0.06499764018224745,-0.028786009485313874
202410,NON PRIME,2026-10-31,1411287.7427449136,-91730.37289655009,-40727.83383518326,-0.06499764018224745,-0.02885863215673425
202410,NON PRIME,2026-11-30,1309607.3373044385,-85121.38649014506,-37877.187296872005,-0.06499764018224745,-0.028922552751448786
202410,NON PRIME,2026-12-31,1215263.760708526,-78989.27664505765,-35217.3732897029,-0.06499764018224745,-0.028979201411527634
202410,NON PRIME,2027-01-31,1127734.6442878584,-73300.09063047703,-32737.817813492777,-0.06499764018224745,-0.029029717211681516
202410,NON PRIME,2027-02-28,1046531.7339503383,-68022.09308260761,-30427.928605108995,-0.06499764018224745,-0.029075017620586466
202410,NON PRIME,2027-03-31,971199.7106196205,-63125.689335956944,-28277.304292369954,-0.06499764018224745,-0.02911584917414069
202410,NON PRIME,2027-04-30,901314.6747810193,-58583.326922396074,-26275.86897394026,-0.06499764018224745,-0.02915282498903523
202410,NON PRIME,2027-05-31,836482.4572014683,-54369.385771943234,-24413.955845851964,-0.06499764018224745,-0.029186452908446136
202410,NON PRIME,2027-06-30,776336.8597163622,-50460.063868060024,-22682.355821826688,-0.06499764018224745,-0.029217156879700105
202410,NON PRIME,2027-07-31,720537.8923454798,-46833.26266434645,-21072.342049754017,-0.06499764018224745,-0.02924529337542509
202410,NON PRIME,2027-08-31,668770.0484154398,-43468.47497157096,-19575.677858549738,-0.06499764018224745,-0.029271164139201
202410,NON PRIME,2027-09-30,620740.6431859015,-40346.67697229407,-18184.613389404836,-0.06499764018224745,-0.029295026174013306
202410,NON PRIME,2027-10-31,576178.2307796591,-37450.225325060215,-16891.87460225195,-0.06499764018224745,-0.02931709964014886
202410,NON PRIME,2027-11-30,534831.1071364051,-34762.75985992509,-15690.647264501085,-0.06499764018224745,-0.029337574152169296
202410,NON PRIME,2027-12-31,496465.90203739825,-32269.112063381723,-14574.557770105394,-0.06499764018224745,-0.029356613838522002
202410,NON PRIME,2028-01-31,460866.26019101776,-29955.219352033804,-13537.652100733352,-0.06499764018224745,-0.02937436143648773
202410,NON PRIME,2028-02-29,427831.60940179904,-27808.045006489967,-12574.373858951376,-0.06499764018224745,-0.029390941628957865
202410,NON PRIME,2028-03-31,397176.0126163519,-25815.503557057415,-11679.542029604012,-0.06499764018224745,-0.029406463780796716
202410,NON PRIME,2028-04-30,368727.09991106053,-23966.391365462718,-10848.328928321538,-0.06499764018224745,-0.029421024196318167
202410,NON PRIME,2028-05-31,342325.0760971296,-22250.32212152171,-10076.238653338865,-0.06499764018224745,-0.029434707992235673
202410,NRP-L,2025-10-31,463335.09,-10801.174309829035,-7756.8498634155285,-0.023311798616049206,-0.016741339110352138
202410,NRP-L,2025-11-30,452314.22289343725,-10640.643931420918,-7952.672480064992,-0.023524893520599718,-0.017582185298512264
202410,NRP-L,2025-12-31,440995.8724034109,-7794.156355736521,-7991.281810866821,-0.017673989357901838,-0.01812099003855668
202410,NRP-L,2026-01-31,432248.58647446474,-5355.858392764599,-7986.50103597316,-0.012390690358176562,-0.018476638873739765
202410,NRP-L,2026-02-28,425767.02665562637,-5358.50746207901,-7968.748757159733,-0.012585538866571596,-0.018716218631944708
202410,NRP-L,2026-03-31,419170.76168401167,-5275.489912904549,-7913.78505411205,-0.012585538866571596,-0.018879620855039
202410,NRP-L,2026-04-30,412588.5261121334,-5192.648931285745,-7835.71411706978,-0.012585538866571596,-0.018991594824283087
202410,NRP-L,2026-05-31,406048.79923812527,-5110.342944536153,-7742.556047727232,-0.012585538866571596,-0.019068043206271493
202410,NRP-L,2026-06-30,399570.5928208677,-5028.811225886085,-7639.585453068303,-0.012585538866571598,-0.019119488746994002
202410,NRP-L,2026-07-31,393166.6664566618,-4948.214361730708,-7530.348533844136,-0.012585538866571596,-0.019153069617294717
202410,NRP-L,2026-08-31,386845.55572943494,-4868.659776993291,-7417.272999814466,-0.012585538866571594,-0.01917373197122163
202410,NRP-L,2026-09-30,380612.8875410172,-4790.218289265516,-7302.0453835907465,-0.012585538866571598,-0.019184966202185766
202410,NRP-L,2026-10-31,374472.2538696952,-4712.935105529715,-7185.850871907978,-0.012585538866571596,-0.019189274499382358
202410,NRP-L,2026-11-30,368425.80443559616,-4636.837281172101,-7069.5294158798415,-0.012585538866571594,-0.01918847521201695
202410,NRP-L,2026-12-31,362474.65609860636,-4561.938872476183,-6953.679500091382,-0.012585538866571594,-0.0191839053657857
202410,NRP-L,2027-01-31,356619.1802165395,-4488.244553180158,-6838.728415608062,-0.012585538866571596,-0.019176558062456373
202410,NRP-L,2027-02-28,350859.2071941656,-4415.752188836668,-6724.980645151922,-0.012585538866571596,-0.01916717733854513
202410,NRP-L,2027-03-31,345194.17389177915,-4344.45469202906,-6612.651675485456,-0.012585538866571596,-0.019156324688024917
202410,NRP-L,2027-04-30,339623.23100764555,-4274.3413738373465,-6501.891942136514,-0.012585538866571596,-0.019144426377564687
202410,NRP-L,2027-05-31,334145.32204076863,-4205.398937627177,-6392.8039895824695,-0.012585538866571598,-0.01913180753373675
202410,NRP-L,2027-06-30,328759.2418273182,-4137.612215762324,-6285.454901549141,-0.012585538866571598,-0.019118716987583866
202410,NRP-L,2027-07-31,323463.68023337953,-4070.9647195014845,-6179.885391942571,-0.012585538866571596,-0.019105345575378893
202410,NRP-L,2027-08-31,318257.2549531721,-4005.439051781533,-6076.116510828409,-0.012585538866571596,-0.01909183974996089
202410,NRP-L,2027-09-30,313138.53623917315,-3941.0172184594517,-5974.154629077055,-0.012585538866571596,-0.019078311793965963
202410,NRP-L,2027-10-31,308106.06560881366,-3877.6808637461827,-5873.995168625777,-0.012585538866571596,-0.019064847545337472
202410,NRP-L,2027-11-30,303158.3700214788,-3815.411448631815,-5775.625410553845,-0.012585538866571596,-0.01905151228430421
202410,NRP-L,2027-12-31,298293.9726269483,-3754.190386160502,-5679.026619709851,-0.012585538866571596,-0.01903835524967895
202410,NRP-L,2028-01-31,293511.4009037624,-3693.9991438561788,-5584.175659083777,-0.012585538866571596,-0.019025413124973422
202410,NRP-L,2028-02-29,288809.19280056085,-3634.8193210146283,-5491.046220663001,-0.012585538866571596,-0.019012712744413508
202410,NRP-L,2028-03-31,284185.9013427973,-3576.632706681457,-5399.6097662679485,-0.012585538866571596,-0.01900027320410489
202410,NRP-L,2028-04-30,279640.09805585415,-3519.4213227338446,-5309.83624785679,-0.012585538866571596,-0.01898810751667032
202410,NRP-L,2028-05-31,275170.37547260796,-3463.167455439607,-5221.694659305249,-0.012585538866571596,-0.018976223913409772
202410,NRP-M,2025-10-31,2948745.809999999,-92170.01921169314,-45960.394271961064,-0.03125736335058774,-0.015586421222235185
202410,NRP-M,2025-11-30,2853965.1538074086,-98303.8770599989,-45382.907503966744,-0.03444466619673123,-0.01590170344000958
202410,NRP-M,2025-12-31,2751803.4679749855,-98931.90334019628,-44348.568006122514,-0.03595166024447193,-0.01611618290413669
202410,NRP-M,2026-01-31,2648340.2520514484,-102096.83488331533,-43082.26097409288,-0.03855125292312021,-0.01626764572290915
202410,NRP-M,2026-02-28,2541375.1708918232,-103485.8261342371,-41622.264271406224,-0.04072040496796138,-0.016377851152453052
202410,NRP-M,2026-03-31,2432896.342189268,-99068.52429901894,-40045.51167674381,-0.04072040496796138,-0.016460015571690332
202410,NRP-M,2026-04-30,2328843.478680333,-94831.4495588591,-38478.370895741136,-0.04072040496796138,-0.016522523410437768
202410,NRP-M,2026-05-31,2229111.305647918,-90770.31508464436,-36938.357677578446,-0.04072040496796138,-0.016570889746055938
202410,NRP-M,2026-06-30,2133569.475366819,-86879.81306421777,-35436.14593411344,-0.04072040496796138,-0.016608854946249637
202410,NRP-M,2026-07-31,2042074.3505887303,-83154.09453065984,-33978.1222822354,-0.04072040496796138,-0.016639023095530045
202410,NRP-M,2026-08-31,1954476.1561384136,-79587.06057818072,-32567.9224539779,-0.040720404967961386,-0.01666324879517818
202410,NRP-M,2026-09-30,1870623.3965431356,-76172.54224977989,-31207.384419709902,-0.04072040496796138,-0.016682879342458965
202410,NRP-M,2026-10-31,1790365.6118283037,-72904.41275436047,-29897.155601241644,-0.04072040496796138,-0.01669891077203553
202410,NRP-M,2026-11-30,1713555.0979418415,-69776.6575231065,-28637.088673534545,-0.04072040496796138,-0.016712090966862214
202410,NRP-M,2026-12-31,1640047.9687341105,-66783.41745373544,-27426.504691721704,-0.04072040496796138,-0.01672298933603214
202410,NRP-M,2027-01-31,1569704.7921387954,-63919.01481604139,-26264.37098570768,-0.04072040496796138,-0.01673204485151712
202410,NRP-M,2027-02-28,1502390.9473828475,-61177.967797628706,-25149.423151556814,-0.04072040496796138,-0.016739599766203928
202410,NRP-M,2027-03-31,1437976.7977152073,-58554.997537495525,-24080.24969251781,-0.04072040496796138,-0.016745923669129276
202410,NRP-M,2027-04-30,1376337.7405042036,-56045.030166020115,-23055.351290675753,-0.04072040496796138,-0.01675123090225639
202410,NRP-M,2027-05-31,1317354.1757890226,-53643.19552436398,-22073.182592000943,-0.04072040496796138,-0.01675569334175475
202410,NRP-M,2027-06-30,1260911.420923239,-51344.82368872191,-21132.181779650495,-0.04072040496796138,-0.016759449893932687
202410,NRP-M,2027-07-31,1206899.5900993978,-49145.44006451407,-20230.79151994895,-0.04072040496796138,-0.01676261363075182
202410,NRP-M,2027-08-31,1155213.4516365614,-47040.759575077245,-19367.473751129237,-0.04072040496796138,-0.016765277208027514
202410,NRP-M,2027-09-30,1105752.2719186964,-45026.680306772665,-18540.720038888412,-0.04072040496796138,-0.016767517019627406
202410,NRP-M,2027-10-31,1058419.652140204,-43099.27686119792,-17749.058716216823,-0.04072040496796138,-0.016769396411269285
202410,NRP-M,2027-11-30,1013123.3621278317,-41254.79358834789,-16991.059676413246,-0.04072040496796138,-0.01677096818765234
202410,NRP-M,2027-12-31,969775.1741930019,-39489.63782101433,-16265.33744547346,-0.04072040496796138,-0.01677227658359955
202410,NRP-M,2028-01-31,928290.6990450303,-37800.373193105595,-15570.55298910363,-0.04072040496796138,-0.016773358825119846
202410,NRP-M,2028-02-29,888589.2251430883,-36183.71309799356,-14905.414587974818,-0.04072040496796138,-0.016774246374160817
202410,NRP-M,2028-03-31,850593.5624013562,-34636.51432412415,-14268.678027445558,-0.04072040496796138,-0.016774965927514065
202410,NRP-M,2028-04-30,814229.8908316353,-33155.770891683176,-13659.146284630968,-0.04072040496796138,-0.016775540223265245
202410,NRP-M,2028-05-31,779427.6144720269,-31738.608104513012,-13075.668849394917,-0.04072040496796138,-0.01677598869556628
202410,NRP-S,2025-10-31,1148959.1199999996,-58340.836962077694,-21132.86923907623,-0.05077712161079997,-0.018393055828719335
202410,NRP-S,2025-11-30,1089058.30746615,-54694.55966717071,-20553.4194668237,-0.05022188370650735,-0.018872652938706443
202410,NRP-S,2025-12-31,1032202.431458649,-49664.10643075412,-19814.366994234842,-0.04811469622346429,-0.01919620259587484
202410,NRP-S,2026-01-31,980081.2315219839,-47829.376344297314,-19035.78624767696,-0.04880144094793276,-0.019422661750308167
202410,NRP-S,2026-02-28,929667.2641377439,-44913.36946751299,-18208.341110261023,-0.048311230480046694,-0.019585868850775397
202410,NRP-S,2026-03-31,882145.0477678911,-42617.51271954639,-17383.821293459565,-0.048311230480046694,-0.019706307185474985
202410,NRP-S,2026-04-30,836953.1899402607,-40434.238460214234,-16569.10017554167,-0.048311230480046694,-0.01979692577158864
202410,NRP-S,2026-05-31,794014.639841156,-38359.82426989735,-15774.062700318711,-0.04831123048004669,-0.019866211413273615
202410,NRP-S,2026-06-30,753241.0322647103,-36390.001116768704,-15004.48490877674,-0.048311230480046694,-0.01991989850003782
202410,NRP-S,2026-07-31,714538.8752335614,-34520.25228836191,-14263.599335783514,-0.04831123048004669,-0.01996196404446318
202410,NRP-S,2026-08-31,677813.2411092665,-32745.991713657237,-13553.031114855225,-0.048311230480046694,-0.01999522920602021
202410,NRP-S,2026-09-30,642969.991013065,-31062.671427585734,-12873.374812221484,-0.048311230480046694,-0.020021735060975654
202410,NRP-S,2026-10-31,609917.1133761907,-29465.846238041915,-12224.559043481117,-0.048311230480046694,-0.020042984161916987
202410,NRP-S,2026-11-30,578565.5152336464,-27951.211954259656,-11606.081966874252,-0.048311230480046694,-0.02006009978349173
202410,NRP-S,2026-12-31,548829.4693850179,-26514.62698970133,-11017.166148284934,-0.048311230480046694,-0.020073933275904524
202410,NRP-S,2027-01-31,520626.84230925655,-25152.12337290142,-10456.861919478408,-0.048311230480046694,-0.020085137894728346
202410,NRP-S,2027-02-28,493879.18126742024,-23859.910955507097,-9924.117165938065,-0.048311230480046694,-0.020094220494312483
202410,NRP-S,2027-03-31,468511.71075914026,-22634.377241085796,-9417.824844422852,-0.048311230480046694,-0.020101578313086208
202410,NRP-S,2027-04-30,444453.2709174559,-21472.084408903847,-8936.855495424652,-0.048311230480046694,-0.020107525538009617
202410,NRP-S,2027-05-31,421636.21927875315,-20369.76456831135,-8480.079507615013,-0.048311230480046694,-0.02011231274704283
202410,NRP-S,2027-06-30,399996.3101734753,-19324.313931959012,-8046.382300856867,-0.048311230480046694,-0.020116141314821662
202410,NRP-S,2027-07-31,379472.5612735718,-18332.78636854117,-7634.674567210318,-0.048311230480046694,-0.020119174207450217
202410,NRP-S,2027-08-31,360007.1137065287,-17392.386644732484,-7243.899034935451,-0.048311230480046694,-0.020121544156042837
202410,NRP-S,2027-09-30,341545.0900464612,-16500.463564562888,-6873.034770892759,-0.04831123048004669,-0.02012335990529919
202410,NRP-S,2027-10-31,324034.45306872454,-15654.503145679026,-6521.099732818274,-0.048311230480046694,-0.020124711033228347
202410,NRP-S,2027-11-30,307425.86718046566,-14852.121924883699,-6187.152074862899,-0.048311230480046694,-0.02012567169967811
202410,NRP-S,2027-12-31,291672.56376886525,-14091.060452943766,-5870.290565632728,-0.048311230480046694,-0.020126303584332383
202410,NRP-S,2028-01-31,276730.211244818,-13369.177016240412,-5569.6543770230655,-0.048311230480046694,-0.0201266582060883
202410,NRP-S,2028-02-29,262556.79023791617,-12684.441607285242,-5284.422430748907,-0.048311230480046694,-0.020126778766454377
202410,NRP-S,2028-03-31,249112.4741752628,-12034.9301553358,-5013.812438526067,-0.048311230480046694,-0.020126701623936365
202410,NRP-S,2028-04-30,236359.51532211658,-11418.819020878902,-4757.079735194132,-0.048311230480046694,-0.020126457480296768
202410,NRP-S,2028-05-31,224262.13625619395,-10834.379752620622,-4513.515977489936,-0.048311230480046694,-0.020126072340333714
202411,NON PRIME,2025-10-31,3628698.04,-230753.76135566182,-97876.28092295343,-0.06359133739209169,-0.026972837046246326
202411,NON PRIME,2025-11-30,3390015.1985984882,-224207.16314227637,-94609.45193793645,-0.06613750971823633,-0.027908267779168133
202411,NON PRIME,2025-12-31,3152786.2990551544,-210937.91810333866,-89967.87653019051,-0.0669052381274791,-0.028535989438025853
202411,NON PRIME,2026-01-31,2926635.3869041754,-198005.9130091905,-84808.81702458067,-0.06765650203479674,-0.02897826541839648
202411,NON PRIME,2026-02-28,2712737.614130004,-188843.9992887937,-79488.66075048983,-0.06961380942452758,-0.029302008545335285
202411,NON PRIME,2026-03-31,2508135.7232899657,-174600.88225195732,-74106.33566624107,-0.06961380942452758,-0.02954638179190498
202411,NON PRIME,2026-04-30,2318367.873013389,-161390.4192879014,-68937.98032497826,-0.06961380942452758,-0.029735565751855177
202411,NON PRIME,2026-05-31,2142614.85700587,-149155.58232576805,-64032.38078304684,-0.06961380942452758,-0.029885156715718328
202411,NON PRIME,2026-06-30,1979995.6360232271,-137835.0388675172,-59410.93057565962,-0.06961380942452758,-0.030005586625930662
202411,NON PRIME,2026-07-31,1829622.3294012528,-127366.98015779903,-55079.044104426845,-0.06961380942452758,-0.03010405110351466
202411,NON PRIME,2026-08-31,1690629.8124866067,-117691.18157386743,-51032.753226061526,-0.06961380942452758,-0.030185646111966818
202411,NON PRIME,2026-09-30,1562191.264688374,-108750.0849846782,-47262.634707759484,-0.06961380942452758,-0.030254064131633354
202411,NON PRIME,2026-10-31,1443525.752330061,-100489.32662210267,-43756.202876122305,-0.06961380942452758,-0.030312034825491274
202411,NON PRIME,2026-11-30,1333901.2258901992,-92857.94573026404,-40499.39160921268,-0.06961380942452758,-0.030361612106762102
202411,NON PRIME,2026-12-31,1232634.8640046846,-85808.40851285058,-37477.481476288965,-0.06961380942452758,-0.030404365940558477
202411,NON PRIME,2027-01-31,1139091.89524072,-79296.5261123114,-34675.681199983715,-0.06961380942452758,-0.030441513406304972
202411,NON PRIME,2027-02-28,1052683.5716841803,-73281.31354355354,-32079.48976649175,-0.06961380942452758,-0.030474010072341136
202411,NON PRIME,2027-03-31,972864.7011577642,-67724.81790224658,-29674.917292048565,-0.06961380942452759,-0.03050261486179294
202411,NON PRIME,2027-04-30,899130.9852382484,-62591.93305406314,-27448.6139447665,-0.06961380942452758,-0.030527936858380282
202411,NON PRIME,2027-05-31,831016.3131368431,-57850.211251381734,-25387.938599522313,-0.06961380942452758,-0.030550469585476945
202411,NON PRIME,2027-06-30,768090.1015797561,-53469.67795223917,-23480.98789706794,-0.06961380942452758,-0.030570616453426257
202411,NON PRIME,2027-07-31,709954.733431087,-49422.65351311297,-21716.599373536537,-0.06961380942452758,-0.030588709886592364
202411,NON PRIME,2027-08-31,656243.1242938088,-45683.583790745775,-20084.33779278552,-0.06961380942452758,-0.030605025865068712
202411,NON PRIME,2027-09-30,606616.4315046465,-42228.88065655145,-18574.470835446235,-0.06961380942452758,-0.030619795097495572
202411,NON PRIME,2027-10-31,560761.9106184004,-39036.7727783233,-17177.938315493408,-0.06961380942452758,-0.03063321168969878
202411,NON PRIME,2027-11-30,518390.91867374483,-36087.16661995985,-15886.317759347485,-0.06961380942452758,-0.03064543993168545
202411,NON PRIME,2027-12-31,479237.05999450583,-33361.517363628416,-14691.788273547865,-0.06961380942452758,-0.0306566196564938
202411,NON PRIME,2028-01-31,443054.4682086476,-30842.70931456221,-13587.094003171338,-0.06961380942452758,-0.030666870504898663
202411,NON PRIME,2028-02-29,409616.21704567125,-28514.945270613283,-12565.5080519876,-0.06961380942452758,-0.030676295344494564
202411,NON PRIME,2028-03-31,378712.8519657663,-26363.644303364177,-11620.797435756576,-0.06961380942452758,-0.030684983029852488
202411,NON PRIME,2028-04-30,350151.0345603257,-24375.34738968368,-10747.189431210665,-0.06961380942452758,-0.030693010645265105
202411,NON PRIME,2028-05-31,323752.2917978825,-22537.63034197184,-9939.339537475431,-0.06961380942452758,-0.030700445338254247
202411,NRP-L,2025-10-31,587145.5900000001,-17283.137505275536,-8830.248015524761,-0.029435863607994626,-0.015039281850903044
202411,NRP-L,2025-11-30,569328.4813892338,-17579.49836609388,-8536.92049409252,-0.030877602194075503,-0.014994718819022278
202411,NRP-L,2025-12-31,551221.5430306514,-20042.99794515012,-8248.115165871048,-0.036361056998883666,-0.014963339641122118
202411,NRP-L,2026-01-31,530671.1544829287,-20833.456857140252,-7928.3357684881075,-0.039258694732408804,-0.014940204873606252
202411,NRP-L,2026-02-28,509357.8442529095,-22745.048619713005,-7600.907282148464,-0.04465436014453425,-0.014922529156877803
202411,NRP-L,2026-03-31,486162.7099891846,-21709.284740699808,-7248.022173065677,-0.04465436014453425,-0.01490863454588469
202411,NRP-L,2026-04-30,464034.55387637625,-20721.166088303988,-6912.93423291934,-0.04465436014453425,-0.014897455750161699
202411,NRP-L,2026-05-31,442923.80459551624,-19778.479086995496,-6594.376683405607,-0.04465436014453425,-0.014888286912977453
202411,NRP-L,2026-06-30,422782.8977040877,-18879.099777028114,-6291.281555412248,-0.04465436014453424,-0.014880643445079968
202411,NRP-L,2026-07-31,403566.4006515962,-18020.99939692978,-6002.720315918773,-0.04465436014453425,-0.014874182553916312
202411,NRP-L,2026-08-31,385231.0158552059,-17202.24452084315,-5727.867249326425,-0.04465436014453426,-0.014868655465372286
202411,NRP-L,2026-09-30,367735.5257013571,-16420.994602608032,-5465.975841743511,-0.04465436014453425,-0.014863877596048479
202411,NRP-L,2026-10-31,351040.71102400374,-15675.498335459237,-5216.362924203127,-0.04465436014453425,-0.014859709316867347
202411,NRP-L,2026-11-30,335109.25898168003,-14964.089538335938,-4978.397625078218,-0.04465436014453425,-0.01485604319082804
202411,NRP-L,2026-12-31,319905.66843274713,-14285.182930473851,-4751.493406125904,-0.04465436014453425,-0.01485279529244977
202411,NRP-L,2027-01-31,305396.15688794537,-13637.269976430996,-4535.102137201394,-0.04465436014453425,-0.014849899171669649
202411,NRP-L,2027-02-28,291548.5710149893,-13018.91488972765,-4328.709557050625,-0.04465436014453425,-0.014847301573047584
202411,NRP-L,2027-03-31,278332.3015576034,-12428.750833610333,-4131.831701194844,-0.04465436014453425,-0.014844959345617754
202411,NRP-L,2027-04-30,265718.20294398937,-11865.476331219343,-3944.0120210714254,-0.04465436014453425,-0.014842837176280248
202411,NRP-L,2027-05-31,253678.5175545042,-11327.851883810385,-3764.819008628597,-0.04465436014453425,-0.014840905902959268
202411,NRP-L,2027-06-30,242186.80446631435,-10814.696788892697,-3593.8441985495515,-0.04465436014453425,-0.014839141242517272
202411,NRP-L,2027-07-31,231217.8724241234,-10324.88614707978,-3430.7004584294064,-0.04465436014453425,-0.014837522819760515
202411,NRP-L,2027-08-31,220747.71676242055,-9857.348045392768,-3275.0205028298483,-0.04465436014453425,-0.014836033417979063
202411,NRP-L,2027-09-30,210753.46000482576,-9411.060904762184,-3126.455584633482,-0.04465436014453425,-0.01483465839451411
202411,NRP-L,2027-10-31,201213.2958782015,-8985.050980013939,-2984.67432928216,-0.04465436014453425,-0.014833385220670727
202411,NRP-L,2027-11-30,192106.43649671655,-8578.390001407479,-2849.361686071548,-0.04465436014453425,-0.014832203116319055
202411,NRP-L,2027-12-31,183413.0624904011,-8190.192947658336,-2720.217976828423,-0.04465436014453425,-0.014831102757311986
202411,NRP-L,2028-01-31,175114.27587201586,-7819.61594123832,-2596.958026768935,-0.04465436014453425,-0.01483007603941411
202411,NRP-L,2028-02-29,167192.05545431786,-7465.854257562051,-2479.3103656281774,-0.04465436014453425,-0.014829115886463894
202411,NRP-L,2028-03-31,159629.21464660982,-7128.140440418876,-2367.0164896054475,-0.04465436014453425,-0.01482821609343624
202411,NRP-L,2028-04-30,152409.36147468118,-6805.742516688917,-2259.830176520781,-0.04465436014453425,-0.014827371197248883
202411,NRP-L,2028-05-31,145516.86068190544,-6497.9623039918215,-2157.516847990795,-0.04465436014453425,-0.014826576369779227
202411,NRP-M,2025-10-31,3285945.9,-113638.08797835445,-54920.6431633386,-0.034583067231373,-0.016713800176484526
202411,NRP-M,2025-11-30,3168648.3482288155,-114344.87671668197,-54208.160967300195,-0.036086325824258005,-0.017107660746766368
202411,NRP-M,2025-12-31,3049032.685207894,-109700.56652135476,-52901.451297797015,-0.03597880962495323,-0.017350240800777118
202411,NRP-M,2026-01-31,2933276.4731598455,-103094.53419680857,-51350.088348540754,-0.03514654521663651,-0.017506051276927313
202411,NRP-M,2026-02-28,2823783.652057572,-104677.52465273162,-49724.54114398739,-0.0370699520752794,-0.017609189396558488
202411,NRP-M,2026-03-31,2712608.8282470144,-100556.27926209662,-47955.96474533599,-0.0370699520752794,-0.017678909043559687
202411,NRP-M,2026-04-30,2605613.0391725046,-96589.95048884784,-46188.83539964046,-0.0370699520752794,-0.01772666727762047
202411,NRP-M,2026-05-31,2502724.8078971407,-92775.88868635985,-44447.33564491296,-0.0370699520752794,-0.01775957768295702
202411,NRP-M,2026-06-30,2403839.546229813,-89110.21677540053,-42745.591324268236,-0.0370699520752794,-0.017782214870085866
202411,NRP-M,2026-07-31,2308834.8497725027,-85588.39723080158,-41091.73882983613,-0.0370699520752794,-0.01779760853570148
202411,NRP-M,2026-08-31,2217579.437728147,-82205.56347970745,-39490.24629771326,-0.0370699520752794,-0.017807815867092455
202411,NRP-M,2026-09-30,2129938.503037348,-78956.71823088682,-37943.2863831379,-0.0370699520752794,-0.017814263805752975
202411,NRP-M,2026-10-31,2045776.963983276,-75836.85401157063,-36451.573038573355,-0.0370699520752794,-0.01781796045234545
202411,NRP-M,2026-11-30,1964961.4532611144,-72841.02690216087,-35014.8848527914,-0.0370699520752794,-0.01781962938493249
202411,NRP-M,2026-12-31,1887361.5291495295,-69964.4014342991,-33632.39958142839,-0.0370699520752794,-0.017819797141135754
202411,NRP-M,2027-01-31,1812850.3979591788,-67202.27737199795,-32302.91195725874,-0.0370699520752794,-0.017818851458247097
202411,NRP-M,2027-02-28,1741305.3246712466,-64550.10493399194,-31024.977683565874,-0.0370699520752794,-0.017817080809434324
202411,NRP-M,2027-03-31,1672607.8423712538,-62003.492557438854,-29797.009798582818,-0.0370699520752794,-0.017814701715340303
202411,NRP-M,2027-04-30,1606643.830938761,-59558.20981494316,-28617.34376044444,-0.0370699520752794,-0.017811877909320664
202411,NRP-M,2027-05-31,1543303.5106108666,-57210.187175955274,-27484.28166789501,-0.0370699520752794,-0.017808733978072953
202411,NRP-M,2027-06-30,1482481.3803620345,-54955.51372251467,-26396.12237306906,-0.0370699520752794,-0.017805365195630925
202411,NRP-M,2027-07-31,1424076.1209792844,-52790.43355625186,-25351.181941280956,-0.0370699520752794,-0.01780184469622866
202411,NRP-M,2027-08-31,1367990.4761509716,-50711.34139035516,-24347.807438858716,-0.0370699520752794,-0.017798228762063172
202411,NRP-M,2027-09-30,1314131.1205514139,-48714.77765947412,-23384.386070461765,-0.0370699520752794,-0.017794560759393323
202411,NRP-M,2027-10-31,1262408.52100342,-46797.42337302112,-22459.351053124163,-0.0370699520752794,-0.01779087409460168
202411,NRP-M,2027-11-30,1212736.794840457,-44956.09486466368,-21571.185189330026,-0.0370699520752794,-0.01778719445233609
202411,NRP-M,2027-12-31,1165033.5682532052,-43187.73854123806,-20718.422813107616,-0.0370699520752794,-0.017783541502732675
202411,NRP-M,2028-01-31,1119219.8364865005,-41489.425700256616,-19899.650585234976,-0.0370699520752794,-0.017779930212553016
202411,NRP-M,2028-02-29,1075219.8271175276,-39858.34746163695,-19113.50747638175,-0.0370699520752794,-0.017776371858414897
202411,NRP-M,2028-03-31,1032960.8672051464,-38291.80984293382,-18358.684180871307,-0.0370699520752794,-0.01777287481426464
202411,NRP-M,2028-04-30,992373.2547932663,-36787.22899597541,-17633.92213581388,-0.0370699520752794,-0.01776944516656429
202411,NRP-M,2028-05-31,953390.1350374294,-35342.12661488166,-16938.012271971747,-0.0370699520752794,-0.017766087197143877
202411,NRP-S,2025-10-31,1289490.97,-65326.127279004846,-24569.057356672824,-0.05066039917984447,-0.01905329926945733
202411,NRP-S,2025-11-30,1222828.6797191594,-63449.74313004659,-23739.962778079804,-0.05188767991982226,-0.019413972841667432
202411,NRP-S,2025-12-31,1157572.2159033609,-59369.63638487475,-22739.588132569716,-0.0512880626964108,-0.01964420691872248
202411,NRP-S,2026-01-31,1096192.1287895348,-56453.51631838237,-21702.65324911987,-0.0514996548832374,-0.019798220292901507
202411,NRP-S,2026-02-28,1037662.5916107962,-54198.09668691999,-20654.704674148048,-0.05223094397455977,-0.019905029670661156
202411,NRP-S,2026-03-31,981399.2301362592,-51259.40820592304,-19609.570061637787,-0.05223094397455977,-0.019981236442293885
202411,NRP-S,2026-04-30,928128.6224796057,-48477.03408191762,-18596.780332681086,-0.05223094397455977,-0.02003685683455983
202411,NRP-S,2026-05-31,877716.941263731,-45843.9843846679,-17622.97740506335,-0.05223094397455977,-0.020078201270320593
202411,NRP-S,2026-06-30,830026.2268846491,-43353.053353827345,-16691.32191851176,-0.05223094397455977,-0.020109390978113508
202411,NRP-S,2026-07-31,784919.1498640971,-40997.068141110736,-15802.934518489437,-0.05223094397455976,-0.0201332003700325
202411,NRP-S,2026-08-31,742261.6223853829,-38769.02521327677,-14957.719416947479,-0.05223094397455977,-0.020151546255184696
202411,NRP-S,2026-09-30,701924.2107456112,-36662.164125841104,-14154.851282418567,-0.05223094397455977,-0.020165782951670427
202411,NRP-S,2026-10-31,663782.8593889626,-34670.00534001799,-13393.07124220637,-0.05223094397455977,-0.020176886240381685
202411,NRP-S,2026-11-30,627719.2111154932,-32786.36694752818,-12670.870926064026,-0.05223094397455976,-0.020185571353706314
202411,NRP-S,2026-12-31,593620.6872148039,-31005.36885605609,-11986.608900484955,-0.05223094397455977,-0.02019237058048746
202411,NRP-S,2027-01-31,561380.4242988656,-29321.42948996864,-11338.585233243462,-0.05223094397455977,-0.020197685459739274
202411,NRP-S,2027-02-28,530897.1263089286,-27729.25806049643,-10725.089558869544,-0.05223094397455977,-0.02020182258931389
202411,NRP-S,2027-03-31,502074.86766581284,-26223.84428408758,-10144.432057957387,-0.05223094397455977,-0.020205018636203963
202411,NRP-S,2027-04-30,474822.86999085965,-24800.446720332267,-9594.963245019066,-0.05223094397455977,-0.020207458088958033
202411,NRP-S,2027-05-31,449055.2665068329,-23454.580466399395,-9075.086330514212,-0.05223094397455977,-0.020209286044251578
202411,NRP-S,2027-06-30,424690.8630272593,-22182.004673284217,-8583.264605540237,-0.05223094397455977,-0.020210617540385625
202411,NRP-S,2027-07-31,401652.9011413788,-20978.71017673475,-8118.025466450487,-0.05223094397455977,-0.020211544453884085
202411,NRP-S,2027-08-31,379868.82707985624,-19840.907424889705,-7677.962162574155,-0.05223094397455977,-0.020212140652857754
202411,NRP-S,2027-09-30,359270.06836884026,-18765.014812709152,-7261.734001378525,-0.05223094397455977,-0.020212465887704718
202411,NRP-S,2027-10-31,339791.81947932986,-17747.647486238606,-6868.065514173044,-0.052230943974559775,-0.02021256875664966
202411,NRP-S,2027-11-30,321372.8370877218,-16785.60664887412,-6495.744930084307,-0.05223094397455977,-0.020212488986152962
202411,NRP-S,2027-12-31,303955.245175503,-15875.869381535276,-6143.622200353436,-0.05223094397455977,-0.020212259198903192
202411,NRP-S,2028-01-31,287484.3499427884,-15015.578975424516,-5810.606742329873,-0.05223094397455977,-0.0202119062950252
202411,NRP-S,2028-02-29,271908.46434707317,-14202.035767520561,-5495.665022053717,-0.05223094397455977,-0.020211452538817856
202411,NRP-S,2028-03-31,257178.74197566908,-13432.688463578934,-5197.818058941731,-0.05223094397455977,-0.02021091641949738
202411,NRP-S,2028-04-30,243249.01989815655,-12705.125930167189,-4916.138911106392,-0.05223094397455977,-0.02021031333719116
202411,NRP-S,2028-05-31,230075.6701105896,-12017.0694354555,-4649.75018207188,-0.05223094397455977,-0.020209656152851373
202412,NON PRIME,2025-10-31,3930024.390000001,-245218.903221199,-110770.40467034021,-0.062396280248326635,-0.02818567868235041
202412,NON PRIME,2025-11-30,3671757.9502527425,-236236.4766029384,-107304.41915923817,-0.06433879351624397,-0.02922426276815223
202412,NON PRIME,2025-12-31,3417087.943169519,-219896.9318534961,-102108.77272753068,-0.06435214296812354,-0.029881810016519423
202412,NON PRIME,2026-01-31,3176939.5837629996,-205689.03007612764,-96343.22271248828,-0.06474439461404378,-0.030325796311924925
202412,NON PRIME,2026-02-28,2950834.796797847,-194758.70622008623,-90415.11775105311,-0.06600122325771414,-0.030640521742921277
202412,NON PRIME,2026-03-31,2736296.7527157315,-180598.93287534922,-84475.7052876217,-0.06600122325771414,-0.03087227480125498
202412,NON PRIME,2026-04-30,2536951.2386361696,-167441.88509516025,-78767.86070624896,-0.06600122325771414,-0.031048235971848435
202412,NON PRIME,2026-05-31,2351947.802735634,-155231.4320188448,-73346.06087653273,-0.06600122325771414,-0.031185241777568925
202412,NON PRIME,2026-06-30,2180378.7161512566,-143907.6624310672,-68233.1780902833,-0.06600122325771414,-0.0312941864570787
202412,NON PRIME,2026-07-31,2021336.3784192232,-133410.6735909865,-63434.346354113724,-0.06600122325771414,-0.03138238000927004
202412,NON PRIME,2026-08-31,1873942.2418332081,-123682.4802752949,-58944.629261838105,-0.06600122325771414,-0.031454880489899605
202412,NON PRIME,2026-09-30,1737360.8956837144,-114667.94435524305,-54753.417145736654,-0.06600122325771414,-0.03151528118410263
202412,NON PRIME,2026-10-31,1610806.1946591432,-106315.17927860706,-50847.020476142934,-0.06600122325771414,-0.03156619377596973
202412,NON PRIME,2026-11-30,1493543.0516152454,-98575.66839466548,-47210.23100645063,-0.06600122325771414,-0.03160955484704203
202412,NON PRIME,2026-12-31,1384886.862575971,-91404.22700355195,-43827.27352881295,-0.06600122325771414,-0.03164682597052848
202412,NON PRIME,2027-01-31,1284201.6617842626,-84758.88058735062,-40682.388420267554,-0.06600122325771414,-0.031679127687581146
202412,NON PRIME,2027-02-28,1190897.6310223548,-78600.70042218931,-37760.18567202221,-0.06600122325771414,-0.031707331250299044
202412,NON PRIME,2027-03-31,1104428.3223230306,-72893.62027378501,-35045.8550573094,-0.06600122325771414,-0.03173212271810878
202412,NON PRIME,2027-04-30,1024287.8013254177,-67604.24785543204,-32525.284576836937,-0.06600122325771414,-0.031754048554273086
202412,NON PRIME,2027-05-31,950007.8298852607,-62701.678876833605,-30185.119949163156,-0.06600122325771414,-0.031773548595708766
202412,NON PRIME,2027-06-30,881155.1540668653,-58157.31804825268,-28012.786099125766,-0.06600122325771414,-0.031790980248865515
202412,NON PRIME,2027-07-31,817328.9322747719,-53944.70933405634,-25996.48424044841,-0.06600122325771414,-0.03180663648856229
202412,NON PRIME,2027-08-31,758158.3194595741,-50039.37650734471,-24125.173481311525,-0.06600122325771414,-0.03182075941408687
202412,NON PRIME,2027-09-30,703300.2120717118,-46418.67431414275,-22388.542871345322,-0.06600122325771414,-0.03183355057635399
202412,NON PRIME,2027-10-31,652437.1517880667,-43061.65011679132,-20776.97783831066,-0.06600122325771414,-0.031845178928528756
202412,NON PRIME,2027-11-30,605275.3822219996,-39948.91563443245,-19281.523656645448,-0.06600122325771414,-0.031855787007001514
202412,NON PRIME,2027-12-31,561543.0507633972,-37062.52826225288,-17893.847714566888,-0.06600122325771414,-0.03186549578031614
202412,NON PRIME,2028-01-31,520988.5467114479,-34385.8813862143,-16606.201754058206,-0.06600122325771414,-0.03187440848532824
202412,NON PRIME,2028-02-29,483378.9665414658,-31903.603088786414,-15411.384854230508,-0.06600122325771414,-0.03188261368610558
202412,NON PRIME,2028-03-31,448498.69722584804,-29601.462646397133,-14302.707651677067,-0.06600122325771414,-0.03189018773107992
202412,NON PRIME,2028-04-30,416148.108842689,-27466.28424000184,-13273.95810094244,-0.06600122325771414,-0.031897196740500434
202412,NON PRIME,2028-05-31,386142.3481492204,-25485.867329454675,-12319.36894702727,-0.06600122325771414,-0.03190369822443455
202412,NRP-L,2025-10-31,52967.3,-445.47275378714386,-568.3589069449876,-0.008410335316075084,-0.010730373399153581
202412,NRP-L,2025-11-30,52609.41508206253,-445.23500216790256,-577.2272881541979,-0.008463028936425258,-0.010971938905874792
202412,NRP-L,2025-12-31,52183.65250712298,-446.4612141984034,-581.9970962713569,-0.008555576176609375,-0.011152862406323806
202412,NRP-L,2026-01-31,51719.34550897851,-442.24043154201655,-584.0894001201611,-0.008550773935552671,-0.011293441445788652
202412,NRP-L,2026-02-28,51237.97026865419,-439.805839204549,-584.4111241618434,-0.008583592146576668,-0.011405821134163234
202412,NRP-L,2026-03-31,50746.67376367048,-435.5887503827302,-583.4707915273251,-0.008583592146576668,-0.011497714988071428
202412,NRP-L,2026-04-30,50252.47704250784,-431.3467672880946,-581.6351222223861,-0.008583592146576668,-0.011574257757093037
202412,NRP-L,2026-05-31,49758.59249168318,-427.10746373632054,-579.1402668843043,-0.008583592146576668,-0.011639000178333095
202412,NRP-L,2026-06-30,49267.01144949338,-422.88793256317416,-576.151890659106,-0.008583592146576668,-0.011694476155708256
202412,NRP-L,2026-07-31,48778.98546506969,-418.6989165559496,-572.7893091158776,-0.008583592146576668,-0.011742542483300483
202412,NRP-L,2026-08-31,48295.30363827436,-414.5471890260274,-569.1403948190518,-0.008583592146576668,-0.011784590880343988
202412,NRP-L,2026-09-30,47816.4586261199,-410.43697874027094,-565.2711134000199,-0.008583592146576668,-0.0118216850356885
202412,NRP-L,2026-10-31,47342.74921671981,-406.37085037398487,-561.2318112364547,-0.008583592146576668,-0.011854651884860274
202412,NRP-L,2026-11-30,46874.345431551556,-402.35026332218786,-557.0614716259253,-0.008583592146576668,-0.01188414401304817
202412,NRP-L,2026-12-31,46411.33079517304,-398.3759345256192,-552.790662973962,-0.008583592146576668,-0.011910683307349903
202412,NRP-L,2027-01-31,45953.73031484714,-394.4480786364241,-548.4436230030453,-0.008583592146576668,-0.011934692118473117
202412,NRP-L,2027-02-28,45501.52930580404,-390.5665696065277,-544.0397591667279,-0.008583592146576668,-0.011956515912034012
202412,NRP-L,2027-03-31,45054.68623163124,-386.73105090430585,-539.5947465140647,-0.008583592146576668,-0.011976440003154102
202412,NRP-L,2027-04-30,44613.1415615699,-382.94101154200456,-535.1213428786,-0.008583592146576668,-0.01199470210229619
202412,NRP-L,2027-05-31,44176.82393520602,-379.1958389909346,-530.6300022757013,-0.008583592146576668,-0.012011501846623793
202412,NRP-L,2027-06-30,43745.65448185142,-375.4948562572763,-526.1293420795754,-0.008583592146576668,-0.012027008129409711
202412,NRP-L,2027-07-31,43319.54986009252,-371.8373479723266,-521.6265027935723,-0.008583592146576668,-0.01204136479899374
202412,NRP-L,2027-08-31,42898.42440047009,-368.22257878438796,-517.1274279334801,-0.008583592146576668,-0.012054695135325607
202412,NRP-L,2027-09-30,42482.1916140759,-364.6498063079471,-512.6370838067146,-0.008583592146576668,-0.012067105399450702
202412,NRP-L,2027-10-31,42070.76524952315,-361.11829019627754,-508.15963359022095,-0.008583592146576668,-0.012078687672456366
202412,NRP-L,2027-11-30,41664.06002631533,-357.6272984363792,-503.69857631658886,-0.008583592146576668,-0.012089522144468135
202412,NRP-L,2027-12-31,41261.99213529299,-354.17611164460914,-499.2568586689569,-0.008583592146576668,-0.012099678974101764
202412,NRP-L,2028-01-31,40864.47957092388,-350.764025918925,-494.83696552768555,-0.008583592146576668,-0.012109219809562304
202412,NRP-L,2028-02-29,40471.44234203315,-347.3903546477062,-490.44099378143767,-0.008583592146576668,-0.012118199041106859
202412,NRP-L,2028-03-31,40082.80259471189,-344.05442956475184,-486.07071285942914,-0.008583592146576668,-0.012126664838639709
202412,NRP-L,2028-04-30,39698.48467196403,-340.75560126126476,-481.72761465462287,-0.008583592146576668,-0.01213466001625069
202412,NRP-L,2028-05-31,39318.41512804882,-337.49323930896117,-477.4129549157658,-0.008583592146576668,-0.01214222275646077
202412,NRP-M,2025-10-31,2716445.1100000003,-69858.34673663545,-43290.70919396909,-0.025716826185615594,-0.01593653007550338
202412,NRP-M,2025-11-30,2644475.13138938,-66809.59357642815,-42661.17742685735,-0.025263838855359957,-0.01613219081566617
202412,NRP-M,2025-12-31,2574851.4871307537,-60125.08622191437,-41856.13170614168,-0.023350894807884177,-0.016255745978104322
202412,NRP-M,2026-01-31,2511608.427793822,-56655.37358286574,-41037.07186339293,-0.022557407020899114,-0.016338960886287352
202412,NRP-M,2026-02-28,2451720.138742517,-48936.52297210027,-40202.823066436205,-0.019960077089875242,-0.016397802681939123
202412,NRP-M,2026-03-31,2399534.0149443434,-47894.883918066946,-39450.80303541758,-0.019960077089875242,-0.01644102679508489
202412,NRP-M,2026-04-30,2348418.358931052,-46874.6114835421,-38687.29789662778,-0.019960077089875242,-0.016473767439902566
202412,NRP-M,2026-05-31,2298381.357014333,-45875.869067938154,-37921.45523555441,-0.019960077089875242,-0.016499200674345675
202412,NRP-M,2026-06-30,2249417.3694092315,-44898.544100712636,-37158.97779307299,-0.019960077089875242,-0.016519378883800527
202412,NRP-M,2026-07-31,2201513.0157167027,-43942.36950806911,-36403.509051540976,-0.019960077089875242,-0.016535677414421197
202412,NRP-M,2026-08-31,2154650.5700225993,-43006.99147939472,-35657.41288508998,-0.019960077089875242,-0.01654904669053413
202412,NRP-M,2026-09-30,2108809.9192164945,-42092.00855545481,-34922.23186552435,-0.019960077089875242,-0.016560161040260722
202412,NRP-M,2026-10-31,2063969.7218619229,-41196.99475953235,-34198.9668698471,-0.019960077089875242,-0.016569509963060867
202412,NRP-M,2026-11-30,2020108.10683939,-40321.513542396155,-33488.2532030077,-0.019960077089875242,-0.016577455973582806
202412,NRP-M,2026-12-31,1977203.099444263,-39465.12628724775,-32790.47465476125,-0.019960077089875242,-0.01658427233093947
202412,NRP-M,2027-01-31,1935232.8822630025,-38627.397516830984,-32105.839175298217,-0.019960077089875242,-0.016590168278742053
202412,NRP-M,2027-02-28,1894175.9539591344,-37807.8980628123,-31434.430167914375,-0.019960077089875242,-0.016595306313656515
202412,NRP-M,2027-03-31,1854011.2240180278,-37006.206956893795,-30776.241916951196,-0.019960077089875242,-0.01659981423966392
202412,NRP-M,2027-04-30,1814718.0668656274,-36221.9125110273,-30131.20447084016,-0.019960077089875246,-0.016603793735785435
202412,NRP-M,2027-05-31,1776276.350029571,-35454.61287951245,-29499.201380760147,-0.01996007708987524,-0.016607326545933606
202412,NRP-M,2027-06-30,1738666.4456709994,-34703.916289172535,-28880.082514556372,-0.019960077089875246,-0.016610479017676535
202412,NRP-M,2027-07-31,1701869.2314936626,-33969.44105750024,-28273.67342250125,-0.019960077089875242,-0.016613305475701313
202412,NRP-M,2027-08-31,1665866.0849365671,-33250.81547674254,-27679.78225424007,-0.019960077089875242,-0.01661585076047338
202412,NRP-M,2027-09-30,1630638.873209219,-32547.67761500331,-27098.20491399864,-0.019960077089875242,-0.01661815216061135
202412,NRP-M,2027-10-31,1596169.9408536186,-31859.67506797983,-26528.728933294697,-0.019960077089875242,-0.016620240899353957
202412,NRP-M,2027-11-30,1562442.095942966,-31186.46468348785,-25971.1363998864,-0.019960077089875242,-0.016622143289228446
202412,NRP-M,2027-12-31,1529438.5956468564,-30527.712273341782,-25425.20618531786,-0.019960077089875242,-0.016623881637147123
202412,NRP-M,2028-01-31,1497143.1316392825,-29883.092322097316,-24890.71564643535,-0.019960077089875242,-0.01662547495988677
202412,NRP-M,2028-02-29,1465539.8156559097,-29252.28769877351,-24367.441929107805,-0.019960077089875242,-0.016626939554147856
202412,NRP-M,2028-03-31,1434613.1653929257,-28634.98937539274,-23855.16296882988,-0.019960077089875242,-0.016628289454109532
202412,NRP-M,2028-04-30,1404348.0908630025,-28030.89615464465,-23353.658258743362,-0.019960077089875242,-0.01662953680122998
202412,NRP-M,2028-05-31,1374729.8812723935,-27439.714407952015,-22862.70943806873,-0.019960077089875242,-0.016630692145069216
202412,NRP-S,2025-10-31,1376252.91,-72143.73578618531,-26410.25314374076,-0.052420405626016305,-0.019189970790863403
202412,NRP-S,2025-11-30,1302136.4064679,-68115.19856502353,-25590.2286727004,-0.052310340319712656,-0.01965249458166597
202412,NRP-S,2025-12-31,1231298.6753784167,-63070.05971711649,-24545.570483680327,-0.05122238899325794,-0.01993470063316417
202412,NRP-S,2026-01-31,1165219.3082099177,-58477.84061261575,-23442.18164646755,-0.05018612393443174,-0.02011825712232737
202412,NRP-S,2026-02-28,1103664.0979671036,-55607.60378079804,-22342.06836871244,-0.05038453627623168,-0.020243540049790024
202412,NRP-S,2026-03-31,1045019.1945889663,-52652.80751912618,-21247.6676201183,-0.05038453627623168,-0.02033232282252535
202412,NRP-S,2026-04-30,989426.578855739,-49851.799355024785,-20181.493067674022,-0.05038453627623168,-0.020397160839375972
202412,NRP-S,2026-05-31,936760.5122979998,-47198.24401401994,-19152.71579194136,-0.05038453627623168,-0.020445690804106555
202412,NRP-S,2026-06-30,886885.9125678221,-44685.33543465227,-18165.8751656515,-0.05038453627623168,-0.020482764364872372
202412,NRP-S,2026-07-31,839665.740327645,-42306.16895344716,-17222.868917605374,-0.050384536276231684,-0.020511577512838452
202412,NRP-S,2026-08-31,794964.9182988025,-40053.93876435756,-16324.048967495295,-0.05038453627623168,-0.020534301063785555
202412,NRP-S,2026-09-30,752652.4114314179,-37922.042727159525,-15468.850077211346,-0.05038453627623168,-0.020552448703103472
202412,NRP-S,2026-10-31,712602.2962412032,-35904.136245490896,-14656.162811618193,-0.05038453627623168,-0.020567100174846115
202412,NRP-S,2026-11-30,674694.2593351871,-33994.157384838996,-13884.560928075896,-0.05038453627623167,-0.02057904115229483
202412,NRP-S,2026-12-31,638813.767753023,-32186.335455108423,-13152.443042730178,-0.05038453627623168,-0.020588853444710276
202412,NRP-S,2027-01-31,604852.0490797892,-30475.190008613703,-12458.122329411734,-0.05038453627623168,-0.02059697466242413
202412,NRP-S,2027-02-28,572705.9617779369,-28855.524306814616,-11799.883916964713,-0.05038453627623168,-0.020603738575258698
202412,NRP-S,2027-03-31,542277.8036099894,-27322.415667782745,-11176.021772881148,-0.05038453627623168,-0.020609402963723433
202412,NRP-S,2027-04-30,513475.0870785162,-25871.20415184872,-10584.862318920726,-0.050384536276231684,-0.020614169188119112
202412,NRP-S,2027-05-31,486210.29953995923,-24497.480475048545,-10024.779332841768,-0.05038453627623168,-0.02061819616393766
202412,NRP-S,2027-06-30,460400.65881404845,-23197.073695617386,-9494.203055903181,-0.05038453627623167,-0.020621610491087072
202412,NRP-S,2027-07-31,435967.8708977894,-21966.03900652116,-8991.625411157036,-0.050384536276231684,-0.020624513895119302
202412,NRP-S,2027-08-31,412837.8937620294,-20800.64583445605,-8515.602595043578,-0.05038453627623167,-0.020626988761724946
202412,NRP-S,2027-09-30,390940.70954892057,-19697.36636212334,-8064.755890556595,-0.05038453627623168,-0.020629102300095476
202412,NRP-S,2027-10-31,370210.1064346516,-18652.864537484293,-7637.7712787803,-0.05038453627623168,-0.020630909707832348
202412,NRP-S,2027-11-30,350583.47075073974,-17663.985599887852,-7233.398245045264,-0.05038453627623167,-0.02063245660029453
202412,NRP-S,2027-12-31,332001.5895308591,-16727.74613148415,-6850.448054240008,-0.05038453627623168,-0.0206337808921944
202412,NRP-S,2028-01-31,314408.4633818088,-15841.324628815004,-6487.791686765634,-0.05038453627623168,-0.020634914267199742
202412,NRP-S,2028-02-29,297751.12941149686,-15002.052581122516,-6144.357569326404,-0.05038453627623168,-0.02063588333475237
202412,NRP-S,2028-03-31,281979.49384811474,-14207.406036943785,-5819.129194831342,-0.05038453627623168,-0.02063671054734836
202412,NRP-S,2028-04-30,267046.1739298344,-13454.997637796614,-5511.142697626189,-0.05038453627623168,-0.02063741493287309
202412,NRP-S,2028-05-31,252906.34861816547,-12742.569096441253,-5219.484430404841,-0.05038453627623168,-0.02063801268304714
202501,NON PRIME,2025-10-31,4363554.399999999,-260278.57757776356,-123098.87646564613,-0.059648294422034384,-0.028210689080820476
202501,NON PRIME,2025-11-30,4092363.7778888694,-249942.88251504017,-118886.2493889779,-0.061075431237439595,-0.029050753022329758
202501,NON PRIME,2025-12-31,3826882.6188749485,-233718.48502913033,-113141.42331195211,-0.061072812601145415,-0.029564905585009595
202501,NON PRIME,2026-01-31,3576325.696691716,-221296.18793525244,-106959.22346246197,-0.0618780856955961,-0.02990757345210609
202501,NON PRIME,2026-02-28,3338252.77558037,-212266.87394659978,-100649.10135718388,-0.06358621956352489,-0.03015023370711812
202501,NON PRIME,2026-03-31,3109869.619686077,-197744.85245129454,-94322.48984071042,-0.06358621956352489,-0.030330046392823287
202501,NON PRIME,2026-04-30,2896938.2072048276,-184205.34890529033,-88264.07548991109,-0.06358621956352489,-0.03046805598766104
202501,NON PRIME,2026-05-31,2698553.517816637,-171590.8164878112,-82513.64590724099,-0.06358621956352489,-0.0305769907331694
202501,NON PRIME,2026-06-30,2513790.6410409603,-159842.4436379645,-77085.2938028362,-0.06358621956352489,-0.0306649617292374
202501,NON PRIME,2026-07-31,2341746.288292729,-148902.7936494509,-71979.10380761314,-0.06358621956352489,-0.030737362184564472
202501,NON PRIME,2026-08-31,2181557.6404857086,-138717.00311840957,-67187.40901794568,-0.06358621956352489,-0.030797906858416484
202501,NON PRIME,2026-09-30,2032410.2103833635,-129233.28188058638,-62698.293403110285,-0.06358621956352489,-0.03084923165746339
202501,NON PRIME,2026-10-31,1893540.2100277646,-120403.06354718847,-58497.62077111537,-0.06358621956352489,-0.030893255110889688
202501,NON PRIME,2026-11-30,1764234.1332961181,-112180.97896123202,-54570.23984249775,-0.06358621956352489,-0.03093140463196015
202501,NON PRIME,2026-12-31,1643826.9430182846,-104524.74092319857,-50900.71138367658,-0.06358621956352489,-0.030964762805393682
202501,NON PRIME,2027-01-31,1531699.595328232,-97394.98677390319,-47473.74948965568,-0.06358621956352489,-0.03099416467462238
202501,NON PRIME,2027-02-28,1427276.2947034074,-90755.10385282512,-44274.487558185385,-0.06358621956352489,-0.031020264066941406
202501,NON PRIME,2027-03-31,1330021.6924333747,-84571.05135931954,-41288.6345652876,-0.06358621956352489,-0.03104357981541409
202501,NON PRIME,2027-04-30,1239438.1425859362,-78811.18586987682,-38502.56163949624,-0.06358621956352489,-0.03106452860904002
202501,NON PRIME,2027-05-31,1155063.0746545948,-73446.09427470721,-35903.34388922084,-0.06358621956352489,-0.031083448754482285
202501,NON PRIME,2027-06-30,1076466.511174475,-68448.4359323218,-33478.77336562257,-0.06358621956352489,-0.031100617639368704
202501,NON PRIME,2027-07-31,1003248.7411247563,-63792.7947299887,-31217.353442206928,-0.06358621956352489,-0.031116264753254227
202501,NON PRIME,2027-08-31,935038.1501151803,-59455.541113496,-29108.281361020996,-0.06358621956352489,-0.031130581524866516
202501,NON PRIME,2027-09-30,871489.2029482605,-55414.7038059094,-27141.42342718697,-0.06358621956352489,-0.031143728844106322
202501,NON PRIME,2027-10-31,812280.571312652,-51649.85075467173,-25307.285852412457,-0.06358621956352489,-0.031155842877684095
202501,NON PRIME,2027-11-30,757113.3980274318,-48141.97876145869,-23596.983266767606,-0.06358621956352489,-0.03116703961156508
202501,NON PRIME,2027-12-31,705709.6887938448,-44873.41121975223,-22002.20625944497,-0.06358621956352489,-0.03117741843257073
202501,NON PRIME,2028-01-31,657810.8224479897,-41827.703387440764,-20515.188862380597,-0.06358621956352489,-0.03118706497718445
202501,NON PRIME,2028-02-29,613176.1710227052,-38989.55464177122,-19128.67658463928,-0.06358621956352489,-0.031196053415994487
202501,NON PRIME,2028-03-31,571581.8213866374,-36344.727193210194,-17835.895394404284,-0.06358621956352489,-0.031204448299519093
202501,NON PRIME,2028-04-30,532819.3907539009,-33879.970768181105,-16630.521899037823,-0.06358621956352489,-0.031212306060233355
202501,NON PRIME,2028-05-31,496694.92890212545,-31582.952805259934,-15506.654871849272,-0.06358621956352489,-0.031219676242969827
202501,NRP-L,2025-10-31,60436.42,-888.4829744294581,-1066.1368347436041,-0.014701118537952085,-0.017640635145887266
202501,NRP-L,2025-11-30,59517.320574221674,-887.6313214730758,-1052.2304866908894,-0.014913832022497488,-0.017679399484704535
202501,NRP-L,2025-12-31,58595.095811232655,-887.587193206537,-1036.5776048274317,-0.015147806841479504,-0.017690518130848765
202501,NRP-L,2026-01-31,57671.60962756212,-877.3831993293321,-1020.2437643067341,-0.015213433524664755,-0.017690572031808603
202501,NRP-L,2026-02-28,56758.16496975532,-868.0819359738259,-1003.8255374034532,-0.015294397492174034,-0.017686011130528284
202501,NRP-L,2026-03-31,55854.380386622965,-854.2590953121008,-987.4831434166849,-0.015294397492174034,-0.01767960071495459
202501,NRP-L,2026-04-30,54965.0237307943,-840.6569211055466,-971.3747897536899,-0.015294397492174034,-0.017672598387499187
202501,NRP-L,2026-05-31,54089.985150159664,-827.2737332323327,-955.5315811805502,-0.015294397492174034,-0.017665591486629013
202501,NRP-L,2026-06-30,53229.08961448202,-814.1068547104408,-939.9645859715669,-0.015294397492174034,-0.01765885144343763
202501,NRP-L,2026-07-31,52382.13006278025,-801.1531186669202,-924.6752831076085,-0.015294397492174034,-0.017652494887080393
202501,NRP-L,2026-08-31,51548.884439065834,-788.4091288892175,-909.6605335032481,-0.015294397492174034,-0.017646560995486265
202501,NRP-L,2026-09-30,50729.12475271313,-775.8713983980794,-894.9150355163824,-0.015294397492174034,-0.017641050183278
202501,NRP-L,2026-10-31,49922.62200279319,-763.5364247622724,-880.4325671219965,-0.015294397492174034,-0.017635944022986932
202501,NRP-L,2026-11-30,49129.14887702049,-751.4007313773469,-866.2066203096429,-0.015294397492174034,-0.017631215685782003
202501,NRP-L,2026-12-31,48348.481218612535,-739.460889900371,-852.2307222564376,-0.015294397492174034,-0.017626835440869185
202501,NRP-L,2027-01-31,47580.3987964198,-727.7135320286035,-838.4985919100114,-0.015294397492174035,-0.017622773518516714
202501,NRP-L,2027-02-28,46824.68567556931,-716.1553551682646,-825.0042092315102,-0.015294397492174032,-0.01761900154434896
202501,NRP-L,2027-03-31,46081.13035770102,-704.7831245793672,-811.7418381799192,-0.015294397492174034,-0.017615493193826614
202501,NRP-L,2027-04-30,45349.52578883569,-693.5936734960502,-798.7060256483012,-0.015294397492174034,-0.017612224422530336
202501,NRP-L,2027-05-31,44629.66929254178,-682.5839021044075,-785.8915884765668,-0.015294397492174034,-0.017609173469898418
202501,NRP-L,2027-06-30,43921.36246264057,-671.7507759014767,-773.2935951697152,-0.015294397492174034,-0.017606320747164374
202501,NRP-L,2027-07-31,43224.41103585422,-661.0913237474683,-760.9073459123026,-0.015294397492174034,-0.01760364867160683
202501,NRP-L,2027-08-31,42538.624756518344,-650.6026357966264,-748.7283527744854,-0.015294397492174032,-0.01760114148165439
202501,NRP-L,2027-09-30,41863.81724046922,-640.2818614154646,-736.7523210555829,-0.015294397492174035,-0.017598785051626247
202501,NRP-L,2027-10-31,41199.80584216314,-630.126207150437,-724.9751321816103,-0.015294397492174032,-0.01759656671584806
202501,NRP-L,2027-11-30,40546.41152722188,-620.1329347785986,-713.392828282182,-0.015294397492174034,-0.017594475106711412
202501,NRP-L,2027-12-31,39903.45875146341,-610.2993594574519,-702.001598417235,-0.015294397492174032,-0.01759250000832296
202501,NRP-L,2028-01-31,39270.77534679287,-600.6228479797187,-690.7977663466272,-0.015294397492174032,-0.01759063222577913
202501,NRP-L,2028-02-29,38648.19241392428,-591.100817132583,-679.7777797021313,-0.015294397492174034,-0.017588863469258115
202501,NRP-L,2028-03-31,38035.544221673874,-581.7307321574434,-668.9382004121621,-0.015294397492174032,-0.01758718625172135
202501,NRP-L,2028-04-30,37432.66811244364,-572.510105304341,-658.2756962334096,-0.015294397492174034,-0.017585593798871653
202501,NRP-L,2028-05-31,36839.404413458746,-563.4364944743885,-647.7870332538475,-0.015294397492174034,-0.017584079970011348
202501,NRP-M,2025-10-31,4943312.740000001,-140138.9238313102,-83080.95107490376,-0.028349192374041498,-0.016806735775107714
202501,NRP-M,2025-11-30,4797553.318751286,-139214.9868760131,-82851.95935161019,-0.029017913429307794,-0.017269627630355344
202501,NRP-M,2025-12-31,4649616.518845579,-136798.234543938,-81383.53134349355,-0.029421401526227946,-0.01750327817651932
202501,NRP-M,2026-01-31,4502893.87220087,-131456.17225609205,-79386.12181071435,-0.02919370875419733,-0.017630022839492988
202501,NRP-M,2026-02-28,4361140.213678899,-132863.77391378165,-77199.42707179864,-0.03046537543027139,-0.017701661329222892
202501,NRP-M,2026-03-31,4217992.034160114,-128502.71088258196,-74839.02156525251,-0.030465375430271387,-0.017742807705457046
202501,NRP-M,2026-04-30,4079421.2444212707,-124281.09974951891,-72475.75854302137,-0.030465375430271387,-0.01776618647611695
202501,NRP-M,2026-05-31,3945380.4066605177,-120197.49530414947,-70144.17318134394,-0.030465375430271387,-0.017778811154160915
202501,NRP-M,2026-06-30,3815773.1925876187,-116248.96286894706,-67862.55696067926,-0.030465375430271387,-0.017784745983463215
202501,NRP-M,2026-07-31,3690479.370916853,-112431.8395526537,-65640.49670684672,-0.030465375430271387,-0.017786441843878717
202501,NRP-M,2026-08-31,3569367.808818012,-108742.13034436588,-63482.72259168712,-0.030465375430271387,-0.017785424756410654
202501,NRP-M,2026-09-30,3452303.4709932883,-105175.72134303955,-61391.17225980828,-0.030465375430271387,-0.017782669680004973
202501,NRP-M,2026-10-31,3339151.267520809,-101728.49698348802,-59366.144155063645,-0.030465375430271387,-0.01777881245827498
202501,NRP-M,2026-11-30,3229778.183701923,-98396.40492297911,-57406.96399217835,-0.030465375430271387,-0.017774274494101436
202501,NRP-M,2026-12-31,3124054.444983814,-95175.49153104,-55512.38070459813,-0.030465375430271387,-0.017769338429338977
202501,NRP-M,2027-01-31,3021854.127498811,-92061.92048976646,-53680.80702870081,-0.030465375430271387,-0.01776419534623017
202501,NRP-M,2027-02-28,2923055.4450151026,-89051.9815358841,-51910.46830296406,-0.030465375430271387,-0.017758974908084868
202501,NRP-M,2027-03-31,2827540.845397584,-86142.09339946434,-50199.4957112796,-0.030465375430271384,-0.017753765005018338
202501,NRP-M,2027-04-30,2735196.9949548384,-83328.80332704926,-48545.98519341033,-0.030465375430271384,-0.01774862479117775
202501,NRP-M,2027-05-31,2645914.697593637,-80608.78461866314,-46948.03476002473,-0.03046537543027139,-0.01774359347363778
202501,NRP-M,2027-06-30,2559588.7772176685,-77978.83304504554,-45403.76802167181,-0.030465375430271387,-0.017738696319424693
202501,NRP-M,2027-07-31,2476117.9407381783,-75435.86267421908,-43911.3488103114,-0.030465375430271387,-0.017733948810701877
202501,NRP-M,2027-08-31,2395404.6323307576,-72976.90143136773,-42468.98999177611,-0.03046537543027139,-0.017729359548934856
202501,NRP-M,2027-09-30,2317354.885423804,-70599.08658960972,-41074.958465473464,-0.030465375430271384,-0.017724932302702338
202501,NRP-M,2027-10-31,2241878.1763227656,-68299.6603106052,-39727.57765371568,-0.030465375430271387,-0.01772066746235013
202501,NRP-M,2027-11-30,2168887.281757353,-66075.96530467855,-38425.22833943806,-0.030465375430271387,-0.017716563079434818
202501,NRP-M,2027-12-31,2098298.1416229517,-63925.44064918398,-37166.348423572366,-0.030465375430271387,-0.017712615612777337
202501,NRP-M,2028-01-31,2030029.7275497862,-61845.61778441577,-35949.431984758325,-0.030465375430271384,-0.017708820465476
202501,NRP-M,2028-02-29,1964003.9175358696,-59834.11669425404,-34773.02789904032,-0.030465375430271387,-0.01770517237189026
202501,NRP-M,2028-03-31,1900145.3766355272,-57888.642271295765,-33635.7381935118,-0.030465375430271387,-0.017701665676269768
202501,NRP-M,2028-04-30,1838381.443549182,-56006.9808617701,-32536.216251406626,-0.030465375430271387,-0.017698294532712513
202501,NRP-M,2028-05-31,1778642.0228768862,-54186.996983001685,-31473.164947779038,-0.030465375430271387,-0.01769505304775853
202501,NRP-S,2025-10-31,2185314.64,-106757.72159563153,-43030.34377624888,-0.04885233441516299,-0.019690685720317548
202501,NRP-S,2025-11-30,2074624.8651143464,-102933.49174591087,-41950.61849952756,-0.04961547192303488,-0.02022082122167922
202501,NRP-S,2025-12-31,1966680.7026017345,-99812.6040532621,-40322.002896441656,-0.05075180934109912,-0.02050256701207238
202501,NRP-S,2026-01-31,1861571.6531837462,-95107.05061974471,-38470.15103043051,-0.051089653442610294,-0.02066541514243466
202501,NRP-S,2026-02-28,1761214.1155429948,-92650.61186854453,-36571.8786439923,-0.052606103398154795,-0.020765151903587218
202501,NRP-S,2026-03-31,1663500.8808247156,-87510.29933958656,-34648.70647757618,-0.052606103398154795,-0.020828787575031735
202501,NRP-S,2026-04-30,1571181.8413969015,-82653.75440582864,-32791.46606074698,-0.05260610339815479,-0.02087057347327337
202501,NRP-S,2026-05-31,1483992.362559773,-78067.05566689144,-31013.27664895473,-0.052606103398154795,-0.020898541954393352
202501,NRP-S,2026-06-30,1401663.1256386172,-73736.03531672593,-29319.23676229958,-0.052606103398154795,-0.020917463137900077
202501,NRP-S,2026-07-31,1323929.9437911739,-69646.79551499175,-27710.240839628525,-0.052606103398154795,-0.02093029239921725
202501,NRP-S,2026-08-31,1250538.3127572814,-65785.94778426358,-26184.929068408852,-0.052606103398154795,-0.02093892590197764
202501,NRP-S,2026-09-30,1181245.4007953724,-62140.717692836166,-24740.731704275204,-0.052606103398154795,-0.020944616324107112
202501,NRP-S,2026-10-31,1115820.7478624692,-58698.98163585946,-23374.449530045506,-0.052606103398154795,-0.020948211955032162
202501,NRP-S,2026-11-30,1054046.3012133946,-55449.26870807445,-22082.585677875555,-0.052606103398154795,-0.02095029948158309
202501,NRP-S,2026-12-31,995716.1096786741,-52380.744620964775,-20861.53902870135,-0.052606103398154795,-0.02095129206600217
202501,NRP-S,2027-01-31,940635.8473514279,-49483.186645780166,-19707.71806257637,-0.052606103398154795,-0.020951485229983406
202501,NRP-S,2027-02-28,888622.2591377923,-46746.9544461046,-18617.60777042502,-0.052606103398154795,-0.020951093199588783
202501,NRP-S,2027-03-31,839502.5788746652,-44162.95946729824,-17587.808265911586,-0.0526061033981548,-0.02095027306466129
202501,NRP-S,2027-04-30,793113.9478607014,-41722.63434767881,-16615.0560443262,-0.0526061033981548,-0.02094914115322605
202501,NRP-S,2027-05-31,749302.8488721314,-39417.9031442993,-15696.234471472297,-0.052606103398154795,-0.020947784323920086
202501,NRP-S,2027-06-30,707924.5634878888,-37241.152784937476,-14828.377542921551,-0.052606103398154795,-0.020946267876146715
202501,NRP-S,2027-07-31,668842.6564001397,-35185.205939682266,-14008.6694371662,-0.052606103398154795,-0.02094464116951509
202501,NRP-S,2027-08-31,631928.4880077865,-33243.29538037724,-13234.441462116796,-0.0526061033981548,-0.020942941667085792
202501,NRP-S,2027-09-30,597060.7552379582,-31409.03982502842,-12503.167420822288,-0.052606103398154795,-0.02094119787832841
202501,NRP-S,2027-10-31,564125.0597892258,-29676.421224762267,-11812.458060333702,-0.052606103398154795,-0.020939431523831247
202501,NRP-S,2027-11-30,533013.5025937057,-28039.76343005713,-11160.055035855125,-0.052606103398154795,-0.020937659142871615
202501,NRP-S,2027-12-31,503624.3031081555,-26493.71216313128,-10543.82467199939,-0.052606103398154795,-0.02093589329769707
202501,NRP-S,2028-01-31,475861.4419802061,-25033.21622000576,-9961.751704390488,-0.052606103398154795,-0.020934143482894033
202501,NRP-S,2028-02-29,449634.3256430985,-23653.509826140446,-9411.933119619353,-0.052606103398154795,-0.020932416817060723
202501,NRP-S,2028-03-31,424857.471439433,-22350.09607202141,-8892.572168073126,-0.052606103398154795,-0.02093071857238325
202501,NRP-S,2028-04-30,401450.2119425771,-21118.731358662368,-8401.972595018673,-0.052606103398154795,-0.02092905258254162
202501,NRP-S,2028-05-31,379336.4172221717,-19955.41078707515,-7938.533115740876,-0.052606103398154795,-0.02092742155860927
202502,NON PRIME,2025-10-31,5958651.75,-352974.5897736341,-171550.84292121234,-0.0592373249155959,-0.028790211295904707
202502,NON PRIME,2025-11-30,5596495.511166844,-336665.40949366876,-163131.02109745226,-0.06015646913714321,-0.029148780834712076
202502,NON PRIME,2025-12-31,5244792.848728915,-324924.0094165034,-154557.67903663305,-0.06195173361236743,-0.02946878618363171
202502,NON PRIME,2026-01-31,4903447.045016341,-308220.5655285225,-145789.57264226148,-0.06285793701836447,-0.029732058142737754
202502,NON PRIME,2026-02-28,4578989.954264891,-296499.6286479537,-137126.37324019364,-0.0647521902448798,-0.029946860467006165
202502,NON PRIME,2026-03-31,4267023.210584781,-276299.09871110355,-128537.95921789623,-0.0647521902448798,-0.03012356691640319
202502,NON PRIME,2026-04-30,3976252.225065778,-257471.04053908587,-120363.99731998703,-0.0647521902448798,-0.030270714860900425
202502,NON PRIME,2026-05-31,3705342.662808388,-239929.05302463824,-112623.10688122729,-0.0647521902448798,-0.030394788587748838
202502,NON PRIME,2026-06-30,3452980.5342277493,-223588.0524641819,-105318.1046783437,-0.0647521902448798,-0.030500636662841148
202502,NON PRIME,2026-07-31,3217909.4397876244,-208366.68423592282,-98441.96011950778,-0.0647521902448798,-0.03059189885903214
202502,NON PRIME,2026-08-31,2998944.4602046423,-194188.22222099936,-91981.63549435754,-0.0647521902448798,-0.03067133677029847
202502,NON PRIME,2026-09-30,2794975.7689305064,-180980.80271961735,-85920.55308184934,-0.0647521902448798,-0.030741072619290263
202502,NON PRIME,2026-10-31,2604967.5972455363,-168677.35743859038,-80240.1884015348,-0.0647521902448798,-0.030802758731578804
202502,NON PRIME,2026-11-30,2427955.117547778,-157215.4116774832,-74921.1055318537,-0.0647521902448798,-0.03085769789991984
202502,NON PRIME,2026-12-31,2263040.462575987,-146536.8265645811,-69943.63219998394,-0.0647521902448798,-0.0309069295740157
202502,NON PRIME,2027-01-31,2109388.4733685753,-136587.52372791857,-65288.29916161486,-0.0647521902448798,-0.030951292275411508
202502,NON PRIME,2027-02-28,1966222.4666438345,-127317.21122387839,-60936.12331753844,-0.0647521902448798,-0.030991469353694723
202502,NON PRIME,2027-03-31,1832820.1614869563,-118679.1197812547,-56868.78603073542,-0.0647521902448798,-0.031028022948306127
202502,NON PRIME,2027-04-30,1708509.8282516801,-110629.7534341997,-53068.74049832135,-0.0647521902448798,-0.031061419501827885
202502,NON PRIME,2027-05-31,1592666.6828191315,-103128.65604258604,-49519.27077917282,-0.0647521902448798,-0.031092049148363072
202502,NON PRIME,2027-06-30,1484709.5288447388,-96138.19387014039,-46204.51777159146,-0.0647521902448798,-0.03112024060864179
202502,NON PRIME,2027-07-31,1384097.6402712013,-89623.35372033002,-43109.48261776425,-0.0647521902448798,-0.03114627275090025
202502,NON PRIME,2027-08-31,1290327.871461075,-83551.55581111833,-40220.014788288114,-0.0647521902448798,-0.03117038365043285
202502,NON PRIME,2027-09-30,1202931.9802920143,-77892.4804395185,-37522.78991337558,-0.0647521902448798,-0.031192777753125196
202502,NON PRIME,2027-10-31,1121474.1491011197,-72617.9074573104,-35005.28092513689,-0.0647521902448798,-0.031213631587668968
202502,NON PRIME,2027-11-30,1045548.6887177519,-67701.56760213648,-32655.72503130187,-0.0647521902448798,-0.031233098356567644
202502,NON PRIME,2027-12-31,974777.9115763109,-63119.0047768959,-30463.088307523278,-0.0647521902448798,-0.03125131165340164
202502,NON PRIME,2028-01-31,908810.1608258889,-58847.448430277764,-28417.02917564404,-0.0647521902448798,-0.03126838849360996
202502,NON PRIME,2028-02-29,847317.9833291603,-54865.695254437676,-26507.861663849264,-0.0647521902448798,-0.03128443180174033
202502,NON PRIME,2028-03-31,789996.435402915,-51153.99947798644,-24726.51907729755,-0.0647521902448798,-0.03129953246521486
202502,NON PRIME,2028-04-30,736561.5110642633,-47693.971091489315,-23064.518514341915,-0.0647521902448798,-0.03131377103999884
202502,NON PRIME,2028-05-31,686748.6833950072,-44468.481397614225,-21513.926522807193,-0.0647521902448798,-0.03132721917492591
202502,NRP-L,2025-10-31,127420.87,-1614.4611559389375,-2295.4761448983527,-0.01267030397719728,-0.018014915020579853
202502,NRP-L,2025-11-30,125485.36065268546,-1614.8824173906032,-2410.8114627066248,-0.012869090139209349,-0.0192118941218904
202502,NRP-L,2025-12-31,123424.76835293407,-1623.8551238382324,-2428.147334301344,-0.01315663902398266,-0.01967309614353934
202502,NRP-L,2026-01-31,121317.95164485027,-1637.6989113665697,-2409.1549510781006,-0.013499229826768074,-0.01985819013933512
202502,NRP-L,2026-02-28,119191.2485067588,-1652.3507750188069,-2374.866868935115,-0.013863020949269689,-0.019924842626348083
202502,NRP-L,2026-03-31,117056.2926296629,-1622.75383696886,-2333.70332604555,-0.01386302094926969,-0.019936590110783782
202502,NRP-L,2026-04-30,114962.47618395295,-1593.7272157180578,-2290.274644016018,-0.01386302094926969,-0.019921932095054388
202502,NRP-L,2026-05-31,112911.07523339115,-1565.2886013650677,-2246.3241558316795,-0.01386302094926969,-0.01989463080737163
202502,NRP-L,2026-06-30,110901.94642444886,-1537.4360065969195,-2202.6983232766033,-0.01386302094926969,-0.01986167415715445
202502,NRP-L,2026-07-31,108934.30534413799,-1510.1585570799261,-2159.810227674147,-0.01386302094926969,-0.01982672236125267
202502,NRP-L,2026-08-31,107007.09063794004,-1483.4415392341634,-2117.8540511624237,-0.01386302094926969,-0.019791716965076752
202502,NRP-L,2026-09-30,105119.14027359185,-1457.2688437820232,-2076.910128471232,-0.01386302094926969,-0.019757678031476402
202502,NRP-L,2026-10-31,103269.27800664492,-1431.6241644220743,-2036.9987225337782,-0.01386302094926969,-0.019725118271890177
202502,NRP-L,2026-11-30,101456.35523442409,-1406.4915780513688,-1998.1084964547986,-0.01386302094926969,-0.019694266483730745
202502,NRP-L,2026-12-31,99679.27010747294,-1381.8558097078094,-1960.2119621419056,-0.01386302094926969,-0.01966519176984773
202502,NRP-L,2027-01-31,97936.97489802308,-1357.7023347193938,-1923.2739933919531,-0.01386302094926969,-0.019637874208332073
202502,NRP-L,2027-02-28,96228.47732311096,-1334.0173970466105,-1887.2565432828233,-0.01386302094926969,-0.019612245727903307
202502,NRP-L,2027-03-31,94552.83883596773,-1310.7879855959416,-1852.1212399934013,-0.01386302094926969,-0.01958821398484397
202502,NRP-L,2027-04-30,92909.17149904168,-1288.0017908705054,-1817.8307788218344,-0.01386302094926969,-0.0195656763427342
202502,NRP-L,2027-05-31,91296.63430389109,-1265.647153952656,-1784.3496252289178,-0.01386302094926969,-0.019544527997489042
202502,NRP-L,2027-06-30,89714.4293963437,-1243.7130141732891,-1751.6443231067396,-0.01386302094926969,-0.019524666599263104
202502,NRP-L,2027-07-31,88161.79844153096,-1222.1888587202357,-1719.6835788050944,-0.01386302094926969,-0.019505994764224224
202502,NRP-L,2027-08-31,86638.01923979048,-1201.0646757244458,-1688.438220735929,-0.013863020949269689,-0.019488421313774398
202502,NRP-L,2027-09-30,85142.40263648715,-1180.3309114207764,-1657.881093267184,-0.01386302094926969,-0.01947186175078305
202502,NRP-L,2027-10-31,83674.28973213726,-1159.9784314718806,-1627.9869193968314,-0.01386302094926969,-0.019456238285480914
202502,NRP-L,2027-11-30,82233.04938022088,-1139.998486280331,-1598.732152282765,-0.01386302094926969,-0.019441479603786897
202502,NRP-L,2027-12-31,80818.07595104145,-1120.3826799889566,-1570.0948270682493,-0.01386302094926969,-0.019427520497015946
202502,NRP-L,2028-01-31,79428.78733653777,-1101.1229428215104,-1542.054419255785,-0.013863020949269693,-0.019414301426032593
202502,NRP-L,2028-02-29,78064.62317054695,-1082.2115064101365,-1514.5917127747443,-0.01386302094926969,-0.01940176806420793
202502,NRP-L,2028-03-31,76725.04324019927,-1063.6408817725055,-1487.6886790434298,-0.013863020949269693,-0.019389870845507338
202502,NRP-L,2028-04-30,75409.52606606377,-1045.4038396283408,-1461.3283672518996,-0.01386302094926969,-0.019378564532704774
202502,NRP-L,2028-05-31,74117.5676308851,-1027.4933927758732,-1435.4948054881818,-0.01386302094926969,-0.019367807813622923
202502,NRP-M,2025-10-31,5151310.039999996,-168495.78725415576,-85794.14206373366,-0.03270930810721614,-0.016654820113241275
202502,NRP-M,2025-11-30,4978196.5206189295,-163969.44070708074,-85091.3450420723,-0.032937518643135995,-0.01709280553502397
202502,NRP-M,2025-12-31,4807246.196904873,-160371.10930637768,-83187.43245256762,-0.033360286271510706,-0.017304591661256613
202502,NRP-M,2026-01-31,4639221.938457637,-155324.82319964588,-80822.17835519815,-0.033480791662941094,-0.01742149425644172
202502,NRP-M,2026-02-28,4476176.1486754725,-152541.68813576357,-78297.20425144886,-0.03407857132273527,-0.017491984598197164
202502,NRP-M,2026-03-31,4316083.716761566,-147085.96677655535,-75692.29227497336,-0.03407857132273527,-0.01753726230587729
202502,NRP-M,2026-04-30,4161717.0250945506,-141825.3704647263,-73112.02758907736,-0.03407857132273527,-0.017567755603810263
202502,NRP-M,2026-05-31,4012915.157484995,-136754.41540643785,-70583.40155667988,-0.03407857132273527,-0.017589059022348343
202502,NRP-M,2026-06-30,3869495.178771445,-131866.86743274296,-68120.06911581551,-0.03407857132273527,-0.017604381442192018
202502,NRP-M,2026-07-31,3731267.682516008,-127156.27184283893,-65728.75764756842,-0.03407857132273527,-0.017615663962025706
202502,NRP-M,2026-08-31,3598043.9779298897,-122616.19832422187,-63412.40500546466,-0.03407857132273527,-0.01762413283284785
202502,NRP-M,2026-09-30,3469639.471857761,-118240.35620588224,-61171.79498896451,-0.03407857132273527,-0.01763059115655353
202502,NRP-M,2026-10-31,3345875.2269539414,-114022.64755872295,-59006.454138064604,-0.03407857132273527,-0.017635581166540876
202502,NRP-M,2026-11-30,3226578.612871598,-109957.18938715699,-56915.16448382069,-0.03407857132273527,-0.01763947862815814
202502,NRP-M,2026-12-31,3111583.496131375,-106038.32009955903,-54896.26703896558,-0.03407857132273527,-0.017642549880862265
202502,NRP-M,2027-01-31,3000730.1938229664,-102260.59793048119,-52947.84662948128,-0.03407857132273527,-0.01764498745621148
202502,NRP-M,2027-02-28,2893865.3082711967,-98618.79530630927,-51067.847101757994,-0.03407857132273527,-0.01764693296394851
202502,NRP-M,2027-03-31,2790841.504865417,-95107.89127400595,-49254.1444527883,-0.03407857132273527,-0.017648492172314706
202502,NRP-M,2027-04-30,2691517.26645415,-91723.06313123122,-47504.59387182041,-0.03407857132273527,-0.01764974516934969
202502,NRP-M,2027-05-31,2595756.642243141,-88459.6778691467,-45817.060242715095,-0.03407857132273527,-0.01765075334763353
202502,NRP-M,2027-06-30,2503429.0006798967,-85313.28375107374,-44189.437956762216,-0.03407857132273527,-0.017651564292321044
202502,NRP-M,2027-07-31,2414408.791130223,-82279.60219077034,-42619.66370109583,-0.03407857132273527,-0.0176522152576925
202502,NRP-M,2027-08-31,2328575.3165524397,-79354.52000549318,-41105.72456570909,-0.03407857132273527,-0.01765273567640834
202502,NRP-M,2027-09-30,2245812.517936535,-76534.0820699919,-39645.66299403685,-0.03407857132273527,-0.01765314899502987
202502,NRP-M,2027-10-31,2166008.770493542,-73814.4843709343,-38237.57958574293,-0.03407857132273527,-0.017653474033270052
202502,NRP-M,2027-11-30,2089056.6911719798,-71192.06744734166,-36879.63442850477,-0.03407857132273527,-0.017653726001956874
202502,NRP-M,2027-12-31,2014852.9568822696,-68663.31019593647,-35570.04741878029,-0.03407857132273527,-0.017653917273357973
202502,NRP-M,2028-01-31,1943298.1327341027,-66224.82401771739,-34307.097887757234,-0.03407857132273527,-0.01765405796973068
202502,NRP-M,2028-02-29,1874296.5095822162,-63873.347281751325,-33089.123752019084,-0.03407857132273527,-0.017654156417009337
202502,NRP-M,2028-03-31,1807755.950201823,-61605.7400830519,-31914.520342659318,-0.03407857132273527,-0.017654219497436195
202502,NRP-M,2028-04-30,1743587.743458019,-59418.97927288115,-30781.739021270616,-0.03407857132273527,-0.017654252925764363
202502,NRP-M,2028-05-31,1681706.4658835772,-57310.15374151856,-29689.285659719226,-0.03407857132273527,-0.017654261467158195
202502,NRP-S,2025-10-31,2387772.2100000004,-121328.55866428815,-43062.123517580585,-0.0508124511023973,-0.018034435335680776
202502,NRP-S,2025-11-30,2266037.791352197,-116114.84811166019,-40278.75153425419,-0.05124135553024991,-0.017774969017713922
202502,NRP-S,2025-12-31,2149374.471929003,-110141.93490429627,-38177.03712616555,-0.05124371594748075,-0.01776192916811873
202502,NRP-S,2026-01-31,2038649.3129070406,-106333.10491848909,-36331.095011395926,-0.05215860533014474,-0.017821159716571895
202502,NRP-S,2026-02-28,1931736.7247095362,-103127.46047504891,-34577.80725362989,-0.05338587766951295,-0.017899854991279496
202502,NRP-S,2026-03-31,1828049.2335617028,-97592.01275677198,-32868.51283036662,-0.05338587766951295,-0.017980102629034142
202502,NRP-S,2026-04-30,1729923.2778857257,-92353.47249085021,-31235.01873503751,-0.05338587766951295,-0.018055724860360434
202502,NRP-S,2026-05-31,1637063.8314680636,-87396.08944393821,-29671.565018589834,-0.05338587766951295,-0.018124867490341763
202502,NRP-S,2026-06-30,1549189.786468964,-82704.856427291,-28175.6304422782,-0.05338587766951295,-0.01818733294549942
202502,NRP-S,2026-07-31,1466034.186769955,-78265.52175422473,-26745.658703515553,-0.05338587766951295,-0.01824354366690658
202502,NRP-S,2026-08-31,1387343.9389778797,-74064.57381181333,-25380.237824491414,-0.05338587766951296,-0.018294120954022552
202502,NRP-S,2026-09-30,1312879.3045953754,-70089.21394996395,-24077.82854703736,-0.05338587766951295,-0.018339712159952174
202502,NRP-S,2026-10-31,1242413.3054293888,-66327.32473862858,-22836.70284526072,-0.05338587766951295,-0.018380922632962433
202502,NRP-S,2026-11-30,1175731.1029417915,-62767.43683389202,-21654.95973828583,-0.05338587766951295,-0.01841829282571759
202502,NRP-S,2026-12-31,1112629.3804335278,-59398.6959953303,-20530.565312148126,-0.05338587766951295,-0.01845229478314562
202502,NRP-S,2027-01-31,1052915.7419733184,-56210.83099729204,-19461.39600830534,-0.05338587766951295,-0.018483336541090963
202502,NRP-S,2027-02-28,996408.1346132205,-53194.12278336898,-18445.277503038582,-0.05338587766951295,-0.0185117692863864
202502,NRP-S,2027-03-31,942934.2966854598,-50339.37501323819,-17480.016981527395,-0.05338587766951295,-0.018537894997532695
202502,NRP-S,2027-04-30,892331.2330242398,-47637.886046917716,-16563.428798086723,-0.05338587766951295,-0.018561973609229013
202502,NRP-S,2027-05-31,844444.7169297478,-45081.42235667801,-15693.354298203767,-0.05338587766951296,-0.01858422935637757
202502,NRP-S,2027-06-30,799128.8181545731,-42662.1933281825,-14867.676771874814,-0.05338587766951295,-0.01860485623107513
202502,NRP-S,2027-07-31,756245.4559211427,-40372.82739793117,-14084.332466184218,-0.05338587766951295,-0.018624022605238447
202502,NRP-S,2027-08-31,715663.9758536048,-38206.34946739782,-13341.31846254805,-0.05338587766951295,-0.018641875115532055
202502,NRP-S,2027-09-30,677260.7496640551,-36156.15953192788,-12636.698086034752,-0.05338587766951295,-0.018658541916541
202502,NRP-S,2027-10-31,640918.7964350791,-34216.0124625746,-11968.60438646721,-0.05338587766951295,-0.01867413540223664
202502,NRP-S,2027-11-30,606527.4243678476,-32379.998880506682,-11335.242121917094,-0.05338587766951295,-0.018688754484154173
202502,NRP-S,2027-12-31,573981.891905735,-30642.527065795173,-10734.888585626597,-0.05338587766951295,-0.018702486501768572
202502,NRP-S,2028-01-31,543183.0871908335,-28998.305844918224,-10165.89354538774,-0.05338587766951295,-0.018715408828287417
202502,NRP-S,2028-02-29,514037.224860854,-27442.32840399747,-9626.678507195978,-0.05338587766951295,-0.018727590224232978
202502,NRP-S,2028-03-31,486455.55924443173,-25969.856977477742,-9115.735469809988,-0.05338587766951295,-0.018739091981945177
202502,NRP-S,2028-04-30,460354.11306248006,-24576.408364610696,-8631.625301264221,-0.05338587766951295,-0.018749968896428045
202502,NRP-S,2028-05-31,435653.4207912209,-23257.74022866497,-8172.975840376289,-0.05338587766951295,-0.018760270091608074
202503,NON PRIME,2025-10-31,7538149.369999999,-410276.59503526066,-263561.5078678359,-0.05442670009539234,-0.03496368868952725
202503,NON PRIME,2025-11-30,7126361.36611807,-388467.1795692896,-249904.3087672531,-0.05451129399867897,-0.03506758862319426
202503,NON PRIME,2025-12-31,6735487.829355648,-367540.01142787957,-236330.16330837554,-0.054567689934203384,-0.035087312054572314
202503,NON PRIME,2026-01-31,6365943.580534974,-346090.8468597007,-223357.1229602502,-0.05436599342757862,-0.03508625549921697
202503,NON PRIME,2026-02-28,6018388.413329908,-330106.616066784,-211121.53118850265,-0.05484966961182548,-0.035079412741274275
202503,NON PRIME,2026-03-31,5687293.00797753,-311946.1424732127,-199460.3988956125,-0.05484966961182548,-0.03507123663504424
202503,NON PRIME,2026-04-30,5374742.566248329,-294802.8540073359,-188455.5999644263,-0.05484966961182548,-0.03506318630921366
202503,NON PRIME,2026-05-31,5079637.359753447,-278616.430930362,-178070.40273693402,-0.054849669611825476,-0.035055731369291514
202503,NON PRIME,2026-06-30,4800953.167010061,-263330.6950323491,-168268.54114379667,-0.05484966961182548,-0.03504898616800942
202503,NON PRIME,2026-07-31,4537735.90201608,-248893.31501130087,-159015.58288636824,-0.05484966961182548,-0.03504293469695292
202503,NON PRIME,2026-08-31,4289095.195428244,-235255.45440290723,-150279.24240928408,-0.05484966961182548,-0.03503751620375949
202503,NON PRIME,2026-09-30,4054198.4667276917,-222371.44644078333,-142029.35204337558,-0.05484966961182548,-0.03503265891124793
202503,NON PRIME,2026-10-31,3832265.76944879,-210198.51131897428,-134237.72881336656,-0.05484966961182548,-0.03502829315323674
202503,NON PRIME,2026-11-30,3622565.3594373283,-198696.51311238128,-126878.01891479066,-0.05484966961182548,-0.035024356036601055
202503,NON PRIME,2026-12-31,3424409.866832221,-187827.7498112226,-119925.54765398699,-0.054849669611825476,-0.03502079257963508
202503,NON PRIME,2027-01-31,3237152.9563937588,-177556.77014114178,-113357.1830777523,-0.05484966961182548,-0.03501755542748096
202503,NON PRIME,2027-02-28,3060186.3814463746,-167850.2119729414,-107151.21447565425,-0.05484966961182549,-0.0350146040533028
202503,NON PRIME,2027-03-31,2892937.3576505743,-158676.6582748414,-101287.2445714753,-0.05484966961182548,-0.035011903836636535
202503,NON PRIME,2027-04-30,2734866.200043031,-150006.50750490886,-95746.09360958077,-0.05484966961182548,-0.035009425180681335
202503,NON PRIME,2027-05-31,2585464.179993091,-141811.85606583033,-90509.71356595418,-0.054849669611825476,-0.03500714272753763
202503,NON PRIME,2027-06-30,2444251.5685952287,-134066.3909856345,-85561.11093764094,-0.05484966961182549,-0.035005034685040626
202503,NON PRIME,2027-07-31,2310775.840339506,-126745.2913896103,-80884.2768233667,-0.05484966961182548,-0.03500308225980195
202503,NON PRIME,2027-08-31,2184610.0163430115,-119825.13762709885,-76464.12324431282,-0.05484966961182548,-0.035001269184104566
202503,NON PRIME,2027-09-30,2065351.1304944667,-113283.82714003176,-72286.42485177238,-0.05484966961182548,-0.03499958132274886
202503,NON PRIME,2027-10-31,1952618.804935895,-107100.49632857135,-68337.76532783032,-0.05484966961182548,-0.03499800634669903
202503,NON PRIME,2027-11-30,1846053.9236491683,-101255.44779777099,-64605.487911592325,-0.05484966961182548,-0.03499653346197173
202503,NON PRIME,2027-12-31,1745317.39472515,-95730.08246844648,-61077.649583068785,-0.05484966961182548,-0.03499515318397844
202503,NON PRIME,2028-01-31,1650088.9933079155,-90506.83611304888,-57742.9785152812,-0.05484966961182548,-0.03499385714919804
202503,NON PRIME,2028-02-29,1560066.2783264592,-85569.11993875647,-54590.834467200744,-0.05484966961182548,-0.034992637957511875
202503,NON PRIME,2028-03-31,1474963.577024013,-80901.26488924342,-51611.1718394807,-0.05484966961182548,-0.03499148903975983
202503,NON PRIME,2028-04-30,1394511.0320237658,-76488.46937654934,-48794.50515449485,-0.05484966961182548,-0.034990404546088434
202503,NON PRIME,2028-05-31,1318453.7062684363,-72316.75018731054,-46131.87675415564,-0.05484966961182549,-0.03498937925148751
202503,NRP-L,2025-10-31,83860.81,-824.5471986751265,-1014.9466929685681,-0.009832330485182847,-0.012102753276155669
202503,NRP-L,2025-11-30,83516.08168233461,-821.1262581532534,-937.1602615460906,-0.009831953817906889,-0.011221315017037246
202503,NRP-L,2025-12-31,83236.07188366055,-818.3523132078234,-933.1115134452155,-0.009831702706389583,-0.011210422264393132
202503,NRP-L,2026-01-31,82952.0375607016,-817.058235496284,-943.6472126363572,-0.009849766919810588,-0.011375817163572707
202503,NRP-L,2026-02-28,82649.9382525208,-812.4858498432417,-956.0905284702019,-0.009830447148803054,-0.011567952120533392
202503,NRP-L,2026-03-31,82331.98208105768,-809.3601985040376,-967.3226736816317,-0.009830447148803054,-0.011749051209884403
202503,NRP-L,2026-04-30,81998.36196930842,-806.0805636277087,-976.6382455836724,-0.009830447148803054,-0.011910460430285465
202503,NRP-L,2026-05-31,81651.33862448964,-802.6691689770669,-984.0554361447842,-0.009830447148803054,-0.012051920430483145
202503,NRP-L,2026-06-30,81293.02969162296,-799.146831949577,-989.7839710762697,-0.009830447148803054,-0.012175508464021049
202503,NRP-L,2026-07-31,80925.27001566347,-795.5315898915962,-994.0642086629047,-0.009830447148803054,-0.012283730514220081
202503,NRP-L,2026-08-31,80549.6091689884,-791.8386757924824,-997.117585784078,-0.009830447148803054,-0.012378925187485183
202503,NRP-L,2026-09-30,80167.34661585417,-788.0808639669298,-999.1342897646815,-0.009830447148803054,-0.012463107885462798
202503,NRP-L,2026-10-31,79779.57278055898,-784.2688737733719,-1000.273375593947,-0.009830447148803054,-0.012537963550460347
202503,NRP-L,2026-11-30,79387.20634423697,-780.4117362581441,-1000.6666264773839,-0.009830447148803054,-0.012604885252395915
202503,NRP-L,2026-12-31,78991.02550934415,-776.5171014993615,-1000.4230747426965,-0.009830447148803054,-0.012665021985622311
202503,NRP-L,2027-01-31,78591.69340437315,-772.5914883466238,-999.6331505141492,-0.009830447148803054,-0.012719323216141895
202503,NRP-L,2027-02-28,78189.77848855531,-768.6404850083609,-998.3721840901652,-0.009830447148803054,-0.012768576703875656
202503,NRP-L,2027-03-31,77785.7708983455,-764.6689097450881,-996.7032603288067,-0.009830447148803054,-0.012813439383809033
202503,NRP-L,2027-04-30,77380.09556825088,-760.6809398530197,-994.6795097385581,-0.009830447148803054,-0.01285446215120308
202503,NRP-L,2027-05-31,76973.12280763224,-756.6802156387557,-992.3459372394863,-0.009830447148803054,-0.012892109622725226
202503,NRP-L,2027-06-30,76565.17687343391,-752.6699246930499,-989.7408812239992,-0.009830447148803054,-0.012926775874365061
202503,NRP-L,2027-07-31,76156.54296050455,-748.6528706087893,-986.8971804047801,-0.009830447148803054,-0.012958796999446175
202503,NRP-L,2027-08-31,75747.47293713383,-744.6315293638838,-983.8431106534391,-0.009830447148803054,-0.01298846116582627
202503,NRP-L,2027-09-30,75338.19008033632,-740.6080958712247,-980.6031407936159,-0.009830447148803054,-0.013016016707435591
202503,NRP-L,2027-10-31,74928.8930091539,-736.5845226448059,-977.1985455498314,-0.009830447148803054,-0.013041678667672953
202503,NRP-L,2027-11-30,74519.7589710766,-732.5625521067108,-973.6479053670972,-0.009830447148803054,-0.013065634119200515
202503,NRP-L,2027-12-31,74110.94660353281,-728.5437437337945,-969.9675162242885,-0.009830447148803054,-0.013088046512389992
202503,NRP-L,2028-01-31,73702.59826686933,-724.5294969919225,-966.171727478151,-0.009830447148803054,-0.013109059248898458
202503,NRP-L,2028-02-29,73294.84202549959,-720.5210708115427,-962.2732218587815,-0.009830447148803054,-0.013128798633933922
202503,NRP-L,2028-03-31,72887.79333855283,-716.5196002075229,-958.2832487199993,-0.009830447148803054,-0.013147376327733202
202503,NRP-L,2028-04-30,72481.55650936802,-712.5261105283242,-954.2118193173271,-0.009830447148803054,-0.013164891391287908
202503,NRP-L,2028-05-31,72076.2259337546,-708.5415297269626,-950.0678710796349,-0.009830447148803054,-0.013181432001626225
202503,NRP-M,2025-10-31,6162266.5200000005,-143582.76095259172,-106935.47138576802,-0.023300316610225375,-0.017353269456733593
202503,NRP-M,2025-11-30,6015457.006079309,-139493.6822499341,-104100.96256834637,-0.02318920775411739,-0.01730557835641422
202503,NRP-M,2025-12-31,5873203.89743942,-135759.90204885908,-101367.48667012434,-0.023115135183378738,-0.017259316795440766
202503,NRP-M,2026-01-31,5735005.209839527,-126651.80264202337,-98771.66318868451,-0.02208399086102439,-0.017222593454531192
202503,NRP-M,2026-02-28,5606146.934176886,-127510.53566461743,-96391.20187312632,-0.022744772329685463,-0.017193841510912664
202503,NRP-M,2026-03-31,5476605.277225927,-124564.14017005765,-94038.88264769751,-0.022744772329685463,-0.017171017060285777
202503,NRP-M,2026-04-30,5350150.875974298,-121687.96360350266,-91768.80764224444,-0.022744772329685463,-0.017152564435957654
202503,NRP-M,2026-05-31,5226688.628262169,-118879.84288797904,-89571.7605175726,-0.022744772329685463,-0.017137382172190824
202503,NRP-M,2026-06-30,5106132.539616512,-116137.8220987762,-87440.9518658322,-0.022744772329685463,-0.01712469294273339
202503,NRP-M,2026-07-31,4988403.122297304,-113460.09330534429,-85371.23339358887,-0.022744772329685463,-0.017113940333329147
202503,NRP-M,2026-08-31,4873425.798042136,-110844.96024208408,-83358.5767308405,-0.022744772329685463,-0.017104718566624984
202503,NRP-M,2026-09-30,4761129.870091748,-108290.81492730175,-81399.73307174936,-0.022744772329685463,-0.017096726048806722
202503,NRP-M,2026-10-31,4651447.833575594,-105796.12197808556,-79492.00879255745,-0.022744772329685463,-0.01708973455936869
202503,NRP-M,2026-11-30,4544314.895439781,-103359.40769117622,-77633.11491821283,-0.022744772329685463,-0.017083568525613758
202503,NRP-M,2026-12-31,4439668.6288905665,-100979.25218336275,-75821.06411826861,-0.022744772329685463,-0.01707809083427373
202503,NRP-M,2027-01-31,4337448.716961894,-98654.2835589846,-74054.09881421294,-0.022744772329685463,-0.017073192940499617
202503,NRP-M,2027-02-28,4237596.7568094125,-96383.17345864358,-72330.64003655384,-0.022744772329685463,-0.01706878785017131
202503,NRP-M,2027-03-31,4140056.106431054,-94164.63357289837,-70649.25038302685,-0.022744772329685463,-0.017064805057419915
202503,NRP-M,2027-04-30,4044771.761707054,-91997.41284556773,-69008.60673407243,-0.022744772329685463,-0.01706118683565672
202503,NRP-M,2027-05-31,3951690.2555588027,-89880.29518012154,-67407.47983575148,-0.022744772329685463,-0.01705788548101159
202503,NRP-M,2027-06-30,3860759.573553334,-87812.09752012412,-65844.7187937174,-0.022744772329685463,-0.017054861236312568
202503,NRP-M,2027-07-31,3771929.0819529523,-85791.6682127394,-64319.239131682414,-0.022744772329685463,-0.017052080708362765
202503,NRP-M,2027-08-31,3685149.4653395484,-83817.88559001013,-62830.01347301211,-0.022744772329685463,-0.017049515647589338
202503,NRP-M,2027-09-30,3600372.6717209457,-81889.65672031429,-61376.064177699845,-0.022744772329685463,-0.017047141997209594
202503,NRP-M,2027-10-31,3517551.863571161,-80005.91629478688,-59956.45745457384,-0.022744772329685463,-0.017044939145176845
202503,NRP-M,2027-11-30,3436641.3736436907,-78165.62562230325,-58570.298599078385,-0.022744772329685463,-0.017042889330340386
202503,NRP-M,2027-12-31,3357596.6646762607,-76367.77171297281,-57216.72809895767,-0.022744772329685463,-0.017040977167063782
202503,NRP-M,2028-01-31,3280374.2923096367,-74611.36643473576,-55894.91841584339,-0.022744772329685463,-0.017039189261689115
202503,NRP-M,2028-02-29,3204931.8706942014,-72895.44573109254,-54604.07129818844,-0.022744772329685463,-0.01703751390083714
202503,NRP-M,2028-03-31,3131228.0403710464,-71219.06889056662,-53343.41551564363,-0.022744772329685466,-0.01703594079635366
202503,NRP-M,2028-04-30,3059222.438099875,-69581.31786044694,-52112.20493055253,-0.022744772329685463,-0.01703446087526742
202503,NRP-M,2028-05-31,2988875.6683713407,-67981.29659884261,-50909.71684130531,-0.022744772329685463,-0.017033066105772935
202503,NRP-S,2025-10-31,2647482.4199999995,-127952.80725344438,-58643.78510631917,-0.048329993161368906,-0.02215077413292859
202503,NRP-S,2025-11-30,2517288.8017620137,-120242.11221119971,-55928.03662188807,-0.04776651456401604,-0.02221756859313894
202503,NRP-S,2025-12-31,2394798.537633471,-113491.56741180124,-53192.88775582206,-0.04739086216578079,-0.022211842424284686
202503,NRP-S,2026-01-31,2279174.334997919,-103582.36484915334,-50581.163005470844,-0.04544731978532389,-0.022192757363388365
202503,NRP-S,2026-02-28,2173589.4120377875,-98925.70585382964,-48194.08928464853,-0.04551260017460457,-0.02217258191346521
202503,NRP-S,2026-03-31,2072781.878889778,-94337.6929030761,-45920.78013910362,-0.04551260017460457,-0.022154178694238524
202503,NRP-S,2026-04-30,1976674.1587945416,-89963.5806646888,-43759.70643141634,-0.04551260017460457,-0.022138047506070926
202503,NRP-S,2026-05-31,1885043.2088123204,-85793.21787452877,-41704.79399589362,-0.04551260017460457,-0.022124052011608743
202503,NRP-S,2026-06-30,1797676.9932804287,-81816.95423825746,-39750.06679706805,-0.04551260017460457,-0.022111907170003615
202503,NRP-S,2026-07-31,1714374.1038921864,-78025.62314014108,-37889.937207885036,-0.04551260017460457,-0.022101323813666203
202503,NRP-S,2026-08-31,1634943.1841853014,-74410.5154500205,-36119.24390130638,-0.04551260017460457,-0.022092048366380842
202503,NRP-S,2026-09-30,1559202.3394621955,-70963.35266725098,-34433.22051720319,-0.045512600174604574,-0.02208386919755392
202503,NRP-S,2026-10-31,1486978.5820011701,-67676.2616708197,-32827.45040949361,-0.04551260017460456,-0.022076612808581652
202503,NRP-S,2026-11-30,1418107.3214383507,-64541.751525303094,-31297.823767102924,-0.04551260017460457,-0.022070137636239214
202503,NRP-S,2026-12-31,1352431.8982676903,-61552.69224923887,-29840.501034059213,-0.04551260017460457,-0.022064328024413993
202503,NRP-S,2027-01-31,1289803.155456559,-58702.29531823771,-28451.882706735927,-0.04551260017460457,-0.022059089083763833
202503,NRP-S,2027-02-28,1230079.0430611349,-55984.095670001625,-27128.584548928935,-0.04551260017460457,-0.022054342525353182
202503,NRP-S,2027-03-31,1173124.2514007587,-53391.93500913503,-25867.417141264552,-0.04551260017460457,-0.022050023354625727
202503,NRP-S,2027-04-30,1118809.8691377144,-50919.94624546645,-24665.368824097255,-0.04551260017460457,-0.022046077268792125
202503,NRP-S,2027-05-31,1067013.063305107,-48562.538931285366,-23519.591284822312,-0.04551260017460457,-0.022042458610553116
202503,NRP-S,2027-06-30,1017616.7788888963,-46314.38558853932,-22427.387213736463,-0.04551260017460457,-0.02203912875554609
202503,NRP-S,2027-07-31,970509.4560105522,-44170.408837081246,-21386.199591703786,-0.04551260017460457,-0.022036054836204765
202503,NRP-S,2027-08-31,925584.7630969568,-42125.76925053788,-20393.602279401308,-0.04551260017460457,-0.02203320872651945
202503,NRP-S,2027-09-30,882741.3446866861,-40175.85387831794,-19447.291657789,-0.04551260017460457,-0.02203056622967114
202503,NRP-S,2027-10-31,841882.5827254211,-38316.26538154554,-18545.07912886041,-0.04551260017460457,-0.022028106424086532
202503,NRP-S,2027-11-30,802916.3703626051,-36542.81173795796,-17684.884329870965,-0.04551260017460457,-0.02202581113383489
202503,NRP-S,2027-12-31,765754.8973875582,-34851.49647654528,-16864.72894712418,-0.04551260017460456,-0.022023664497164457
202503,NRP-S,2028-01-31,730314.4465442852,-33238.50940730767,-16082.731040014853,-0.04551260017460457,-0.022021652612946935
202503,NRP-S,2028-02-29,696515.2000462004,-31700.217815237436,-15337.099804577927,-0.04551260017460457,-0.022019763249331248
202503,NRP-S,2028-03-31,664281.0556794459,-30233.158090702855,-14626.130719869934,-0.04551260017460457,-0.022017985602359087
202503,NRP-S,2028-04-30,633539.4519396925,-28834.02777096933,-13948.201031278804,-0.04551260017460457,-0.022016310094934
202503,NRP-S,2028-05-31,604221.201694805,-27499.67796975476,-13301.7655331628,-0.04551260017460457,-0.022014728208563566
202504,NON PRIME,2025-10-31,9246422.14,-496228.0791049992,-373459.2009660587,-0.053667037,-0.04038959019083447
202504,NON PRIME,2025-11-30,8706220.861035382,-467237.07707935775,-343042.3865510722,-0.053667037,-0.039401985319067134
202504,NON PRIME,2025-12-31,8208587.059643643,-440530.5454476166,-319381.20652914804,-0.053667037,-0.03890818288318346
202504,NON PRIME,2026-01-31,7744586.355027564,-415629.0024649594,-299033.20489180525,-0.053667037,-0.038611901421653265
202504,NON PRIME,2026-02-28,7309751.36207448,-392292.69680925156,-280799.56979789695,-0.053667037,-0.03841438044729979
202504,NON PRIME,2026-03-31,6901179.404370422,-370365.8504379854,-264130.8685458842,-0.053667037,-0.038273294037047316
202504,NON PRIME,2026-04-30,6516690.678010156,-349731.47973432613,-248725.6560971033,-0.053667036999999994,-0.03816747922935796
202504,NON PRIME,2026-05-31,6154505.925806651,-330294.0972369848,-234395.45875388186,-0.05366703700000001,-0.03808517882337735
202504,NON PRIME,2026-06-30,5813099.122560745,-311971.80569513503,-221010.18326651017,-0.053667037,-0.03801933849859287
202504,NON PRIME,2026-07-31,5491121.036329521,-294692.19582817476,-208472.98625948647,-0.05366703700000001,-0.03796546914195101
202504,NON PRIME,2026-08-31,5187355.474932791,-278389.9982053707,-196707.51796013545,-0.05366703700000001,-0.03792057801141613
202504,NON PRIME,2026-09-30,4900692.15674455,-263005.62730161956,-185650.92741480403,-0.053667037,-0.03788259320865584
202504,NON PRIME,2026-10-31,4630108.71833005,-248484.21590064137,-175249.77614569865,-0.053667037,-0.03785003480628989
202504,NON PRIME,2026-11-30,4374658.074212569,-234774.9367311147,-165457.51941380827,-0.053667037,-0.03782181752423939
202504,NON PRIME,2026-12-31,4133459.08599314,-221830.50170598002,-156232.87968607747,-0.053667037,-0.037797127402445216
202504,NON PRIME,2027-01-31,3905689.376407559,-209606.7762741714,-147538.7519429294,-0.053667037,-0.03777534200086211
202504,NON PRIME,2027-02-28,3690579.593059015,-198062.4715721431,-139341.43896830973,-0.053667037,-0.0377559771994549
202504,NON PRIME,2027-03-31,3487408.689650225,-187158.89118158014,-131610.09872930354,-0.053667037,-0.037738650798195834
202504,NON PRIME,2027-04-30,3295499.946366688,-176859.71755515906,-124316.3324424275,-0.05366703700000001,-0.03772305703706266
202504,NON PRIME,2027-05-31,3114217.5443412764,-167130.82817821242,-117433.86867359954,-0.053667037,-0.03770894839603741
202504,NON PRIME,2027-06-30,2942963.5675375997,-157940.13466869236,-110938.31473921644,-0.053667037,-0.03769612235874173
202504,NON PRIME,2027-07-31,2781175.343023363,-149257.44003752252,-104806.95643902055,-0.053667037,-0.03768441162903698
202504,NON PRIME,2027-08-31,2628323.0554871997,-141054.31066678462,-99018.59330126156,-0.05366703700000001,-0.03767367679347429
202504,NON PRIME,2027-09-30,2483907.5886946255,-133303.96046705527,-93553.40048898324,-0.05366703700000001,-0.037663800744756615
202504,NON PRIME,2027-10-31,2347458.558227658,-125981.14530037036,-88392.81113358283,-0.053667037,-0.03765468439209415
202504,NON PRIME,2027-11-30,2218532.508072604,-119062.06619643523,-83519.41462291132,-0.053667037,-0.03764624332481409
202504,NON PRIME,2027-12-31,2096711.249530737,-112524.2802068823,-78916.86757817955,-0.053667037,-0.037638405190911176
202504,NON PRIME,2028-01-31,1981600.3252519045,-106346.61797450599,-74569.81509535298,-0.053667037,-0.03763110761796708
202504,NON PRIME,2028-02-29,1872827.58441021,-100509.10726716336,-70463.82042265625,-0.053667037,-0.03762429654988592
202504,NON PRIME,2028-03-31,1770041.8574754822,-94992.90185668544,-66585.30167419635,-0.05366703700000001,-0.037617924905551936
202504,NON PRIME,2028-04-30,1672911.720904054,-89780.21522349154,-62921.4744920041,-0.05366703700000001,-0.03761195148898883
202504,NON PRIME,2028-05-31,1581124.3435298114,-84854.2586458151,-59460.299799490414,-0.05366703700000001,-0.03760634009767197
202504,NRP-L,2025-10-31,62697.2,-795.6098500868,-1048.4477094258493,-0.012689719,-0.01672240083170938
202504,NRP-L,2025-11-30,61896.21078987923,-785.4455220883355,-1035.5680694702512,-0.012689718999999999,-0.016730718346971554
202504,NRP-L,2025-12-31,61109.37770061128,-775.4608312856233,-1022.6579257584747,-0.012689719,-0.016734877104602638
202504,NRP-L,2026-01-31,60334.48354016825,-765.6276421348604,-1009.8407171106908,-0.012689719,-0.016737372359181293
202504,NRP-L,2026-02-28,59570.56260852021,-755.9337001740284,-997.1537838374592,-0.012689719,-0.016739035862233725
202504,NRP-L,2026-03-31,58817.06914261428,-746.3720798233462,-984.6109170997398,-0.012689719,-0.016740224078699753
202504,NRP-L,2026-04-30,58073.63898947911,-736.9381600839338,-972.2174827899617,-0.012689718999999999,-0.016741115241049268
202504,NRP-L,2026-05-31,57339.99994123631,-727.6284867143053,-959.9752907983823,-0.012689719,-0.016741808367321115
202504,NRP-L,2026-06-30,56615.93174645575,-718.4402647857028,-947.8844734282529,-0.012689719,-0.016742362868338592
202504,NRP-L,2026-07-31,55901.24604204424,-709.3711040234035,-935.944307453661,-0.012689718999999999,-0.01674281655098926
202504,NRP-L,2026-08-31,55195.775363038105,-700.4188793440766,-924.1536090976863,-0.012689719,-0.01674319461986481
202504,NRP-L,2026-09-30,54499.36670309367,-691.5816491402152,-912.5109379582901,-0.012689719000000002,-0.01674351452429797
202504,NRP-L,2026-10-31,53811.877531786115,-682.8576047407794,-901.0147084545009,-0.012689719,-0.016743788728097824
202504,NRP-L,2026-11-30,53133.173219545315,-674.2450377343554,-889.6632535837542,-0.012689719,-0.016744026371391028
202504,NRP-L,2026-12-31,52463.12530947205,-665.7423180389884,-878.4548627785285,-0.012689719,-0.01674423430927258
202504,NRP-L,2027-01-31,51801.6103199291,-657.3478787074005,-867.3878050743293,-0.012689719,-0.016744417783873953
202504,NRP-L,2027-02-28,51148.508891559344,-649.0602051028895,-856.460343637821,-0.012689719,-0.016744580872408505
202504,NRP-L,2027-03-31,50503.70516460322,-640.8778269976636,-845.6707450523159,-0.012689719,-0.016744726793728893
202504,NRP-L,2027-04-30,49867.086314276465,-632.799312676914,-835.0172853358275,-0.012689719,-0.016744858122917244
202504,NRP-L,2027-05-31,49238.54219714868,-624.8232644514594,-824.4982538751887,-0.012689719000000002,-0.016744976944563846
202504,NRP-L,2027-06-30,48617.965077080065,-616.9483151799594,-814.111956004284,-0.012689719,-0.016745084964242575
202504,NRP-L,2027-07-31,48005.2494092296,-609.1731255280396,-803.8567146847699,-0.012689719,-0.016745183590905762
202504,NRP-L,2027-08-31,47400.29166715369,-601.4963817742218,-793.7308715838536,-0.012689719,-0.01674527399868035
202504,NRP-L,2027-09-30,46802.99020235924,-593.9167940276918,-783.7327877419107,-0.012689718999999999,-0.016745357173832975
202504,NRP-L,2027-10-31,46213.2451286353,-586.4330947605008,-773.8608439581719,-0.012689718999999999,-0.016745433950896935
202504,NRP-L,2027-11-30,45630.95822554097,-579.0440375828535,-764.1134409810057,-0.012689719,-0.016745505040770967
202504,NRP-L,2027-12-31,45056.03285687465,-571.7483962085065,-754.4889995619444,-0.012689719,-0.01674557105279686
202504,NRP-L,2028-01-31,44488.373900985964,-564.5449635704457,-744.9859604143409,-0.012689719,-0.01674563251226924
202504,NRP-L,2028-02-29,43927.887690543204,-557.4325510565523,-735.6027841052188,-0.012689719,-0.01674568987444346
202504,NRP-L,2028-03-31,43374.481959921424,-550.4099878419721,-726.3379509004268,-0.012689718999999999,-0.01674574353583225
202504,NRP-L,2028-04-30,42828.06579878706,-543.4761203001183,-717.1899605773834,-0.012689718999999999,-0.01674579384338424
202504,NRP-L,2028-05-31,42288.54961076322,-536.6298114781447,-708.1573322156177,-0.012689719,-0.016745841101993682
202504,NRP-M,2025-10-31,7795952.799999999,-157490.5563694712,-137921.68162144924,-0.020201579,-0.017691446467127055
202504,NRP-M,2025-11-30,7628609.247274803,-154109.95236895248,-132973.964156311,-0.020201579,-0.017430957576417196
202504,NRP-M,2025-12-31,7466694.922428012,-150839.02734432835,-129179.1468900863,-0.020201579,-0.01730071313106227
202504,NRP-M,2026-01-31,7309116.233790039,-147655.68901709194,-125881.7401284489,-0.020201578999999997,-0.01722256646384931
202504,NRP-M,2026-02-28,7155391.17405908,-144550.20007865725,-122861.42008816813,-0.020201578999999997,-0.017170468685707343
202504,NRP-M,2026-03-31,7005243.886924808,-141516.98779597858,-120022.63676629131,-0.020201579,-0.017133255987034503
202504,NRP-M,2026-04-30,6858488.261058514,-138552.2924263462,-117316.81791802919,-0.020201579,-0.01710534646302988
202504,NRP-M,2026-05-31,6714984.040875496,-135653.28058548557,-114716.36361756327,-0.020201579,-0.017083639055470726
202504,NRP-M,2026-06-30,6574617.203436904,-132817.6488299897,-112204.21291526007,-0.020201579,-0.017066273129423402
202504,NRP-M,2026-07-31,6437290.081185193,-130043.42412097909,-109769.08659961144,-0.020201579,-0.017052064644475593
202504,NRP-M,2026-08-31,6302915.933188797,-127328.85415467221,-107403.10086962722,-0.020201579,-0.017040224240352418
202504,NRP-M,2026-09-30,6171415.750272362,-124672.34282097139,-105100.47806343388,-0.020201579,-0.017030205436863576
202504,NRP-M,2026-10-31,6042716.268395891,-122072.41007058481,-102856.80734446092,-0.020201579,-0.017021617891015996
202504,NRP-M,2026-11-30,5916748.675676364,-119527.66579482146,-100668.59947741985,-0.020201579,-0.01701417535128143
202504,NRP-M,2026-12-31,5793447.737623181,-117036.79215396597,-98533.00747704152,-0.020201579,-0.017007663129013684
202504,NRP-M,2027-01-31,5672751.185102066,-114598.53121318301,-96447.64509746998,-0.020201579,-0.017001917050542145
202504,NRP-M,2027-02-28,5554599.273231829,-112211.67603153537,-94410.46528066526,-0.020201579,-0.016996809425234106
202504,NRP-M,2027-03-31,5438934.454908811,-109875.06406666228,-92419.67658181403,-0.020201579,-0.01699223944469534
202504,NRP-M,2027-04-30,5325701.133263765,-107587.57217401748,-90473.68435182233,-0.020201579,-0.016988126462210446
202504,NRP-M,2027-05-31,5214845.469760071,-105348.11273015018,-88571.04847386015,-0.020201579,-0.01698440519234316
202504,NRP-M,2027-06-30,5106315.232344839,-103155.63056511762,-86710.45242142686,-0.020201579,-0.01698102221973654
202504,NRP-M,2027-07-31,5000059.672981574,-101009.10048845144,-84890.6802172127,-0.020201579,-0.01697793341866093
202504,NRP-M,2027-08-31,4896029.427110015,-98907.52525808773,-83110.59900673118,-0.020201579,-0.016975102017674954
202504,NRP-M,2027-09-30,4794176.429730288,-96849.93388513436,-81369.14568840385,-0.020201579,-0.016972497128767857
202504,NRP-M,2027-10-31,4694453.844276255,-94835.38019700047,-79665.31651857919,-0.020201579,-0.016970092615930535
202504,NRP-M,2027-11-30,4596816.001462419,-92862.94160200717,-77998.15892849916,-0.020201579,-0.01696786621515524
202504,NRP-M,2027-12-31,4501218.346008457,-90931.7180131392,-76366.76500683102,-0.020201579,-0.016965798843006745
202504,NRP-M,2028-01-31,4407617.389661358,-89040.8308990177,-74770.26625108202,-0.020201579,-0.016963874048247802
202504,NRP-M,2028-02-29,4315970.669309875,-87189.42243774633,-73207.82929622874,-0.020201579,-0.016962077573139462
202504,NRP-M,2028-03-31,4226236.709261881,-85376.65475485392,-71678.65240358016,-0.020201579,-0.016960396999651007
202504,NRP-M,2028-04-30,4138374.986960493,-83601.70923070637,-70181.96254669271,-0.020201579,-0.01695882146200559
202504,NRP-M,2028-05-31,4052345.9015694335,-81863.78586588113,-68717.0129703659,-0.020201578999999997,-0.01695734141149019
202504,NRP-S,2025-10-31,2373847.23,-139301.79455072008,-54854.99731871809,-0.05868186999999999,-0.023108057092080896
202504,NRP-S,2025-11-30,2228324.6401584507,-130762.25685157497,-50686.45136614545,-0.05868187,-0.022746439388894993
202504,NRP-S,2025-12-31,2092828.01043588,-122811.06124075694,-47225.98366161297,-0.05868187,-0.022565630537302043
202504,NRP-S,2026-01-31,1966089.3954780756,-115373.80231382302,-44152.7550822305,-0.05868187,-0.022457145226346276
202504,NRP-S,2026-02-28,1847318.3937786524,-108404.09783232768,-41351.89284146567,-0.05868187,-0.022384821685709093
202504,NRP-S,2026-03-31,1735905.5453144752,-101866.18354242314,-38768.25978420609,-0.05868187,-0.022333162013825392
202504,NRP-S,2026-04-30,1631335.0523157625,-95729.79146643677,-36369.66434704899,-0.05868187,-0.022294417259912616
202504,NRP-S,2026-05-31,1533150.5382491702,-89968.14057596783,-34134.49662396329,-0.05868187,-0.02226428245131379
202504,NRP-S,2026-06-30,1440938.7765923396,-84556.98196595072,-32046.729985714206,-0.058681870000000004,-0.022240174604434733
202504,NRP-S,2026-07-31,1354320.7561899822,-79474.07455304223,-30093.616650189986,-0.05868187,-0.02222045000244277
202504,NRP-S,2026-08-31,1272946.1714679664,-74698.86175108091,-28264.51312841373,-0.05868187,-0.02220401283411614
202504,NRP-S,2026-09-30,1196489.6865818053,-70212.25224433425,-26550.231131659722,-0.05868187,-0.022190104460916682
202504,NRP-S,2026-10-31,1124648.2003546497,-65996.4594889455,-24942.653596032804,-0.05868187,-0.02217818299817429
202504,NRP-S,2026-11-30,1057138.7187884199,-62034.876867908606,-23434.493671875454,-0.05868187,-0.022167851063797553
202504,NRP-S,2026-12-31,993696.6210952388,-58311.97593855006,-22019.13524179352,-0.05868187,-0.0221588106212179
202504,NRP-S,2027-01-31,934074.1957882235,-54813.22052759908,-20690.522230521052,-0.05868187,-0.022150833760118213
202504,NRP-S,2027-02-28,878039.3719216961,-51524.99227799062,-19443.078386178433,-0.05868187,-0.022143743216918494
202504,NRP-S,2027-03-31,825374.5979136985,-48434.52485607393,-18271.646837014505,-0.05868187,-0.022137399046687156
202504,NRP-S,2027-04-30,775875.8364605759,-45529.844971320774,-17171.44294286356,-0.05868187,-0.02213168929347896
202504,NRP-S,2027-05-31,729351.6538735824,-42799.718936894555,-16138.016382502441,-0.05868187,-0.02212652332629059
202504,NRP-S,2027-06-30,685622.3883754048,-40233.603863735014,-15167.21985781368,-0.058681870000000004,-0.022121826992482982
202504,NRP-S,2027-07-31,644519.38594417,-37821.602818455605,-14255.182677774848,-0.05868187,-0.022117539035528207
202504,NRP-S,2027-08-31,605884.2950125439,-35554.42343496775,-13398.288040658223,-0.05868187,-0.022113608408319663
202504,NRP-S,2027-09-30,569568.4132073852,-33423.33957994206,-12593.153191202211,-0.05868187,-0.022109992231287807
202504,NRP-S,2027-10-31,535432.0806462009,-31420.155750309877,-11836.611866061628,-0.05868187,-0.022106654221719937
202504,NRP-S,2027-11-30,503344.1152736204,-29537.173937751606,-11125.698600268584,-0.05868187,-0.022103563472120058
202504,NRP-S,2027-12-31,473181.2864408132,-27767.162737352563,-10457.634576997323,-0.05868187,-0.02210069349034874
202504,NRP-S,2028-01-31,444827.8234789142,-26103.32850977259,-9829.814779613733,-0.05868187,-0.022098021438354758
202504,NRP-S,2028-02-29,418174.95644426165,-24539.288431317822,-9239.796259610572,-0.05868187,-0.02209552752316037
202504,NRP-S,2028-03-31,393120.4865524522,-23069.045286207747,-8685.28737358679,-0.05868187,-0.02209319450572046
202504,NRP-S,2028-04-30,369568.38409311953,-21686.963871462507,-8164.137871541602,-0.05868187,-0.022091007301870545
202504,NRP-S,2028-05-31,347428.41184418555,-20387.748898146954,-7674.329740516324,-0.05868186999999999,-0.02208895265582972
202504,PRIME,2025-10-31,4661.92,0.0,-48.63962469482847,0.0,-0.010433388967384355
202504,PRIME,2025-11-30,4665.1916323126125,0.0,-48.66891269300867,0.0,-0.010432350164548907
202504,PRIME,2025-12-31,4667.432638640153,0.0,-48.689867384608895,0.0,-0.010431830763131183
202504,PRIME,2026-01-31,4669.158012411069,0.0,-48.70641109141551,0.0,-0.01043151912228055
202504,PRIME,2026-02-28,4670.573883944965,0.0,-48.72021042131727,0.0,-0.010431311361713458
202504,PRIME,2026-03-31,4671.783362100403,0.0,-48.732133569998524,0.0,-0.010431162961308395
202504,PRIME,2026-04-30,4672.845384684228,0.0,-48.74269161152809,0.0,-0.010431051661004598
202504,PRIME,2026-05-31,4673.796796919701,0.0,-48.75221124559346,0.0,-0.010430965094101642
202504,PRIME,2026-06-30,4674.662167265531,0.0,-48.76091415664335,0.0,-0.01043089584057928
202504,PRIME,2026-07-31,4675.458696583192,0.0,-48.76895775027615,0.0,-0.010430839178606438
202504,PRIME,2026-08-31,4676.198896432223,0.0,-48.77645785364902,0.0,-0.010430791960295735
202504,PRIME,2026-09-30,4676.892151690949,0.0,-48.783502194688616,0.0,-0.010430752006340525
202504,PRIME,2026-10-31,4677.545682319878,0.0,-48.79015882222123,0.0,-0.010430717760093203
202504,PRIME,2026-11-30,4678.16516172361,0.0,-48.79648158871877,0.0,-0.010430688080012192
202504,PRIME,2026-12-31,4678.7551290429965,0.0,-48.80251384620232,0.0,-0.010430662109941303
202504,PRIME,2027-01-31,4679.319272637567,0.0,-48.80829101190124,0.0,-0.010430639195172875
202504,PRIME,2027-02-28,4679.860630211047,0.0,-48.81384239482789,0.0,-0.010430618826489827
202504,PRIME,2027-03-31,4680.381733359853,0.0,-48.819192525005256,0.0,-0.010430600601878679
202504,PRIME,2027-04-30,4680.884714091629,0.0,-48.82436213955547,0.0,-0.010430584199728643
202504,PRIME,2027-05-31,4681.371384720462,0.0,-48.82936892678608,0.0,-0.01043056935968814
202504,PRIME,2027-06-30,4681.843298743917,0.0,-48.834228096244814,0.0,-0.010430555868742223
202504,PRIME,2027-07-31,4682.301797887609,0.0,-48.83895282142728,0.0,-0.010430543550922041
202504,PRIME,2027-08-31,4682.748048925069,0.0,-48.843554587830425,0.0,-0.010430532259586874
202504,PRIME,2027-09-30,4683.183072828572,0.0,-48.84804346965105,0.0,-0.010430521871558518
202504,PRIME,2027-10-31,4683.607768091118,0.0,-48.85242835199858,0.0,-0.010430512282609269
202504,PRIME,2027-11-30,4684.022929564442,0.0,-48.85671711101373,0.0,-0.010430503403952554
202504,PRIME,2027-12-31,4684.429263809286,0.0,-48.860916761115476,0.0,-0.010430495159485607
202504,PRIME,2028-01-31,4684.82740170515,0.0,-48.86503357632399,0.0,-0.010430487483602585
202504,PRIME,2028-02-29,4685.217908886442,0.0,-48.86907319095177,0.0,-0.010430480319445101
202504,PRIME,2028-03-31,4685.601294439639,0.0,-48.87304068373584,0.0,-0.010430473617491321
202504,PRIME,2028-04-30,4685.978018197988,0.0,-48.87694064857581,0.0,-0.010430467334409657
202504,PRIME,2028-05-31,4686.348496896656,0.0,-48.88077725435794,0.0,-0.010430461432120819
202505,NON PRIME,2025-10-31,9953254.19,-465405.77533111785,-342054.853516324,-0.046759157,-0.03436613262223177
202505,NON PRIME,2025-11-30,9487677.764219357,-443635.8141425419,-348770.9922491998,-0.046759157,-0.036760417134370976
202505,NON PRIME,2025-12-31,9045676.26315831,-422968.1965601928,-332522.8326961776,-0.046759157,-0.036760417134370976
202505,NON PRIME,2026-01-31,8624266.242098512,-403263.41922408435,-317031.62453741534,-0.046759157,-0.036760417134370976
202505,NON PRIME,2026-02-28,8222488.407807647,-384476.6263913578,-302262.103753539,-0.046759157,-0.036760417134370976
202505,NON PRIME,2026-03-31,7839428.157551871,-366565.0520091887,-288180.64916654007,-0.046759157,-0.036760417134370976
202505,NON PRIME,2026-04-30,7474213.497104002,-349487.9223626051,-274755.2059048888,-0.046759157,-0.03676041713437098
202505,NON PRIME,2026-05-31,7126013.05574526,-333206.36325764237,-261955.21243416934,-0.046759157,-0.036760417134370976
202505,NON PRIME,2026-06-30,6794034.193741912,-317683.3115285465,-249751.5309871325,-0.046759157,-0.036760417134370976
202505,NON PRIME,2026-07-31,6477521.197988722,-302883.4306675827,-238116.38123479582,-0.046759157,-0.036760417134370976
202505,NON PRIME,2026-08-31,6175753.561711781,-288773.03038539033,-227023.2770476023,-0.046759156999999996,-0.036760417134370976
202505,NON PRIME,2026-09-30,5888044.34431465,-275319.9899187708,-216446.96620268037,-0.046759157,-0.036760417134370976
202505,NON PRIME,2026-10-31,5613738.607634182,-262493.68491132814,-206363.37289995546,-0.046759157,-0.036760417134370976
202505,NON PRIME,2026-11-30,5352211.925046347,-250264.9177005144,-196749.5429562584,-0.046759157,-0.036760417134370976
202505,NON PRIME,2026-12-31,5102868.960028187,-238605.85085238476,-187583.59155267,-0.046759157,-0.036760417134370976
202505,NON PRIME,2027-01-31,4865142.110940173,-227489.943792763,-178844.65341615494,-0.046759157,-0.036760417134370976
202505,NON PRIME,2027-02-28,4638490.218943944,-216891.89239056426,-170512.83532207916,-0.046759157,-0.036760417134370976
202505,NON PRIME,2027-03-31,4422397.33611416,-206787.57135574377,-162569.17080948752,-0.046759157,-0.036760417134370976
202505,NON PRIME,2027-04-30,4216371.550940199,-197153.97932074626,-154995.5770060564,-0.046759157,-0.036760417134370976
202505,NON PRIME,2027-05-31,4019943.8685440943,-187969.18648044067,-147774.81346443787,-0.046759157,-0.036760417134370976
202505,NON PRIME,2027-06-30,3832667.1430656505,-179212.28467134823,-140890.44291629118,-0.046759157,-0.036760417134370976
202505,NON PRIME,2027-07-31,3654115.0597844203,-170863.3397765241,-134326.79385466222,-0.046759157,-0.036760417134370976
202505,NON PRIME,2027-08-31,3483881.1646614675,-162903.34634774842,-128068.92485953373,-0.046759157,-0.036760417134370976
202505,NON PRIME,2027-09-30,3321577.939091773,-155314.18434172866,-122102.59058533784,-0.046759157,-0.036760417134370976
202505,NON PRIME,2027-10-31,3166835.9177610534,-148078.5778718282,-116414.20933300487,-0.046759157,-0.036760417134370976
202505,NON PRIME,2027-11-30,3019302.8475989057,-141180.0558814243,-110990.83213272989,-0.046759157,-0.036760417134370976
202505,NON PRIME,2027-12-31,2878642.885913707,-134602.9146493721,-105820.11326707735,-0.046759157,-0.036760417134370976
202505,NON PRIME,2028-01-31,2744535.835883931,-128332.18204222296,-100890.28216732282,-0.046759157,-0.036760417134370976
202505,NON PRIME,2028-02-29,2616676.4176655523,-122353.58343182114,-96190.11661905724,-0.046759157,-0.036760417134370976
202505,NON PRIME,2028-03-31,2494773.5734563004,-116653.50920069418,-91708.9172160589,-0.046759157,-0.036760417134370976
202505,NON PRIME,2028-04-30,2378549.804934811,-111218.9837612662,-87436.48300428037,-0.046759157,-0.036760417134370976
202505,NON PRIME,2028-05-31,2267740.541566437,-106037.63601837006,-83363.08826050657,-0.046759157,-0.036760417134370976
202505,NRP-L,2025-10-31,16425.98,-195.83553442453186,-258.2922609593063,-0.011922304448473203,-0.01572461801118145
202505,NRP-L,2025-11-30,16231.32819354542,-232.20629570193086,-271.74273618921904,-0.014306056345670495,-0.01674186689769977
202505,NRP-L,2025-12-31,16001.151069347708,-164.0517316620526,-267.8891414130057,-0.010252495645536094,-0.01674186689769977
202505,NRP-L,2026-01-31,15839.099733426381,-162.3903010461659,-265.1760995164164,-0.010252495645536094,-0.01674186689769977
202505,NRP-L,2026-02-28,15678.68956915327,-160.74569653545606,-262.4905338971178,-0.010252495645536094,-0.01674186689769977
202505,NRP-L,2026-03-31,15519.90395559549,-159.11774772388117,-259.83216628966386,-0.010252495645536094,-0.01674186689769977
202505,NRP-L,2026-04-30,15362.726440148315,-157.50628593118282,-257.2007212467361,-0.010252495645536094,-0.01674186689769977
202505,NRP-L,2026-05-31,15207.140736830444,-155.9111441854087,-254.5959261106033,-0.010252495645536094,-0.01674186689769977
202505,NRP-L,2026-06-30,15053.130724596524,-154.33215720561145,-252.0175109848699,-0.010252495645536094,-0.01674186689769977
202505,NRP-L,2026-07-31,14900.680445666763,-152.7691613847233,-249.46520870651062,-0.010252495645536094,-0.01674186689769977
202505,NRP-L,2026-08-31,14749.774103873468,-151.22199477260375,-246.9387548181885,-0.010252495645536092,-0.01674186689769977
202505,NRP-L,2026-09-30,14600.396063024313,-149.6904970592591,-244.43788754085278,-0.010252495645536094,-0.01674186689769977
202505,NRP-L,2026-10-31,14452.530845282196,-148.1745095582318,-241.96234774661485,-0.010252495645536094,-0.01674186689769977
202505,NRP-L,2026-11-30,14306.163129561497,-146.67387519015827,-239.51187893189856,-0.010252495645536094,-0.01674186689769977
202505,NRP-L,2026-12-31,14161.277749940591,-145.18843846649307,-237.08622719086267,-0.010252495645536092,-0.01674186689769977
202505,NRP-L,2027-01-31,14017.85969409041,-143.71804547339784,-234.68514118909206,-0.010252495645536094,-0.01674186689769977
202505,NRP-L,2027-02-28,13875.894101718954,-142.26254385579352,-232.30837213755603,-0.010252495645536092,-0.01674186689769977
202505,NRP-L,2027-03-31,13735.366263031525,-140.82178280157407,-229.95567376682968,-0.010252495645536094,-0.01674186689769977
202505,NRP-L,2027-04-30,13596.261617206581,-139.39561302598,-227.6268023015768,-0.010252495645536094,-0.01674186689769977
202505,NRP-L,2027-05-31,13458.565750887006,-137.98388675613023,-225.32151643529102,-0.010252495645536094,-0.01674186689769977
202505,NRP-L,2027-06-30,13322.264396686667,-136.5864577157106,-223.0395773052927,-0.010252495645536094,-0.01674186689769977
202505,NRP-L,2027-07-31,13187.3434317121,-135.2031811098173,-220.78074846797927,-0.010252495645536094,-0.01674186689769977
202505,NRP-L,2027-08-31,13053.788876099155,-133.8339136099541,-218.54479587432593,-0.010252495645536094,-0.01674186689769977
202505,NRP-L,2027-09-30,12921.586891564482,-132.47851333918112,-216.33148784563468,-0.010252495645536094,-0.01674186689769977
202505,NRP-L,2027-10-31,12790.723779971664,-131.13683985741446,-214.14059504952888,-0.010252495645536094,-0.01674186689769977
202505,NRP-L,2027-11-30,12661.185981911889,-129.80875414687426,-211.97189047619102,-0.010252495645536094,-0.01674186689769977
202505,NRP-L,2027-12-31,12532.96007529898,-128.4941185976805,-209.8251494148408,-0.010252495645536094,-0.01674186689769977
202505,NRP-L,2028-01-31,12406.032773978672,-127.1927969935944,-207.70014943045197,-0.010252495645536094,-0.01674186689769977
202505,NRP-L,2028-02-29,12280.390926351956,-125.90465449790439,-205.59667034070443,-0.010252495645536094,-0.01674186689769977
202505,NRP-L,2028-03-31,12156.021514012382,-124.62955763945502,-203.51449419317012,-0.010252495645536094,-0.01674186689769977
202505,NRP-L,2028-04-30,12032.911650397149,-123.3673742988173,-201.45340524272993,-0.010252495645536094,-0.01674186689769977
202505,NRP-L,2028-05-31,11911.04857945186,-122.11797369459907,-199.413189929219,-0.010252495645536094,-0.01674186689769977
202505,NRP-M,2025-10-31,7268939.299999999,-199895.83074999996,-120664.39237999998,-0.0275,-0.0166
202505,NRP-M,2025-11-30,7069311.691072838,-194406.07150450305,-117350.57407180913,-0.0275,-0.0166
202505,NRP-M,2025-12-31,6872022.914710053,-188980.63015452647,-114075.58038418689,-0.0275,-0.0166
202505,NRP-M,2026-01-31,6680240.029582461,-183706.6008135177,-110891.98449106886,-0.0275,-0.0166
202505,NRP-M,2026-02-28,6493809.378503614,-178579.7579088494,-107797.23568315999,-0.0275,-0.0166
202505,NRP-M,2026-03-31,6312581.592517603,-173595.9937942341,-104788.85443579221,-0.0275,-0.0166
202505,NRP-M,2026-04-30,6136411.471224077,-168751.3154586621,-101864.43042231968,-0.0275,-0.0166
202505,NRP-M,2026-05-31,5965157.866443125,-164041.84132718592,-99021.62058295587,-0.0275,-0.0166
202505,NRP-M,2026-06-30,5798683.569126803,-159463.7981509871,-96258.14724750494,-0.0275,-0.0166
202505,NRP-M,2026-07-31,5636855.1994267255,-155013.51798423496,-93571.79631048364,-0.0275,-0.0166
202505,NRP-M,2026-08-31,5479543.09982961,-150687.4352453143,-90960.41545717153,-0.0275,-0.0166
202505,NRP-M,2026-09-30,5326621.231275181,-146482.08386006748,-88421.91243916801,-0.027499999999999997,-0.0166
202505,NRP-M,2026-10-31,5177967.072173189,-142394.0944847627,-85954.25339807494,-0.027499999999999997,-0.0166
202505,NRP-M,2026-11-30,5033461.520238641,-138420.19180656262,-83555.46123596144,-0.0275,-0.0166
202505,NRP-M,2026-12-31,4892988.797066586,-134557.19191933112,-81223.61403130533,-0.0275,-0.0166
202505,NRP-M,2027-01-31,4756436.355370019,-130801.99977267551,-78956.84349914231,-0.0275,-0.0166
202505,NRP-M,2027-02-28,4623694.788806555,-127151.60669218026,-76753.33349418882,-0.0275,-0.0166
202505,NRP-M,2027-03-31,4494657.744321649,-123603.08796884534,-74611.31855573937,-0.0275,-0.0166
202505,NRP-M,2027-04-30,4369221.836938117,-120153.60051579821,-72529.08249317274,-0.0275,-0.0166
202505,NRP-M,2027-05-31,4247286.566923694,-116800.38059040158,-70504.95701093331,-0.0275,-0.0166
202505,NRP-M,2027-06-30,4128754.239270264,-113540.74157993226,-68537.32037188638,-0.0275,-0.0166
202505,NRP-M,2027-07-31,4013529.8854202395,-110372.07184905659,-66624.59609797598,-0.0275,-0.016600000000000004
202505,NRP-M,2027-08-31,3901521.18717739,-107291.83264737822,-64765.25170714467,-0.0275,-0.0166
202505,NRP-M,2027-09-30,3792638.4027411453,-104297.5560753815,-62957.79748550301,-0.0275,-0.0166
202505,NRP-M,2027-10-31,3686794.2948051216,-101386.84310714084,-61200.78529376502,-0.0275,-0.0166
202505,NRP-M,2027-11-30,3583904.0606622538,-98557.36166821198,-59492.807406993415,-0.0275,-0.0166
202505,NRP-M,2027-12-31,3483885.2642605393,-95806.84476716483,-57832.49538672496,-0.0275,-0.0166
202505,NRP-M,2028-01-31,3386657.770154958,-93133.08867926135,-56218.51898457231,-0.0275,-0.0166
202505,NRP-M,2028-02-29,3292143.679302643,-90533.95118082268,-54649.58507642388,-0.0275,-0.0166
202505,NRP-M,2028-03-31,3200267.266649868,-88007.34983287136,-53124.436626387804,-0.027499999999999997,-0.0166
202505,NRP-M,2028-04-30,3110954.9204608416,-85551.26031267314,-51641.85167964997,-0.0275,-0.0166
202505,NRP-M,2028-05-31,3024135.083339703,-83163.71479184183,-50200.642383439066,-0.027500000000000004,-0.0166
202505,NRP-S,2025-10-31,2437021.07,-120632.542965,-52639.655112,-0.0495,-0.0216
202505,NRP-S,2025-11-30,2313669.6399776107,-114526.64717889174,-49975.264223516395,-0.0495,-0.0216
202505,NRP-S,2025-12-31,2196188.461800205,-108711.32885911016,-47437.670774884435,-0.0495,-0.0216
202505,NRP-S,2026-01-31,2084672.6241309994,-103191.29489448448,-45028.92868122959,-0.0495,-0.0216
202505,NRP-S,2026-02-28,1978819.2249398062,-97951.55163452041,-42742.49525869982,-0.0495,-0.021600000000000005
202505,NRP-S,2026-03-31,1878340.7426495345,-92977.86676115196,-40572.160041229945,-0.0495,-0.0216
202505,NRP-S,2026-04-30,1782964.2551630903,-88256.73063057297,-38512.02791152275,-0.0495,-0.0216
202505,NRP-S,2026-05-31,1692430.6985457388,-83775.31957801408,-36556.50308858796,-0.0495,-0.0216
202505,NRP-S,2026-06-30,1606494.1633493453,-79521.4610857926,-34700.27392834586,-0.0495,-0.021599999999999998
202505,NRP-S,2026-07-31,1524921.226667152,-75483.60072002403,-32938.29849601049,-0.0495,-0.0216
202505,NRP-S,2026-08-31,1447490.318104802,-71650.7707461877,-31265.790871063724,-0.0495,-0.0216
202505,NRP-S,2026-09-30,1373991.1179454457,-68012.56033829956,-29678.20814762163,-0.0495,-0.0216
202505,NRP-S,2026-10-31,1304223.9858742119,-64559.08730077349,-28171.238094882978,-0.0495,-0.0216
202505,NRP-S,2026-11-30,1237999.4187103286,-61280.97122616127,-26740.7874441431,-0.0495,-0.0216
202505,NRP-S,2026-12-31,1175137.535673976,-58169.30801586181,-25382.97077055788,-0.0495,-0.0216
202505,NRP-S,2027-01-31,1115467.5897897366,-55215.64569459196,-24094.099939458312,-0.0495,-0.0216
202505,NRP-S,2027-02-28,1058827.5040995092,-52411.96145292571,-22870.6740885494,-0.0495,-0.0216
202505,NRP-S,2027-03-31,1005063.4314251338,-49750.63985554413,-21709.370118782892,-0.0495,-0.0216
202505,NRP-S,2027-04-30,954029.3364849447,-47224.452156004765,-20607.033668074808,-0.0495,-0.0216
202505,NRP-S,2027-05-31,905586.5992291867,-44826.536661844744,-19560.670543350432,-0.0495,-0.0216
202505,NRP-S,2027-06-30,859603.6383168654,-42550.38009668484,-18567.438587644294,-0.0495,-0.0216
202505,NRP-S,2027-07-31,815955.5537113092,-40389.79990870981,-17624.63996016428,-0.0495,-0.0216
202505,NRP-S,2027-08-31,774523.7874236512,-38338.92747747074,-16729.713808350865,-0.0495,-0.021599999999999998
202505,NRP-S,2027-09-30,735195.8014827381,-36392.19217339554,-15880.229312027144,-0.0495,-0.0216
202505,NRP-S,2027-10-31,697864.772256755,-34544.30622670938,-15073.87908074591,-0.0495,-0.0216
202505,NRP-S,2027-11-30,662429.3002962794,-32790.25036466583,-14308.472886399635,-0.0495,-0.0216
202505,NRP-S,2027-12-31,628793.1349106306,-31125.26017807622,-13581.931714069622,-0.0495,-0.0216
202505,NRP-S,2028-01-31,596864.9127294035,-29544.813180105473,-12892.282114955116,-0.0495,-0.0216
202505,NRP-S,2028-02-29,566557.9095390589,-28044.616522183416,-12237.650846043673,-0.0495,-0.0216
202505,NRP-S,2028-03-31,537789.8047205072,-26620.59533366511,-11616.259781962957,-0.0495,-0.0216
202505,NRP-S,2028-04-30,510482.45764783985,-25268.881653568074,-11026.421085193342,-0.0495,-0.0216
202505,NRP-S,2028-05-31,484561.6954408611,-23985.803924322627,-10466.5326215226,-0.0495,-0.021599999999999998
202506,NON PRIME,2025-10-31,10973736.760000002,-496802.8130714584,-381054.14398431696,-0.045271982,-0.03472419216153285
202506,NON PRIME,2025-11-30,10485675.409986595,-474707.30841875577,-360352.1117732738,-0.045271982,-0.03436613262223177
202506,NON PRIME,2025-12-31,10010788.322654517,-453208.2287490255,-383155.2630276314,-0.045271982,-0.038274234823300286
202506,NON PRIME,2026-01-31,9558292.668989442,-432722.85366122203,-365836.33812273154,-0.045271982,-0.038274234823300286
202506,NON PRIME,2026-02-28,9126250.1814474,-413163.43394198344,-349300.2425009046,-0.045271982,-0.038274234823300286
202506,NON PRIME,2026-03-31,8713736.360530844,-394488.1156666979,-333511.5916512875,-0.045271982,-0.038274234823300286
202506,NON PRIME,2026-04-30,8319868.494860299,-376656.9367416826,-318436.600471261,-0.045271982,-0.038274234823300286
202506,NON PRIME,2026-05-31,7943803.772317948,-359631.74139191024,-304043.0109719158,-0.045271982,-0.038274234823300286
202506,NON PRIME,2026-06-30,7584737.476569028,-343376.09851395845,-290300.02325128904,-0.045271982,-0.038274234823300286
202506,NON PRIME,2026-07-31,7241901.265101913,-327855.2237194711,-277178.22958766605,-0.045271982,-0.038274234823300286
202506,NON PRIME,2026-08-31,6914561.525102166,-313035.90490231785,-264649.55151191767,-0.045271982,-0.038274234823300286
202506,NON PRIME,2026-09-30,6602017.803642393,-298886.431170178,-252687.17972421815,-0.04527198200000001,-0.038274234823300286
202506,NON PRIME,2026-10-31,6303601.308828778,-285376.52498847287,-241265.51672657568,-0.045271982,-0.038274234823300286
202506,NON PRIME,2026-11-30,6018673.478696998,-272477.2773914479,-230360.12204841853,-0.045271982,-0.038274234823300286
202506,NON PRIME,2026-12-31,5746624.614795189,-260161.08612176476,-219947.65994802862,-0.045271982,-0.038274234823300286
202506,NON PRIME,2027-01-31,5486872.577530051,-248401.59656623407,-210005.84947791207,-0.045271982,-0.038274234823300286
202506,NON PRIME,2027-02-28,5238861.5404843595,-237173.6453613002,-200513.41680725507,-0.045271982,-0.038274234823300286
202506,NON PRIME,2027-03-31,5002060.801040324,-226453.20654760316,-191450.0496994429,-0.045271982,-0.038274234823300286
202506,NON PRIME,2027-04-30,4775963.644763724,-216217.3401583977,-182796.35404723187,-0.045271982,-0.038274234823300286
202506,NON PRIME,2027-05-31,4560086.261118782,-206444.1431318168,-174533.81237256568,-0.045271982,-0.038274234823300286
202506,NON PRIME,2027-06-30,4353966.70819361,-197112.7024419404,-166644.744202234,-0.045271982,-0.038274234823300286
202506,NON PRIME,2027-07-31,4157163.924220886,-188203.05034837732,-159112.2682345827,-0.045271982,-0.038274234823300286
202506,NON PRIME,2027-08-31,3969256.7837785836,-179696.12166860193,-151920.26621631917,-0.045271982,-0.038274234823300286
202506,NON PRIME,2027-09-30,3789843.1966511947,-171573.71298161536,-145053.34845211482,-0.045271982,-0.038274234823300286
202506,NON PRIME,2027-10-31,3618539.247423139,-163818.4436756339,-138496.8208732015,-0.045271982,-0.038274234823300286
202506,NON PRIME,2027-11-30,3454978.3739632466,-156413.71875645337,-132236.6535944935,-0.045271982,-0.038274234823300286
202506,NON PRIME,2027-12-31,3298810.583042396,-149343.69333690486,-126259.45089295281,-0.045271982,-0.038274234823300286
202506,NON PRIME,2028-01-31,3149701.701405867,-142593.2387314158,-120552.4225429566,-0.045271982,-0.038274234823300286
202506,NON PRIME,2028-02-29,3007332.660697819,-136147.91008312377,-115103.35644732877,-0.045271981999999995,-0.038274234823300286
202506,NON PRIME,2028-03-31,2871398.8147077607,-129993.91545427109,-109900.59250547094,-0.045271982,-0.038274234823300286
202506,NON PRIME,2028-04-30,2741609.2874780227,-124118.08631373788,-104932.99766267482,-0.045271982,-0.038274234823300286
202506,NON PRIME,2028-05-31,2617686.350877296,-118507.84935856264,-100189.94208722566,-0.045271982,-0.038274234823300286
202506,NRP-L,2025-10-31,29971.3,-391.5266239166172,-501.77551535102907,-0.01306338476864925,-0.01674186689769977
202506,NRP-L,2025-11-30,29553.699381423863,-352.3482016039895,-464.7206335901798,-0.011922304448473203,-0.01572461801118145
202506,NRP-L,2025-12-31,29203.480948672226,-417.7866439414197,-494.6466617015004,-0.014306056345670495,-0.01693793498695881
202506,NRP-L,2026-01-31,28769.954046186915,-412.18910117039024,-487.30361121210655,-0.014327068458596324,-0.01693793498695881
202506,NRP-L,2026-02-28,28342.25835127248,-406.0614756699042,-480.0593293374437,-0.014327068458596324,-0.01693793498695881
202506,NRP-L,2026-03-31,27920.92080372091,-400.02494378195576,-472.9227413494505,-0.014327068458596322,-0.01693793498695881
202506,NRP-L,2026-04-30,27505.84688296917,-394.0781513039676,-465.8922462649755,-0.014327068458596324,-0.01693793498695881
202506,NRP-L,2026-05-31,27096.94347360204,-388.2197641650113,-458.96626690116926,-0.014327068458596324,-0.01693793498695881
202506,NRP-L,2026-06-30,26694.11884446311,-382.4484681265292,-452.1432495216683,-0.014327068458596322,-0.01693793498695881
202506,NRP-L,2026-07-31,26297.28262807631,-376.7629684875052,-445.4216634880379,-0.014327068458596326,-0.01693793498695881
202506,NRP-L,2026-08-31,25906.345800373347,-371.1619897940183,-438.8000009163972,-0.014327068458596324,-0.01693793498695881
202506,NRP-L,2026-09-30,25521.220660722567,-365.6442755531151,-432.27677633914885,-0.014327068458596322,-0.01693793498695881
202506,NRP-L,2026-10-31,25141.820812254653,-360.20858795093426,-425.8505263717373,-0.014327068458596324,-0.01693793498695881
202506,NRP-L,2026-11-30,24768.061142480812,-354.8537075750221,-419.51980938436077,-0.014327068458596324,-0.01693793498695881
202506,NRP-L,2026-12-31,24399.85780419914,-349.57843314077684,-413.2832051785646,-0.014327068458596324,-0.01693793498695881
202506,NRP-L,2027-01-31,24037.128196684753,-344.38158122195847,-407.13931466864085,-0.014327068458596324,-0.01693793498695881
202506,NRP-L,2027-02-28,23679.79094715964,-339.2619859852056,-401.0867595677658,-0.014327068458596322,-0.01693793498695881
202506,NRP-L,2027-03-31,23327.7658925379,-334.2184989284989,-395.12418207880216,-0.014327068458596324,-0.01693793498695881
202506,NRP-L,2027-04-30,22980.974061442415,-329.2499886235119,-389.2502445896984,-0.014327068458596324,-0.01693793498695881
202506,NRP-L,2027-05-31,22639.33765648883,-324.35534046179316,-383.46362937341627,-0.014327068458596324,-0.01693793498695881
202506,NRP-L,2027-06-30,22302.78003683293,-319.5334564047208,-377.76303829231904,-0.014327068458596324,-0.01693793498695881
202506,NRP-L,2027-07-31,21971.225700977422,-314.78325473717456,-372.1471925069541,-0.014327068458596326,-0.01693793498695881
202506,NRP-L,2027-08-31,21644.60026983438,-310.10366982486966,-366.6148321891659,-0.014327068458596326,-0.01693793498695881
202506,NRP-L,2027-09-30,21322.83047003942,-305.4936518752984,-361.16471623947206,-0.014327068458596324,-0.01693793498695881
202506,NRP-L,2027-10-31,21005.844117513952,-300.95216670222527,-355.7956220086425,-0.014327068458596324,-0.01693793498695881
202506,NRP-L,2027-11-30,20693.570101271824,-296.4781954936835,-350.5063450234168,-0.014327068458596324,-0.01693793498695881
202506,NRP-L,2027-12-31,20385.938367466642,-292.07073458341995,-345.2956987162992,-0.014327068458596322,-0.01693793498695881
202506,NRP-L,2028-01-31,20082.879903676294,-287.7287952257386,-340.1625141593707,-0.014327068458596324,-0.01693793498695881
202506,NRP-L,2028-02-29,19784.326723421065,-283.4514033736903,-335.10563980205785,-0.014327068458596324,-0.01693793498695881
202506,NRP-L,2028-03-31,19490.21185091194,-279.2375994605607,-330.1239412128006,-0.014327068458596324,-0.01693793498695881
202506,NRP-L,2028-04-30,19200.4693060256,-275.0864381846062,-325.21630082455977,-0.014327068458596324,-0.01693793498695881
202506,NRP-L,2028-05-31,18915.03408950282,-270.9969882969901,-320.38161768410845,-0.014327068458596324,-0.01693793498695881
202506,NRP-M,2025-10-31,7085059.32,-142409.692332,-115486.46691599999,-0.0201,-0.0163
202506,NRP-M,2025-11-30,6945717.811630539,-139608.92801377384,-113215.20032957777,-0.020100000000000003,-0.0163
202506,NRP-M,2025-12-31,6808448.894000765,-136849.82276941536,-110977.71697221245,-0.020099999999999996,-0.0163
202506,NRP-M,2026-01-31,6672984.132247313,-134126.981058171,-108769.64135563119,-0.0201,-0.0163
202506,NRP-M,2026-02-28,6540214.654245362,-131458.31455033176,-106605.49886419938,-0.0201,-0.0163
202506,NRP-M,2026-03-31,6410086.833100307,-128842.74534531617,-104484.41537953498,-0.0201,-0.0163
202506,NRP-M,2026-04-30,6282548.108908663,-126279.21698906412,-102405.53417521119,-0.0201,-0.0163
202506,NRP-M,2026-05-31,6157546.9675286,-123766.69404732487,-100368.01557071618,-0.0201,-0.0163
202506,NRP-M,2026-06-30,6035032.919772886,-121304.161687435,-98371.03659229803,-0.0201,-0.0163
202506,NRP-M,2026-07-31,5914956.481015794,-118890.62526841745,-96413.79064055743,-0.0201,-0.0163
202506,NRP-M,2026-08-31,5797269.151205788,-116525.10993923634,-94495.48716465435,-0.0201,-0.0163
202506,NRP-M,2026-09-30,5681923.395275871,-114206.66024504502,-92615.3513429967,-0.0201,-0.0163
202506,NRP-M,2026-10-31,5568872.623943707,-111934.33974126852,-90772.62377028241,-0.0201,-0.0163
202506,NRP-M,2026-11-30,5458071.174893752,-109707.2306153644,-88966.56015076814,-0.0201,-0.0163
202506,NRP-M,2026-12-31,5349474.294333795,-107524.43331610928,-87196.43099764085,-0.0201,-0.0163
202506,NRP-M,2027-01-31,5243038.118918469,-105385.06619026123,-85461.52133837104,-0.0201,-0.0163
202506,NRP-M,2027-02-28,5138719.65803241,-103288.26512645144,-83761.13042592828,-0.0201,-0.0163
202506,NRP-M,2027-03-31,5036476.776425922,-101233.18320616103,-82094.57145574252,-0.0201,-0.0163
202506,NRP-M,2027-04-30,4936268.177196147,-99218.99036164256,-80461.17128829719,-0.0201,-0.0163
202506,NRP-M,2027-05-31,4838053.385106831,-97244.8730406473,-78860.27017724134,-0.0201,-0.0163
202506,NRP-M,2027-06-30,4741792.730239984,-95310.03387782368,-77291.22150291172,-0.0201,-0.0163
202506,NRP-M,2027-07-31,4647447.3319728095,-93413.69137265347,-75753.39151115679,-0.0201,-0.0163
202506,NRP-M,2027-08-31,4554979.08327344,-91555.07957379613,-74246.15905735706,-0.0201,-0.0163
202506,NRP-M,2027-09-30,4464350.635309133,-89733.44776971357,-72768.91535553886,-0.0201,-0.0163
202506,NRP-M,2027-10-31,4375525.382360711,-87948.06018545029,-71321.06373247958,-0.0201,-0.0163
202506,NRP-M,2027-11-30,4288467.447037152,-86198.19568544676,-69902.01938670558,-0.0201,-0.0163
202506,NRP-M,2027-12-31,4203141.66578436,-84483.14748226563,-68511.20915228505,-0.0201,-0.0163
202506,NRP-M,2028-01-31,4119513.5746822604,-82802.22285111343,-67148.07126732083,-0.0201,-0.0163
202506,NRP-M,2028-02-29,4037549.395524484,-81154.74285004212,-65812.05514704909,-0.0201,-0.0163
202506,NRP-M,2028-03-31,3957216.022175019,-79540.04204571788,-64502.62116145281,-0.0201,-0.0163
202506,NRP-M,2028-04-30,3878481.0071963165,-77957.46824464596,-63219.24041729995,-0.0201,-0.0163
202506,NRP-M,2028-05-31,3801312.5487434543,-76406.38222974342,-61961.3945445183,-0.020099999999999996,-0.0163
202506,NRP-S,2025-10-31,2767480.4099999997,-148890.44605799997,-62821.805306999995,-0.053799999999999994,-0.0227
202506,NRP-S,2025-11-30,2613004.7782974797,-140579.6570724044,-59315.20846735279,-0.053799999999999994,-0.0227
202506,NRP-S,2025-12-31,2466635.590918141,-132704.994791396,-55992.6279138418,-0.0538,-0.0227
202506,NRP-S,2026-01-31,2330646.905444487,-125388.80351291341,-52905.684753589856,-0.0538,-0.0227
202506,NRP-S,2026-02-28,2202155.445197349,-118475.96295161737,-49988.928605979825,-0.0538,-0.0227
202506,NRP-S,2026-03-31,2080747.8788330094,-111944.23588121591,-47232.976849509316,-0.0538,-0.0227
202506,NRP-S,2026-04-30,1966033.6624783874,-105772.61104133724,-44628.9641382594,-0.0538,-0.0227
202506,NRP-S,2026-05-31,1857643.7834294632,-99941.23554850512,-42168.51388384881,-0.0538,-0.022699999999999998
202506,NRP-S,2026-06-30,1755229.57311117,-94431.35103338094,-39843.71130962356,-0.053799999999999994,-0.0227
202506,NRP-S,2026-07-31,1658461.5854802835,-89225.23329883926,-37647.07799040244,-0.05380000000000001,-0.0227
202506,NRP-S,2026-08-31,1567028.537263353,-84306.13530476838,-35571.54779587811,-0.053799999999999994,-0.0227
202506,NRP-S,2026-09-30,1480636.3066206314,-79658.23329618997,-33610.44416028833,-0.0538,-0.022699999999999998
202506,NRP-S,2026-10-31,1399006.9870149095,-75266.57590140213,-31757.458605238447,-0.0538,-0.0227
202506,NRP-S,2026-11-30,1321877.9932417355,-71117.03603640538,-30006.6304465874,-0.05380000000000001,-0.0227
202506,NRP-S,2026-12-31,1249001.2167452995,-67196.26546089712,-28352.3276201183,-0.05380000000000001,-0.0227
202506,NRP-S,2027-01-31,1180142.2275028047,-63491.65183965089,-26789.228564313667,-0.0538,-0.0227
202506,NRP-S,2027-02-28,1115079.5199099416,-59991.27817115486,-25312.305101955677,-0.0538,-0.0227
202506,NRP-S,2027-03-31,1053603.8002416373,-56683.884453000086,-23916.806265485167,-0.0538,-0.0227
202506,NRP-S,2027-04-30,995517.3133959762,-53558.83146070352,-22598.24301408866,-0.0538,-0.0227
202506,NRP-S,2027-05-31,940633.2067555661,-50606.06652344945,-21352.37379335135,-0.0538,-0.0227
202506,NRP-S,2027-06-30,888774.929120018,-47816.09118665697,-20175.19089102441,-0.0538,-0.0227
202506,NRP-S,2027-07-31,839775.6627760248,-45179.93065735013,-19062.907545015765,-0.0538,-0.022700000000000005
202506,NRP-S,2027-08-31,793477.786878122,-42689.10493404297,-18011.94576213337,-0.0538,-0.0227
202506,NRP-S,2027-09-30,749732.370413935,-40335.601528269704,-17018.924808396325,-0.0538,-0.022699999999999998
202506,NRP-S,2027-10-31,708398.6931228815,-38111.849690011026,-16080.65033388941,-0.05380000000000001,-0.0227
202506,NRP-S,2027-11-30,669343.7928272212,-36010.696054104505,-15194.104097177922,-0.05380000000000001,-0.0227
202506,NRP-S,2027-12-31,632442.0377193082,-34025.38162929878,-14356.434256228296,-0.05380000000000001,-0.0227
202506,NRP-S,2028-01-31,597574.7222291775,-32149.52005592975,-13564.94619460233,-0.0538,-0.0227
202506,NRP-S,2028-02-29,564629.6851724546,-30377.077062278055,-12817.093853414719,-0.0538,-0.0227
202506,NRP-S,2028-03-31,533500.9489502449,-28702.351053523176,-12110.47154117056,-0.0538,-0.0227
202506,NRP-S,2028-04-30,504088.37864038174,-27119.95477085254,-11442.806195136665,-0.0538,-0.0227
202506,NRP-S,2028-05-31,476297.35988339747,-25624.797961726785,-10811.950069353123,-0.0538,-0.0227
202507,NON PRIME,2025-10-31,13508660.829999998,-588977.6121879999,-553855.0940299999,-0.0436,-0.041
202507,NON PRIME,2025-11-30,12876230.35880883,-561403.643644065,-527925.444711162,-0.0436,-0.040999999999999995
202507,NON PRIME,2025-12-31,12273408.174177265,-535120.5963941287,-503209.7351412679,-0.0436,-0.041
202507,NON PRIME,2026-01-31,11698808.114822865,-510068.0338062769,-479651.13270773744,-0.0436,-0.041
202507,NON PRIME,2026-02-28,11151108.914913908,-486188.34869024635,-457195.4655114702,-0.0436,-0.041
202507,NON PRIME,2026-03-31,10629051.165880688,-463426.63083239796,-435791.0978011082,-0.0436,-0.041
202507,NON PRIME,2026-04-30,10131434.420464706,-441730.54073226114,-415388.811239053,-0.0436,-0.041
202507,NON PRIME,2026-05-31,9657114.432346618,-421050.1892503125,-395941.69172621134,-0.0436,-0.041
202507,NON PRIME,2026-06-30,9205000.52500559,-401338.02289024374,-377405.0215252292,-0.0436,-0.041
202507,NON PRIME,2026-07-31,8774053.083759913,-382548.71445193223,-359736.1764341565,-0.0436,-0.041
202507,NON PRIME,2026-08-31,8363281.165221888,-364639.0588036743,-342894.5277740974,-0.0436,-0.041
202507,NON PRIME,2026-09-30,7971740.218670082,-347567.8735340156,-326841.3489654734,-0.0436,-0.04100000000000001
202507,NON PRIME,2026-10-31,7598529.914099345,-331295.90425473143,-311539.72647807316,-0.0436,-0.041
202507,NON PRIME,2026-11-30,7242792.071954261,-315785.73433720577,-296954.4749501247,-0.0436,-0.041
202507,NON PRIME,2026-12-31,6903708.689785602,-301001.6988746522,-283052.0562812097,-0.0436,-0.041
202507,NON PRIME,2027-01-31,6580500.061292139,-286909.8026723373,-269800.5025129777,-0.0436,-0.041
202507,NON PRIME,2027-02-28,6272422.983422646,-273477.64207722736,-257169.34232032852,-0.04359999999999999,-0.041
202507,NON PRIME,2027-03-31,5978769.047415409,-260674.33046731184,-245129.53094403178,-0.0436,-0.041
202507,NON PRIME,2027-04-30,5698863.009845578,-248470.4272292672,-233653.3834036687,-0.0436,-0.041
202507,NON PRIME,2027-05-31,5432061.23993464,-236837.87006115032,-222714.51083732024,-0.0436,-0.041
202507,NON PRIME,2027-06-30,5177750.2395517,-225749.91044445412,-212287.7598216197,-0.0436,-0.041
202507,NON PRIME,2027-07-31,4935345.232503354,-215181.0521371462,-202349.1545326375,-0.0436,-0.041
202507,NON PRIME,2027-08-31,4704288.819868322,-205106.99254625887,-192875.84161460123,-0.0436,-0.041
202507,NON PRIME,2027-09-30,4484049.698284821,-195504.56684521819,-183846.03762967765,-0.0436,-0.041
202507,NON PRIME,2027-10-31,4274121.438243452,-186351.6947074145,-175238.97896798156,-0.0436,-0.041
202507,NON PRIME,2027-11-30,4074021.3195763547,-177627.32953352906,-167034.87410263054,-0.0436,-0.041
202507,NON PRIME,2027-12-31,3883289.221464855,-169311.4100558677,-159214.85808005906,-0.0436,-0.041
202507,NON PRIME,2028-01-31,3701486.564413275,-161384.8142084188,-151760.94914094429,-0.0436,-0.041
202507,NON PRIME,2028-02-29,3528195.3017559936,-153829.31515656132,-144656.00737199574,-0.0436,-0.041
202507,NON PRIME,2028-03-31,3363016.958378784,-146627.53938531497,-137883.69529353015,-0.0436,-0.041
202507,NON PRIME,2028-04-30,3205571.714444017,-139762.92674975915,-131428.4402922047,-0.0436,-0.041
202507,NON PRIME,2028-05-31,3055497.532012796,-133219.6923957579,-125275.39881252464,-0.0436,-0.041
202507,NRP-L,2025-10-31,114199.52,-1313.29448,-2112.69112,-0.0115,-0.0185
202507,NRP-L,2025-11-30,112697.796312,-1296.024657588,-2084.909231772,-0.0115,-0.0185
202507,NRP-L,2025-12-31,111215.8202904972,-1278.9819333407177,-2057.492675374198,-0.011499999999999998,-0.0185
202507,NRP-L,2026-01-31,109753.33225367714,-1262.1633209172871,-2030.4366466930271,-0.0115,-0.0185
202507,NRP-L,2026-02-28,108310.0759345413,-1245.5658732472248,-2003.736404789014,-0.011499999999999998,-0.0185
202507,NRP-L,2026-03-31,106885.79843600208,-1229.186682014024,-1977.3872710660382,-0.011500000000000002,-0.0185
202507,NRP-L,2026-04-30,105480.25018656865,-1213.0228771455395,-1951.38462845152,-0.0115,-0.0185
202507,NRP-L,2026-05-31,104093.18489661528,-1197.0716263110758,-1925.7239205873825,-0.011500000000000002,-0.0185
202507,NRP-L,2026-06-30,102724.35951522479,-1181.3301344250851,-1900.4006510316585,-0.011500000000000002,-0.0185
202507,NRP-L,2026-07-31,101373.5341875996,-1165.7956431573953,-1875.4103824705924,-0.0115,-0.0185
202507,NRP-L,2026-08-31,100040.47221303266,-1150.4654304498756,-1850.748735941104,-0.011500000000000002,-0.0185
202507,NRP-L,2026-09-30,98724.94000343129,-1135.3368100394598,-1826.4113900634786,-0.0115,-0.0185
202507,NRP-L,2026-10-31,97426.70704238616,-1120.4071309874407,-1802.394080284144,-0.0115,-0.0185
202507,NRP-L,2026-11-30,96145.54584477878,-1105.673777214956,-1778.6925981284073,-0.011500000000000002,-0.0185
202507,NRP-L,2026-12-31,94881.23191691996,-1091.1341670445795,-1755.3027904630192,-0.0115,-0.0185
202507,NRP-L,2027-01-31,93633.54371721247,-1076.7857527479434,-1732.2205587684305,-0.011500000000000002,-0.0185
202507,NRP-L,2027-02-28,92402.26261733111,-1062.6260200993079,-1709.4418584206255,-0.0115,-0.0185
202507,NRP-L,2027-03-31,91187.1728639132,-1048.6524879350018,-1686.9626979823943,-0.0115,-0.0185
202507,NRP-L,2027-04-30,89988.06154075274,-1034.8627077186566,-1664.7791385039257,-0.011500000000000002,-0.0185
202507,NRP-L,2027-05-31,88804.71853149183,-1021.2542631121561,-1642.8872928325989,-0.0115,-0.0185
202507,NRP-L,2027-06-30,87636.9364828027,-1007.824769552231,-1621.2833249318498,-0.0115,-0.0185
202507,NRP-L,2027-07-31,86484.51076805385,-994.5718738326193,-1599.963449208996,-0.0115,-0.0185
202507,NRP-L,2027-08-31,85347.23945145393,-981.4932536917203,-1578.9239298518976,-0.0115,-0.0185
202507,NRP-L,2027-09-30,84224.92325266731,-968.5866174056741,-1558.1610801743452,-0.0115,-0.0185
202507,NRP-L,2027-10-31,83117.36551189474,-955.8497033867894,-1537.6712619700525,-0.0115,-0.0185
202507,NRP-L,2027-11-30,82024.37215541332,-943.2802797872532,-1517.4508848751464,-0.0115,-0.0185
202507,NRP-L,2027-12-31,80945.75166156964,-930.8761441080508,-1497.4964057390382,-0.0115,-0.0185
202507,NRP-L,2028-01-31,79881.31502722,-918.63512281303,-1477.80432800357,-0.0115,-0.0185
202507,NRP-L,2028-02-29,78830.87573461205,-906.5550709480386,-1458.371201090323,-0.0115,-0.0185
202507,NRP-L,2028-03-31,77794.2497187019,-894.6338717650718,-1439.1936197959851,-0.0115,-0.0185
202507,NRP-L,2028-04-30,76771.25533490098,-882.8694363513613,-1420.2682236956682,-0.0115,-0.0185
202507,NRP-L,2028-05-31,75761.71332724702,-871.2597032633407,-1401.5916965540698,-0.0115,-0.0185
202507,NRP-M,2025-10-31,8680064.72,-141485.054936,-149297.11318400002,-0.0163,-0.0172
202507,NRP-M,2025-11-30,8524329.892148668,-138946.57724202328,-146618.4741449571,-0.0163,-0.0172
202507,NRP-M,2025-12-31,8371389.206667034,-136453.64406867264,-143987.894354673,-0.0163,-0.0172
202507,NRP-M,2026-01-31,8221192.531984083,-134005.43827134054,-141404.51155012625,-0.0163,-0.0172
202507,NRP-M,2026-02-28,8073690.635972735,-131601.15736635556,-138867.47893873104,-0.0163,-0.0172
202507,NRP-M,2026-03-31,7928835.1698123235,-129240.01326794086,-136375.96492077198,-0.0163,-0.0172
202507,NRP-M,2026-04-30,7786578.652140607,-126921.23202989188,-133929.15281681844,-0.0163,-0.0172
202507,NRP-M,2026-05-31,7646874.4534901185,-124644.05359188892,-131526.24060003003,-0.0163,-0.0172
202507,NRP-M,2026-06-30,7509676.78100375,-122407.73153036111,-129166.4406332645,-0.0163,-0.0172
202507,NRP-M,2026-07-31,7374940.663424575,-120211.53281382055,-126848.97941090268,-0.0163,-0.0172
202507,NRP-M,2026-08-31,7242621.936354965,-118054.73756258591,-124573.0973053054,-0.0163,-0.0172
202507,NRP-M,2026-09-30,7112677.227780197,-115936.6388128172,-122338.04831781938,-0.0163,-0.0172
202507,NRP-M,2026-10-31,6985063.943851773,-113856.54228478388,-120143.09983425049,-0.0163,-0.0172
202507,NRP-M,2026-11-30,6859740.254925832,-111813.76615529106,-117987.53238472431,-0.0163,-0.0172
202507,NRP-M,2026-12-31,6736665.081852037,-109807.6408341882,-115870.63940785505,-0.0163,-0.0172
202507,NRP-M,2027-01-31,6615798.0825084755,-107837.50874488814,-113791.72701914578,-0.0163,-0.0172
202507,NRP-M,2027-02-28,6497099.6385781355,-105902.7241088236,-111750.11378354393,-0.0163,-0.0172
202507,NRP-M,2027-03-31,6380530.842562647,-104002.65273377113,-109745.13049207751,-0.0163,-0.0172
202507,NRP-M,2027-04-30,6266053.485029002,-102136.67180597271,-107776.11994249883,-0.0163,-0.0172
202507,NRP-M,2027-05-31,6153630.0420851065,-100304.16968598723,-105842.43672386384,-0.0163,-0.0172
202507,NRP-M,2027-06-30,6043223.66308003,-98504.54570820449,-103943.44700497652,-0.0163,-0.0172
202507,NRP-M,2027-07-31,5934798.158524936,-96737.20998395645,-102078.5283266289,-0.0163,-0.0172
202507,NRP-M,2027-08-31,5828317.988230735,-95001.58320816097,-100247.06939756864,-0.0163,-0.0172
202507,NRP-M,2027-09-30,5723748.249658561,-93297.09646943455,-98448.46989412725,-0.0163,-0.0172
202507,NRP-M,2027-10-31,5621054.666479271,-91623.1910636121,-96682.14026344346,-0.0163,-0.0172
202507,NRP-M,2027-11-30,5520203.577338189,-89979.31831061248,-94947.50153021685,-0.0163,-0.0172
202507,NRP-M,2027-12-31,5421161.924821446,-88364.93937458955,-93243.98510692887,-0.0163,-0.0172
202507,NRP-M,2028-01-31,5323897.244620274,-86779.52508731045,-91571.0326074687,-0.0163,-0.0172
202507,NRP-M,2028-02-29,5228377.654889712,-85222.5557747023,-89928.09566410305,-0.0163,-0.0172
202507,NRP-M,2028-03-31,5134571.845798232,-83693.52108651117,-88314.63574772958,-0.0163,-0.0172
202507,NRP-M,2028-04-30,5042449.069264868,-82191.91982901735,-86730.12399135574,-0.0163,-0.0172
202507,NRP-M,2028-05-31,4951979.128880475,-80717.25980075174,-85174.04101674416,-0.0163,-0.0172
202507,NRP-S,2025-10-31,3125154.64,-124381.15467200002,-74691.195896,-0.0398,-0.0239
202507,NRP-S,2025-11-30,2992439.7396213333,-119099.10163692907,-71519.30977694987,-0.0398,-0.0239
202507,NRP-S,2025-12-31,2865360.798678748,-114041.35978741417,-68482.12308842207,-0.0398,-0.023899999999999998
202507,NRP-S,2026-01-31,2743678.476761523,-109198.40337510862,-65573.9155946004,-0.0398,-0.0239
202507,NRP-S,2026-02-28,2627163.5974483835,-104561.11117844567,-62789.20997901637,-0.0398,-0.0239
202507,NRP-S,2026-03-31,2515596.7166767423,-100120.74932373434,-60122.76152857414,-0.0398,-0.0239
202507,NRP-S,2026-04-30,2408767.70944187,-95868.95483578643,-57569.548255660695,-0.0398,-0.0239
202507,NRP-S,2026-05-31,2306475.374047572,-91797.71988709336,-55124.76143973697,-0.0398,-0.0239
202507,NRP-S,2026-06-30,2208527.0531630185,-87899.37671588814,-52783.79657059615,-0.0398,-0.0239
202507,NRP-S,2026-07-31,2114738.270972029,-84166.58318468675,-50542.244676231494,-0.0398,-0.0239
202507,NRP-S,2026-08-31,2024932.3857314168,-80592.3089521104,-48395.88401898086,-0.0398,-0.0239
202507,NRP-S,2026-09-30,1938940.2570840225,-77169.8222319441,-46340.67214430814,-0.0398,-0.0239
202507,NRP-S,2026-10-31,1856599.9274998542,-73892.6771144942,-44372.73826724652,-0.0398,-0.0239
202507,NRP-S,2026-11-30,1777756.3172453607,-70754.70142636535,-42488.37598216412,-0.0398,-0.0239
202507,NRP-S,2026-12-31,1702260.932306341,-67749.98510579237,-40684.036282121546,-0.0398,-0.023899999999999998
202507,NRP-S,2027-01-31,1629971.5847143985,-64872.86907163306,-38956.32087467412,-0.0398,-0.023899999999999998
202507,NRP-S,2027-02-28,1560752.1247501937,-62117.93456505771,-37301.97578152963,-0.0398,-0.0239
202507,NRP-S,2027-03-31,1494472.1845191354,-59479.992943861595,-35717.885210007335,-0.0398,-0.023899999999999998
202507,NRP-S,2027-04-30,1431006.9324165562,-56954.07591017894,-34201.0656847557,-0.0398,-0.023900000000000005
202507,NRP-S,2027-05-31,1370236.838019933,-54535.42615319334,-32748.6604286764,-0.0398,-0.0239
202507,NRP-S,2027-06-30,1312047.4469653536,-52219.48838922107,-31357.93398247195,-0.0398,-0.0239
202507,NRP-S,2027-07-31,1256329.1653842248,-50001.90078229215,-30026.267052682975,-0.0398,-0.0239
202507,NRP-S,2027-08-31,1202977.0534942413,-47878.486729070806,-28751.15157851237,-0.0398,-0.0239
202507,NRP-S,2027-09-30,1151890.6279558528,-45845.24699264294,-27530.186008144883,-0.0398,-0.0239
202507,NRP-S,2027-10-31,1102973.6726219943,-43898.35217035538,-26361.070775665663,-0.0398,-0.0239
202507,NRP-S,2027-11-30,1056134.057324647,-42034.13548152095,-25241.603970059063,-0.0398,-0.0239
202507,NRP-S,2027-12-31,1011283.564356927,-40249.08586140569,-24169.677188130554,-0.0398,-0.0239
202507,NRP-S,2028-01-31,968337.7223239028,-38539.84134849133,-23143.27156354128,-0.0398,-0.0239
202507,NRP-S,2028-02-29,927215.6470492143,-36903.182752558736,-22160.453964476223,-0.03980000000000001,-0.0239
202507,NRP-S,2028-03-31,887839.8892378577,-35336.02759166674,-21219.373352784798,-0.0398,-0.0239
202507,NRP-S,2028-04-30,850136.2886082233,-33835.42428660729,-20318.257297736538,-0.0398,-0.0239
202507,NRP-S,2028-05-31,814033.8342186607,-32398.546601902697,-19455.408637825993,-0.0398,-0.0239
202507,PRIME,2025-10-31,9843.27,-115.16625900000001,-114.181932,-0.0117,-0.0116
202507,PRIME,2025-11-30,9725.15076,-113.78426389200001,-112.81174881599999,-0.0117,-0.0116
202507,PRIME,2025-12-31,9608.448950880002,-112.41885272529602,-111.458007830208,-0.0117,-0.0116
202507,PRIME,2026-01-31,9493.147563469442,-111.06982649259247,-110.12051173624552,-0.0117,-0.0116
202507,PRIME,2026-02-28,9379.229792707807,-109.73698857468135,-108.79906559541055,-0.0117,-0.0116
202507,PRIME,2026-03-31,9266.679035195313,-108.42014471178517,-107.49347680826563,-0.0117,-0.0116
202507,PRIME,2026-04-30,9155.47888677297,-107.11910297524375,-106.20355508656644,-0.0117,-0.0116
202507,PRIME,2026-05-31,9045.613140131694,-105.83367373954083,-104.92911242552765,-0.0117,-0.0116
202507,PRIME,2026-06-30,8937.065782450116,-104.56366965466636,-103.66996307642134,-0.0117,-0.0116
202507,PRIME,2026-07-31,8829.820993060714,-103.30890561881036,-102.42592351950427,-0.0117,-0.0116
202507,PRIME,2026-08-31,8723.863141143984,-102.06919875138462,-101.19681243727021,-0.0117,-0.0116
202507,PRIME,2026-09-30,8619.176783450257,-100.84436836636802,-99.98245068802298,-0.0117,-0.0116
202507,PRIME,2026-10-31,8515.746662048854,-99.6342359459716,-98.7826612797667,-0.0117,-0.0116
202507,PRIME,2026-11-30,8413.557702104266,-98.43862511461992,-97.59726934440948,-0.0117,-0.0116
202507,PRIME,2026-12-31,8312.595009679015,-97.25736161324447,-96.42610211227657,-0.0117,-0.0116
202507,PRIME,2027-01-31,8212.843869562867,-96.09027327388554,-95.26898888692925,-0.0117,-0.0116
202507,PRIME,2027-02-28,8114.289743128112,-94.93718999459891,-94.12576102028609,-0.0117,-0.0116
202507,PRIME,2027-03-31,8016.918266210574,-93.79794371466372,-92.99625188804265,-0.0117,-0.0116
202507,PRIME,2027-04-30,7920.715247016046,-92.67236839008774,-91.88029686538613,-0.0117,-0.0116
202507,PRIME,2027-05-31,7825.666664051853,-91.56029996940669,-90.7777333030015,-0.0117,-0.0116
202507,PRIME,2027-06-30,7731.758664083231,-90.46157636977381,-89.68840050336547,-0.0117,-0.011599999999999997
202507,PRIME,2027-07-31,7638.977560114233,-89.37603745333652,-88.61213969732509,-0.0117,-0.0116
202507,PRIME,2027-08-31,7547.309829392862,-88.3035250038965,-87.5487940209572,-0.0117,-0.0116
202507,PRIME,2027-09-30,7456.742111440149,-87.24388270384974,-86.49820849270571,-0.0117,-0.0116
202507,PRIME,2027-10-31,7367.261206102867,-86.19695611140354,-85.46022999079325,-0.0117,-0.0116
202507,PRIME,2027-11-30,7278.854071629632,-85.1625926380667,-84.43470723090373,-0.0117,-0.0116
202507,PRIME,2027-12-31,7191.507822770077,-84.14064152640991,-83.42149074413288,-0.0117,-0.0116
202507,PRIME,2028-01-31,7105.209728896836,-83.13095382809298,-82.42043285520329,-0.0117,-0.011599999999999997
202507,PRIME,2028-02-29,7019.947212150074,-82.13338238215587,-81.43138766094086,-0.0117,-0.0116
202507,PRIME,2028-03-31,6935.707845604273,-81.14778179356999,-80.45421100900955,-0.0117,-0.0116
202507,PRIME,2028-04-30,6852.479351457021,-80.17400841204714,-79.48876047690143,-0.0117,-0.0116
202507,PRIME,2028-05-31,6770.249599239537,-79.21192031110259,-78.53489535117862,-0.0117,-0.0116
202508,NON PRIME,2025-10-31,10582346.66,-519593.221006,-347100.970448,-0.0491,-0.0328
202508,NON PRIME,2025-11-30,10117076.151848666,-496748.4390557695,-331840.0977806363,-0.0491,-0.0328
202508,NON PRIME,2025-12-31,9672262.037039055,-474908.06601861754,-317250.194814881,-0.0491,-0.0328
202508,NON PRIME,2026-01-31,9247004.916143905,-454027.9413826657,-303301.7612495201,-0.0491,-0.0328
202508,NON PRIME,2026-02-28,8840444.93333078,-434065.84622654127,-289966.5938132496,-0.0491,-0.0328
202508,NON PRIME,2026-03-31,8451760.037762003,-414981.4178541143,-277217.7292385937,-0.0491,-0.0328
202508,NON PRIME,2026-04-30,8080164.321435067,-396736.0681824618,-265029.38974307023,-0.0491,-0.0328
202508,NON PRIME,2026-05-31,7724906.430102638,-379292.9057180395,-253376.93090736654,-0.0491,-0.0328
202508,NON PRIME,2026-06-30,7385268.044059125,-362616.660963303,-242236.79184513932,-0.0491,-0.0328
202508,NON PRIME,2026-07-31,7060562.425721992,-346673.6151029498,-231586.44756368134,-0.0491,-0.0328
202508,NON PRIME,2026-08-31,6750133.031071082,-331431.5318255901,-221404.3634191315,-0.0491,-0.0328
202508,NON PRIME,2026-09-30,6453352.182138324,-316859.59214299166,-211669.95157413703,-0.0491,-0.0328
202508,NON PRIME,2026-10-31,6169619.797863642,-302928.3320751048,-202363.52936992748,-0.0491,-0.0328
202508,NON PRIME,2026-11-30,5898362.180750904,-289609.58307486936,-193466.27952862965,-0.0491,-0.0328
202508,NON PRIME,2026-12-31,5639030.856870555,-276876.41507234424,-184960.21210535424,-0.0491,-0.0328
202508,NON PRIME,2027-01-31,5391101.466863479,-264703.08202299685,-176828.12811312213,-0.049100000000000005,-0.0328
202508,NON PRIME,2027-02-28,5154072.705703716,-253064.96985005244,-169053.58474708188,-0.0491,-0.0328
202508,NON PRIME,2027-03-31,4927465.309076277,-241938.54667564516,-161620.8621377019,-0.0491,-0.0328
202508,NON PRIME,2027-04-30,4710821.084320556,-231301.31524013932,-154514.93156571427,-0.0491,-0.0328
202508,NON PRIME,2027-05-31,4503701.983979929,-221131.76741341452,-147721.42507454168,-0.0491,-0.0328
202508,NON PRIME,2027-06-30,4305689.220084279,-211409.3407061381,-141226.60641876436,-0.0491,-0.0328
202508,NON PRIME,2027-07-31,4116382.4173745736,-202114.37669309156,-135017.34328988602,-0.0491,-0.0328
202508,NON PRIME,2027-08-31,3935398.8037573383,-193228.0812644853,-129081.08076324071,-0.0491,-0.0328
202508,NON PRIME,2027-09-30,3762372.4363521407,-184732.4866248901,-123405.81591235023,-0.0491,-0.0328
202508,NON PRIME,2027-10-31,3596953.461567192,-176610.41496294911,-117980.07353940391,-0.0491,-0.0328
202508,NON PRIME,2027-11-30,3438807.4077069545,-168845.44371841146,-112792.88297278812,-0.0491,-0.0328
202508,NON PRIME,2027-12-31,3287614.508681439,-161421.87237625863,-107833.7558847512,-0.0491,-0.0328
202508,NON PRIME,2028-01-31,3143069.057449745,-154324.69072078247,-103092.66508435164,-0.0491,-0.0328
202508,NON PRIME,2028-02-29,3004878.7878905376,-147539.5484854254,-98560.02424280964,-0.0491,-0.0328
202508,NON PRIME,2028-03-31,2872764.2838496175,-141052.7263370162,-94226.66851026747,-0.0491,-0.0328
202508,NON PRIME,2028-04-30,2746458.414169696,-134851.10813573207,-90083.83598476605,-0.04909999999999999,-0.0328
202508,NON PRIME,2028-05-31,2625705.7925600354,-128922.15441469772,-86123.14999596917,-0.0491,-0.0328
202508,NRP-L,2025-10-31,46868.77,-707.718427,-707.718427,-0.015100000000000002,-0.015100000000000002
202508,NRP-L,2025-11-30,46171.20647316666,-697.1852177448167,-697.1852177448167,-0.015100000000000002,-0.015100000000000002
202508,NRP-L,2025-12-31,45484.025016824366,-686.8087777540479,-686.8087777540479,-0.0151,-0.0151
202508,NRP-L,2026-01-31,44807.0711111573,-676.5867737784752,-676.5867737784752,-0.0151,-0.0151
202508,NRP-L,2026-02-28,44140.192536119575,-666.5169072954056,-666.5169072954056,-0.0151,-0.0151
202508,NRP-L,2026-03-31,43483.23933720699,-656.5969139918257,-656.5969139918257,-0.015100000000000002,-0.015100000000000002
202508,NRP-L,2026-04-30,42836.063791738234,-646.8245632552473,-646.8245632552473,-0.015099999999999999,-0.015099999999999999
202508,NRP-L,2026-05-31,42198.52037563786,-637.1976576721318,-637.1976576721318,-0.0151,-0.0151
202508,NRP-L,2026-06-30,41570.465730713775,-627.714032533778,-627.714032533778,-0.015099999999999999,-0.015099999999999999
202508,NRP-L,2026-07-31,40951.75863242166,-618.3715553495671,-618.3715553495671,-0.0151,-0.0151
202508,NRP-L,2026-08-31,40342.25995810913,-609.1681253674478,-609.1681253674478,-0.0151,-0.0151
202508,NRP-L,2026-09-30,39741.83265573261,-600.1016731015624,-600.1016731015624,-0.0151,-0.0151
202508,NRP-L,2026-10-31,39150.34171303979,-591.1701598669008,-591.1701598669008,-0.0151,-0.0151
202508,NRP-L,2026-11-30,38567.654127210706,-582.3715773208817,-582.3715773208817,-0.0151,-0.0151
202508,NRP-L,2026-12-31,37993.63887495072,-573.7039470117559,-573.7039470117559,-0.0151,-0.0151
202508,NRP-L,2027-01-31,37428.16688302854,-565.165319933731,-565.165319933731,-0.0151,-0.0151
202508,NRP-L,2027-02-28,36871.1109992528,-556.7537760887172,-556.7537760887172,-0.015099999999999999,-0.015099999999999999
202508,NRP-L,2027-03-31,36322.34596388058,-548.4674240545968,-548.4674240545968,-0.0151,-0.0151
202508,NRP-L,2027-04-30,35781.7483814515,-540.3044005599177,-540.3044005599177,-0.0151,-0.0151
202508,NRP-L,2027-05-31,35249.1966930409,-532.2628700649177,-532.2628700649177,-0.015100000000000002,-0.015100000000000002
202508,NRP-L,2027-06-30,34724.57114892615,-524.3410243487849,-524.3410243487849,-0.0151,-0.0151
202508,NRP-L,2027-07-31,34207.75378165964,-516.5370821030606,-516.5370821030606,-0.015100000000000002,-0.015100000000000002
202508,NRP-L,2027-08-31,33698.628379542606,-508.84928853109335,-508.84928853109335,-0.0151,-0.0151
202508,NRP-L,2027-09-30,33197.08046049375,-501.27591495345564,-501.27591495345564,-0.0151,-0.0151
202508,NRP-L,2027-10-31,32702.99724630674,-493.8152584192318,-493.8152584192318,-0.0151,-0.0151
202508,NRP-L,2027-11-30,32216.26763729087,-486.4656413230922,-486.4656413230922,-0.0151,-0.0151
202508,NRP-L,2027-12-31,31736.782187289195,-479.22541102806684,-479.22541102806684,-0.0151,-0.0151
202508,NRP-L,2028-01-31,31264.433079068374,-472.0929394939325,-472.0929394939325,-0.0151,-0.0151
202508,NRP-L,2028-02-29,30799.114100074905,-465.0666229111311,-465.0666229111311,-0.0151,-0.0151
202508,NRP-L,2028-03-31,30340.720618552125,-458.1448813401371,-458.1448813401371,-0.0151,-0.0151
202508,NRP-L,2028-04-30,29889.149560012673,-451.3261583561914,-451.3261583561914,-0.0151,-0.0151
202508,NRP-L,2028-05-31,29444.299384061153,-444.60892069932345,-444.60892069932345,-0.015100000000000002,-0.015100000000000002
202508,NRP-M,2025-10-31,7533596.42,-149918.568758,-91909.87632400001,-0.0199,-0.012200000000000003
202508,NRP-M,2025-11-30,7410422.118533,-147467.4001588067,-90407.1498461026,-0.0199,-0.0122
202508,NRP-M,2025-12-31,7289261.716894985,-145056.30816621022,-88928.99294611883,-0.0199,-0.0122
202508,NRP-M,2026-01-31,7170082.287823752,-142684.63752769266,-87475.00391144978,-0.0199,-0.0122
202508,NRP-M,2026-02-28,7052851.442417833,-140351.7437041149,-86044.78759749756,-0.0199,-0.012199999999999999
202508,NRP-M,2026-03-31,6937537.321334301,-138056.99269455258,-84637.95532027847,-0.0199,-0.0122
202508,NRP-M,2026-04-30,6824108.586130485,-135799.76086399666,-83254.12475079192,-0.0199,-0.0122
202508,NRP-M,2026-05-31,6712534.410747251,-133579.43477387028,-81892.91981111646,-0.019899999999999998,-0.0122
202508,NRP-M,2026-06-30,6602784.473131534,-131395.4110153175,-80553.97057220472,-0.019899999999999998,-0.0122
202508,NRP-M,2026-07-31,6494828.946995833,-129247.09604521708,-79236.91315334916,-0.0199,-0.012199999999999999
202508,NRP-M,2026-08-31,6388638.49371245,-127133.90602487777,-77941.38962329189,-0.0199,-0.012199999999999999
202508,NRP-M,2026-09-30,6284184.254340252,-125055.26666137102,-76667.04790295108,-0.0199,-0.0122
202508,NRP-M,2026-10-31,6181437.8417817885,-123010.61305145759,-75413.54166973782,-0.0199,-0.0122
202508,NRP-M,2026-11-30,6080371.333068657,-120999.38952806627,-74180.53026343761,-0.0199,-0.0122
202508,NRP-M,2026-12-31,5980957.261772985,-119021.0495092824,-72967.67859363042,-0.0199,-0.0122
202508,NRP-M,2027-01-31,5883168.610542997,-117075.05534980564,-71774.65704862456,-0.0199,-0.0122
202508,NRP-M,2027-02-28,5786978.803760619,-115160.87819483632,-70601.14140587955,-0.0199,-0.012199999999999999
202508,NRP-M,2027-03-31,5692361.700319133,-113277.99783635075,-69446.81274389342,-0.0199,-0.012199999999999999
202508,NRP-M,2027-04-30,5599291.586518914,-111425.9025717264,-68311.35735553077,-0.0199,-0.012200000000000003
202508,NRP-M,2027-05-31,5507743.169079331,-109604.08906467869,-67194.46666276784,-0.0199,-0.0122
202508,NRP-M,2027-06-30,5417691.568264883,-107812.06220847118,-66095.83713283157,-0.0199,-0.012199999999999999
202508,NRP-M,2027-07-31,5329112.311123753,-106049.33499136269,-65015.17019570979,-0.0199,-0.0122
202508,NRP-M,2027-08-31,5241981.324836879,-104315.4283642539,-63952.17216300993,-0.0199,-0.0122
202508,NRP-M,2027-09-30,5156274.930175797,-102609.87111049837,-62906.55414814473,-0.0199,-0.0122
202508,NRP-M,2027-10-31,5071969.835067423,-100932.19971784172,-61878.031987822564,-0.0199,-0.0122
202508,NRP-M,2027-11-30,4989043.1282640705,-99281.958252455,-60866.326164821665,-0.0199,-0.0122
202508,NRP-M,2027-12-31,4907472.273116953,-97658.69823502736,-59871.16173202683,-0.0199,-0.0122
202508,NRP-M,2028-01-31,4827235.101451491,-96061.97851888467,-58892.268237708195,-0.0199,-0.0122
202508,NRP-M,2028-02-29,4748309.807542759,-94491.36517010091,-57929.379652021664,-0.0199,-0.0122
202508,NRP-M,2028-03-31,4670674.9421894355,-92946.43134956977,-56982.23429471112,-0.0199,-0.0122
202508,NRP-M,2028-04-30,4594309.406884639,-91426.7571970043,-56050.5747639926,-0.0199,-0.0122
202508,NRP-M,2028-05-31,4519192.4480820745,-89931.92971683329,-55134.14786660131,-0.0199,-0.0122
202508,NRP-S,2025-10-31,3257214.8600000003,-129962.872914,-59607.03193800001,-0.0399,-0.0183
202508,NRP-S,2025-11-30,3134445.003235167,-125064.35562908315,-57360.34355920355,-0.0399,-0.0183
202508,NRP-S,2025-12-31,3016302.546988228,-120350.47162483029,-55198.33660988457,-0.0399,-0.0183
202508,NRP-S,2026-01-31,2902613.07682133,-115814.26176517106,-53117.81930583034,-0.0399,-0.0183
202508,NRP-S,2026-02-28,2793208.752267473,-111449.02921547217,-51115.72016649476,-0.0399,-0.0183
202508,NRP-S,2026-03-31,2687928.0590465916,-107248.329555959,-49189.083480552625,-0.0399,-0.0183
202508,NRP-S,2026-04-30,2586615.570621027,-103205.96126777898,-47335.0649423648,-0.0399,-0.0183
202508,NRP-S,2026-05-31,2489121.7187383696,-99315.95657766094,-45550.92745291217,-0.0399,-0.0183
202508,NRP-S,2026-06-30,2395302.5726229227,-95572.57264765461,-43834.037078999485,-0.0399,-0.0183
202508,NRP-S,2026-07-31,2305019.6264898106,-91970.28309694344,-42181.85916476353,-0.0399,-0.0183
202508,NRP-S,2026-08-31,2218139.595068032,-88503.76984321447,-40591.954589744986,-0.0399,-0.0183
202508,NRP-S,2026-09-30,2134534.2168305926,-85167.91525154065,-39061.97616799985,-0.0399,-0.0183
202508,NRP-S,2026-10-31,2054080.0646412193,-81957.79457918464,-37589.66518293432,-0.0399,-0.0183
202508,NRP-S,2026-11-30,1976658.3635381174,-78868.66870517087,-36172.84805274755,-0.03989999999999999,-0.0183
202508,NRP-S,2026-12-31,1902154.8153857598,-75895.9771338918,-34809.43312155941,-0.0399,-0.0183
202508,NRP-S,2027-01-31,1830459.430135845,-73035.33126242021,-33497.407571485965,-0.0399,-0.0183
202508,NRP-S,2027-02-28,1761466.363448308,-70282.5079015875,-32234.834451104038,-0.0399,-0.0183
202508,NRP-S,2027-03-31,1695073.760432669,-67633.44304126348,-31019.84981591784,-0.0399,-0.0183
202508,NRP-S,2027-04-30,1631183.6052790277,-65084.2258506332,-29850.659976606206,-0.0399,-0.0183
202508,NRP-S,2027-05-31,1569701.5765567191,-62631.09290461309,-28725.53885098796,-0.0399,-0.0183
202508,NRP-S,2027-06-30,1510536.9079670021,-60270.42262788338,-27642.82541579614,-0.0399,-0.0183
202508,NRP-S,2027-07-31,1453602.2543442124,-57998.72994833407,-26600.921254499088,-0.0399,-0.0183
202508,NRP-S,2027-08-31,1398813.562707555,-55812.66115203144,-25598.288197548256,-0.0399,-0.0183
202508,NRP-S,2027-09-30,1346089.9481731693,-53708.98893210945,-24633.446051568997,-0.0399,-0.0183
202508,NRP-S,2027-10-31,1295353.5745432756,-51684.607624276694,-23704.970414141946,-0.0399,-0.0183
202508,NRP-S,2027-11-30,1246529.5393961153,-49736.528621905,-22811.49057094891,-0.0399,-0.0183
202508,NRP-S,2027-12-31,1199545.7635070435,-47861.87596393103,-21951.687472178895,-0.0399,-0.0183
202508,NRP-S,2028-01-31,1154332.884437524,-46057.8820890572,-21124.29178520669,-0.0399,-0.0183
202508,NRP-S,2028-02-29,1110824.154134933,-44321.88374998382,-20328.082020669273,-0.0399,-0.0183
202508,NRP-S,2028-03-31,1068955.3403919972,-42651.31808164069,-19561.88272917355,-0.0399,-0.0183
202508,NRP-S,2028-04-30,1028664.632020389,-41043.71881761352,-18824.562765973118,-0.0399,-0.0183
202508,NRP-S,2028-05-31,989892.5475984871,-39496.71264917964,-18115.033621052313,-0.0399,-0.0183
202508,PRIME,2025-10-31,30052.62,-228.399912,-117.20521799999999,-0.0076,-0.0039
202508,PRIME,2025-11-30,30044.8564065,-228.34090868939998,-117.17493998535,-0.0076,-0.0039
202508,PRIME,2025-12-31,30037.094818594986,-228.2819206213219,-117.14466979252043,-0.0076,-0.0039
202508,PRIME,2026-01-31,30029.33523576685,-228.22294779182803,-117.1144074194907,-0.0076,-0.0039
202508,PRIME,2026-02-28,30021.57765749761,-228.16399019698184,-117.08415286424068,-0.0076,-0.0039
202508,PRIME,2026-03-31,30013.822083269424,-228.10504783284762,-117.05390612475075,-0.0076,-0.0039
202508,PRIME,2026-04-30,30006.06851256458,-228.0461206954908,-117.02366719900185,-0.0076,-0.0039
202508,PRIME,2026-05-31,29998.316944865503,-227.98720878097782,-116.99343608497546,-0.0076,-0.0039
202508,PRIME,2026-06-30,29990.567379654745,-227.92831208537606,-116.9632127806535,-0.0076,-0.0039
202508,PRIME,2026-07-31,29982.819816415,-227.869430604754,-116.9329972840185,-0.0076,-0.0039
202508,PRIME,2026-08-31,29975.074254629097,-227.81056433518114,-116.90278959305347,-0.0076,-0.0039
202508,PRIME,2026-09-30,29967.330693779986,-227.7517132727279,-116.87258970574194,-0.0076,-0.0039
202508,PRIME,2026-10-31,29959.58913335076,-227.6928774134658,-116.84239762006796,-0.007600000000000001,-0.0039
202508,PRIME,2026-11-30,29951.849572824645,-227.6340567534673,-116.8122133340161,-0.0076,-0.0039
202508,PRIME,2026-12-31,29944.112011685,-227.575251288806,-116.7820368455715,-0.0076,-0.0039
202508,PRIME,2027-01-31,29936.376449415315,-227.5164610155564,-116.75186815271972,-0.0076,-0.0039
202508,PRIME,2027-02-28,29928.64288549922,-227.45768592979405,-116.72170725344695,-0.0076,-0.0039
202508,PRIME,2027-03-31,29920.911319420462,-227.3989260275955,-116.6915541457398,-0.0076,-0.0039
202508,PRIME,2027-04-30,29913.181750662945,-227.34018130503839,-116.66140882758548,-0.0076,-0.0039
202508,PRIME,2027-05-31,29905.454178710694,-227.28145175820129,-116.6312712969717,-0.007600000000000001,-0.0039
202508,PRIME,2027-06-30,29897.72860304786,-227.22273738316375,-116.60114155188666,-0.0076,-0.0039
202508,PRIME,2027-07-31,29890.00502315874,-227.16403817600644,-116.57101959031908,-0.0076,-0.0039
202508,PRIME,2027-08-31,29882.283438527757,-227.10535413281096,-116.54090541025825,-0.0076,-0.0039
202508,PRIME,2027-09-30,29874.56384863947,-227.04668524966,-116.51079900969393,-0.0076,-0.0039
202508,PRIME,2027-10-31,29866.846252978572,-226.98803152263716,-116.48070038661642,-0.0076,-0.0039
202508,PRIME,2027-11-30,29859.13065102989,-226.92939294782715,-116.45060953901657,-0.0076,-0.0039
202508,PRIME,2027-12-31,29851.41704227837,-226.87076952131562,-116.42052646488564,-0.0076,-0.0039
202508,PRIME,2028-01-31,29843.70542620912,-226.8121612391893,-116.39045116221556,-0.0076,-0.0039
202508,PRIME,2028-02-29,29835.99580230735,-226.75356809753586,-116.36038362899865,-0.0076,-0.0038999999999999994
202508,PRIME,2028-03-31,29828.288170058422,-226.69499009244402,-116.33032386322785,-0.0076,-0.0039
202508,PRIME,2028-04-30,29820.582528947823,-226.63642722000347,-116.30027186289651,-0.0076,-0.0039
202508,PRIME,2028-05-31,29812.87887846118,-226.57787947630496,-116.27022762599859,-0.0076,-0.0039
202509,NON PRIME,2025-10-31,11481431.49,-206665.76682,-42481.296513,-0.018,-0.0037
202509,NON PRIME,2025-11-30,11667813.394521,-210020.641101378,-43170.909559727705,-0.018,-0.0037000000000000006
202509,NON PRIME,2025-12-31,11857220.89862539,-213429.976175257,-43871.717324913945,-0.018,-0.0037
202509,NON PRIME,2026-01-31,12049703.11787974,-216894.65612183532,-44583.90153615504,-0.018,-0.0037
202509,NON PRIME,2026-02-28,12245309.965159988,-220415.57937287976,-45307.64687109196,-0.018,-0.0037
202509,NON PRIME,2026-03-31,12444092.16359442,-223993.65894469953,-46043.14100529935,-0.018,-0.0037
202509,NON PRIME,2026-04-30,12646101.259716768,-227629.8226749018,-46790.57466095204,-0.018,-0.0037
202509,NON PRIME,2026-05-31,12851389.636832837,-231325.01346299105,-47550.1416562815,-0.018,-0.0037
202509,NON PRIME,2026-06-30,13060010.52860409,-235080.1895148736,-48322.03895583514,-0.018,-0.0037
202509,NON PRIME,2026-07-31,13272018.032851763,-238896.3245913317,-49106.46672155152,-0.018,-0.0036999999999999997
202509,NON PRIME,2026-08-31,13487467.125585057,-242774.408260531,-49903.62836466471,-0.018,-0.0037
202509,NON PRIME,2026-09-30,13706413.675257053,-246715.44615462693,-50713.7305984511,-0.018,-0.0037
202509,NON PRIME,2026-10-31,13928914.45725206,-250720.46023053705,-51536.98349183262,-0.018,-0.0037
202509,NON PRIME,2026-11-30,14155027.168608118,-254790.4890349461,-52373.60052385004,-0.018,-0.0037
202509,NON PRIME,2026-12-31,14384810.442978522,-258926.58797361338,-53223.79863902053,-0.018,-0.0037
202509,NON PRIME,2027-01-31,14618323.865836207,-263129.8295850517,-54087.79830359397,-0.018,-0.0037
202509,NON PRIME,2027-02-28,14855627.989924947,-267401.30381864903,-54965.823562722304,-0.018,-0.0037
202509,NON PRIME,2027-03-31,15096784.350961395,-271742.1183173051,-55858.10209855716,-0.018000000000000002,-0.0037
202509,NON PRIME,2027-04-30,15341855.483592002,-276153.398704656,-56764.86528929041,-0.018,-0.0037
202509,NON PRIME,2027-05-31,15590904.93760898,-280636.2888769616,-57686.348269153226,-0.018,-0.0037
202509,NON PRIME,2027-06-30,15843997.294429498,-285191.9512997309,-58622.789989389144,-0.018,-0.0037
202509,NON PRIME,2027-07-31,16101198.183842404,-289821.5673091632,-59574.433280216894,-0.018,-0.0037
202509,NON PRIME,2027-08-31,16362574.301026778,-294526.337418482,-60541.52491379908,-0.018,-0.0037
202509,NON PRIME,2027-09-30,16628193.42384678,-299307.481629242,-61524.31566823309,-0.018,-0.0037
202509,NON PRIME,2027-10-31,16898124.430427227,-304166.2397476901,-62523.060392580745,-0.018,-0.0037
202509,NON PRIME,2027-11-30,17172437.317014497,-309103.8717062609,-63538.018072953644,-0.018,-0.0037
202509,NON PRIME,2027-12-31,17451203.216127362,-314121.65789029247,-64569.45189967124,-0.018,-0.0037
202509,NON PRIME,2028-01-31,17734494.415002495,-319220.8994700449,-65617.62933550923,-0.018,-0.0037
202509,NON PRIME,2028-02-29,18022384.37433937,-324402.9187381086,-66682.82218505566,-0.018,-0.0036999999999999997
202509,NON PRIME,2028-03-31,18314947.74734948,-329669.0594522906,-67765.30666519307,-0.018,-0.0037
202509,NON PRIME,2028-04-30,18612260.399114784,-335020.6871840661,-68865.3634767247,-0.018,-0.0036999999999999997
202509,NON PRIME,2028-05-31,18914399.426260415,-340459.18967268744,-69983.27787716353,-0.018,-0.0036999999999999997
202509,NRP-L,2025-10-31,15353.37,-299.390715,-138.18033,-0.0195,-0.009
202509,NRP-L,2025-11-30,15150.961405500002,-295.44374740725004,-136.35865264950002,-0.0195,-0.009
202509,NRP-L,2025-12-31,14951.221230970828,-291.54881400393117,-134.56099107873746,-0.0195,-0.009000000000000001
202509,NRP-L,2026-01-31,14754.11429774253,-287.70522880597935,-132.78702867968275,-0.0195,-0.009
202509,NRP-L,2026-02-28,14559.605890917292,-283.9123148728872,-131.03645301825563,-0.0195,-0.009000000000000001
202509,NRP-L,2026-03-31,14367.661753255365,-280.16940418847963,-129.30895577929826,-0.0195,-0.008999999999999998
202509,NRP-L,2026-04-30,14178.248079141613,-276.47583754326143,-127.60423271227451,-0.0195,-0.009
202509,NRP-L,2026-05-31,13991.331508631596,-272.8309644183161,-125.92198357768436,-0.0195,-0.009
202509,NRP-L,2026-06-30,13806.879121576138,-269.2341428707347,-124.26191209418523,-0.0195,-0.009
202509,NRP-L,2026-07-31,13624.858431823359,-265.6847394205555,-122.62372588641023,-0.0195,-0.009
202509,NRP-L,2026-08-31,13445.237381497154,-262.1821289391945,-121.00713643347439,-0.0195,-0.009
202509,NRP-L,2026-09-30,13267.984335351084,-258.72569453934614,-119.41185901815975,-0.0195,-0.009
202509,NRP-L,2026-10-31,13093.068075196705,-255.31482746633574,-117.83761267677033,-0.0195,-0.009
202509,NRP-L,2026-11-30,12920.45779440536,-251.9489269909045,-116.28412014964823,-0.0195,-0.009
202509,NRP-L,2026-12-31,12750.123092482449,-248.62740030340774,-114.75110783234203,-0.0195,-0.009
202509,NRP-L,2027-01-31,12582.03396971322,-245.34966240940778,-113.23830572741898,-0.0195,-0.009
202509,NRP-L,2027-02-28,12416.160821879168,-242.11513602664377,-111.74544739691251,-0.0195,-0.009
202509,NRP-L,2027-03-31,12252.474435044061,-238.9232514833592,-110.27226991539655,-0.0195,-0.009
202509,NRP-L,2027-04-30,12090.945980408731,-235.77344661797025,-108.81851382367857,-0.0195,-0.009
202509,NRP-L,2027-05-31,11931.547009233676,-232.6651666800567,-107.38392308310308,-0.0195,-0.009
202509,NRP-L,2027-06-30,11774.249447828612,-229.59786423265794,-105.9682450304575,-0.0195,-0.009
202509,NRP-L,2027-07-31,11619.025592608072,-226.57099905585738,-104.57123033347264,-0.0195,-0.009
202509,NRP-L,2027-08-31,11465.848105212188,-223.58403805163766,-103.19263294690968,-0.0195,-0.009
202509,NRP-L,2027-09-30,11314.690007691806,-220.6364551499902,-101.83221006922625,-0.0195,-0.009
202509,NRP-L,2027-10-31,11165.52467775707,-217.72773121626287,-100.48972209981362,-0.0195,-0.009
202509,NRP-L,2027-11-30,11018.32584408864,-214.85735395972847,-99.16493259679775,-0.0195,-0.009
202509,NRP-L,2027-12-31,10873.067581710739,-212.02481784335941,-97.85760823539664,-0.0195,-0.009
202509,NRP-L,2028-01-31,10729.724307425184,-209.22962399479107,-96.56751876682665,-0.0195,-0.009
202509,NRP-L,2028-02-29,10588.270775305627,-206.47128011845973,-95.29443697775064,-0.0195,-0.009
202509,NRP-L,2028-03-31,10448.682072251182,-203.74930040889805,-94.03813865026063,-0.0195,-0.009
202509,NRP-L,2028-04-30,10310.93361359867,-201.06320546517406,-92.79840252238803,-0.0195,-0.009
202509,NRP-L,2028-05-31,10175.001138792728,-198.4125222064582,-91.57501024913455,-0.0195,-0.009
202509,NRP-M,2025-10-31,8727304.43,-112582.227147,-13963.687088,-0.0129,-0.0016
202509,NRP-M,2025-11-30,8738213.5605375,-112722.95493093376,-13981.14169686,-0.0129,-0.0016
202509,NRP-M,2025-12-31,8749136.327488173,-112863.85862459743,-13998.618123981078,-0.0129,-0.0016
202509,NRP-M,2026-01-31,8760072.747897534,-113004.93844787819,-14016.116396636055,-0.0129,-0.0016
202509,NRP-M,2026-02-28,8771022.838832406,-113146.19462093804,-14033.636542131851,-0.0129,-0.0016
202509,NRP-M,2026-03-31,8781986.617380945,-113287.62736421419,-14051.178587809512,-0.0129,-0.0016
202509,NRP-M,2026-04-30,8792964.10065267,-113429.23689841945,-14068.742561044273,-0.0129,-0.0016
202509,NRP-M,2026-05-31,8803955.305778485,-113571.02344454246,-14086.328489245576,-0.0129,-0.0016
202509,NRP-M,2026-06-30,8814960.249910707,-113712.98722384812,-14103.936399857132,-0.0129,-0.0016
202509,NRP-M,2026-07-31,8825978.950223096,-113855.12845787793,-14121.566320356953,-0.0129,-0.0016
202509,NRP-M,2026-08-31,8837011.423910873,-113997.44736845026,-14139.218278257398,-0.0129,-0.0016
202509,NRP-M,2026-09-30,8848057.688190762,-114139.94417766083,-14156.89230110522,-0.0129,-0.0016
202509,NRP-M,2026-10-31,8859117.760301,-114282.6191078829,-14174.5884164816,-0.0129,-0.0016
202509,NRP-M,2026-11-30,8870191.657501375,-114425.47238176774,-14192.3066520022,-0.0129,-0.0016
202509,NRP-M,2026-12-31,8881279.397073252,-114568.50422224496,-14210.047035317204,-0.0129,-0.0016
202509,NRP-M,2027-01-31,8892380.996319592,-114711.71485252274,-14227.809594111348,-0.0129,-0.0016
202509,NRP-M,2027-02-28,8903496.472564992,-114855.10449608839,-14245.594356103988,-0.0129,-0.0016
202509,NRP-M,2027-03-31,8914625.843155697,-114998.6733767085,-14263.401349049116,-0.0129,-0.0016
202509,NRP-M,2027-04-30,8925769.125459641,-115142.42171842937,-14281.230600735427,-0.0129,-0.0016
202509,NRP-M,2027-05-31,8936926.336866466,-115286.34974557742,-14299.082138986347,-0.0129,-0.0016
202509,NRP-M,2027-06-30,8948097.49478755,-115430.45768275938,-14316.95599166008,-0.0129,-0.0016
202509,NRP-M,2027-07-31,8959282.616656035,-115574.74575486286,-14334.852186649658,-0.0129,-0.0016
202509,NRP-M,2027-08-31,8970481.719926855,-115719.21418705642,-14352.770751882968,-0.0129,-0.0016
202509,NRP-M,2027-09-30,8981694.822076764,-115863.86320479025,-14370.711715322823,-0.0129,-0.0016
202509,NRP-M,2027-10-31,8992921.94060436,-116008.69303379625,-14388.675104966978,-0.0129,-0.0016
202509,NRP-M,2027-11-30,9004163.093030117,-116153.70390008851,-14406.660948848188,-0.0129,-0.0016
202509,NRP-M,2027-12-31,9015418.296896406,-116298.89602996364,-14424.66927503425,-0.0129,-0.0016
202509,NRP-M,2028-01-31,9026687.569767525,-116444.26965000108,-14442.70011162804,-0.0129,-0.0016
202509,NRP-M,2028-02-29,9037970.929229734,-116589.82498706358,-14460.753486767575,-0.0129,-0.0016
202509,NRP-M,2028-03-31,9049268.392891273,-116735.56226829742,-14478.829428626037,-0.0129,-0.0016
202509,NRP-M,2028-04-30,9060579.978382386,-116881.48172113279,-14496.927965411818,-0.0129,-0.0016
202509,NRP-M,2028-05-31,9071905.703355365,-117027.5835732842,-14515.049125368583,-0.0129,-0.0016
202509,NRP-S,2025-10-31,3314123.2199999997,-55677.27009599999,-8285.30805,-0.0168,-0.0025
202509,NRP-S,2025-11-30,3318127.7855574996,-55744.54679736599,-8295.31946389375,-0.0168,-0.0025
202509,NRP-S,2025-12-31,3322137.1899650483,-55811.90479141281,-8305.34297491262,-0.0168,-0.0025
202509,NRP-S,2026-01-31,3326151.439069589,-55879.34417636909,-8315.378597673973,-0.0168,-0.0025
202509,NRP-S,2026-02-28,3330170.538725131,-55946.8650505822,-8325.426346812828,-0.0168,-0.0025
202509,NRP-S,2026-03-31,3334194.4947927576,-56014.46751251832,-8335.486236981895,-0.0168,-0.0025
202509,NRP-S,2026-04-30,3338223.313140632,-56082.15166076262,-8345.55828285158,-0.0168,-0.0025
202509,NRP-S,2026-05-31,3342256.9996440103,-56149.91759401937,-8355.642499110027,-0.0168,-0.0025
202509,NRP-S,2026-06-30,3346295.5601852466,-56217.76541111214,-8365.738900463117,-0.0168,-0.0025
202509,NRP-S,2026-07-31,3350339.000653804,-56285.695210983904,-8375.84750163451,-0.0168,-0.0025
202509,NRP-S,2026-08-31,3354387.3269462604,-56353.70709269717,-8385.96831736565,-0.0168,-0.0024999999999999996
202509,NRP-S,2026-09-30,3358440.5449663205,-56421.80115543418,-8396.101362415802,-0.0168,-0.0025000000000000005
202509,NRP-S,2026-10-31,3362498.6606248217,-56489.977498497,-8406.246651562054,-0.0168,-0.0025
202509,NRP-S,2026-11-30,3366561.6798397438,-56558.23622130769,-8416.40419959936,-0.0168,-0.0025
202509,NRP-S,2026-12-31,3370629.608536217,-56626.57742340844,-8426.574021340542,-0.0168,-0.0025
202509,NRP-S,2027-01-31,3374702.4526465316,-56695.001204461725,-8436.75613161633,-0.0168,-0.0025000000000000005
202509,NRP-S,2027-02-28,3378780.218110146,-56763.50766425045,-8446.950545275366,-0.0168,-0.0025
202509,NRP-S,2027-03-31,3382862.9108736953,-56832.09690267808,-8457.157277184238,-0.0168,-0.0025
202509,NRP-S,2027-04-30,3386950.536891001,-56900.76901976881,-8467.376342227502,-0.0168,-0.0025
202509,NRP-S,2027-05-31,3391043.102123077,-56969.52411566769,-8477.607755307692,-0.0168,-0.0025
202509,NRP-S,2027-06-30,3395140.6125381426,-57038.36229064079,-8487.851531345357,-0.0168,-0.0025
202509,NRP-S,2027-07-31,3399243.074111626,-57107.28364507532,-8498.107685279065,-0.0168,-0.0025
202509,NRP-S,2027-08-31,3403350.4928261777,-57176.288279479784,-8508.376232065444,-0.0168,-0.0025
202509,NRP-S,2027-09-30,3407462.874671676,-57245.37629448416,-8518.657186679191,-0.0168,-0.0025
202509,NRP-S,2027-10-31,3411580.2256452376,-57314.54779083999,-8528.950564113095,-0.0168,-0.0025
202509,NRP-S,2027-11-30,3415702.5517512257,-57383.802869420586,-8539.256379378065,-0.0168,-0.0025
202509,NRP-S,2027-12-31,3419829.8590012584,-57453.14163122114,-8549.574647503146,-0.0168,-0.0025
202509,NRP-S,2028-01-31,3423962.1534142187,-57522.56417735887,-8559.905383535546,-0.0168,-0.0025
202509,NRP-S,2028-02-29,3428099.4410162605,-57592.07060907318,-8570.24860254065,-0.0168,-0.0024999999999999996
202509,NRP-S,2028-03-31,3432241.7278408217,-57661.6610277258,-8580.604319602055,-0.0168,-0.0025
202509,NRP-S,2028-04-30,3436389.019928629,-57731.335534800965,-8590.972549821572,-0.0168,-0.0025
202509,NRP-S,2028-05-31,3440541.3233277095,-57801.09423190552,-8601.353308319274,-0.0168,-0.0025
202509,PRIME,2025-10-31,24414.84,-183.1113,-107.425296,-0.0075,-0.0044
202509,PRIME,2025-11-30,24398.766896999998,-182.99075172749997,-107.35457434679999,-0.0075,-0.0044
202509,PRIME,2025-12-31,24382.704375459474,-182.87028281594604,-107.2838992520217,-0.0075,-0.0044
202509,PRIME,2026-01-31,24366.652428412293,-182.7498932130922,-107.2132706850141,-0.007500000000000001,-0.0044
202509,PRIME,2026-02-28,24350.611048896924,-182.62958286672693,-107.14268861514647,-0.0075,-0.0044
202509,PRIME,2026-03-31,24334.5802299564,-182.50935172467297,-107.07215301180815,-0.007499999999999999,-0.0044
202509,PRIME,2026-04-30,24318.559964638345,-182.38919973478758,-107.00166384440872,-0.0075,-0.0044
202509,PRIME,2026-05-31,24302.550245994957,-182.26912684496216,-106.93122108237782,-0.0075,-0.0044
202509,PRIME,2026-06-30,24286.551067083008,-182.14913300312256,-106.86082469516525,-0.0075,-0.0044
202509,PRIME,2026-07-31,24270.56242096384,-182.0292181572288,-106.7904746522409,-0.0075,-0.0044
202509,PRIME,2026-08-31,24254.584300703373,-181.9093822552753,-106.72017092309484,-0.0075,-0.0044
202509,PRIME,2026-09-30,24238.616699372076,-181.78962524529055,-106.64991347723713,-0.007499999999999999,-0.0044
202509,PRIME,2026-10-31,24222.659610044986,-181.66994707533738,-106.57970228419795,-0.007499999999999999,-0.0044
202509,PRIME,2026-11-30,24206.713025801706,-181.55034769351278,-106.50953731352752,-0.007499999999999999,-0.0044
202509,PRIME,2026-12-31,24190.776939726387,-181.4308270479479,-106.4394185347961,-0.0075,-0.0044
202509,PRIME,2027-01-31,24174.851344907733,-181.311385086808,-106.36934591759403,-0.007500000000000001,-0.0044
202509,PRIME,2027-02-28,24158.936234439003,-181.19202175829253,-106.29931943153161,-0.007500000000000001,-0.0044
202509,PRIME,2027-03-31,24143.031601418,-181.072737010635,-106.2293390462392,-0.0075,-0.0044
202509,PRIME,2027-04-30,24127.137438947062,-180.95353079210295,-106.15940473136708,-0.0075,-0.0044
202509,PRIME,2027-05-31,24111.25374013309,-180.83440305099816,-106.0895164565856,-0.0075,-0.0044
202509,PRIME,2027-06-30,24095.380498087503,-180.71535373565627,-106.01967419158503,-0.0075,-0.0044
202509,PRIME,2027-07-31,24079.51770592626,-180.59638279444695,-105.94987790607556,-0.0075,-0.0044
202509,PRIME,2027-08-31,24063.66535676986,-180.47749017577394,-105.88012756978739,-0.0075,-0.0044
202509,PRIME,2027-09-30,24047.82344374332,-180.3586758280749,-105.81042315247062,-0.0075,-0.0044
202509,PRIME,2027-10-31,24031.99195997619,-180.2399396998214,-105.74076462389523,-0.0075,-0.0044
202509,PRIME,2027-11-30,24016.170898602537,-180.12128173951902,-105.67115195385117,-0.0075,-0.0044
202509,PRIME,2027-12-31,24000.360252760955,-180.00270189570716,-105.6015851121482,-0.0075,-0.0044
202509,PRIME,2028-01-31,23984.560015594554,-179.88420011695914,-105.53206406861604,-0.007499999999999999,-0.0044
202509,PRIME,2028-02-29,23968.77018025096,-179.76577635188218,-105.46258879310422,-0.0075,-0.0044
202509,PRIME,2028-03-31,23952.99073988229,-179.64743054911716,-105.39315925548209,-0.007499999999999999,-0.0044
202509,PRIME,2028-04-30,23937.2216876452,-179.529162657339,-105.32377542563889,-0.0075,-0.0044
202509,PRIME,2028-05-31,23921.463016700833,-179.41097262525625,-105.25443727348367,-0.007500000000000001,-0.0044
