Segment,Cohort,Metric,MOB_Start,MOB_End,Approach,Param1,Param2,Explanation
NON PRIME,201912,Coll_Principal,70,70,Manual,0.0,,PQ rate for MOB 70
NON PRIME,201912,Coll_Interest,70,70,Manual,0.0,,PQ rate for MOB 70
NON PRIME,201912,Coll_Principal,71,71,Manual,0.0,,PQ rate for MOB 71
NON PRIME,201912,Coll_Interest,71,71,Manual,0.0,,PQ rate for MOB 71
NON PRIME,201912,Coll_Principal,72,72,Manual,0.0,,PQ rate for MOB 72
NON PRIME,201912,Coll_Interest,72,72,Manual,0.0,,PQ rate for MOB 72
NON PRIME,201912,Coll_Principal,73,73,Manual,0.0,,PQ rate for MOB 73
NON PRIME,201912,Coll_Interest,73,73,Manual,0.0,,PQ rate for MOB 73
NON PRIME,201912,Coll_Principal,74,74,Manual,0.0,,PQ rate for MOB 74
NON PRIME,201912,Coll_Interest,74,74,Manual,0.0,,PQ rate for MOB 74
NON PRIME,201912,Coll_Principal,75,75,Manual,0.0,,PQ rate for MOB 75
NON PRIME,201912,Coll_Interest,75,75,Manual,0.0,,PQ rate for MOB 75
NON PRIME,201912,Coll_Principal,76,76,Manual,0.0,,PQ rate for MOB 76
NON PRIME,201912,Coll_Interest,76,76,Manual,0.0,,PQ rate for MOB 76
NON PRIME,201912,Coll_Principal,77,77,Manual,0.0,,PQ rate for MOB 77
NON PRIME,201912,Coll_Interest,77,77,Manual,0.0,,PQ rate for MOB 77
NON PRIME,201912,Coll_Principal,78,78,Manual,0.0,,PQ rate for MOB 78
NON PRIME,201912,Coll_Interest,78,78,Manual,0.0,,PQ rate for MOB 78
NON PRIME,201912,Coll_Principal,79,79,Manual,0.0,,PQ rate for MOB 79
NON PRIME,201912,Coll_Interest,79,79,Manual,0.0,,PQ rate for MOB 79
NON PRIME,201912,Coll_Principal,80,80,Manual,0.0,,PQ rate for MOB 80
NON PRIME,201912,Coll_Interest,80,80,Manual,0.0,,PQ rate for MOB 80
NON PRIME,201912,Coll_Principal,81,81,Manual,0.0,,PQ rate for MOB 81
NON PRIME,201912,Coll_Interest,81,81,Manual,0.0,,PQ rate for MOB 81
NON PRIME,201912,Coll_Principal,82,82,Manual,0.0,,PQ rate for MOB 82
NON PRIME,201912,Coll_Interest,82,82,Manual,0.0,,PQ rate for MOB 82
NON PRIME,201912,Coll_Principal,83,83,Manual,0.0,,PQ rate for MOB 83
NON PRIME,201912,Coll_Interest,83,83,Manual,0.0,,PQ rate for MOB 83
NON PRIME,201912,Coll_Principal,84,84,Manual,0.0,,PQ rate for MOB 84
NON PRIME,201912,Coll_Interest,84,84,Manual,0.0,,PQ rate for MOB 84
NON PRIME,201912,Coll_Principal,85,85,Manual,0.0,,PQ rate for MOB 85
NON PRIME,201912,Coll_Interest,85,85,Manual,0.0,,PQ rate for MOB 85
NON PRIME,201912,Coll_Principal,86,86,Manual,0.0,,PQ rate for MOB 86
NON PRIME,201912,Coll_Interest,86,86,Manual,0.0,,PQ rate for MOB 86
NON PRIME,201912,Coll_Principal,87,87,Manual,0.0,,PQ rate for MOB 87
NON PRIME,201912,Coll_Interest,87,87,Manual,0.0,,PQ rate for MOB 87
NON PRIME,201912,Coll_Principal,88,88,Manual,0.0,,PQ rate for MOB 88
NON PRIME,201912,Coll_Interest,88,88,Manual,0.0,,PQ rate for MOB 88
NON PRIME,201912,Coll_Principal,89,89,Manual,0.0,,PQ rate for MOB 89
NON PRIME,201912,Coll_Interest,89,89,Manual,0.0,,PQ rate for MOB 89
NON PRIME,201912,Coll_Principal,90,90,Manual,0.0,,PQ rate for MOB 90
NON PRIME,201912,Coll_Interest,90,90,Manual,0.0,,PQ rate for MOB 90
NON PRIME,201912,Coll_Principal,91,91,Manual,0.0,,PQ rate for MOB 91
NON PRIME,201912,Coll_Interest,91,91,Manual,0.0,,PQ rate for MOB 91
NON PRIME,201912,Coll_Principal,92,92,Manual,0.0,,PQ rate for MOB 92
NON PRIME,201912,Coll_Interest,92,92,Manual,0.0,,PQ rate for MOB 92
NON PRIME,201912,Coll_Principal,93,93,Manual,0.0,,PQ rate for MOB 93
NON PRIME,201912,Coll_Interest,93,93,Manual,0.0,,PQ rate for MOB 93
NON PRIME,201912,Coll_Principal,94,94,Manual,0.0,,PQ rate for MOB 94
NON PRIME,201912,Coll_Interest,94,94,Manual,0.0,,PQ rate for MOB 94
NON PRIME,201912,Coll_Principal,95,95,Manual,0.0,,PQ rate for MOB 95
NON PRIME,201912,Coll_Interest,95,95,Manual,0.0,,PQ rate for MOB 95
NON PRIME,201912,Coll_Principal,96,96,Manual,0.0,,PQ rate for MOB 96
NON PRIME,201912,Coll_Interest,96,96,Manual,0.0,,PQ rate for MOB 96
NON PRIME,201912,Coll_Principal,97,97,Manual,0.0,,PQ rate for MOB 97
NON PRIME,201912,Coll_Interest,97,97,Manual,0.0,,PQ rate for MOB 97
NON PRIME,201912,Coll_Principal,98,98,Manual,0.0,,PQ rate for MOB 98
NON PRIME,201912,Coll_Interest,98,98,Manual,0.0,,PQ rate for MOB 98
NON PRIME,201912,Coll_Principal,99,99,Manual,0.0,,PQ rate for MOB 99
NON PRIME,201912,Coll_Interest,99,99,Manual,0.0,,PQ rate for MOB 99
NON PRIME,201912,Coll_Principal,100,100,Manual,-0.0005266565205683,,PQ rate for MOB 100
NON PRIME,201912,Coll_Interest,100,100,Manual,0.0,,PQ rate for MOB 100
NON PRIME,201912,Coll_Principal,101,101,Manual,-0.0005266565205683,,PQ rate for MOB 101
NON PRIME,201912,Coll_Interest,101,101,Manual,0.0,,PQ rate for MOB 101
NRP-S,201912,Coll_Principal,70,70,Manual,0.0,,PQ rate for MOB 70
NRP-S,201912,Coll_Interest,70,70,Manual,-0.0040507218267277,,PQ rate for MOB 70
NRP-S,201912,Coll_Principal,71,71,Manual,0.0,,PQ rate for MOB 71
NRP-S,201912,Coll_Interest,71,71,Manual,-0.0036414960788189,,PQ rate for MOB 71
NRP-S,201912,Coll_Principal,72,72,Manual,0.0,,PQ rate for MOB 72
NRP-S,201912,Coll_Interest,72,72,Manual,-0.0032548463795796,,PQ rate for MOB 72
NRP-S,201912,Coll_Principal,73,73,Manual,0.0,,PQ rate for MOB 73
NRP-S,201912,Coll_Interest,73,73,Manual,-0.0028893329009259,,PQ rate for MOB 73
NRP-S,201912,Coll_Principal,74,74,Manual,0.0,,PQ rate for MOB 74
NRP-S,201912,Coll_Interest,74,74,Manual,-0.0025436242769931,,PQ rate for MOB 74
NRP-S,201912,Coll_Principal,75,75,Manual,0.0,,PQ rate for MOB 75
NRP-S,201912,Coll_Interest,75,75,Manual,-0.0022164881218432,,PQ rate for MOB 75
NRP-S,201912,Coll_Principal,76,76,Manual,0.0,,PQ rate for MOB 76
NRP-S,201912,Coll_Interest,76,76,Manual,-0.0019067824910401,,PQ rate for MOB 76
NRP-S,201912,Coll_Principal,77,77,Manual,0.0,,PQ rate for MOB 77
NRP-S,201912,Coll_Interest,77,77,Manual,-0.0016134481818465,,PQ rate for MOB 77
NRP-S,201912,Coll_Principal,78,78,Manual,0.0,,PQ rate for MOB 78
NRP-S,201912,Coll_Interest,78,78,Manual,-0.0013355017797716,,PQ rate for MOB 78
NRP-S,201912,Coll_Principal,79,79,Manual,0.0,,PQ rate for MOB 79
NRP-S,201912,Coll_Interest,79,79,Manual,-0.0010720293704178,,PQ rate for MOB 79
NRP-S,201912,Coll_Principal,80,80,Manual,0.0,,PQ rate for MOB 80
NRP-S,201912,Coll_Interest,80,80,Manual,-0.0008221808453095,,PQ rate for MOB 80
NRP-S,201912,Coll_Principal,81,81,Manual,0.0,,PQ rate for MOB 81
NRP-S,201912,Coll_Interest,81,81,Manual,-0.0005851647388348,,PQ rate for MOB 81
NRP-S,201912,Coll_Principal,82,82,Manual,0.0,,PQ rate for MOB 82
NRP-S,201912,Coll_Interest,82,82,Manual,-0.0003602435407943,,PQ rate for MOB 82
NRP-S,201912,Coll_Principal,83,83,Manual,0.0,,PQ rate for MOB 83
NRP-S,201912,Coll_Interest,83,83,Manual,-0.0001467294354612,,PQ rate for MOB 83
NRP-S,201912,Coll_Principal,84,84,Manual,0.0,,PQ rate for MOB 84
NRP-S,201912,Coll_Interest,84,84,Manual,0.0,,PQ rate for MOB 84
NRP-S,201912,Coll_Principal,85,85,Manual,0.0,,PQ rate for MOB 85
NRP-S,201912,Coll_Interest,85,85,Manual,0.0,,PQ rate for MOB 85
NRP-S,201912,Coll_Principal,86,86,Manual,0.0,,PQ rate for MOB 86
NRP-S,201912,Coll_Interest,86,86,Manual,0.0,,PQ rate for MOB 86
NRP-S,201912,Coll_Principal,87,87,Manual,0.0,,PQ rate for MOB 87
NRP-S,201912,Coll_Interest,87,87,Manual,0.0,,PQ rate for MOB 87
NRP-S,201912,Coll_Principal,88,88,Manual,0.0,,PQ rate for MOB 88
NRP-S,201912,Coll_Interest,88,88,Manual,0.0,,PQ rate for MOB 88
NRP-S,201912,Coll_Principal,89,89,Manual,0.0,,PQ rate for MOB 89
NRP-S,201912,Coll_Interest,89,89,Manual,0.0,,PQ rate for MOB 89
NRP-S,201912,Coll_Principal,90,90,Manual,0.0,,PQ rate for MOB 90
NRP-S,201912,Coll_Interest,90,90,Manual,0.0,,PQ rate for MOB 90
NRP-S,201912,Coll_Principal,91,91,Manual,0.0,,PQ rate for MOB 91
NRP-S,201912,Coll_Interest,91,91,Manual,0.0,,PQ rate for MOB 91
NRP-S,201912,Coll_Principal,92,92,Manual,0.0,,PQ rate for MOB 92
NRP-S,201912,Coll_Interest,92,92,Manual,0.0,,PQ rate for MOB 92
NRP-S,201912,Coll_Principal,93,93,Manual,0.0,,PQ rate for MOB 93
NRP-S,201912,Coll_Interest,93,93,Manual,0.0,,PQ rate for MOB 93
NRP-S,201912,Coll_Principal,94,94,Manual,0.0,,PQ rate for MOB 94
NRP-S,201912,Coll_Interest,94,94,Manual,0.0,,PQ rate for MOB 94
NRP-S,201912,Coll_Principal,95,95,Manual,0.0,,PQ rate for MOB 95
NRP-S,201912,Coll_Interest,95,95,Manual,0.0,,PQ rate for MOB 95
NRP-S,201912,Coll_Principal,96,96,Manual,0.0,,PQ rate for MOB 96
NRP-S,201912,Coll_Interest,96,96,Manual,0.0,,PQ rate for MOB 96
NRP-S,201912,Coll_Principal,97,97,Manual,0.0,,PQ rate for MOB 97
NRP-S,201912,Coll_Interest,97,97,Manual,0.0,,PQ rate for MOB 97
NRP-S,201912,Coll_Principal,98,98,Manual,0.0,,PQ rate for MOB 98
NRP-S,201912,Coll_Interest,98,98,Manual,0.0,,PQ rate for MOB 98
NRP-S,201912,Coll_Principal,99,99,Manual,0.0,,PQ rate for MOB 99
NRP-S,201912,Coll_Interest,99,99,Manual,0.0,,PQ rate for MOB 99
NRP-S,201912,Coll_Principal,100,100,Manual,-0.0068319288919226,,PQ rate for MOB 100
NRP-S,201912,Coll_Interest,100,100,Manual,0.0,,PQ rate for MOB 100
NRP-S,201912,Coll_Principal,101,101,Manual,-0.0068319288919226,,PQ rate for MOB 101
NRP-S,201912,Coll_Interest,101,101,Manual,0.0,,PQ rate for MOB 101
NON PRIME,202001,Coll_Principal,69,69,Manual,0.0,,PQ rate for MOB 69
NON PRIME,202001,Coll_Interest,69,69,Manual,0.0,,PQ rate for MOB 69
NON PRIME,202001,Coll_Principal,70,70,Manual,0.0,,PQ rate for MOB 70
NON PRIME,202001,Coll_Interest,70,70,Manual,0.0,,PQ rate for MOB 70
NON PRIME,202001,Coll_Principal,71,71,Manual,0.0,,PQ rate for MOB 71
NON PRIME,202001,Coll_Interest,71,71,Manual,0.0,,PQ rate for MOB 71
NON PRIME,202001,Coll_Principal,72,72,Manual,0.0,,PQ rate for MOB 72
NON PRIME,202001,Coll_Interest,72,72,Manual,0.0,,PQ rate for MOB 72
NON PRIME,202001,Coll_Principal,73,73,Manual,0.0,,PQ rate for MOB 73
NON PRIME,202001,Coll_Interest,73,73,Manual,0.0,,PQ rate for MOB 73
NON PRIME,202001,Coll_Principal,74,74,Manual,0.0,,PQ rate for MOB 74
NON PRIME,202001,Coll_Interest,74,74,Manual,0.0,,PQ rate for MOB 74
NON PRIME,202001,Coll_Principal,75,75,Manual,0.0,,PQ rate for MOB 75
NON PRIME,202001,Coll_Interest,75,75,Manual,0.0,,PQ rate for MOB 75
NON PRIME,202001,Coll_Principal,76,76,Manual,0.0,,PQ rate for MOB 76
NON PRIME,202001,Coll_Interest,76,76,Manual,0.0,,PQ rate for MOB 76
NON PRIME,202001,Coll_Principal,77,77,Manual,0.0,,PQ rate for MOB 77
NON PRIME,202001,Coll_Interest,77,77,Manual,0.0,,PQ rate for MOB 77
NON PRIME,202001,Coll_Principal,78,78,Manual,0.0,,PQ rate for MOB 78
NON PRIME,202001,Coll_Interest,78,78,Manual,0.0,,PQ rate for MOB 78
NON PRIME,202001,Coll_Principal,79,79,Manual,0.0,,PQ rate for MOB 79
NON PRIME,202001,Coll_Interest,79,79,Manual,0.0,,PQ rate for MOB 79
NON PRIME,202001,Coll_Principal,80,80,Manual,0.0,,PQ rate for MOB 80
NON PRIME,202001,Coll_Interest,80,80,Manual,0.0,,PQ rate for MOB 80
NON PRIME,202001,Coll_Principal,81,81,Manual,0.0,,PQ rate for MOB 81
NON PRIME,202001,Coll_Interest,81,81,Manual,0.0,,PQ rate for MOB 81
NON PRIME,202001,Coll_Principal,82,82,Manual,0.0,,PQ rate for MOB 82
NON PRIME,202001,Coll_Interest,82,82,Manual,0.0,,PQ rate for MOB 82
NON PRIME,202001,Coll_Principal,83,83,Manual,0.0,,PQ rate for MOB 83
NON PRIME,202001,Coll_Interest,83,83,Manual,0.0,,PQ rate for MOB 83
NON PRIME,202001,Coll_Principal,84,84,Manual,0.0,,PQ rate for MOB 84
NON PRIME,202001,Coll_Interest,84,84,Manual,0.0,,PQ rate for MOB 84
NON PRIME,202001,Coll_Principal,85,85,Manual,0.0,,PQ rate for MOB 85
NON PRIME,202001,Coll_Interest,85,85,Manual,0.0,,PQ rate for MOB 85
NON PRIME,202001,Coll_Principal,86,86,Manual,0.0,,PQ rate for MOB 86
NON PRIME,202001,Coll_Interest,86,86,Manual,0.0,,PQ rate for MOB 86
NON PRIME,202001,Coll_Principal,87,87,Manual,0.0,,PQ rate for MOB 87
NON PRIME,202001,Coll_Interest,87,87,Manual,0.0,,PQ rate for MOB 87
NON PRIME,202001,Coll_Principal,88,88,Manual,0.0,,PQ rate for MOB 88
NON PRIME,202001,Coll_Interest,88,88,Manual,0.0,,PQ rate for MOB 88
NON PRIME,202001,Coll_Principal,89,89,Manual,0.0,,PQ rate for MOB 89
NON PRIME,202001,Coll_Interest,89,89,Manual,0.0,,PQ rate for MOB 89
NON PRIME,202001,Coll_Principal,90,90,Manual,0.0,,PQ rate for MOB 90
NON PRIME,202001,Coll_Interest,90,90,Manual,0.0,,PQ rate for MOB 90
NON PRIME,202001,Coll_Principal,91,91,Manual,0.0,,PQ rate for MOB 91
NON PRIME,202001,Coll_Interest,91,91,Manual,0.0,,PQ rate for MOB 91
NON PRIME,202001,Coll_Principal,92,92,Manual,0.0,,PQ rate for MOB 92
NON PRIME,202001,Coll_Interest,92,92,Manual,0.0,,PQ rate for MOB 92
NON PRIME,202001,Coll_Principal,93,93,Manual,0.0,,PQ rate for MOB 93
NON PRIME,202001,Coll_Interest,93,93,Manual,0.0,,PQ rate for MOB 93
NON PRIME,202001,Coll_Principal,94,94,Manual,0.0,,PQ rate for MOB 94
NON PRIME,202001,Coll_Interest,94,94,Manual,0.0,,PQ rate for MOB 94
NON PRIME,202001,Coll_Principal,95,95,Manual,0.0,,PQ rate for MOB 95
NON PRIME,202001,Coll_Interest,95,95,Manual,0.0,,PQ rate for MOB 95
NON PRIME,202001,Coll_Principal,96,96,Manual,0.0,,PQ rate for MOB 96
NON PRIME,202001,Coll_Interest,96,96,Manual,0.0,,PQ rate for MOB 96
NON PRIME,202001,Coll_Principal,97,97,Manual,0.0,,PQ rate for MOB 97
NON PRIME,202001,Coll_Interest,97,97,Manual,0.0,,PQ rate for MOB 97
NON PRIME,202001,Coll_Principal,98,98,Manual,0.0,,PQ rate for MOB 98
NON PRIME,202001,Coll_Interest,98,98,Manual,0.0,,PQ rate for MOB 98
NON PRIME,202001,Coll_Principal,99,99,Manual,0.0,,PQ rate for MOB 99
NON PRIME,202001,Coll_Interest,99,99,Manual,0.0,,PQ rate for MOB 99
NON PRIME,202001,Coll_Principal,100,100,Manual,0.0,,PQ rate for MOB 100
NON PRIME,202001,Coll_Interest,100,100,Manual,0.0,,PQ rate for MOB 100
NRP-S,202001,Coll_Principal,69,69,Manual,0.0,,PQ rate for MOB 69
NRP-S,202001,Coll_Interest,69,69,Manual,0.0,,PQ rate for MOB 69
NRP-S,202001,Coll_Principal,70,70,Manual,0.0,,PQ rate for MOB 70
NRP-S,202001,Coll_Interest,70,70,Manual,0.0,,PQ rate for MOB 70
NRP-S,202001,Coll_Principal,71,71,Manual,0.0,,PQ rate for MOB 71
NRP-S,202001,Coll_Interest,71,71,Manual,0.0,,PQ rate for MOB 71
NRP-S,202001,Coll_Principal,72,72,Manual,0.0,,PQ rate for MOB 72
NRP-S,202001,Coll_Interest,72,72,Manual,0.0,,PQ rate for MOB 72
NRP-S,202001,Coll_Principal,73,73,Manual,0.0,,PQ rate for MOB 73
NRP-S,202001,Coll_Interest,73,73,Manual,0.0,,PQ rate for MOB 73
NRP-S,202001,Coll_Principal,74,74,Manual,0.0,,PQ rate for MOB 74
NRP-S,202001,Coll_Interest,74,74,Manual,0.0,,PQ rate for MOB 74
NRP-S,202001,Coll_Principal,75,75,Manual,0.0,,PQ rate for MOB 75
NRP-S,202001,Coll_Interest,75,75,Manual,0.0,,PQ rate for MOB 75
NRP-S,202001,Coll_Principal,76,76,Manual,0.0,,PQ rate for MOB 76
NRP-S,202001,Coll_Interest,76,76,Manual,0.0,,PQ rate for MOB 76
NRP-S,202001,Coll_Principal,77,77,Manual,0.0,,PQ rate for MOB 77
NRP-S,202001,Coll_Interest,77,77,Manual,0.0,,PQ rate for MOB 77
NRP-S,202001,Coll_Principal,78,78,Manual,0.0,,PQ rate for MOB 78
NRP-S,202001,Coll_Interest,78,78,Manual,0.0,,PQ rate for MOB 78
NRP-S,202001,Coll_Principal,79,79,Manual,0.0,,PQ rate for MOB 79
NRP-S,202001,Coll_Interest,79,79,Manual,0.0,,PQ rate for MOB 79
NRP-S,202001,Coll_Principal,80,80,Manual,0.0,,PQ rate for MOB 80
NRP-S,202001,Coll_Interest,80,80,Manual,0.0,,PQ rate for MOB 80
NRP-S,202001,Coll_Principal,81,81,Manual,0.0,,PQ rate for MOB 81
NRP-S,202001,Coll_Interest,81,81,Manual,0.0,,PQ rate for MOB 81
NRP-S,202001,Coll_Principal,82,82,Manual,0.0,,PQ rate for MOB 82
NRP-S,202001,Coll_Interest,82,82,Manual,0.0,,PQ rate for MOB 82
NRP-S,202001,Coll_Principal,83,83,Manual,0.0,,PQ rate for MOB 83
NRP-S,202001,Coll_Interest,83,83,Manual,0.0,,PQ rate for MOB 83
NRP-S,202001,Coll_Principal,84,84,Manual,0.0,,PQ rate for MOB 84
NRP-S,202001,Coll_Interest,84,84,Manual,0.0,,PQ rate for MOB 84
NRP-S,202001,Coll_Principal,85,85,Manual,0.0,,PQ rate for MOB 85
NRP-S,202001,Coll_Interest,85,85,Manual,0.0,,PQ rate for MOB 85
NRP-S,202001,Coll_Principal,86,86,Manual,0.0,,PQ rate for MOB 86
NRP-S,202001,Coll_Interest,86,86,Manual,0.0,,PQ rate for MOB 86
NRP-S,202001,Coll_Principal,87,87,Manual,0.0,,PQ rate for MOB 87
NRP-S,202001,Coll_Interest,87,87,Manual,0.0,,PQ rate for MOB 87
NRP-S,202001,Coll_Principal,88,88,Manual,0.0,,PQ rate for MOB 88
NRP-S,202001,Coll_Interest,88,88,Manual,0.0,,PQ rate for MOB 88
NRP-S,202001,Coll_Principal,89,89,Manual,0.0,,PQ rate for MOB 89
NRP-S,202001,Coll_Interest,89,89,Manual,0.0,,PQ rate for MOB 89
NRP-S,202001,Coll_Principal,90,90,Manual,0.0,,PQ rate for MOB 90
NRP-S,202001,Coll_Interest,90,90,Manual,0.0,,PQ rate for MOB 90
NRP-S,202001,Coll_Principal,91,91,Manual,0.0,,PQ rate for MOB 91
NRP-S,202001,Coll_Interest,91,91,Manual,0.0,,PQ rate for MOB 91
NRP-S,202001,Coll_Principal,92,92,Manual,0.0,,PQ rate for MOB 92
NRP-S,202001,Coll_Interest,92,92,Manual,0.0,,PQ rate for MOB 92
NRP-S,202001,Coll_Principal,93,93,Manual,0.0,,PQ rate for MOB 93
NRP-S,202001,Coll_Interest,93,93,Manual,0.0,,PQ rate for MOB 93
NRP-S,202001,Coll_Principal,94,94,Manual,0.0,,PQ rate for MOB 94
NRP-S,202001,Coll_Interest,94,94,Manual,0.0,,PQ rate for MOB 94
NRP-S,202001,Coll_Principal,95,95,Manual,0.0,,PQ rate for MOB 95
NRP-S,202001,Coll_Interest,95,95,Manual,0.0,,PQ rate for MOB 95
NRP-S,202001,Coll_Principal,96,96,Manual,0.0,,PQ rate for MOB 96
NRP-S,202001,Coll_Interest,96,96,Manual,0.0,,PQ rate for MOB 96
NRP-S,202001,Coll_Principal,97,97,Manual,0.0,,PQ rate for MOB 97
NRP-S,202001,Coll_Interest,97,97,Manual,0.0,,PQ rate for MOB 97
NRP-S,202001,Coll_Principal,98,98,Manual,0.0,,PQ rate for MOB 98
NRP-S,202001,Coll_Interest,98,98,Manual,0.0,,PQ rate for MOB 98
NRP-S,202001,Coll_Principal,99,99,Manual,0.0,,PQ rate for MOB 99
NRP-S,202001,Coll_Interest,99,99,Manual,0.0,,PQ rate for MOB 99
NRP-S,202001,Coll_Principal,100,100,Manual,-0.15,,PQ rate for MOB 100
NRP-S,202001,Coll_Interest,100,100,Manual,0.0,,PQ rate for MOB 100
NON PRIME,202101,Coll_Principal,57,57,Manual,0.0,,PQ rate for MOB 57
NON PRIME,202101,Coll_Interest,57,57,Manual,0.0,,PQ rate for MOB 57
NON PRIME,202101,Coll_Principal,58,58,Manual,0.0,,PQ rate for MOB 58
NON PRIME,202101,Coll_Interest,58,58,Manual,0.0,,PQ rate for MOB 58
NON PRIME,202101,Coll_Principal,59,59,Manual,0.0,,PQ rate for MOB 59
NON PRIME,202101,Coll_Interest,59,59,Manual,0.0,,PQ rate for MOB 59
NON PRIME,202101,Coll_Principal,60,60,Manual,0.0,,PQ rate for MOB 60
NON PRIME,202101,Coll_Interest,60,60,Manual,0.0,,PQ rate for MOB 60
NON PRIME,202101,Coll_Principal,61,61,Manual,0.0,,PQ rate for MOB 61
NON PRIME,202101,Coll_Interest,61,61,Manual,0.0,,PQ rate for MOB 61
NON PRIME,202101,Coll_Principal,62,62,Manual,0.0,,PQ rate for MOB 62
NON PRIME,202101,Coll_Interest,62,62,Manual,0.0,,PQ rate for MOB 62
NON PRIME,202101,Coll_Principal,63,63,Manual,0.0,,PQ rate for MOB 63
NON PRIME,202101,Coll_Interest,63,63,Manual,0.0,,PQ rate for MOB 63
NON PRIME,202101,Coll_Principal,64,64,Manual,0.0,,PQ rate for MOB 64
NON PRIME,202101,Coll_Interest,64,64,Manual,0.0,,PQ rate for MOB 64
NON PRIME,202101,Coll_Principal,65,65,Manual,0.0,,PQ rate for MOB 65
NON PRIME,202101,Coll_Interest,65,65,Manual,0.0,,PQ rate for MOB 65
NON PRIME,202101,Coll_Principal,66,66,Manual,0.0,,PQ rate for MOB 66
NON PRIME,202101,Coll_Interest,66,66,Manual,0.0,,PQ rate for MOB 66
NON PRIME,202101,Coll_Principal,67,67,Manual,0.0,,PQ rate for MOB 67
NON PRIME,202101,Coll_Interest,67,67,Manual,0.0,,PQ rate for MOB 67
NON PRIME,202101,Coll_Principal,68,68,Manual,0.0,,PQ rate for MOB 68
NON PRIME,202101,Coll_Interest,68,68,Manual,0.0,,PQ rate for MOB 68
NON PRIME,202101,Coll_Principal,69,69,Manual,0.0,,PQ rate for MOB 69
NON PRIME,202101,Coll_Interest,69,69,Manual,0.0,,PQ rate for MOB 69
NON PRIME,202101,Coll_Principal,70,70,Manual,0.0,,PQ rate for MOB 70
NON PRIME,202101,Coll_Interest,70,70,Manual,0.0,,PQ rate for MOB 70
NON PRIME,202101,Coll_Principal,71,71,Manual,0.0,,PQ rate for MOB 71
NON PRIME,202101,Coll_Interest,71,71,Manual,0.0,,PQ rate for MOB 71
NON PRIME,202101,Coll_Principal,72,72,Manual,0.0,,PQ rate for MOB 72
NON PRIME,202101,Coll_Interest,72,72,Manual,0.0,,PQ rate for MOB 72
NON PRIME,202101,Coll_Principal,73,73,Manual,0.0,,PQ rate for MOB 73
NON PRIME,202101,Coll_Interest,73,73,Manual,0.0,,PQ rate for MOB 73
NON PRIME,202101,Coll_Principal,74,74,Manual,0.0,,PQ rate for MOB 74
NON PRIME,202101,Coll_Interest,74,74,Manual,0.0,,PQ rate for MOB 74
NON PRIME,202101,Coll_Principal,75,75,Manual,0.0,,PQ rate for MOB 75
NON PRIME,202101,Coll_Interest,75,75,Manual,0.0,,PQ rate for MOB 75
NON PRIME,202101,Coll_Principal,76,76,Manual,0.0,,PQ rate for MOB 76
NON PRIME,202101,Coll_Interest,76,76,Manual,0.0,,PQ rate for MOB 76
NON PRIME,202101,Coll_Principal,77,77,Manual,0.0,,PQ rate for MOB 77
NON PRIME,202101,Coll_Interest,77,77,Manual,0.0,,PQ rate for MOB 77
NON PRIME,202101,Coll_Principal,78,78,Manual,0.0,,PQ rate for MOB 78
NON PRIME,202101,Coll_Interest,78,78,Manual,0.0,,PQ rate for MOB 78
NON PRIME,202101,Coll_Principal,79,79,Manual,0.0,,PQ rate for MOB 79
NON PRIME,202101,Coll_Interest,79,79,Manual,0.0,,PQ rate for MOB 79
NON PRIME,202101,Coll_Principal,80,80,Manual,0.0,,PQ rate for MOB 80
NON PRIME,202101,Coll_Interest,80,80,Manual,0.0,,PQ rate for MOB 80
NON PRIME,202101,Coll_Principal,81,81,Manual,0.0,,PQ rate for MOB 81
NON PRIME,202101,Coll_Interest,81,81,Manual,0.0,,PQ rate for MOB 81
NON PRIME,202101,Coll_Principal,82,82,Manual,0.0,,PQ rate for MOB 82
NON PRIME,202101,Coll_Interest,82,82,Manual,0.0,,PQ rate for MOB 82
NON PRIME,202101,Coll_Principal,83,83,Manual,0.0,,PQ rate for MOB 83
NON PRIME,202101,Coll_Interest,83,83,Manual,0.0,,PQ rate for MOB 83
NON PRIME,202101,Coll_Principal,84,84,Manual,0.0,,PQ rate for MOB 84
NON PRIME,202101,Coll_Interest,84,84,Manual,0.0,,PQ rate for MOB 84
NON PRIME,202101,Coll_Principal,85,85,Manual,0.0,,PQ rate for MOB 85
NON PRIME,202101,Coll_Interest,85,85,Manual,0.0,,PQ rate for MOB 85
NON PRIME,202101,Coll_Principal,86,86,Manual,0.0,,PQ rate for MOB 86
NON PRIME,202101,Coll_Interest,86,86,Manual,0.0,,PQ rate for MOB 86
NON PRIME,202101,Coll_Principal,87,87,Manual,0.0,,PQ rate for MOB 87
NON PRIME,202101,Coll_Interest,87,87,Manual,0.0,,PQ rate for MOB 87
NON PRIME,202101,Coll_Principal,88,88,Manual,0.0,,PQ rate for MOB 88
NON PRIME,202101,Coll_Interest,88,88,Manual,0.0,,PQ rate for MOB 88
NRP-M,202101,Coll_Principal,57,57,Manual,-0.07313923,,PQ rate for MOB 57
NRP-M,202101,Coll_Interest,57,57,Manual,0.0,,PQ rate for MOB 57
NRP-M,202101,Coll_Principal,58,58,Manual,-0.07313923,,PQ rate for MOB 58
NRP-M,202101,Coll_Interest,58,58,Manual,0.0,,PQ rate for MOB 58
NRP-M,202101,Coll_Principal,59,59,Manual,-0.07313923,,PQ rate for MOB 59
NRP-M,202101,Coll_Interest,59,59,Manual,0.0,,PQ rate for MOB 59
NRP-M,202101,Coll_Principal,60,60,Manual,-0.07313923,,PQ rate for MOB 60
NRP-M,202101,Coll_Interest,60,60,Manual,0.0,,PQ rate for MOB 60
NRP-M,202101,Coll_Principal,61,61,Manual,-0.07313923,,PQ rate for MOB 61
NRP-M,202101,Coll_Interest,61,61,Manual,0.0,,PQ rate for MOB 61
NRP-M,202101,Coll_Principal,62,62,Manual,-0.07313923,,PQ rate for MOB 62
NRP-M,202101,Coll_Interest,62,62,Manual,0.0,,PQ rate for MOB 62
NRP-M,202101,Coll_Principal,63,63,Manual,-0.07313923,,PQ rate for MOB 63
NRP-M,202101,Coll_Interest,63,63,Manual,0.0,,PQ rate for MOB 63
NRP-M,202101,Coll_Principal,64,64,Manual,-0.07313923,,PQ rate for MOB 64
NRP-M,202101,Coll_Interest,64,64,Manual,0.0,,PQ rate for MOB 64
NRP-M,202101,Coll_Principal,65,65,Manual,-0.07313923,,PQ rate for MOB 65
NRP-M,202101,Coll_Interest,65,65,Manual,0.0,,PQ rate for MOB 65
NRP-M,202101,Coll_Principal,66,66,Manual,-0.07313923,,PQ rate for MOB 66
NRP-M,202101,Coll_Interest,66,66,Manual,0.0,,PQ rate for MOB 66
NRP-M,202101,Coll_Principal,67,67,Manual,-0.07313923,,PQ rate for MOB 67
NRP-M,202101,Coll_Interest,67,67,Manual,0.0,,PQ rate for MOB 67
NRP-M,202101,Coll_Principal,68,68,Manual,-0.07313923,,PQ rate for MOB 68
NRP-M,202101,Coll_Interest,68,68,Manual,0.0,,PQ rate for MOB 68
NRP-M,202101,Coll_Principal,69,69,Manual,-0.07313923,,PQ rate for MOB 69
NRP-M,202101,Coll_Interest,69,69,Manual,0.0,,PQ rate for MOB 69
NRP-M,202101,Coll_Principal,70,70,Manual,-0.07313923,,PQ rate for MOB 70
NRP-M,202101,Coll_Interest,70,70,Manual,0.0,,PQ rate for MOB 70
NRP-M,202101,Coll_Principal,71,71,Manual,-0.07313923,,PQ rate for MOB 71
NRP-M,202101,Coll_Interest,71,71,Manual,0.0,,PQ rate for MOB 71
NRP-M,202101,Coll_Principal,72,72,Manual,-0.07313923,,PQ rate for MOB 72
NRP-M,202101,Coll_Interest,72,72,Manual,0.0,,PQ rate for MOB 72
NRP-M,202101,Coll_Principal,73,73,Manual,-0.07313923,,PQ rate for MOB 73
NRP-M,202101,Coll_Interest,73,73,Manual,0.0,,PQ rate for MOB 73
NRP-M,202101,Coll_Principal,74,74,Manual,-0.07313923,,PQ rate for MOB 74
NRP-M,202101,Coll_Interest,74,74,Manual,0.0,,PQ rate for MOB 74
NRP-M,202101,Coll_Principal,75,75,Manual,-0.07313923,,PQ rate for MOB 75
NRP-M,202101,Coll_Interest,75,75,Manual,0.0,,PQ rate for MOB 75
NRP-M,202101,Coll_Principal,76,76,Manual,-0.07313923,,PQ rate for MOB 76
NRP-M,202101,Coll_Interest,76,76,Manual,0.0,,PQ rate for MOB 76
NRP-M,202101,Coll_Principal,77,77,Manual,-0.07313923,,PQ rate for MOB 77
NRP-M,202101,Coll_Interest,77,77,Manual,0.0,,PQ rate for MOB 77
NRP-M,202101,Coll_Principal,78,78,Manual,-0.07313923,,PQ rate for MOB 78
NRP-M,202101,Coll_Interest,78,78,Manual,0.0,,PQ rate for MOB 78
NRP-M,202101,Coll_Principal,79,79,Manual,-0.07313923,,PQ rate for MOB 79
NRP-M,202101,Coll_Interest,79,79,Manual,0.0,,PQ rate for MOB 79
NRP-M,202101,Coll_Principal,80,80,Manual,-0.07313923,,PQ rate for MOB 80
NRP-M,202101,Coll_Interest,80,80,Manual,0.0,,PQ rate for MOB 80
NRP-M,202101,Coll_Principal,81,81,Manual,-0.07313923,,PQ rate for MOB 81
NRP-M,202101,Coll_Interest,81,81,Manual,0.0,,PQ rate for MOB 81
NRP-M,202101,Coll_Principal,82,82,Manual,-0.07313923,,PQ rate for MOB 82
NRP-M,202101,Coll_Interest,82,82,Manual,0.0,,PQ rate for MOB 82
NRP-M,202101,Coll_Principal,83,83,Manual,-0.07313923,,PQ rate for MOB 83
NRP-M,202101,Coll_Interest,83,83,Manual,0.0,,PQ rate for MOB 83
NRP-M,202101,Coll_Principal,84,84,Manual,-0.07313923,,PQ rate for MOB 84
NRP-M,202101,Coll_Interest,84,84,Manual,0.0,,PQ rate for MOB 84
NRP-M,202101,Coll_Principal,85,85,Manual,-0.07313923,,PQ rate for MOB 85
NRP-M,202101,Coll_Interest,85,85,Manual,0.0,,PQ rate for MOB 85
NRP-M,202101,Coll_Principal,86,86,Manual,-0.07313923,,PQ rate for MOB 86
NRP-M,202101,Coll_Interest,86,86,Manual,0.0,,PQ rate for MOB 86
NRP-M,202101,Coll_Principal,87,87,Manual,-0.07313923,,PQ rate for MOB 87
NRP-M,202101,Coll_Interest,87,87,Manual,0.0,,PQ rate for MOB 87
NRP-M,202101,Coll_Principal,88,88,Manual,-0.07313923,,PQ rate for MOB 88
NRP-M,202101,Coll_Interest,88,88,Manual,0.0,,PQ rate for MOB 88
NRP-S,202101,Coll_Principal,57,57,Manual,-0.07403968,,PQ rate for MOB 57
NRP-S,202101,Coll_Interest,57,57,Manual,0.0,,PQ rate for MOB 57
NRP-S,202101,Coll_Principal,58,58,Manual,-0.07403968,,PQ rate for MOB 58
NRP-S,202101,Coll_Interest,58,58,Manual,0.0,,PQ rate for MOB 58
NRP-S,202101,Coll_Principal,59,59,Manual,-0.07403968,,PQ rate for MOB 59
NRP-S,202101,Coll_Interest,59,59,Manual,0.0,,PQ rate for MOB 59
NRP-S,202101,Coll_Principal,60,60,Manual,-0.07403968,,PQ rate for MOB 60
NRP-S,202101,Coll_Interest,60,60,Manual,0.0,,PQ rate for MOB 60
NRP-S,202101,Coll_Principal,61,61,Manual,-0.07403968,,PQ rate for MOB 61
NRP-S,202101,Coll_Interest,61,61,Manual,0.0,,PQ rate for MOB 61
NRP-S,202101,Coll_Principal,62,62,Manual,-0.07403968,,PQ rate for MOB 62
NRP-S,202101,Coll_Interest,62,62,Manual,0.0,,PQ rate for MOB 62
NRP-S,202101,Coll_Principal,63,63,Manual,-0.07403968,,PQ rate for MOB 63
NRP-S,202101,Coll_Interest,63,63,Manual,0.0,,PQ rate for MOB 63
NRP-S,202101,Coll_Principal,64,64,Manual,-0.07403968,,PQ rate for MOB 64
NRP-S,202101,Coll_Interest,64,64,Manual,0.0,,PQ rate for MOB 64
NRP-S,202101,Coll_Principal,65,65,Manual,-0.07403968,,PQ rate for MOB 65
NRP-S,202101,Coll_Interest,65,65,Manual,0.0,,PQ rate for MOB 65
NRP-S,202101,Coll_Principal,66,66,Manual,-0.07403968,,PQ rate for MOB 66
NRP-S,202101,Coll_Interest,66,66,Manual,0.0,,PQ rate for MOB 66
NRP-S,202101,Coll_Principal,67,67,Manual,-0.07403968,,PQ rate for MOB 67
NRP-S,202101,Coll_Interest,67,67,Manual,0.0,,PQ rate for MOB 67
NRP-S,202101,Coll_Principal,68,68,Manual,-0.07403968,,PQ rate for MOB 68
NRP-S,202101,Coll_Interest,68,68,Manual,0.0,,PQ rate for MOB 68
NRP-S,202101,Coll_Principal,69,69,Manual,-0.07403968,,PQ rate for MOB 69
NRP-S,202101,Coll_Interest,69,69,Manual,0.0,,PQ rate for MOB 69
NRP-S,202101,Coll_Principal,70,70,Manual,-0.07403968,,PQ rate for MOB 70
NRP-S,202101,Coll_Interest,70,70,Manual,0.0,,PQ rate for MOB 70
NRP-S,202101,Coll_Principal,71,71,Manual,-0.07403968,,PQ rate for MOB 71
NRP-S,202101,Coll_Interest,71,71,Manual,0.0,,PQ rate for MOB 71
NRP-S,202101,Coll_Principal,72,72,Manual,-0.07403968,,PQ rate for MOB 72
NRP-S,202101,Coll_Interest,72,72,Manual,0.0,,PQ rate for MOB 72
NRP-S,202101,Coll_Principal,73,73,Manual,-0.07403968,,PQ rate for MOB 73
NRP-S,202101,Coll_Interest,73,73,Manual,0.0,,PQ rate for MOB 73
NRP-S,202101,Coll_Principal,74,74,Manual,-0.07403968,,PQ rate for MOB 74
NRP-S,202101,Coll_Interest,74,74,Manual,0.0,,PQ rate for MOB 74
NRP-S,202101,Coll_Principal,75,75,Manual,-0.07403968,,PQ rate for MOB 75
NRP-S,202101,Coll_Interest,75,75,Manual,0.0,,PQ rate for MOB 75
NRP-S,202101,Coll_Principal,76,76,Manual,-0.07403968,,PQ rate for MOB 76
NRP-S,202101,Coll_Interest,76,76,Manual,0.0,,PQ rate for MOB 76
NRP-S,202101,Coll_Principal,77,77,Manual,-0.07403968,,PQ rate for MOB 77
NRP-S,202101,Coll_Interest,77,77,Manual,0.0,,PQ rate for MOB 77
NRP-S,202101,Coll_Principal,78,78,Manual,-0.07403968,,PQ rate for MOB 78
NRP-S,202101,Coll_Interest,78,78,Manual,0.0,,PQ rate for MOB 78
NRP-S,202101,Coll_Principal,79,79,Manual,-0.07403968,,PQ rate for MOB 79
NRP-S,202101,Coll_Interest,79,79,Manual,0.0,,PQ rate for MOB 79
NRP-S,202101,Coll_Principal,80,80,Manual,-0.07403968,,PQ rate for MOB 80
NRP-S,202101,Coll_Interest,80,80,Manual,0.0,,PQ rate for MOB 80
NRP-S,202101,Coll_Principal,81,81,Manual,-0.07403968,,PQ rate for MOB 81
NRP-S,202101,Coll_Interest,81,81,Manual,0.0,,PQ rate for MOB 81
NRP-S,202101,Coll_Principal,82,82,Manual,-0.07403968,,PQ rate for MOB 82
NRP-S,202101,Coll_Interest,82,82,Manual,0.0,,PQ rate for MOB 82
NRP-S,202101,Coll_Principal,83,83,Manual,-0.07403968,,PQ rate for MOB 83
NRP-S,202101,Coll_Interest,83,83,Manual,0.0,,PQ rate for MOB 83
NRP-S,202101,Coll_Principal,84,84,Manual,-0.07403968,,PQ rate for MOB 84
NRP-S,202101,Coll_Interest,84,84,Manual,0.0,,PQ rate for MOB 84
NRP-S,202101,Coll_Principal,85,85,Manual,-0.07403968,,PQ rate for MOB 85
NRP-S,202101,Coll_Interest,85,85,Manual,0.0,,PQ rate for MOB 85
NRP-S,202101,Coll_Principal,86,86,Manual,-0.07403968,,PQ rate for MOB 86
NRP-S,202101,Coll_Interest,86,86,Manual,0.0,,PQ rate for MOB 86
NRP-S,202101,Coll_Principal,87,87,Manual,-0.07403968,,PQ rate for MOB 87
NRP-S,202101,Coll_Interest,87,87,Manual,0.0,,PQ rate for MOB 87
NRP-S,202101,Coll_Principal,88,88,Manual,-0.07403968,,PQ rate for MOB 88
NRP-S,202101,Coll_Interest,88,88,Manual,0.0,,PQ rate for MOB 88
PRIME,202101,Coll_Principal,57,57,Manual,-0.068605779,,PQ rate for MOB 57
PRIME,202101,Coll_Interest,57,57,Manual,0.0,,PQ rate for MOB 57
PRIME,202101,Coll_Principal,58,58,Manual,-0.068605779,,PQ rate for MOB 58
PRIME,202101,Coll_Interest,58,58,Manual,0.0,,PQ rate for MOB 58
PRIME,202101,Coll_Principal,59,59,Manual,-0.068605779,,PQ rate for MOB 59
PRIME,202101,Coll_Interest,59,59,Manual,0.0,,PQ rate for MOB 59
PRIME,202101,Coll_Principal,60,60,Manual,-0.068605779,,PQ rate for MOB 60
PRIME,202101,Coll_Interest,60,60,Manual,0.0,,PQ rate for MOB 60
PRIME,202101,Coll_Principal,61,61,Manual,-0.068605779,,PQ rate for MOB 61
PRIME,202101,Coll_Interest,61,61,Manual,0.0,,PQ rate for MOB 61
PRIME,202101,Coll_Principal,62,62,Manual,-0.068605779,,PQ rate for MOB 62
PRIME,202101,Coll_Interest,62,62,Manual,0.0,,PQ rate for MOB 62
PRIME,202101,Coll_Principal,63,63,Manual,-0.068605779,,PQ rate for MOB 63
PRIME,202101,Coll_Interest,63,63,Manual,0.0,,PQ rate for MOB 63
PRIME,202101,Coll_Principal,64,64,Manual,-0.068605779,,PQ rate for MOB 64
PRIME,202101,Coll_Interest,64,64,Manual,0.0,,PQ rate for MOB 64
PRIME,202101,Coll_Principal,65,65,Manual,-0.068605779,,PQ rate for MOB 65
PRIME,202101,Coll_Interest,65,65,Manual,0.0,,PQ rate for MOB 65
PRIME,202101,Coll_Principal,66,66,Manual,-0.068605779,,PQ rate for MOB 66
PRIME,202101,Coll_Interest,66,66,Manual,0.0,,PQ rate for MOB 66
PRIME,202101,Coll_Principal,67,67,Manual,-0.068605779,,PQ rate for MOB 67
PRIME,202101,Coll_Interest,67,67,Manual,0.0,,PQ rate for MOB 67
PRIME,202101,Coll_Principal,68,68,Manual,-0.068605779,,PQ rate for MOB 68
PRIME,202101,Coll_Interest,68,68,Manual,0.0,,PQ rate for MOB 68
PRIME,202101,Coll_Principal,69,69,Manual,-0.068605779,,PQ rate for MOB 69
PRIME,202101,Coll_Interest,69,69,Manual,0.0,,PQ rate for MOB 69
PRIME,202101,Coll_Principal,70,70,Manual,-0.068605779,,PQ rate for MOB 70
PRIME,202101,Coll_Interest,70,70,Manual,0.0,,PQ rate for MOB 70
PRIME,202101,Coll_Principal,71,71,Manual,-0.068605779,,PQ rate for MOB 71
PRIME,202101,Coll_Interest,71,71,Manual,0.0,,PQ rate for MOB 71
PRIME,202101,Coll_Principal,72,72,Manual,-0.068605779,,PQ rate for MOB 72
PRIME,202101,Coll_Interest,72,72,Manual,0.0,,PQ rate for MOB 72
PRIME,202101,Coll_Principal,73,73,Manual,-0.068605779,,PQ rate for MOB 73
PRIME,202101,Coll_Interest,73,73,Manual,0.0,,PQ rate for MOB 73
PRIME,202101,Coll_Principal,74,74,Manual,-0.068605779,,PQ rate for MOB 74
PRIME,202101,Coll_Interest,74,74,Manual,0.0,,PQ rate for MOB 74
PRIME,202101,Coll_Principal,75,75,Manual,-0.068605779,,PQ rate for MOB 75
PRIME,202101,Coll_Interest,75,75,Manual,0.0,,PQ rate for MOB 75
PRIME,202101,Coll_Principal,76,76,Manual,-0.068605779,,PQ rate for MOB 76
PRIME,202101,Coll_Interest,76,76,Manual,0.0,,PQ rate for MOB 76
PRIME,202101,Coll_Principal,77,77,Manual,-0.068605779,,PQ rate for MOB 77
PRIME,202101,Coll_Interest,77,77,Manual,0.0,,PQ rate for MOB 77
PRIME,202101,Coll_Principal,78,78,Manual,-0.068605779,,PQ rate for MOB 78
PRIME,202101,Coll_Interest,78,78,Manual,0.0,,PQ rate for MOB 78
PRIME,202101,Coll_Principal,79,79,Manual,-0.068605779,,PQ rate for MOB 79
PRIME,202101,Coll_Interest,79,79,Manual,0.0,,PQ rate for MOB 79
PRIME,202101,Coll_Principal,80,80,Manual,-0.068605779,,PQ rate for MOB 80
PRIME,202101,Coll_Interest,80,80,Manual,0.0,,PQ rate for MOB 80
PRIME,202101,Coll_Principal,81,81,Manual,-0.068605779,,PQ rate for MOB 81
PRIME,202101,Coll_Interest,81,81,Manual,0.0,,PQ rate for MOB 81
PRIME,202101,Coll_Principal,82,82,Manual,-0.068605779,,PQ rate for MOB 82
PRIME,202101,Coll_Interest,82,82,Manual,0.0,,PQ rate for MOB 82
PRIME,202101,Coll_Principal,83,83,Manual,-0.068605779,,PQ rate for MOB 83
PRIME,202101,Coll_Interest,83,83,Manual,0.0,,PQ rate for MOB 83
PRIME,202101,Coll_Principal,84,84,Manual,-0.068605779,,PQ rate for MOB 84
PRIME,202101,Coll_Interest,84,84,Manual,0.0,,PQ rate for MOB 84
PRIME,202101,Coll_Principal,85,85,Manual,-0.068605779,,PQ rate for MOB 85
PRIME,202101,Coll_Interest,85,85,Manual,0.0,,PQ rate for MOB 85
PRIME,202101,Coll_Principal,86,86,Manual,-0.068605779,,PQ rate for MOB 86
PRIME,202101,Coll_Interest,86,86,Manual,0.0,,PQ rate for MOB 86
PRIME,202101,Coll_Principal,87,87,Manual,-0.068605779,,PQ rate for MOB 87
PRIME,202101,Coll_Interest,87,87,Manual,0.0,,PQ rate for MOB 87
PRIME,202101,Coll_Principal,88,88,Manual,-0.068605779,,PQ rate for MOB 88
PRIME,202101,Coll_Interest,88,88,Manual,0.0,,PQ rate for MOB 88
NON PRIME,202201,Coll_Principal,45,45,Manual,-0.094739375,,PQ rate for MOB 45
NON PRIME,202201,Coll_Interest,45,45,Manual,-0.0134868873405376,,PQ rate for MOB 45
NON PRIME,202201,Coll_Principal,46,46,Manual,-0.094739375,,PQ rate for MOB 46
NON PRIME,202201,Coll_Interest,46,46,Manual,-0.0120078999826563,,PQ rate for MOB 46
NON PRIME,202201,Coll_Principal,47,47,Manual,-0.094739375,,PQ rate for MOB 47
NON PRIME,202201,Coll_Interest,47,47,Manual,-0.0106851940611965,,PQ rate for MOB 47
NON PRIME,202201,Coll_Principal,48,48,Manual,-0.094739375,,PQ rate for MOB 48
NON PRIME,202201,Coll_Interest,48,48,Manual,-0.0094997654670302,,PQ rate for MOB 48
NON PRIME,202201,Coll_Principal,49,49,Manual,-0.094739375,,PQ rate for MOB 49
NON PRIME,202201,Coll_Interest,49,49,Manual,-0.0084353111467292,,PQ rate for MOB 49
NON PRIME,202201,Coll_Principal,50,50,Manual,-0.094739375,,PQ rate for MOB 50
NON PRIME,202201,Coll_Interest,50,50,Manual,-0.0074777886271545,,PQ rate for MOB 50
NON PRIME,202201,Coll_Principal,51,51,Manual,-0.094739375,,PQ rate for MOB 51
NON PRIME,202201,Coll_Interest,51,51,Manual,-0.0066150563937019,,PQ rate for MOB 51
NON PRIME,202201,Coll_Principal,52,52,Manual,-0.094739375,,PQ rate for MOB 52
NON PRIME,202201,Coll_Interest,52,52,Manual,-0.0058365786823743,,PQ rate for MOB 52
NON PRIME,202201,Coll_Principal,53,53,Manual,-0.094739375,,PQ rate for MOB 53
NON PRIME,202201,Coll_Interest,53,53,Manual,-0.0051331819005442,,PQ rate for MOB 53
NON PRIME,202201,Coll_Principal,54,54,Manual,-0.094739375,,PQ rate for MOB 54
NON PRIME,202201,Coll_Interest,54,54,Manual,-0.0044968526670336,,PQ rate for MOB 54
NON PRIME,202201,Coll_Principal,55,55,Manual,-0.094739375,,PQ rate for MOB 55
NON PRIME,202201,Coll_Interest,55,55,Manual,-0.0039205695856712,,PQ rate for MOB 55
NON PRIME,202201,Coll_Principal,56,56,Manual,-0.094739375,,PQ rate for MOB 56
NON PRIME,202201,Coll_Interest,56,56,Manual,-0.0033981625022005,,PQ rate for MOB 56
NON PRIME,202201,Coll_Principal,57,57,Manual,-0.094739375,,PQ rate for MOB 57
NON PRIME,202201,Coll_Interest,57,57,Manual,-0.0029241942626037,,PQ rate for MOB 57
NON PRIME,202201,Coll_Principal,58,58,Manual,-0.0947393749999999,,PQ rate for MOB 58
NON PRIME,202201,Coll_Interest,58,58,Manual,-0.0024938609802407,,PQ rate for MOB 58
NON PRIME,202201,Coll_Principal,59,59,Manual,-0.094739375,,PQ rate for MOB 59
NON PRIME,202201,Coll_Interest,59,59,Manual,-0.0021029075955559,,PQ rate for MOB 59
NON PRIME,202201,Coll_Principal,60,60,Manual,-0.094739375,,PQ rate for MOB 60
NON PRIME,202201,Coll_Interest,60,60,Manual,-0.0017475561247502,,PQ rate for MOB 60
NON PRIME,202201,Coll_Principal,61,61,Manual,-0.094739375,,PQ rate for MOB 61
NON PRIME,202201,Coll_Interest,61,61,Manual,-0.0014244444798605,,PQ rate for MOB 61
NON PRIME,202201,Coll_Principal,62,62,Manual,-0.094739375,,PQ rate for MOB 62
NON PRIME,202201,Coll_Interest,62,62,Manual,-0.0011305741302768,,PQ rate for MOB 62
NON PRIME,202201,Coll_Principal,63,63,Manual,-0.094739375,,PQ rate for MOB 63
NON PRIME,202201,Coll_Interest,63,63,Manual,-0.0008632651863041,,PQ rate for MOB 63
NON PRIME,202201,Coll_Principal,64,64,Manual,-0.094739375,,PQ rate for MOB 64
NON PRIME,202201,Coll_Interest,64,64,Manual,-0.000620117735416,,PQ rate for MOB 64
NON PRIME,202201,Coll_Principal,65,65,Manual,-0.0947393749999999,,PQ rate for MOB 65
NON PRIME,202201,Coll_Interest,65,65,Manual,-0.0003989784640501,,PQ rate for MOB 65
NON PRIME,202201,Coll_Principal,66,66,Manual,-0.094739375,,PQ rate for MOB 66
NON PRIME,202201,Coll_Interest,66,66,Manual,-0.0001979117620097,,PQ rate for MOB 66
NON PRIME,202201,Coll_Principal,67,67,Manual,-0.094739375,,PQ rate for MOB 67
NON PRIME,202201,Coll_Interest,67,67,Manual,-1.5174640462148337e-05,,PQ rate for MOB 67
NON PRIME,202201,Coll_Principal,68,68,Manual,-0.094739375,,PQ rate for MOB 68
NON PRIME,202201,Coll_Interest,68,68,Manual,0.0,,PQ rate for MOB 68
NON PRIME,202201,Coll_Principal,69,69,Manual,-0.094739375,,PQ rate for MOB 69
NON PRIME,202201,Coll_Interest,69,69,Manual,0.0,,PQ rate for MOB 69
NON PRIME,202201,Coll_Principal,70,70,Manual,-0.094739375,,PQ rate for MOB 70
NON PRIME,202201,Coll_Interest,70,70,Manual,0.0,,PQ rate for MOB 70
NON PRIME,202201,Coll_Principal,71,71,Manual,-0.094739375,,PQ rate for MOB 71
NON PRIME,202201,Coll_Interest,71,71,Manual,0.0,,PQ rate for MOB 71
NON PRIME,202201,Coll_Principal,72,72,Manual,-0.094739375,,PQ rate for MOB 72
NON PRIME,202201,Coll_Interest,72,72,Manual,0.0,,PQ rate for MOB 72
NON PRIME,202201,Coll_Principal,73,73,Manual,-0.0947393749999999,,PQ rate for MOB 73
NON PRIME,202201,Coll_Interest,73,73,Manual,0.0,,PQ rate for MOB 73
NON PRIME,202201,Coll_Principal,74,74,Manual,-0.094739375,,PQ rate for MOB 74
NON PRIME,202201,Coll_Interest,74,74,Manual,0.0,,PQ rate for MOB 74
NON PRIME,202201,Coll_Principal,75,75,Manual,-0.094739375,,PQ rate for MOB 75
NON PRIME,202201,Coll_Interest,75,75,Manual,0.0,,PQ rate for MOB 75
NON PRIME,202201,Coll_Principal,76,76,Manual,-0.094739375,,PQ rate for MOB 76
NON PRIME,202201,Coll_Interest,76,76,Manual,0.0,,PQ rate for MOB 76
NRP-M,202201,Coll_Principal,45,45,Manual,-0.071473967,,PQ rate for MOB 45
NRP-M,202201,Coll_Interest,45,45,Manual,-0.0121654534669089,,PQ rate for MOB 45
NRP-M,202201,Coll_Principal,46,46,Manual,-0.071473967,,PQ rate for MOB 46
NRP-M,202201,Coll_Interest,46,46,Manual,-0.0122718504328393,,PQ rate for MOB 46
NRP-M,202201,Coll_Principal,47,47,Manual,-0.071473967,,PQ rate for MOB 47
NRP-M,202201,Coll_Interest,47,47,Manual,-0.0123682786938419,,PQ rate for MOB 47
NRP-M,202201,Coll_Principal,48,48,Manual,-0.071473967,,PQ rate for MOB 48
NRP-M,202201,Coll_Interest,48,48,Manual,-0.0124558930485194,,PQ rate for MOB 48
NRP-M,202201,Coll_Principal,49,49,Manual,-0.071473967,,PQ rate for MOB 49
NRP-M,202201,Coll_Interest,49,49,Manual,-0.0125356884174425,,PQ rate for MOB 49
NRP-M,202201,Coll_Principal,50,50,Manual,-0.071473967,,PQ rate for MOB 50
NRP-M,202201,Coll_Interest,50,50,Manual,-0.0126085254895937,,PQ rate for MOB 50
NRP-M,202201,Coll_Principal,51,51,Manual,-0.071473967,,PQ rate for MOB 51
NRP-M,202201,Coll_Interest,51,51,Manual,-0.0126751517139949,,PQ rate for MOB 51
NRP-M,202201,Coll_Principal,52,52,Manual,-0.071473967,,PQ rate for MOB 52
NRP-M,202201,Coll_Interest,52,52,Manual,-0.0127362185752235,,PQ rate for MOB 52
NRP-M,202201,Coll_Principal,53,53,Manual,-0.071473967,,PQ rate for MOB 53
NRP-M,202201,Coll_Interest,53,53,Manual,-0.0127922958841422,,PQ rate for MOB 53
NRP-M,202201,Coll_Principal,54,54,Manual,-0.071473967,,PQ rate for MOB 54
NRP-M,202201,Coll_Interest,54,54,Manual,-0.0128438836574181,,PQ rate for MOB 54
NRP-M,202201,Coll_Principal,55,55,Manual,-0.071473967,,PQ rate for MOB 55
NRP-M,202201,Coll_Interest,55,55,Manual,-0.0128914220385334,,PQ rate for MOB 55
NRP-M,202201,Coll_Principal,56,56,Manual,-0.071473967,,PQ rate for MOB 56
NRP-M,202201,Coll_Interest,56,56,Manual,-0.0129352996197384,,PQ rate for MOB 56
NRP-M,202201,Coll_Principal,57,57,Manual,-0.071473967,,PQ rate for MOB 57
NRP-M,202201,Coll_Interest,57,57,Manual,-0.0129758604519874,,PQ rate for MOB 57
NRP-M,202201,Coll_Principal,58,58,Manual,-0.071473967,,PQ rate for MOB 58
NRP-M,202201,Coll_Interest,58,58,Manual,-0.0130134099733147,,PQ rate for MOB 58
NRP-M,202201,Coll_Principal,59,59,Manual,-0.071473967,,PQ rate for MOB 59
NRP-M,202201,Coll_Interest,59,59,Manual,-0.0130482200416393,,PQ rate for MOB 59
NRP-M,202201,Coll_Principal,60,60,Manual,-0.071473967,,PQ rate for MOB 60
NRP-M,202201,Coll_Interest,60,60,Manual,-0.0130805332228384,,PQ rate for MOB 60
NRP-M,202201,Coll_Principal,61,61,Manual,-0.071473967,,PQ rate for MOB 61
NRP-M,202201,Coll_Interest,61,61,Manual,-0.0131105664569979,,PQ rate for MOB 61
NRP-M,202201,Coll_Principal,62,62,Manual,-0.071473967,,PQ rate for MOB 62
NRP-M,202201,Coll_Interest,62,62,Manual,-0.0131385142034412,,PQ rate for MOB 62
NRP-M,202201,Coll_Principal,63,63,Manual,-0.071473967,,PQ rate for MOB 63
NRP-M,202201,Coll_Interest,63,63,Manual,-0.0131645511472311,,PQ rate for MOB 63
NRP-M,202201,Coll_Principal,64,64,Manual,-0.071473967,,PQ rate for MOB 64
NRP-M,202201,Coll_Interest,64,64,Manual,-0.0131888345354012,,PQ rate for MOB 64
NRP-M,202201,Coll_Principal,65,65,Manual,-0.071473967,,PQ rate for MOB 65
NRP-M,202201,Coll_Interest,65,65,Manual,-0.0132115061994794,,PQ rate for MOB 65
NRP-M,202201,Coll_Principal,66,66,Manual,-0.071473967,,PQ rate for MOB 66
NRP-M,202201,Coll_Interest,66,66,Manual,-0.0132326943113496,,PQ rate for MOB 66
NRP-M,202201,Coll_Principal,67,67,Manual,-0.071473967,,PQ rate for MOB 67
NRP-M,202201,Coll_Interest,67,67,Manual,-0.0132525149117295,,PQ rate for MOB 67
NRP-M,202201,Coll_Principal,68,68,Manual,-0.071473967,,PQ rate for MOB 68
NRP-M,202201,Coll_Interest,68,68,Manual,-0.0132710732441646,,PQ rate for MOB 68
NRP-M,202201,Coll_Principal,69,69,Manual,-0.071473967,,PQ rate for MOB 69
NRP-M,202201,Coll_Interest,69,69,Manual,-0.0132884649221972,,PQ rate for MOB 69
NRP-M,202201,Coll_Principal,70,70,Manual,-0.071473967,,PQ rate for MOB 70
NRP-M,202201,Coll_Interest,70,70,Manual,-0.0133047769530298,,PQ rate for MOB 70
NRP-M,202201,Coll_Principal,71,71,Manual,-0.071473967,,PQ rate for MOB 71
NRP-M,202201,Coll_Interest,71,71,Manual,-0.0133200886374097,,PQ rate for MOB 71
NRP-M,202201,Coll_Principal,72,72,Manual,-0.071473967,,PQ rate for MOB 72
NRP-M,202201,Coll_Interest,72,72,Manual,-0.0133344723624722,,PQ rate for MOB 72
NRP-M,202201,Coll_Principal,73,73,Manual,-0.071473967,,PQ rate for MOB 73
NRP-M,202201,Coll_Interest,73,73,Manual,-0.0133479943017825,,PQ rate for MOB 73
NRP-M,202201,Coll_Principal,74,74,Manual,-0.071473967,,PQ rate for MOB 74
NRP-M,202201,Coll_Interest,74,74,Manual,-0.0133607150347257,,PQ rate for MOB 74
NRP-M,202201,Coll_Principal,75,75,Manual,-0.071473967,,PQ rate for MOB 75
NRP-M,202201,Coll_Interest,75,75,Manual,-0.0133726900956419,,PQ rate for MOB 75
NRP-M,202201,Coll_Principal,76,76,Manual,-0.071473967,,PQ rate for MOB 76
NRP-M,202201,Coll_Interest,76,76,Manual,-0.0133839704616217,,PQ rate for MOB 76
NRP-S,202201,Coll_Principal,45,45,Manual,-0.002,,PQ rate for MOB 45
NRP-S,202201,Coll_Interest,45,45,Manual,-0.0108309411161618,,PQ rate for MOB 45
NRP-S,202201,Coll_Principal,46,46,Manual,-0.002,,PQ rate for MOB 46
NRP-S,202201,Coll_Interest,46,46,Manual,-0.0105284648154125,,PQ rate for MOB 46
NRP-S,202201,Coll_Principal,47,47,Manual,-0.002,,PQ rate for MOB 47
NRP-S,202201,Coll_Interest,47,47,Manual,-0.0102597811881003,,PQ rate for MOB 47
NRP-S,202201,Coll_Principal,48,48,Manual,-0.002,,PQ rate for MOB 48
NRP-S,202201,Coll_Interest,48,48,Manual,-0.0100206984853226,,PQ rate for MOB 48
NRP-S,202201,Coll_Principal,49,49,Manual,-0.002,,PQ rate for MOB 49
NRP-S,202201,Coll_Interest,49,49,Manual,-0.0098076268437644,,PQ rate for MOB 49
NRP-S,202201,Coll_Principal,50,50,Manual,-0.002,,PQ rate for MOB 50
NRP-S,202201,Coll_Interest,50,50,Manual,-0.0096174795213389,,PQ rate for MOB 50
NRP-S,202201,Coll_Principal,51,51,Manual,-0.002,,PQ rate for MOB 51
NRP-S,202201,Coll_Interest,51,51,Manual,-0.0094475923379428,,PQ rate for MOB 51
NRP-S,202201,Coll_Principal,52,52,Manual,-0.002,,PQ rate for MOB 52
NRP-S,202201,Coll_Interest,52,52,Manual,-0.0092956576085773,,PQ rate for MOB 52
NRP-S,202201,Coll_Principal,53,53,Manual,-0.002,,PQ rate for MOB 53
NRP-S,202201,Coll_Interest,53,53,Manual,-0.0091596696833235,,PQ rate for MOB 53
NRP-S,202201,Coll_Principal,54,54,Manual,-0.002,,PQ rate for MOB 54
NRP-S,202201,Coll_Interest,54,54,Manual,-0.0090378798366092,,PQ rate for MOB 54
NRP-S,202201,Coll_Principal,55,55,Manual,-0.002,,PQ rate for MOB 55
NRP-S,202201,Coll_Interest,55,55,Manual,-0.0089287587283235,,PQ rate for MOB 55
NRP-S,202201,Coll_Principal,56,56,Manual,-0.002,,PQ rate for MOB 56
NRP-S,202201,Coll_Interest,56,56,Manual,-0.0088309650289555,,PQ rate for MOB 56
NRP-S,202201,Coll_Principal,57,57,Manual,-0.002,,PQ rate for MOB 57
NRP-S,202201,Coll_Interest,57,57,Manual,-0.0087433190873414,,PQ rate for MOB 57
NRP-S,202201,Coll_Principal,58,58,Manual,-0.002,,PQ rate for MOB 58
NRP-S,202201,Coll_Interest,58,58,Manual,-0.0086647807429028,,PQ rate for MOB 58
NRP-S,202201,Coll_Principal,59,59,Manual,-0.002,,PQ rate for MOB 59
NRP-S,202201,Coll_Interest,59,59,Manual,-0.0085944305593905,,PQ rate for MOB 59
NRP-S,202201,Coll_Principal,60,60,Manual,-0.002,,PQ rate for MOB 60
NRP-S,202201,Coll_Interest,60,60,Manual,-0.0085314538952642,,PQ rate for MOB 60
NRP-S,202201,Coll_Principal,61,61,Manual,-0.002,,PQ rate for MOB 61
NRP-S,202201,Coll_Interest,61,61,Manual,-0.0084751273353531,,PQ rate for MOB 61
NRP-S,202201,Coll_Principal,62,62,Manual,-0.002,,PQ rate for MOB 62
NRP-S,202201,Coll_Interest,62,62,Manual,-0.0084248070957166,,PQ rate for MOB 62
NRP-S,202201,Coll_Principal,63,63,Manual,-0.002,,PQ rate for MOB 63
NRP-S,202201,Coll_Interest,63,63,Manual,-0.0083799190835221,,PQ rate for MOB 63
NRP-S,202201,Coll_Principal,64,64,Manual,-0.002,,PQ rate for MOB 64
NRP-S,202201,Coll_Interest,64,64,Manual,-0.0083399503499915,,PQ rate for MOB 64
NRP-S,202201,Coll_Principal,65,65,Manual,-0.002,,PQ rate for MOB 65
NRP-S,202201,Coll_Interest,65,65,Manual,-0.0083044417199181,,PQ rate for MOB 65
NRP-S,202201,Coll_Principal,66,66,Manual,-0.002,,PQ rate for MOB 66
NRP-S,202201,Coll_Interest,66,66,Manual,-0.0082729814181452,,PQ rate for MOB 66
NRP-S,202201,Coll_Principal,67,67,Manual,-0.002,,PQ rate for MOB 67
NRP-S,202201,Coll_Interest,67,67,Manual,-0.0082451995434644,,PQ rate for MOB 67
NRP-S,202201,Coll_Principal,68,68,Manual,-0.002,,PQ rate for MOB 68
NRP-S,202201,Coll_Interest,68,68,Manual,-0.0082207632649896,,PQ rate for MOB 68
NRP-S,202201,Coll_Principal,69,69,Manual,-0.002,,PQ rate for MOB 69
NRP-S,202201,Coll_Interest,69,69,Manual,-0.0081993726362678,,PQ rate for MOB 69
NRP-S,202201,Coll_Principal,70,70,Manual,-0.002,,PQ rate for MOB 70
NRP-S,202201,Coll_Interest,70,70,Manual,-0.0081807569390461,,PQ rate for MOB 70
NRP-S,202201,Coll_Principal,71,71,Manual,-0.002,,PQ rate for MOB 71
NRP-S,202201,Coll_Interest,71,71,Manual,-0.0081646714823865,,PQ rate for MOB 71
NRP-S,202201,Coll_Principal,72,72,Manual,-0.002,,PQ rate for MOB 72
NRP-S,202201,Coll_Interest,72,72,Manual,-0.008150894794262,,PQ rate for MOB 72
NRP-S,202201,Coll_Principal,73,73,Manual,-0.002,,PQ rate for MOB 73
NRP-S,202201,Coll_Interest,73,73,Manual,-0.0081392261522865,,PQ rate for MOB 73
NRP-S,202201,Coll_Principal,74,74,Manual,-0.002,,PQ rate for MOB 74
NRP-S,202201,Coll_Interest,74,74,Manual,-0.0081294834081889,,PQ rate for MOB 74
NRP-S,202201,Coll_Principal,75,75,Manual,-0.002,,PQ rate for MOB 75
NRP-S,202201,Coll_Interest,75,75,Manual,-0.0081215010673049,,PQ rate for MOB 75
NRP-S,202201,Coll_Principal,76,76,Manual,-0.002,,PQ rate for MOB 76
NRP-S,202201,Coll_Interest,76,76,Manual,-0.0081151285899643,,PQ rate for MOB 76
PRIME,202201,Coll_Principal,45,45,Manual,-0.1100105139999999,,PQ rate for MOB 45
PRIME,202201,Coll_Interest,45,45,Manual,-0.0092890567286759,,PQ rate for MOB 45
PRIME,202201,Coll_Principal,46,46,Manual,-0.110010514,,PQ rate for MOB 46
PRIME,202201,Coll_Interest,46,46,Manual,-0.0093292450863545,,PQ rate for MOB 46
PRIME,202201,Coll_Principal,47,47,Manual,-0.110010514,,PQ rate for MOB 47
PRIME,202201,Coll_Interest,47,47,Manual,-0.0093653177428439,,PQ rate for MOB 47
PRIME,202201,Coll_Principal,48,48,Manual,-0.110010514,,PQ rate for MOB 48
PRIME,202201,Coll_Interest,48,48,Manual,-0.0093977692752104,,PQ rate for MOB 48
PRIME,202201,Coll_Principal,49,49,Manual,-0.110010514,,PQ rate for MOB 49
PRIME,202201,Coll_Interest,49,49,Manual,-0.0094270244033276,,PQ rate for MOB 49
PRIME,202201,Coll_Principal,50,50,Manual,-0.110010514,,PQ rate for MOB 50
PRIME,202201,Coll_Interest,50,50,Manual,-0.0094534493381124,,PQ rate for MOB 50
PRIME,202201,Coll_Principal,51,51,Manual,-0.110010514,,PQ rate for MOB 51
PRIME,202201,Coll_Interest,51,51,Manual,-0.0094773610521094,,PQ rate for MOB 51
PRIME,202201,Coll_Principal,52,52,Manual,-0.110010514,,PQ rate for MOB 52
PRIME,202201,Coll_Interest,52,52,Manual,-0.0094990348940722,,PQ rate for MOB 52
PRIME,202201,Coll_Principal,53,53,Manual,-0.110010514,,PQ rate for MOB 53
PRIME,202201,Coll_Interest,53,53,Manual,-0.0095187108755887,,PQ rate for MOB 53
PRIME,202201,Coll_Principal,54,54,Manual,-0.110010514,,PQ rate for MOB 54
PRIME,202201,Coll_Interest,54,54,Manual,-0.0095365988866811,,PQ rate for MOB 54
PRIME,202201,Coll_Principal,55,55,Manual,-0.110010514,,PQ rate for MOB 55
PRIME,202201,Coll_Interest,55,55,Manual,-0.0095528830428852,,PQ rate for MOB 55
PRIME,202201,Coll_Principal,56,56,Manual,-0.110010514,,PQ rate for MOB 56
PRIME,202201,Coll_Interest,56,56,Manual,-0.0095677253243778,,PQ rate for MOB 56
PRIME,202201,Coll_Principal,57,57,Manual,-0.110010514,,PQ rate for MOB 57
PRIME,202201,Coll_Interest,57,57,Manual,-0.0095812686351926,,PQ rate for MOB 57
PRIME,202201,Coll_Principal,58,58,Manual,-0.1100105139999999,,PQ rate for MOB 58
PRIME,202201,Coll_Interest,58,58,Manual,-0.0095936393851818,,PQ rate for MOB 58
PRIME,202201,Coll_Principal,59,59,Manual,-0.110010514,,PQ rate for MOB 59
PRIME,202201,Coll_Interest,59,59,Manual,-0.009604949677455,,PQ rate for MOB 59
PRIME,202201,Coll_Principal,60,60,Manual,-0.1100105139999999,,PQ rate for MOB 60
PRIME,202201,Coll_Interest,60,60,Manual,-0.0096152991682959,,PQ rate for MOB 60
PRIME,202201,Coll_Principal,61,61,Manual,-0.110010514,,PQ rate for MOB 61
PRIME,202201,Coll_Interest,61,61,Manual,-0.009624776654073,,PQ rate for MOB 61
PRIME,202201,Coll_Principal,62,62,Manual,-0.110010514,,PQ rate for MOB 62
PRIME,202201,Coll_Interest,62,62,Manual,-0.0096334614297022,,PQ rate for MOB 62
PRIME,202201,Coll_Principal,63,63,Manual,-0.110010514,,PQ rate for MOB 63
PRIME,202201,Coll_Interest,63,63,Manual,-0.0096414244552343,,PQ rate for MOB 63
PRIME,202201,Coll_Principal,64,64,Manual,-0.1100105139999999,,PQ rate for MOB 64
PRIME,202201,Coll_Interest,64,64,Manual,-0.009648729360713,,PQ rate for MOB 64
PRIME,202201,Coll_Principal,65,65,Manual,-0.110010514,,PQ rate for MOB 65
PRIME,202201,Coll_Interest,65,65,Manual,-0.0096554333142456,,PQ rate for MOB 65
PRIME,202201,Coll_Principal,66,66,Manual,-0.110010514,,PQ rate for MOB 66
PRIME,202201,Coll_Interest,66,66,Manual,-0.0096615877740032,,PQ rate for MOB 66
PRIME,202201,Coll_Principal,67,67,Manual,-0.110010514,,PQ rate for MOB 67
PRIME,202201,Coll_Interest,67,67,Manual,-0.0096672391414208,,PQ rate for MOB 67
PRIME,202201,Coll_Principal,68,68,Manual,-0.110010514,,PQ rate for MOB 68
PRIME,202201,Coll_Interest,68,68,Manual,-0.0096724293300418,,PQ rate for MOB 68
PRIME,202201,Coll_Principal,69,69,Manual,-0.110010514,,PQ rate for MOB 69
PRIME,202201,Coll_Interest,69,69,Manual,-0.0096771962621317,,PQ rate for MOB 69
PRIME,202201,Coll_Principal,70,70,Manual,-0.110010514,,PQ rate for MOB 70
PRIME,202201,Coll_Interest,70,70,Manual,-0.0096815743032687,,PQ rate for MOB 70
PRIME,202201,Coll_Principal,71,71,Manual,-0.110010514,,PQ rate for MOB 71
PRIME,202201,Coll_Interest,71,71,Manual,-0.0096855946435344,,PQ rate for MOB 71
PRIME,202201,Coll_Principal,72,72,Manual,-0.110010514,,PQ rate for MOB 72
PRIME,202201,Coll_Interest,72,72,Manual,-0.0096892856326072,,PQ rate for MOB 72
PRIME,202201,Coll_Principal,73,73,Manual,-0.110010514,,PQ rate for MOB 73
PRIME,202201,Coll_Interest,73,73,Manual,-0.0096926730749646,,PQ rate for MOB 73
PRIME,202201,Coll_Principal,74,74,Manual,-0.110010514,,PQ rate for MOB 74
PRIME,202201,Coll_Interest,74,74,Manual,-0.0096957804904808,,PQ rate for MOB 74
PRIME,202201,Coll_Principal,75,75,Manual,-0.110010514,,PQ rate for MOB 75
PRIME,202201,Coll_Interest,75,75,Manual,-0.009698629344934,,PQ rate for MOB 75
PRIME,202201,Coll_Principal,76,76,Manual,-0.1100105139999999,,PQ rate for MOB 76
PRIME,202201,Coll_Interest,76,76,Manual,-0.0097012392542938,,PQ rate for MOB 76
NON PRIME,202301,Coll_Principal,33,33,Manual,-0.076308978,,PQ rate for MOB 33
NON PRIME,202301,Coll_Interest,33,33,Manual,0.0,,PQ rate for MOB 33
NON PRIME,202301,Coll_Principal,34,34,Manual,-0.076308978,,PQ rate for MOB 34
NON PRIME,202301,Coll_Interest,34,34,Manual,0.0,,PQ rate for MOB 34
NON PRIME,202301,Coll_Principal,35,35,Manual,-0.076308978,,PQ rate for MOB 35
NON PRIME,202301,Coll_Interest,35,35,Manual,0.0,,PQ rate for MOB 35
NON PRIME,202301,Coll_Principal,36,36,Manual,-0.076308978,,PQ rate for MOB 36
NON PRIME,202301,Coll_Interest,36,36,Manual,0.0,,PQ rate for MOB 36
NON PRIME,202301,Coll_Principal,37,37,Manual,-0.076308978,,PQ rate for MOB 37
NON PRIME,202301,Coll_Interest,37,37,Manual,0.0,,PQ rate for MOB 37
NON PRIME,202301,Coll_Principal,38,38,Manual,-0.076308978,,PQ rate for MOB 38
NON PRIME,202301,Coll_Interest,38,38,Manual,0.0,,PQ rate for MOB 38
NON PRIME,202301,Coll_Principal,39,39,Manual,-0.076308978,,PQ rate for MOB 39
NON PRIME,202301,Coll_Interest,39,39,Manual,0.0,,PQ rate for MOB 39
NON PRIME,202301,Coll_Principal,40,40,Manual,-0.076308978,,PQ rate for MOB 40
NON PRIME,202301,Coll_Interest,40,40,Manual,0.0,,PQ rate for MOB 40
NON PRIME,202301,Coll_Principal,41,41,Manual,-0.076308978,,PQ rate for MOB 41
NON PRIME,202301,Coll_Interest,41,41,Manual,0.0,,PQ rate for MOB 41
NON PRIME,202301,Coll_Principal,42,42,Manual,-0.076308978,,PQ rate for MOB 42
NON PRIME,202301,Coll_Interest,42,42,Manual,0.0,,PQ rate for MOB 42
NON PRIME,202301,Coll_Principal,43,43,Manual,-0.076308978,,PQ rate for MOB 43
NON PRIME,202301,Coll_Interest,43,43,Manual,0.0,,PQ rate for MOB 43
NON PRIME,202301,Coll_Principal,44,44,Manual,-0.076308978,,PQ rate for MOB 44
NON PRIME,202301,Coll_Interest,44,44,Manual,0.0,,PQ rate for MOB 44
NON PRIME,202301,Coll_Principal,45,45,Manual,-0.076308978,,PQ rate for MOB 45
NON PRIME,202301,Coll_Interest,45,45,Manual,0.0,,PQ rate for MOB 45
NON PRIME,202301,Coll_Principal,46,46,Manual,-0.076308978,,PQ rate for MOB 46
NON PRIME,202301,Coll_Interest,46,46,Manual,0.0,,PQ rate for MOB 46
NON PRIME,202301,Coll_Principal,47,47,Manual,-0.076308978,,PQ rate for MOB 47
NON PRIME,202301,Coll_Interest,47,47,Manual,0.0,,PQ rate for MOB 47
NON PRIME,202301,Coll_Principal,48,48,Manual,-0.076308978,,PQ rate for MOB 48
NON PRIME,202301,Coll_Interest,48,48,Manual,0.0,,PQ rate for MOB 48
NON PRIME,202301,Coll_Principal,49,49,Manual,-0.076308978,,PQ rate for MOB 49
NON PRIME,202301,Coll_Interest,49,49,Manual,0.0,,PQ rate for MOB 49
NON PRIME,202301,Coll_Principal,50,50,Manual,-0.076308978,,PQ rate for MOB 50
NON PRIME,202301,Coll_Interest,50,50,Manual,0.0,,PQ rate for MOB 50
NON PRIME,202301,Coll_Principal,51,51,Manual,-0.076308978,,PQ rate for MOB 51
NON PRIME,202301,Coll_Interest,51,51,Manual,0.0,,PQ rate for MOB 51
NON PRIME,202301,Coll_Principal,52,52,Manual,-0.076308978,,PQ rate for MOB 52
NON PRIME,202301,Coll_Interest,52,52,Manual,0.0,,PQ rate for MOB 52
NON PRIME,202301,Coll_Principal,53,53,Manual,-0.076308978,,PQ rate for MOB 53
NON PRIME,202301,Coll_Interest,53,53,Manual,0.0,,PQ rate for MOB 53
NON PRIME,202301,Coll_Principal,54,54,Manual,-0.076308978,,PQ rate for MOB 54
NON PRIME,202301,Coll_Interest,54,54,Manual,0.0,,PQ rate for MOB 54
NON PRIME,202301,Coll_Principal,55,55,Manual,-0.076308978,,PQ rate for MOB 55
NON PRIME,202301,Coll_Interest,55,55,Manual,0.0,,PQ rate for MOB 55
NON PRIME,202301,Coll_Principal,56,56,Manual,-0.076308978,,PQ rate for MOB 56
NON PRIME,202301,Coll_Interest,56,56,Manual,0.0,,PQ rate for MOB 56
NON PRIME,202301,Coll_Principal,57,57,Manual,-0.076308978,,PQ rate for MOB 57
NON PRIME,202301,Coll_Interest,57,57,Manual,0.0,,PQ rate for MOB 57
NON PRIME,202301,Coll_Principal,58,58,Manual,-0.076308978,,PQ rate for MOB 58
NON PRIME,202301,Coll_Interest,58,58,Manual,0.0,,PQ rate for MOB 58
NON PRIME,202301,Coll_Principal,59,59,Manual,-0.076308978,,PQ rate for MOB 59
NON PRIME,202301,Coll_Interest,59,59,Manual,0.0,,PQ rate for MOB 59
NON PRIME,202301,Coll_Principal,60,60,Manual,-0.076308978,,PQ rate for MOB 60
NON PRIME,202301,Coll_Interest,60,60,Manual,0.0,,PQ rate for MOB 60
NON PRIME,202301,Coll_Principal,61,61,Manual,-0.076308978,,PQ rate for MOB 61
NON PRIME,202301,Coll_Interest,61,61,Manual,0.0,,PQ rate for MOB 61
NON PRIME,202301,Coll_Principal,62,62,Manual,-0.076308978,,PQ rate for MOB 62
NON PRIME,202301,Coll_Interest,62,62,Manual,0.0,,PQ rate for MOB 62
NON PRIME,202301,Coll_Principal,63,63,Manual,-0.076308978,,PQ rate for MOB 63
NON PRIME,202301,Coll_Interest,63,63,Manual,0.0,,PQ rate for MOB 63
NON PRIME,202301,Coll_Principal,64,64,Manual,-0.076308978,,PQ rate for MOB 64
NON PRIME,202301,Coll_Interest,64,64,Manual,0.0,,PQ rate for MOB 64
NRP-L,202301,Coll_Principal,33,33,Manual,-0.03717244,,PQ rate for MOB 33
NRP-L,202301,Coll_Interest,33,33,Manual,0.0,,PQ rate for MOB 33
NRP-L,202301,Coll_Principal,34,34,Manual,-0.03717244,,PQ rate for MOB 34
NRP-L,202301,Coll_Interest,34,34,Manual,0.0,,PQ rate for MOB 34
NRP-L,202301,Coll_Principal,35,35,Manual,-0.03717244,,PQ rate for MOB 35
NRP-L,202301,Coll_Interest,35,35,Manual,0.0,,PQ rate for MOB 35
NRP-L,202301,Coll_Principal,36,36,Manual,-0.03717244,,PQ rate for MOB 36
NRP-L,202301,Coll_Interest,36,36,Manual,0.0,,PQ rate for MOB 36
NRP-L,202301,Coll_Principal,37,37,Manual,-0.03717244,,PQ rate for MOB 37
NRP-L,202301,Coll_Interest,37,37,Manual,0.0,,PQ rate for MOB 37
NRP-L,202301,Coll_Principal,38,38,Manual,-0.03717244,,PQ rate for MOB 38
NRP-L,202301,Coll_Interest,38,38,Manual,0.0,,PQ rate for MOB 38
NRP-L,202301,Coll_Principal,39,39,Manual,-0.03717244,,PQ rate for MOB 39
NRP-L,202301,Coll_Interest,39,39,Manual,0.0,,PQ rate for MOB 39
NRP-L,202301,Coll_Principal,40,40,Manual,-0.0371724399999999,,PQ rate for MOB 40
NRP-L,202301,Coll_Interest,40,40,Manual,0.0,,PQ rate for MOB 40
NRP-L,202301,Coll_Principal,41,41,Manual,-0.03717244,,PQ rate for MOB 41
NRP-L,202301,Coll_Interest,41,41,Manual,0.0,,PQ rate for MOB 41
NRP-L,202301,Coll_Principal,42,42,Manual,-0.03717244,,PQ rate for MOB 42
NRP-L,202301,Coll_Interest,42,42,Manual,0.0,,PQ rate for MOB 42
NRP-L,202301,Coll_Principal,43,43,Manual,-0.03717244,,PQ rate for MOB 43
NRP-L,202301,Coll_Interest,43,43,Manual,0.0,,PQ rate for MOB 43
NRP-L,202301,Coll_Principal,44,44,Manual,-0.03717244,,PQ rate for MOB 44
NRP-L,202301,Coll_Interest,44,44,Manual,0.0,,PQ rate for MOB 44
NRP-L,202301,Coll_Principal,45,45,Manual,-0.03717244,,PQ rate for MOB 45
NRP-L,202301,Coll_Interest,45,45,Manual,0.0,,PQ rate for MOB 45
NRP-L,202301,Coll_Principal,46,46,Manual,-0.03717244,,PQ rate for MOB 46
NRP-L,202301,Coll_Interest,46,46,Manual,0.0,,PQ rate for MOB 46
NRP-L,202301,Coll_Principal,47,47,Manual,-0.03717244,,PQ rate for MOB 47
NRP-L,202301,Coll_Interest,47,47,Manual,0.0,,PQ rate for MOB 47
NRP-L,202301,Coll_Principal,48,48,Manual,-0.03717244,,PQ rate for MOB 48
NRP-L,202301,Coll_Interest,48,48,Manual,0.0,,PQ rate for MOB 48
NRP-L,202301,Coll_Principal,49,49,Manual,-0.03717244,,PQ rate for MOB 49
NRP-L,202301,Coll_Interest,49,49,Manual,0.0,,PQ rate for MOB 49
NRP-L,202301,Coll_Principal,50,50,Manual,-0.03717244,,PQ rate for MOB 50
NRP-L,202301,Coll_Interest,50,50,Manual,0.0,,PQ rate for MOB 50
NRP-L,202301,Coll_Principal,51,51,Manual,-0.03717244,,PQ rate for MOB 51
NRP-L,202301,Coll_Interest,51,51,Manual,0.0,,PQ rate for MOB 51
NRP-L,202301,Coll_Principal,52,52,Manual,-0.03717244,,PQ rate for MOB 52
NRP-L,202301,Coll_Interest,52,52,Manual,0.0,,PQ rate for MOB 52
NRP-L,202301,Coll_Principal,53,53,Manual,-0.03717244,,PQ rate for MOB 53
NRP-L,202301,Coll_Interest,53,53,Manual,0.0,,PQ rate for MOB 53
NRP-L,202301,Coll_Principal,54,54,Manual,-0.03717244,,PQ rate for MOB 54
NRP-L,202301,Coll_Interest,54,54,Manual,0.0,,PQ rate for MOB 54
NRP-L,202301,Coll_Principal,55,55,Manual,-0.03717244,,PQ rate for MOB 55
NRP-L,202301,Coll_Interest,55,55,Manual,0.0,,PQ rate for MOB 55
NRP-L,202301,Coll_Principal,56,56,Manual,-0.03717244,,PQ rate for MOB 56
NRP-L,202301,Coll_Interest,56,56,Manual,0.0,,PQ rate for MOB 56
NRP-L,202301,Coll_Principal,57,57,Manual,-0.03717244,,PQ rate for MOB 57
NRP-L,202301,Coll_Interest,57,57,Manual,0.0,,PQ rate for MOB 57
NRP-L,202301,Coll_Principal,58,58,Manual,-0.03717244,,PQ rate for MOB 58
NRP-L,202301,Coll_Interest,58,58,Manual,0.0,,PQ rate for MOB 58
NRP-L,202301,Coll_Principal,59,59,Manual,-0.03717244,,PQ rate for MOB 59
NRP-L,202301,Coll_Interest,59,59,Manual,0.0,,PQ rate for MOB 59
NRP-L,202301,Coll_Principal,60,60,Manual,-0.03717244,,PQ rate for MOB 60
NRP-L,202301,Coll_Interest,60,60,Manual,0.0,,PQ rate for MOB 60
NRP-L,202301,Coll_Principal,61,61,Manual,-0.03717244,,PQ rate for MOB 61
NRP-L,202301,Coll_Interest,61,61,Manual,0.0,,PQ rate for MOB 61
NRP-L,202301,Coll_Principal,62,62,Manual,-0.0371724399999999,,PQ rate for MOB 62
NRP-L,202301,Coll_Interest,62,62,Manual,0.0,,PQ rate for MOB 62
NRP-L,202301,Coll_Principal,63,63,Manual,-0.03717244,,PQ rate for MOB 63
NRP-L,202301,Coll_Interest,63,63,Manual,0.0,,PQ rate for MOB 63
NRP-L,202301,Coll_Principal,64,64,Manual,-0.0371724399999999,,PQ rate for MOB 64
NRP-L,202301,Coll_Interest,64,64,Manual,0.0,,PQ rate for MOB 64
NRP-M,202301,Coll_Principal,33,33,Manual,-0.038675193,,PQ rate for MOB 33
NRP-M,202301,Coll_Interest,33,33,Manual,0.0,,PQ rate for MOB 33
NRP-M,202301,Coll_Principal,34,34,Manual,-0.038675193,,PQ rate for MOB 34
NRP-M,202301,Coll_Interest,34,34,Manual,0.0,,PQ rate for MOB 34
NRP-M,202301,Coll_Principal,35,35,Manual,-0.038675193,,PQ rate for MOB 35
NRP-M,202301,Coll_Interest,35,35,Manual,0.0,,PQ rate for MOB 35
NRP-M,202301,Coll_Principal,36,36,Manual,-0.038675193,,PQ rate for MOB 36
NRP-M,202301,Coll_Interest,36,36,Manual,0.0,,PQ rate for MOB 36
NRP-M,202301,Coll_Principal,37,37,Manual,-0.038675193,,PQ rate for MOB 37
NRP-M,202301,Coll_Interest,37,37,Manual,0.0,,PQ rate for MOB 37
NRP-M,202301,Coll_Principal,38,38,Manual,-0.038675193,,PQ rate for MOB 38
NRP-M,202301,Coll_Interest,38,38,Manual,0.0,,PQ rate for MOB 38
NRP-M,202301,Coll_Principal,39,39,Manual,-0.038675193,,PQ rate for MOB 39
NRP-M,202301,Coll_Interest,39,39,Manual,0.0,,PQ rate for MOB 39
NRP-M,202301,Coll_Principal,40,40,Manual,-0.038675193,,PQ rate for MOB 40
NRP-M,202301,Coll_Interest,40,40,Manual,0.0,,PQ rate for MOB 40
NRP-M,202301,Coll_Principal,41,41,Manual,-0.038675193,,PQ rate for MOB 41
NRP-M,202301,Coll_Interest,41,41,Manual,0.0,,PQ rate for MOB 41
NRP-M,202301,Coll_Principal,42,42,Manual,-0.038675193,,PQ rate for MOB 42
NRP-M,202301,Coll_Interest,42,42,Manual,0.0,,PQ rate for MOB 42
NRP-M,202301,Coll_Principal,43,43,Manual,-0.038675193,,PQ rate for MOB 43
NRP-M,202301,Coll_Interest,43,43,Manual,0.0,,PQ rate for MOB 43
NRP-M,202301,Coll_Principal,44,44,Manual,-0.038675193,,PQ rate for MOB 44
NRP-M,202301,Coll_Interest,44,44,Manual,0.0,,PQ rate for MOB 44
NRP-M,202301,Coll_Principal,45,45,Manual,-0.038675193,,PQ rate for MOB 45
NRP-M,202301,Coll_Interest,45,45,Manual,0.0,,PQ rate for MOB 45
NRP-M,202301,Coll_Principal,46,46,Manual,-0.038675193,,PQ rate for MOB 46
NRP-M,202301,Coll_Interest,46,46,Manual,0.0,,PQ rate for MOB 46
NRP-M,202301,Coll_Principal,47,47,Manual,-0.038675193,,PQ rate for MOB 47
NRP-M,202301,Coll_Interest,47,47,Manual,0.0,,PQ rate for MOB 47
NRP-M,202301,Coll_Principal,48,48,Manual,-0.038675193,,PQ rate for MOB 48
NRP-M,202301,Coll_Interest,48,48,Manual,0.0,,PQ rate for MOB 48
NRP-M,202301,Coll_Principal,49,49,Manual,-0.038675193,,PQ rate for MOB 49
NRP-M,202301,Coll_Interest,49,49,Manual,0.0,,PQ rate for MOB 49
NRP-M,202301,Coll_Principal,50,50,Manual,-0.038675193,,PQ rate for MOB 50
NRP-M,202301,Coll_Interest,50,50,Manual,0.0,,PQ rate for MOB 50
NRP-M,202301,Coll_Principal,51,51,Manual,-0.038675193,,PQ rate for MOB 51
NRP-M,202301,Coll_Interest,51,51,Manual,0.0,,PQ rate for MOB 51
NRP-M,202301,Coll_Principal,52,52,Manual,-0.038675193,,PQ rate for MOB 52
NRP-M,202301,Coll_Interest,52,52,Manual,0.0,,PQ rate for MOB 52
NRP-M,202301,Coll_Principal,53,53,Manual,-0.038675193,,PQ rate for MOB 53
NRP-M,202301,Coll_Interest,53,53,Manual,0.0,,PQ rate for MOB 53
NRP-M,202301,Coll_Principal,54,54,Manual,-0.038675193,,PQ rate for MOB 54
NRP-M,202301,Coll_Interest,54,54,Manual,0.0,,PQ rate for MOB 54
NRP-M,202301,Coll_Principal,55,55,Manual,-0.038675193,,PQ rate for MOB 55
NRP-M,202301,Coll_Interest,55,55,Manual,0.0,,PQ rate for MOB 55
NRP-M,202301,Coll_Principal,56,56,Manual,-0.038675193,,PQ rate for MOB 56
NRP-M,202301,Coll_Interest,56,56,Manual,0.0,,PQ rate for MOB 56
NRP-M,202301,Coll_Principal,57,57,Manual,-0.038675193,,PQ rate for MOB 57
NRP-M,202301,Coll_Interest,57,57,Manual,0.0,,PQ rate for MOB 57
NRP-M,202301,Coll_Principal,58,58,Manual,-0.038675193,,PQ rate for MOB 58
NRP-M,202301,Coll_Interest,58,58,Manual,0.0,,PQ rate for MOB 58
NRP-M,202301,Coll_Principal,59,59,Manual,-0.038675193,,PQ rate for MOB 59
NRP-M,202301,Coll_Interest,59,59,Manual,0.0,,PQ rate for MOB 59
NRP-M,202301,Coll_Principal,60,60,Manual,-0.038675193,,PQ rate for MOB 60
NRP-M,202301,Coll_Interest,60,60,Manual,0.0,,PQ rate for MOB 60
NRP-M,202301,Coll_Principal,61,61,Manual,-0.038675193,,PQ rate for MOB 61
NRP-M,202301,Coll_Interest,61,61,Manual,0.0,,PQ rate for MOB 61
NRP-M,202301,Coll_Principal,62,62,Manual,-0.038675193,,PQ rate for MOB 62
NRP-M,202301,Coll_Interest,62,62,Manual,0.0,,PQ rate for MOB 62
NRP-M,202301,Coll_Principal,63,63,Manual,-0.038675193,,PQ rate for MOB 63
NRP-M,202301,Coll_Interest,63,63,Manual,0.0,,PQ rate for MOB 63
NRP-M,202301,Coll_Principal,64,64,Manual,-0.038675193,,PQ rate for MOB 64
NRP-M,202301,Coll_Interest,64,64,Manual,0.0,,PQ rate for MOB 64
NRP-S,202301,Coll_Principal,33,33,Manual,-0.061882725,,PQ rate for MOB 33
NRP-S,202301,Coll_Interest,33,33,Manual,-0.03,,PQ rate for MOB 33
NRP-S,202301,Coll_Principal,34,34,Manual,-0.061882725,,PQ rate for MOB 34
NRP-S,202301,Coll_Interest,34,34,Manual,-0.03,,PQ rate for MOB 34
NRP-S,202301,Coll_Principal,35,35,Manual,-0.061882725,,PQ rate for MOB 35
NRP-S,202301,Coll_Interest,35,35,Manual,-0.03,,PQ rate for MOB 35
NRP-S,202301,Coll_Principal,36,36,Manual,-0.061882725,,PQ rate for MOB 36
NRP-S,202301,Coll_Interest,36,36,Manual,-0.03,,PQ rate for MOB 36
NRP-S,202301,Coll_Principal,37,37,Manual,-0.061882725,,PQ rate for MOB 37
NRP-S,202301,Coll_Interest,37,37,Manual,-0.0299999999999999,,PQ rate for MOB 37
NRP-S,202301,Coll_Principal,38,38,Manual,-0.061882725,,PQ rate for MOB 38
NRP-S,202301,Coll_Interest,38,38,Manual,-0.03,,PQ rate for MOB 38
NRP-S,202301,Coll_Principal,39,39,Manual,-0.061882725,,PQ rate for MOB 39
NRP-S,202301,Coll_Interest,39,39,Manual,-0.03,,PQ rate for MOB 39
NRP-S,202301,Coll_Principal,40,40,Manual,-0.061882725,,PQ rate for MOB 40
NRP-S,202301,Coll_Interest,40,40,Manual,-0.0299999999999999,,PQ rate for MOB 40
NRP-S,202301,Coll_Principal,41,41,Manual,-0.0618827249999999,,PQ rate for MOB 41
NRP-S,202301,Coll_Interest,41,41,Manual,-0.03,,PQ rate for MOB 41
NRP-S,202301,Coll_Principal,42,42,Manual,-0.0618827249999999,,PQ rate for MOB 42
NRP-S,202301,Coll_Interest,42,42,Manual,-0.03,,PQ rate for MOB 42
NRP-S,202301,Coll_Principal,43,43,Manual,-0.061882725,,PQ rate for MOB 43
NRP-S,202301,Coll_Interest,43,43,Manual,-0.03,,PQ rate for MOB 43
NRP-S,202301,Coll_Principal,44,44,Manual,-0.061882725,,PQ rate for MOB 44
NRP-S,202301,Coll_Interest,44,44,Manual,-0.03,,PQ rate for MOB 44
NRP-S,202301,Coll_Principal,45,45,Manual,-0.061882725,,PQ rate for MOB 45
NRP-S,202301,Coll_Interest,45,45,Manual,-0.03,,PQ rate for MOB 45
NRP-S,202301,Coll_Principal,46,46,Manual,-0.061882725,,PQ rate for MOB 46
NRP-S,202301,Coll_Interest,46,46,Manual,-0.03,,PQ rate for MOB 46
NRP-S,202301,Coll_Principal,47,47,Manual,-0.061882725,,PQ rate for MOB 47
NRP-S,202301,Coll_Interest,47,47,Manual,-0.0299999999999999,,PQ rate for MOB 47
NRP-S,202301,Coll_Principal,48,48,Manual,-0.061882725,,PQ rate for MOB 48
NRP-S,202301,Coll_Interest,48,48,Manual,-0.03,,PQ rate for MOB 48
NRP-S,202301,Coll_Principal,49,49,Manual,-0.0618827249999999,,PQ rate for MOB 49
NRP-S,202301,Coll_Interest,49,49,Manual,-0.03,,PQ rate for MOB 49
NRP-S,202301,Coll_Principal,50,50,Manual,-0.061882725,,PQ rate for MOB 50
NRP-S,202301,Coll_Interest,50,50,Manual,-0.03,,PQ rate for MOB 50
NRP-S,202301,Coll_Principal,51,51,Manual,-0.0618827249999999,,PQ rate for MOB 51
NRP-S,202301,Coll_Interest,51,51,Manual,-0.03,,PQ rate for MOB 51
NRP-S,202301,Coll_Principal,52,52,Manual,-0.061882725,,PQ rate for MOB 52
NRP-S,202301,Coll_Interest,52,52,Manual,-0.03,,PQ rate for MOB 52
NRP-S,202301,Coll_Principal,53,53,Manual,-0.061882725,,PQ rate for MOB 53
NRP-S,202301,Coll_Interest,53,53,Manual,-0.03,,PQ rate for MOB 53
NRP-S,202301,Coll_Principal,54,54,Manual,-0.061882725,,PQ rate for MOB 54
NRP-S,202301,Coll_Interest,54,54,Manual,-0.03,,PQ rate for MOB 54
NRP-S,202301,Coll_Principal,55,55,Manual,-0.061882725,,PQ rate for MOB 55
NRP-S,202301,Coll_Interest,55,55,Manual,-0.03,,PQ rate for MOB 55
NRP-S,202301,Coll_Principal,56,56,Manual,-0.061882725,,PQ rate for MOB 56
NRP-S,202301,Coll_Interest,56,56,Manual,-0.03,,PQ rate for MOB 56
NRP-S,202301,Coll_Principal,57,57,Manual,-0.0618827249999999,,PQ rate for MOB 57
NRP-S,202301,Coll_Interest,57,57,Manual,-0.03,,PQ rate for MOB 57
NRP-S,202301,Coll_Principal,58,58,Manual,-0.061882725,,PQ rate for MOB 58
NRP-S,202301,Coll_Interest,58,58,Manual,-0.03,,PQ rate for MOB 58
NRP-S,202301,Coll_Principal,59,59,Manual,-0.061882725,,PQ rate for MOB 59
NRP-S,202301,Coll_Interest,59,59,Manual,-0.03,,PQ rate for MOB 59
NRP-S,202301,Coll_Principal,60,60,Manual,-0.061882725,,PQ rate for MOB 60
NRP-S,202301,Coll_Interest,60,60,Manual,-0.03,,PQ rate for MOB 60
NRP-S,202301,Coll_Principal,61,61,Manual,-0.061882725,,PQ rate for MOB 61
NRP-S,202301,Coll_Interest,61,61,Manual,-0.03,,PQ rate for MOB 61
NRP-S,202301,Coll_Principal,62,62,Manual,-0.061882725,,PQ rate for MOB 62
NRP-S,202301,Coll_Interest,62,62,Manual,-0.03,,PQ rate for MOB 62
NRP-S,202301,Coll_Principal,63,63,Manual,-0.061882725,,PQ rate for MOB 63
NRP-S,202301,Coll_Interest,63,63,Manual,-0.03,,PQ rate for MOB 63
NRP-S,202301,Coll_Principal,64,64,Manual,-0.061882725,,PQ rate for MOB 64
NRP-S,202301,Coll_Interest,64,64,Manual,-0.0299999999999999,,PQ rate for MOB 64
NON PRIME,202404,Coll_Principal,18,18,Manual,-0.089870411,,PQ rate for MOB 18
NON PRIME,202404,Coll_Interest,18,18,Manual,-0.0221126585046885,,PQ rate for MOB 18
NON PRIME,202404,Coll_Principal,19,19,Manual,-0.089870411,,PQ rate for MOB 19
NON PRIME,202404,Coll_Interest,19,19,Manual,-0.0218810438510394,,PQ rate for MOB 19
NON PRIME,202404,Coll_Principal,20,20,Manual,-0.089870411,,PQ rate for MOB 20
NON PRIME,202404,Coll_Interest,20,20,Manual,-0.0217236628103578,,PQ rate for MOB 20
NON PRIME,202404,Coll_Principal,21,21,Manual,-0.089870411,,PQ rate for MOB 21
NON PRIME,202404,Coll_Interest,21,21,Manual,-0.0216194244307209,,PQ rate for MOB 21
NON PRIME,202404,Coll_Principal,22,22,Manual,-0.089870411,,PQ rate for MOB 22
NON PRIME,202404,Coll_Interest,22,22,Manual,-0.021553700394539,,PQ rate for MOB 22
NON PRIME,202404,Coll_Principal,23,23,Manual,-0.089870411,,PQ rate for MOB 23
NON PRIME,202404,Coll_Interest,23,23,Manual,-0.0215161570210655,,PQ rate for MOB 23
NON PRIME,202404,Coll_Principal,24,24,Manual,-0.089870411,,PQ rate for MOB 24
NON PRIME,202404,Coll_Interest,24,24,Manual,-0.0214993778594276,,PQ rate for MOB 24
NON PRIME,202404,Coll_Principal,25,25,Manual,-0.089870411,,PQ rate for MOB 25
NON PRIME,202404,Coll_Interest,25,25,Manual,-0.0214979666115791,,PQ rate for MOB 25
NON PRIME,202404,Coll_Principal,26,26,Manual,-0.089870411,,PQ rate for MOB 26
NON PRIME,202404,Coll_Interest,26,26,Manual,-0.0215079499394948,,PQ rate for MOB 26
NON PRIME,202404,Coll_Principal,27,27,Manual,-0.089870411,,PQ rate for MOB 27
NON PRIME,202404,Coll_Interest,27,27,Manual,-0.0215263720793134,,PQ rate for MOB 27
NON PRIME,202404,Coll_Principal,28,28,Manual,-0.089870411,,PQ rate for MOB 28
NON PRIME,202404,Coll_Interest,28,28,Manual,-0.0215510148136253,,PQ rate for MOB 28
NON PRIME,202404,Coll_Principal,29,29,Manual,-0.089870411,,PQ rate for MOB 29
NON PRIME,202404,Coll_Interest,29,29,Manual,-0.021580200978354,,PQ rate for MOB 29
NON PRIME,202404,Coll_Principal,30,30,Manual,-0.0898704109999999,,PQ rate for MOB 30
NON PRIME,202404,Coll_Interest,30,30,Manual,-0.0216126546181635,,PQ rate for MOB 30
NON PRIME,202404,Coll_Principal,31,31,Manual,-0.089870411,,PQ rate for MOB 31
NON PRIME,202404,Coll_Interest,31,31,Manual,-0.0216474001730808,,PQ rate for MOB 31
NON PRIME,202404,Coll_Principal,32,32,Manual,-0.089870411,,PQ rate for MOB 32
NON PRIME,202404,Coll_Interest,32,32,Manual,-0.0216836889498702,,PQ rate for MOB 32
NON PRIME,202404,Coll_Principal,33,33,Manual,-0.089870411,,PQ rate for MOB 33
NON PRIME,202404,Coll_Interest,33,33,Manual,-0.0217209449206941,,PQ rate for MOB 33
NON PRIME,202404,Coll_Principal,34,34,Manual,-0.089870411,,PQ rate for MOB 34
NON PRIME,202404,Coll_Interest,34,34,Manual,-0.0217587243793195,,PQ rate for MOB 34
NON PRIME,202404,Coll_Principal,35,35,Manual,-0.089870411,,PQ rate for MOB 35
NON PRIME,202404,Coll_Interest,35,35,Manual,-0.0217966856444247,,PQ rate for MOB 35
NON PRIME,202404,Coll_Principal,36,36,Manual,-0.089870411,,PQ rate for MOB 36
NON PRIME,202404,Coll_Interest,36,36,Manual,-0.0218345661225046,,PQ rate for MOB 36
NON PRIME,202404,Coll_Principal,37,37,Manual,-0.089870411,,PQ rate for MOB 37
NON PRIME,202404,Coll_Interest,37,37,Manual,-0.0218721648131031,,PQ rate for MOB 37
NON PRIME,202404,Coll_Principal,38,38,Manual,-0.089870411,,PQ rate for MOB 38
NON PRIME,202404,Coll_Interest,38,38,Manual,-0.0219093288740211,,PQ rate for MOB 38
NON PRIME,202404,Coll_Principal,39,39,Manual,-0.089870411,,PQ rate for MOB 39
NON PRIME,202404,Coll_Interest,39,39,Manual,-0.0219459432399741,,PQ rate for MOB 39
NON PRIME,202404,Coll_Principal,40,40,Manual,-0.089870411,,PQ rate for MOB 40
NON PRIME,202404,Coll_Interest,40,40,Manual,-0.0219819225550709,,PQ rate for MOB 40
NON PRIME,202404,Coll_Principal,41,41,Manual,-0.089870411,,PQ rate for MOB 41
NON PRIME,202404,Coll_Interest,41,41,Manual,-0.022017204870955,,PQ rate for MOB 41
NON PRIME,202404,Coll_Principal,42,42,Manual,-0.089870411,,PQ rate for MOB 42
NON PRIME,202404,Coll_Interest,42,42,Manual,-0.0220517467010935,,PQ rate for MOB 42
NON PRIME,202404,Coll_Principal,43,43,Manual,-0.089870411,,PQ rate for MOB 43
NON PRIME,202404,Coll_Interest,43,43,Manual,-0.0220855191229861,,PQ rate for MOB 43
NON PRIME,202404,Coll_Principal,44,44,Manual,-0.089870411,,PQ rate for MOB 44
NON PRIME,202404,Coll_Interest,44,44,Manual,-0.022118504694677,,PQ rate for MOB 44
NON PRIME,202404,Coll_Principal,45,45,Manual,-0.089870411,,PQ rate for MOB 45
NON PRIME,202404,Coll_Interest,45,45,Manual,-0.022150695007335,,PQ rate for MOB 45
NON PRIME,202404,Coll_Principal,46,46,Manual,-0.0898704109999999,,PQ rate for MOB 46
NON PRIME,202404,Coll_Interest,46,46,Manual,-0.0221820887370878,,PQ rate for MOB 46
NON PRIME,202404,Coll_Principal,47,47,Manual,-0.089870411,,PQ rate for MOB 47
NON PRIME,202404,Coll_Interest,47,47,Manual,-0.0222126900904783,,PQ rate for MOB 47
NON PRIME,202404,Coll_Principal,48,48,Manual,-0.089870411,,PQ rate for MOB 48
NON PRIME,202404,Coll_Interest,48,48,Manual,-0.0222425075615459,,PQ rate for MOB 48
NON PRIME,202404,Coll_Principal,49,49,Manual,-0.089870411,,PQ rate for MOB 49
NON PRIME,202404,Coll_Interest,49,49,Manual,-0.0222715529365599,,PQ rate for MOB 49
NRP-L,202404,Coll_Principal,18,18,Manual,-0.068010122,,PQ rate for MOB 18
NRP-L,202404,Coll_Interest,18,18,Manual,-0.0145936802790139,,PQ rate for MOB 18
NRP-L,202404,Coll_Principal,19,19,Manual,-0.068010122,,PQ rate for MOB 19
NRP-L,202404,Coll_Interest,19,19,Manual,-0.0147957517125045,,PQ rate for MOB 19
NRP-L,202404,Coll_Principal,20,20,Manual,-0.068010122,,PQ rate for MOB 20
NRP-L,202404,Coll_Interest,20,20,Manual,-0.0149525979891007,,PQ rate for MOB 20
NRP-L,202404,Coll_Principal,21,21,Manual,-0.068010122,,PQ rate for MOB 21
NRP-L,202404,Coll_Interest,21,21,Manual,-0.0150757234707912,,PQ rate for MOB 21
NRP-L,202404,Coll_Principal,22,22,Manual,-0.068010122,,PQ rate for MOB 22
NRP-L,202404,Coll_Interest,22,22,Manual,-0.0151732930053564,,PQ rate for MOB 22
NRP-L,202404,Coll_Principal,23,23,Manual,-0.068010122,,PQ rate for MOB 23
NRP-L,202404,Coll_Interest,23,23,Manual,-0.0152512167957184,,PQ rate for MOB 23
NRP-L,202404,Coll_Principal,24,24,Manual,-0.068010122,,PQ rate for MOB 24
NRP-L,202404,Coll_Interest,24,24,Manual,-0.0153138479935399,,PQ rate for MOB 24
NRP-L,202404,Coll_Principal,25,25,Manual,-0.068010122,,PQ rate for MOB 25
NRP-L,202404,Coll_Interest,25,25,Manual,-0.0153644427139701,,PQ rate for MOB 25
NRP-L,202404,Coll_Principal,26,26,Manual,-0.068010122,,PQ rate for MOB 26
NRP-L,202404,Coll_Interest,26,26,Manual,-0.0154054702404816,,PQ rate for MOB 26
NRP-L,202404,Coll_Principal,27,27,Manual,-0.068010122,,PQ rate for MOB 27
NRP-L,202404,Coll_Interest,27,27,Manual,-0.015438826425396,,PQ rate for MOB 27
NRP-L,202404,Coll_Principal,28,28,Manual,-0.068010122,,PQ rate for MOB 28
NRP-L,202404,Coll_Interest,28,28,Manual,-0.0154659831527375,,PQ rate for MOB 28
NRP-L,202404,Coll_Principal,29,29,Manual,-0.068010122,,PQ rate for MOB 29
NRP-L,202404,Coll_Interest,29,29,Manual,-0.0154880947304743,,PQ rate for MOB 29
NRP-L,202404,Coll_Principal,30,30,Manual,-0.068010122,,PQ rate for MOB 30
NRP-L,202404,Coll_Interest,30,30,Manual,-0.0155060747464168,,PQ rate for MOB 30
NRP-L,202404,Coll_Principal,31,31,Manual,-0.068010122,,PQ rate for MOB 31
NRP-L,202404,Coll_Interest,31,31,Manual,-0.0155206523375641,,PQ rate for MOB 31
NRP-L,202404,Coll_Principal,32,32,Manual,-0.068010122,,PQ rate for MOB 32
NRP-L,202404,Coll_Interest,32,32,Manual,-0.0155324138964047,,PQ rate for MOB 32
NRP-L,202404,Coll_Principal,33,33,Manual,-0.068010122,,PQ rate for MOB 33
NRP-L,202404,Coll_Interest,33,33,Manual,-0.0155418343341215,,PQ rate for MOB 33
NRP-L,202404,Coll_Principal,34,34,Manual,-0.068010122,,PQ rate for MOB 34
NRP-L,202404,Coll_Interest,34,34,Manual,-0.0155493007607405,,PQ rate for MOB 34
NRP-L,202404,Coll_Principal,35,35,Manual,-0.068010122,,PQ rate for MOB 35
NRP-L,202404,Coll_Interest,35,35,Manual,-0.0155551305949404,,PQ rate for MOB 35
NRP-L,202404,Coll_Principal,36,36,Manual,-0.068010122,,PQ rate for MOB 36
NRP-L,202404,Coll_Interest,36,36,Manual,-0.0155595855379614,,PQ rate for MOB 36
NRP-L,202404,Coll_Principal,37,37,Manual,-0.068010122,,PQ rate for MOB 37
NRP-L,202404,Coll_Interest,37,37,Manual,-0.0155628824459599,,PQ rate for MOB 37
NRP-L,202404,Coll_Principal,38,38,Manual,-0.068010122,,PQ rate for MOB 38
NRP-L,202404,Coll_Interest,38,38,Manual,-0.0155652018548329,,PQ rate for MOB 38
NRP-L,202404,Coll_Principal,39,39,Manual,-0.068010122,,PQ rate for MOB 39
NRP-L,202404,Coll_Interest,39,39,Manual,-0.0155666947127933,,PQ rate for MOB 39
NRP-L,202404,Coll_Principal,40,40,Manual,-0.068010122,,PQ rate for MOB 40
NRP-L,202404,Coll_Interest,40,40,Manual,-0.0155674877335226,,PQ rate for MOB 40
NRP-L,202404,Coll_Principal,41,41,Manual,-0.068010122,,PQ rate for MOB 41
NRP-L,202404,Coll_Interest,41,41,Manual,-0.0155676876795538,,PQ rate for MOB 41
NRP-L,202404,Coll_Principal,42,42,Manual,-0.068010122,,PQ rate for MOB 42
NRP-L,202404,Coll_Interest,42,42,Manual,-0.0155673848101036,,PQ rate for MOB 42
NRP-L,202404,Coll_Principal,43,43,Manual,-0.068010122,,PQ rate for MOB 43
NRP-L,202404,Coll_Interest,43,43,Manual,-0.0155666556719018,,PQ rate for MOB 43
NRP-L,202404,Coll_Principal,44,44,Manual,-0.068010122,,PQ rate for MOB 44
NRP-L,202404,Coll_Interest,44,44,Manual,-0.0155655653701437,,PQ rate for MOB 44
NRP-L,202404,Coll_Principal,45,45,Manual,-0.068010122,,PQ rate for MOB 45
NRP-L,202404,Coll_Interest,45,45,Manual,-0.0155641694256113,,PQ rate for MOB 45
NRP-L,202404,Coll_Principal,46,46,Manual,-0.068010122,,PQ rate for MOB 46
NRP-L,202404,Coll_Interest,46,46,Manual,-0.015562515300519,,PQ rate for MOB 46
NRP-L,202404,Coll_Principal,47,47,Manual,-0.068010122,,PQ rate for MOB 47
NRP-L,202404,Coll_Interest,47,47,Manual,-0.0155606436577507,,PQ rate for MOB 47
NRP-L,202404,Coll_Principal,48,48,Manual,-0.068010122,,PQ rate for MOB 48
NRP-L,202404,Coll_Interest,48,48,Manual,-0.0155585894044475,,PQ rate for MOB 48
NRP-L,202404,Coll_Principal,49,49,Manual,-0.068010122,,PQ rate for MOB 49
NRP-L,202404,Coll_Interest,49,49,Manual,-0.0155563825603254,,PQ rate for MOB 49
NRP-M,202404,Coll_Principal,18,18,Manual,-0.045967313,,PQ rate for MOB 18
NRP-M,202404,Coll_Interest,18,18,Manual,-0.0144566692443808,,PQ rate for MOB 18
NRP-M,202404,Coll_Principal,19,19,Manual,-0.045967313,,PQ rate for MOB 19
NRP-M,202404,Coll_Interest,19,19,Manual,-0.014752613750958,,PQ rate for MOB 19
NRP-M,202404,Coll_Principal,20,20,Manual,-0.045967313,,PQ rate for MOB 20
NRP-M,202404,Coll_Interest,20,20,Manual,-0.014988429157449,,PQ rate for MOB 20
NRP-M,202404,Coll_Principal,21,21,Manual,-0.045967313,,PQ rate for MOB 21
NRP-M,202404,Coll_Interest,21,21,Manual,-0.0151788093115332,,PQ rate for MOB 21
NRP-M,202404,Coll_Principal,22,22,Manual,-0.045967313,,PQ rate for MOB 22
NRP-M,202404,Coll_Interest,22,22,Manual,-0.0153342754658464,,PQ rate for MOB 22
NRP-M,202404,Coll_Principal,23,23,Manual,-0.045967313,,PQ rate for MOB 23
NRP-M,202404,Coll_Interest,23,23,Manual,-0.0154625130912973,,PQ rate for MOB 23
NRP-M,202404,Coll_Principal,24,24,Manual,-0.045967313,,PQ rate for MOB 24
NRP-M,202404,Coll_Interest,24,24,Manual,-0.0155692360177922,,PQ rate for MOB 24
NRP-M,202404,Coll_Principal,25,25,Manual,-0.045967313,,PQ rate for MOB 25
NRP-M,202404,Coll_Interest,25,25,Manual,-0.0156587593360978,,PQ rate for MOB 25
NRP-M,202404,Coll_Principal,26,26,Manual,-0.045967313,,PQ rate for MOB 26
NRP-M,202404,Coll_Interest,26,26,Manual,-0.0157343878364153,,PQ rate for MOB 26
NRP-M,202404,Coll_Principal,27,27,Manual,-0.045967313,,PQ rate for MOB 27
NRP-M,202404,Coll_Interest,27,27,Manual,-0.015798684712548,,PQ rate for MOB 27
NRP-M,202404,Coll_Principal,28,28,Manual,-0.045967313,,PQ rate for MOB 28
NRP-M,202404,Coll_Interest,28,28,Manual,-0.0158536608216258,,PQ rate for MOB 28
NRP-M,202404,Coll_Principal,29,29,Manual,-0.045967313,,PQ rate for MOB 29
NRP-M,202404,Coll_Interest,29,29,Manual,-0.0159009101789805,,PQ rate for MOB 29
NRP-M,202404,Coll_Principal,30,30,Manual,-0.045967313,,PQ rate for MOB 30
NRP-M,202404,Coll_Interest,30,30,Manual,-0.0159417084093874,,PQ rate for MOB 30
NRP-M,202404,Coll_Principal,31,31,Manual,-0.045967313,,PQ rate for MOB 31
NRP-M,202404,Coll_Interest,31,31,Manual,-0.0159770852559516,,PQ rate for MOB 31
NRP-M,202404,Coll_Principal,32,32,Manual,-0.045967313,,PQ rate for MOB 32
NRP-M,202404,Coll_Interest,32,32,Manual,-0.0160078786483029,,PQ rate for MOB 32
NRP-M,202404,Coll_Principal,33,33,Manual,-0.045967313,,PQ rate for MOB 33
NRP-M,202404,Coll_Interest,33,33,Manual,-0.0160347754820426,,PQ rate for MOB 33
NRP-M,202404,Coll_Principal,34,34,Manual,-0.045967313,,PQ rate for MOB 34
NRP-M,202404,Coll_Interest,34,34,Manual,-0.01605834270067,,PQ rate for MOB 34
NRP-M,202404,Coll_Principal,35,35,Manual,-0.045967313,,PQ rate for MOB 35
NRP-M,202404,Coll_Interest,35,35,Manual,-0.0160790512178601,,PQ rate for MOB 35
NRP-M,202404,Coll_Principal,36,36,Manual,-0.045967313,,PQ rate for MOB 36
NRP-M,202404,Coll_Interest,36,36,Manual,-0.0160972944964714,,PQ rate for MOB 36
NRP-M,202404,Coll_Principal,37,37,Manual,-0.045967313,,PQ rate for MOB 37
NRP-M,202404,Coll_Interest,37,37,Manual,-0.0161134030996705,,PQ rate for MOB 37
NRP-M,202404,Coll_Principal,38,38,Manual,-0.045967313,,PQ rate for MOB 38
NRP-M,202404,Coll_Interest,38,38,Manual,-0.0161276561772434,,PQ rate for MOB 38
NRP-M,202404,Coll_Principal,39,39,Manual,-0.045967313,,PQ rate for MOB 39
NRP-M,202404,Coll_Interest,39,39,Manual,-0.0161402905994495,,PQ rate for MOB 39
NRP-M,202404,Coll_Principal,40,40,Manual,-0.045967313,,PQ rate for MOB 40
NRP-M,202404,Coll_Interest,40,40,Manual,-0.0161515082703853,,PQ rate for MOB 40
NRP-M,202404,Coll_Principal,41,41,Manual,-0.045967313,,PQ rate for MOB 41
NRP-M,202404,Coll_Interest,41,41,Manual,-0.0161614820216882,,PQ rate for MOB 41
NRP-M,202404,Coll_Principal,42,42,Manual,-0.045967313,,PQ rate for MOB 42
NRP-M,202404,Coll_Interest,42,42,Manual,-0.0161703603911483,,PQ rate for MOB 42
NRP-M,202404,Coll_Principal,43,43,Manual,-0.045967313,,PQ rate for MOB 43
NRP-M,202404,Coll_Interest,43,43,Manual,-0.0161782715194893,,PQ rate for MOB 43
NRP-M,202404,Coll_Principal,44,44,Manual,-0.045967313,,PQ rate for MOB 44
NRP-M,202404,Coll_Interest,44,44,Manual,-0.0161853263453041,,PQ rate for MOB 44
NRP-M,202404,Coll_Principal,45,45,Manual,-0.045967313,,PQ rate for MOB 45
NRP-M,202404,Coll_Interest,45,45,Manual,-0.0161916212380051,,PQ rate for MOB 45
NRP-M,202404,Coll_Principal,46,46,Manual,-0.045967313,,PQ rate for MOB 46
NRP-M,202404,Coll_Interest,46,46,Manual,-0.0161972401781911,,PQ rate for MOB 46
NRP-M,202404,Coll_Principal,47,47,Manual,-0.045967313,,PQ rate for MOB 47
NRP-M,202404,Coll_Interest,47,47,Manual,-0.0162022565715528,,PQ rate for MOB 47
NRP-M,202404,Coll_Principal,48,48,Manual,-0.045967313,,PQ rate for MOB 48
NRP-M,202404,Coll_Interest,48,48,Manual,-0.0162067347645171,,PQ rate for MOB 48
NRP-M,202404,Coll_Principal,49,49,Manual,-0.045967313,,PQ rate for MOB 49
NRP-M,202404,Coll_Interest,49,49,Manual,-0.016210731315945,,PQ rate for MOB 49
NRP-S,202404,Coll_Principal,18,18,Manual,-0.0477141361728248,,PQ rate for MOB 18
NRP-S,202404,Coll_Interest,18,18,Manual,-0.0162228741974261,,PQ rate for MOB 18
NRP-S,202404,Coll_Principal,19,19,Manual,-0.0484673209408213,,PQ rate for MOB 19
NRP-S,202404,Coll_Interest,19,19,Manual,-0.0163146857108725,,PQ rate for MOB 19
NRP-S,202404,Coll_Principal,20,20,Manual,-0.0487281454389718,,PQ rate for MOB 20
NRP-S,202404,Coll_Interest,20,20,Manual,-0.0163945536263238,,PQ rate for MOB 20
NRP-S,202404,Coll_Principal,21,21,Manual,-0.0499483648031392,,PQ rate for MOB 21
NRP-S,202404,Coll_Interest,21,21,Manual,-0.0164646680773346,,PQ rate for MOB 21
NRP-S,202404,Coll_Principal,22,22,Manual,-0.0500568722486148,,PQ rate for MOB 22
NRP-S,202404,Coll_Interest,22,22,Manual,-0.0165267141811605,,PQ rate for MOB 22
NRP-S,202404,Coll_Principal,23,23,Manual,-0.0500568722486148,,PQ rate for MOB 23
NRP-S,202404,Coll_Interest,23,23,Manual,-0.0165820097588246,,PQ rate for MOB 23
NRP-S,202404,Coll_Principal,24,24,Manual,-0.0500568722486148,,PQ rate for MOB 24
NRP-S,202404,Coll_Interest,24,24,Manual,-0.0166316002928519,,PQ rate for MOB 24
NRP-S,202404,Coll_Principal,25,25,Manual,-0.0500568722486148,,PQ rate for MOB 25
NRP-S,202404,Coll_Interest,25,25,Manual,-0.0166763258588863,,PQ rate for MOB 25
NRP-S,202404,Coll_Principal,26,26,Manual,-0.0500568722486148,,PQ rate for MOB 26
NRP-S,202404,Coll_Interest,26,26,Manual,-0.0167168692334709,,PQ rate for MOB 26
NRP-S,202404,Coll_Principal,27,27,Manual,-0.0500568722486148,,PQ rate for MOB 27
NRP-S,202404,Coll_Interest,27,27,Manual,-0.0167537910803907,,PQ rate for MOB 27
NRP-S,202404,Coll_Principal,28,28,Manual,-0.0500568722486148,,PQ rate for MOB 28
NRP-S,202404,Coll_Interest,28,28,Manual,-0.0167875560927077,,PQ rate for MOB 28
NRP-S,202404,Coll_Principal,29,29,Manual,-0.0500568722486148,,PQ rate for MOB 29
NRP-S,202404,Coll_Interest,29,29,Manual,-0.0168185526922573,,PQ rate for MOB 29
NRP-S,202404,Coll_Principal,30,30,Manual,-0.0500568722486148,,PQ rate for MOB 30
NRP-S,202404,Coll_Interest,30,30,Manual,-0.0168471080664876,,PQ rate for MOB 30
NRP-S,202404,Coll_Principal,31,31,Manual,-0.0500568722486148,,PQ rate for MOB 31
NRP-S,202404,Coll_Interest,31,31,Manual,-0.0168734997817127,,PQ rate for MOB 31
NRP-S,202404,Coll_Principal,32,32,Manual,-0.0500568722486148,,PQ rate for MOB 32
NRP-S,202404,Coll_Interest,32,32,Manual,-0.0168979648491937,,PQ rate for MOB 32
NRP-S,202404,Coll_Principal,33,33,Manual,-0.0500568722486148,,PQ rate for MOB 33
NRP-S,202404,Coll_Interest,33,33,Manual,-0.0169207068730313,,PQ rate for MOB 33
NRP-S,202404,Coll_Principal,34,34,Manual,-0.0500568722486148,,PQ rate for MOB 34
NRP-S,202404,Coll_Interest,34,34,Manual,-0.0169419017373508,,PQ rate for MOB 34
NRP-S,202404,Coll_Principal,35,35,Manual,-0.0500568722486148,,PQ rate for MOB 35
NRP-S,202404,Coll_Interest,35,35,Manual,-0.0169617021696471,,PQ rate for MOB 35
NRP-S,202404,Coll_Principal,36,36,Manual,-0.0500568722486148,,PQ rate for MOB 36
NRP-S,202404,Coll_Interest,36,36,Manual,-0.0169802414311806,,PQ rate for MOB 36
NRP-S,202404,Coll_Principal,37,37,Manual,-0.0500568722486148,,PQ rate for MOB 37
NRP-S,202404,Coll_Interest,37,37,Manual,-0.0169976363232702,,PQ rate for MOB 37
NRP-S,202404,Coll_Principal,38,38,Manual,-0.0500568722486148,,PQ rate for MOB 38
NRP-S,202404,Coll_Interest,38,38,Manual,-0.0170139896530289,,PQ rate for MOB 38
NRP-S,202404,Coll_Principal,39,39,Manual,-0.0500568722486148,,PQ rate for MOB 39
NRP-S,202404,Coll_Interest,39,39,Manual,-0.0170293922686607,,PQ rate for MOB 39
NRP-S,202404,Coll_Principal,40,40,Manual,-0.0500568722486148,,PQ rate for MOB 40
NRP-S,202404,Coll_Interest,40,40,Manual,-0.0170439247495213,,PQ rate for MOB 40
NRP-S,202404,Coll_Principal,41,41,Manual,-0.0500568722486148,,PQ rate for MOB 41
NRP-S,202404,Coll_Interest,41,41,Manual,-0.0170576588173951,,PQ rate for MOB 41
NRP-S,202404,Coll_Principal,42,42,Manual,-0.0500568722486148,,PQ rate for MOB 42
NRP-S,202404,Coll_Interest,42,42,Manual,-0.0170706585212137,,PQ rate for MOB 42
NRP-S,202404,Coll_Principal,43,43,Manual,-0.0500568722486148,,PQ rate for MOB 43
NRP-S,202404,Coll_Interest,43,43,Manual,-0.0170829812365489,,PQ rate for MOB 43
NRP-S,202404,Coll_Principal,44,44,Manual,-0.0500568722486148,,PQ rate for MOB 44
NRP-S,202404,Coll_Interest,44,44,Manual,-0.0170946785128124,,PQ rate for MOB 44
NRP-S,202404,Coll_Principal,45,45,Manual,-0.0500568722486148,,PQ rate for MOB 45
NRP-S,202404,Coll_Interest,45,45,Manual,-0.0171057967945683,,PQ rate for MOB 45
NRP-S,202404,Coll_Principal,46,46,Manual,-0.0500568722486148,,PQ rate for MOB 46
NRP-S,202404,Coll_Interest,46,46,Manual,-0.0171163780382575,,PQ rate for MOB 46
NRP-S,202404,Coll_Principal,47,47,Manual,-0.0500568722486148,,PQ rate for MOB 47
NRP-S,202404,Coll_Interest,47,47,Manual,-0.0171264602416111,,PQ rate for MOB 47
NRP-S,202404,Coll_Principal,48,48,Manual,-0.0500568722486148,,PQ rate for MOB 48
NRP-S,202404,Coll_Interest,48,48,Manual,-0.0171360778998429,,PQ rate for MOB 48
NRP-S,202404,Coll_Principal,49,49,Manual,-0.0500568722486148,,PQ rate for MOB 49
NRP-S,202404,Coll_Interest,49,49,Manual,-0.017145262400171,,PQ rate for MOB 49
NON PRIME,202405,Coll_Principal,17,17,Manual,-0.059240555826335,,PQ rate for MOB 17
NON PRIME,202405,Coll_Interest,17,17,Manual,-0.0218258048672827,,PQ rate for MOB 17
NON PRIME,202405,Coll_Principal,18,18,Manual,-0.0582218530756076,,PQ rate for MOB 18
NON PRIME,202405,Coll_Interest,18,18,Manual,-0.0216836034593149,,PQ rate for MOB 18
NON PRIME,202405,Coll_Principal,19,19,Manual,-0.0589918873505973,,PQ rate for MOB 19
NON PRIME,202405,Coll_Interest,19,19,Manual,-0.0216029287897698,,PQ rate for MOB 19
NON PRIME,202405,Coll_Principal,20,20,Manual,-0.0591532133971775,,PQ rate for MOB 20
NON PRIME,202405,Coll_Interest,20,20,Manual,-0.0215642633669381,,PQ rate for MOB 20
NON PRIME,202405,Coll_Principal,21,21,Manual,-0.0609273814211877,,PQ rate for MOB 21
NON PRIME,202405,Coll_Interest,21,21,Manual,-0.0215545599861609,,PQ rate for MOB 21
NON PRIME,202405,Coll_Principal,22,22,Manual,-0.0609273814211877,,PQ rate for MOB 22
NON PRIME,202405,Coll_Interest,22,22,Manual,-0.0215649227789658,,PQ rate for MOB 22
NON PRIME,202405,Coll_Principal,23,23,Manual,-0.0609273814211877,,PQ rate for MOB 23
NON PRIME,202405,Coll_Interest,23,23,Manual,-0.0215891852937089,,PQ rate for MOB 23
NON PRIME,202405,Coll_Principal,24,24,Manual,-0.0609273814211877,,PQ rate for MOB 24
NON PRIME,202405,Coll_Interest,24,24,Manual,-0.0216230139907645,,PQ rate for MOB 24
NON PRIME,202405,Coll_Principal,25,25,Manual,-0.0609273814211877,,PQ rate for MOB 25
NON PRIME,202405,Coll_Interest,25,25,Manual,-0.0216633290678326,,PQ rate for MOB 25
NON PRIME,202405,Coll_Principal,26,26,Manual,-0.0609273814211877,,PQ rate for MOB 26
NON PRIME,202405,Coll_Interest,26,26,Manual,-0.0217079221784546,,PQ rate for MOB 26
NON PRIME,202405,Coll_Principal,27,27,Manual,-0.0609273814211877,,PQ rate for MOB 27
NON PRIME,202405,Coll_Interest,27,27,Manual,-0.0217551992694852,,PQ rate for MOB 27
NON PRIME,202405,Coll_Principal,28,28,Manual,-0.0609273814211877,,PQ rate for MOB 28
NON PRIME,202405,Coll_Interest,28,28,Manual,-0.021804004638098,,PQ rate for MOB 28
NON PRIME,202405,Coll_Principal,29,29,Manual,-0.0609273814211877,,PQ rate for MOB 29
NON PRIME,202405,Coll_Interest,29,29,Manual,-0.0218534987267631,,PQ rate for MOB 29
NON PRIME,202405,Coll_Principal,30,30,Manual,-0.0609273814211877,,PQ rate for MOB 30
NON PRIME,202405,Coll_Interest,30,30,Manual,-0.0219030720889889,,PQ rate for MOB 30
NON PRIME,202405,Coll_Principal,31,31,Manual,-0.0609273814211877,,PQ rate for MOB 31
NON PRIME,202405,Coll_Interest,31,31,Manual,-0.0219522840820296,,PQ rate for MOB 31
NON PRIME,202405,Coll_Principal,32,32,Manual,-0.0609273814211877,,PQ rate for MOB 32
NON PRIME,202405,Coll_Interest,32,32,Manual,-0.0220008187027566,,PQ rate for MOB 32
NON PRIME,202405,Coll_Principal,33,33,Manual,-0.0609273814211877,,PQ rate for MOB 33
NON PRIME,202405,Coll_Interest,33,33,Manual,-0.0220484524617492,,PQ rate for MOB 33
NON PRIME,202405,Coll_Principal,34,34,Manual,-0.0609273814211877,,PQ rate for MOB 34
NON PRIME,202405,Coll_Interest,34,34,Manual,-0.0220950308098319,,PQ rate for MOB 34
NON PRIME,202405,Coll_Principal,35,35,Manual,-0.0609273814211877,,PQ rate for MOB 35
NON PRIME,202405,Coll_Interest,35,35,Manual,-0.0221404507055101,,PQ rate for MOB 35
NON PRIME,202405,Coll_Principal,36,36,Manual,-0.0609273814211877,,PQ rate for MOB 36
NON PRIME,202405,Coll_Interest,36,36,Manual,-0.02218464763473,,PQ rate for MOB 36
NON PRIME,202405,Coll_Principal,37,37,Manual,-0.0609273814211877,,PQ rate for MOB 37
NON PRIME,202405,Coll_Interest,37,37,Manual,-0.0222275858874404,,PQ rate for MOB 37
NON PRIME,202405,Coll_Principal,38,38,Manual,-0.0609273814211877,,PQ rate for MOB 38
NON PRIME,202405,Coll_Interest,38,38,Manual,-0.0222692512358102,,PQ rate for MOB 38
NON PRIME,202405,Coll_Principal,39,39,Manual,-0.0609273814211877,,PQ rate for MOB 39
NON PRIME,202405,Coll_Interest,39,39,Manual,-0.0223096453966204,,PQ rate for MOB 39
NON PRIME,202405,Coll_Principal,40,40,Manual,-0.0609273814211877,,PQ rate for MOB 40
NON PRIME,202405,Coll_Interest,40,40,Manual,-0.0223487818280433,,PQ rate for MOB 40
NON PRIME,202405,Coll_Principal,41,41,Manual,-0.0609273814211877,,PQ rate for MOB 41
NON PRIME,202405,Coll_Interest,41,41,Manual,-0.0223866825305165,,PQ rate for MOB 41
NON PRIME,202405,Coll_Principal,42,42,Manual,-0.0609273814211877,,PQ rate for MOB 42
NON PRIME,202405,Coll_Interest,42,42,Manual,-0.022423375607339,,PQ rate for MOB 42
NON PRIME,202405,Coll_Principal,43,43,Manual,-0.0609273814211877,,PQ rate for MOB 43
NON PRIME,202405,Coll_Interest,43,43,Manual,-0.0224588934029327,,PQ rate for MOB 43
NON PRIME,202405,Coll_Principal,44,44,Manual,-0.0609273814211877,,PQ rate for MOB 44
NON PRIME,202405,Coll_Interest,44,44,Manual,-0.0224932710822636,,PQ rate for MOB 44
NON PRIME,202405,Coll_Principal,45,45,Manual,-0.0609273814211877,,PQ rate for MOB 45
NON PRIME,202405,Coll_Interest,45,45,Manual,-0.0225265455484593,,PQ rate for MOB 45
NON PRIME,202405,Coll_Principal,46,46,Manual,-0.0609273814211877,,PQ rate for MOB 46
NON PRIME,202405,Coll_Interest,46,46,Manual,-0.0225587546205415,,PQ rate for MOB 46
NON PRIME,202405,Coll_Principal,47,47,Manual,-0.0609273814211877,,PQ rate for MOB 47
NON PRIME,202405,Coll_Interest,47,47,Manual,-0.0225899364117545,,PQ rate for MOB 47
NON PRIME,202405,Coll_Principal,48,48,Manual,-0.0609273814211877,,PQ rate for MOB 48
NON PRIME,202405,Coll_Interest,48,48,Manual,-0.0226201288629187,,PQ rate for MOB 48
NRP-L,202405,Coll_Principal,17,17,Manual,-0.0318561992740417,,PQ rate for MOB 17
NRP-L,202405,Coll_Interest,17,17,Manual,-0.012397363043349,,PQ rate for MOB 17
NRP-L,202405,Coll_Principal,18,18,Manual,-0.0315315209715024,,PQ rate for MOB 18
NRP-L,202405,Coll_Interest,18,18,Manual,-0.01216938676064,,PQ rate for MOB 18
NRP-L,202405,Coll_Principal,19,19,Manual,-0.0275241637016606,,PQ rate for MOB 19
NRP-L,202405,Coll_Interest,19,19,Manual,-0.0120053219047242,,PQ rate for MOB 19
NRP-L,202405,Coll_Principal,20,20,Manual,-0.0203046567447655,,PQ rate for MOB 20
NRP-L,202405,Coll_Interest,20,20,Manual,-0.0118869010976219,,PQ rate for MOB 20
NRP-L,202405,Coll_Principal,21,21,Manual,-0.0116468192140918,,PQ rate for MOB 21
NRP-L,202405,Coll_Interest,21,21,Manual,-0.01180163375275,,PQ rate for MOB 21
NRP-L,202405,Coll_Principal,22,22,Manual,-0.0116468192140918,,PQ rate for MOB 22
NRP-L,202405,Coll_Interest,22,22,Manual,-0.0117407906926415,,PQ rate for MOB 22
NRP-L,202405,Coll_Principal,23,23,Manual,-0.0116468192140918,,PQ rate for MOB 23
NRP-L,202405,Coll_Interest,23,23,Manual,-0.0116981549035971,,PQ rate for MOB 23
NRP-L,202405,Coll_Principal,24,24,Manual,-0.0116468192140918,,PQ rate for MOB 24
NRP-L,202405,Coll_Interest,24,24,Manual,-0.0116692248841938,,PQ rate for MOB 24
NRP-L,202405,Coll_Principal,25,25,Manual,-0.0116468192140918,,PQ rate for MOB 25
NRP-L,202405,Coll_Interest,25,25,Manual,-0.0116506937829492,,PQ rate for MOB 25
NRP-L,202405,Coll_Principal,26,26,Manual,-0.0116468192140918,,PQ rate for MOB 26
NRP-L,202405,Coll_Interest,26,26,Manual,-0.0116401012458123,,PQ rate for MOB 26
NRP-L,202405,Coll_Principal,27,27,Manual,-0.0116468192140918,,PQ rate for MOB 27
NRP-L,202405,Coll_Interest,27,27,Manual,-0.0116355960793941,,PQ rate for MOB 27
NRP-L,202405,Coll_Principal,28,28,Manual,-0.0116468192140918,,PQ rate for MOB 28
NRP-L,202405,Coll_Interest,28,28,Manual,-0.0116357715772883,,PQ rate for MOB 28
NRP-L,202405,Coll_Principal,29,29,Manual,-0.0116468192140918,,PQ rate for MOB 29
NRP-L,202405,Coll_Interest,29,29,Manual,-0.0116395494317241,,PQ rate for MOB 29
NRP-L,202405,Coll_Principal,30,30,Manual,-0.0116468192140918,,PQ rate for MOB 30
NRP-L,202405,Coll_Interest,30,30,Manual,-0.0116460967096728,,PQ rate for MOB 30
NRP-L,202405,Coll_Principal,31,31,Manual,-0.0116468192140918,,PQ rate for MOB 31
NRP-L,202405,Coll_Interest,31,31,Manual,-0.011654765694333,,PQ rate for MOB 31
NRP-L,202405,Coll_Principal,32,32,Manual,-0.0116468192140918,,PQ rate for MOB 32
NRP-L,202405,Coll_Interest,32,32,Manual,-0.0116650497717431,,PQ rate for MOB 32
NRP-L,202405,Coll_Principal,33,33,Manual,-0.0116468192140918,,PQ rate for MOB 33
NRP-L,202405,Coll_Interest,33,33,Manual,-0.0116765507282455,,PQ rate for MOB 33
NRP-L,202405,Coll_Principal,34,34,Manual,-0.0116468192140918,,PQ rate for MOB 34
NRP-L,202405,Coll_Interest,34,34,Manual,-0.01168895426335,,PQ rate for MOB 34
NRP-L,202405,Coll_Principal,35,35,Manual,-0.0116468192140918,,PQ rate for MOB 35
NRP-L,202405,Coll_Interest,35,35,Manual,-0.0117020114847046,,PQ rate for MOB 35
NRP-L,202405,Coll_Principal,36,36,Manual,-0.0116468192140918,,PQ rate for MOB 36
NRP-L,202405,Coll_Interest,36,36,Manual,-0.0117155248047556,,PQ rate for MOB 36
NRP-L,202405,Coll_Principal,37,37,Manual,-0.0116468192140918,,PQ rate for MOB 37
NRP-L,202405,Coll_Interest,37,37,Manual,-0.0117293371077097,,PQ rate for MOB 37
NRP-L,202405,Coll_Principal,38,38,Manual,-0.0116468192140918,,PQ rate for MOB 38
NRP-L,202405,Coll_Interest,38,38,Manual,-0.0117433233681344,,PQ rate for MOB 38
NRP-L,202405,Coll_Principal,39,39,Manual,-0.0116468192140918,,PQ rate for MOB 39
NRP-L,202405,Coll_Interest,39,39,Manual,-0.0117573841228856,,PQ rate for MOB 39
NRP-L,202405,Coll_Principal,40,40,Manual,-0.0116468192140918,,PQ rate for MOB 40
NRP-L,202405,Coll_Interest,40,40,Manual,-0.0117714403550019,,PQ rate for MOB 40
NRP-L,202405,Coll_Principal,41,41,Manual,-0.0116468192140918,,PQ rate for MOB 41
NRP-L,202405,Coll_Interest,41,41,Manual,-0.0117854294611506,,PQ rate for MOB 41
NRP-L,202405,Coll_Principal,42,42,Manual,-0.0116468192140918,,PQ rate for MOB 42
NRP-L,202405,Coll_Interest,42,42,Manual,-0.0117993020562477,,PQ rate for MOB 42
NRP-L,202405,Coll_Principal,43,43,Manual,-0.0116468192140918,,PQ rate for MOB 43
NRP-L,202405,Coll_Interest,43,43,Manual,-0.0118130194290132,,PQ rate for MOB 43
NRP-L,202405,Coll_Principal,44,44,Manual,-0.0116468192140918,,PQ rate for MOB 44
NRP-L,202405,Coll_Interest,44,44,Manual,-0.0118265515066618,,PQ rate for MOB 44
NRP-L,202405,Coll_Principal,45,45,Manual,-0.0116468192140918,,PQ rate for MOB 45
NRP-L,202405,Coll_Interest,45,45,Manual,-0.011839875220042,,PQ rate for MOB 45
NRP-L,202405,Coll_Principal,46,46,Manual,-0.0116468192140918,,PQ rate for MOB 46
NRP-L,202405,Coll_Interest,46,46,Manual,-0.0118529731853814,,PQ rate for MOB 46
NRP-L,202405,Coll_Principal,47,47,Manual,-0.0116468192140918,,PQ rate for MOB 47
NRP-L,202405,Coll_Interest,47,47,Manual,-0.0118658326375783,,PQ rate for MOB 47
NRP-L,202405,Coll_Principal,48,48,Manual,-0.0116468192140918,,PQ rate for MOB 48
NRP-L,202405,Coll_Interest,48,48,Manual,-0.011878444564264,,PQ rate for MOB 48
NRP-M,202405,Coll_Principal,17,17,Manual,-0.0261015663293081,,PQ rate for MOB 17
NRP-M,202405,Coll_Interest,17,17,Manual,-0.0147593739292793,,PQ rate for MOB 17
NRP-M,202405,Coll_Principal,18,18,Manual,-0.024824594796058,,PQ rate for MOB 18
NRP-M,202405,Coll_Interest,18,18,Manual,-0.0147153323263044,,PQ rate for MOB 18
NRP-M,202405,Coll_Principal,19,19,Manual,-0.0221369097122416,,PQ rate for MOB 19
NRP-M,202405,Coll_Interest,19,19,Manual,-0.0146864297673194,,PQ rate for MOB 19
NRP-M,202405,Coll_Principal,20,20,Manual,-0.0216287004052873,,PQ rate for MOB 20
NRP-M,202405,Coll_Interest,20,20,Manual,-0.0146680901509025,,PQ rate for MOB 20
NRP-M,202405,Coll_Principal,21,21,Manual,-0.0190433687725158,,PQ rate for MOB 21
NRP-M,202405,Coll_Interest,21,21,Manual,-0.0146572229361249,,PQ rate for MOB 21
NRP-M,202405,Coll_Principal,22,22,Manual,-0.0190433687725158,,PQ rate for MOB 22
NRP-M,202405,Coll_Interest,22,22,Manual,-0.014651696922762,,PQ rate for MOB 22
NRP-M,202405,Coll_Principal,23,23,Manual,-0.0190433687725158,,PQ rate for MOB 23
NRP-M,202405,Coll_Interest,23,23,Manual,-0.0146500160685211,,PQ rate for MOB 23
NRP-M,202405,Coll_Principal,24,24,Manual,-0.0190433687725158,,PQ rate for MOB 24
NRP-M,202405,Coll_Interest,24,24,Manual,-0.0146511140785083,,PQ rate for MOB 24
NRP-M,202405,Coll_Principal,25,25,Manual,-0.0190433687725158,,PQ rate for MOB 25
NRP-M,202405,Coll_Interest,25,25,Manual,-0.0146542210037188,,PQ rate for MOB 25
NRP-M,202405,Coll_Principal,26,26,Manual,-0.0190433687725158,,PQ rate for MOB 26
NRP-M,202405,Coll_Interest,26,26,Manual,-0.0146587746983127,,PQ rate for MOB 26
NRP-M,202405,Coll_Principal,27,27,Manual,-0.0190433687725158,,PQ rate for MOB 27
NRP-M,202405,Coll_Interest,27,27,Manual,-0.0146643609031797,,PQ rate for MOB 27
NRP-M,202405,Coll_Principal,28,28,Manual,-0.0190433687725158,,PQ rate for MOB 28
NRP-M,202405,Coll_Interest,28,28,Manual,-0.0146706719940711,,PQ rate for MOB 28
NRP-M,202405,Coll_Principal,29,29,Manual,-0.0190433687725158,,PQ rate for MOB 29
NRP-M,202405,Coll_Interest,29,29,Manual,-0.0146774781362923,,PQ rate for MOB 29
NRP-M,202405,Coll_Principal,30,30,Manual,-0.0190433687725158,,PQ rate for MOB 30
NRP-M,202405,Coll_Interest,30,30,Manual,-0.0146846068310051,,PQ rate for MOB 30
NRP-M,202405,Coll_Principal,31,31,Manual,-0.0190433687725158,,PQ rate for MOB 31
NRP-M,202405,Coll_Interest,31,31,Manual,-0.0146919282277225,,PQ rate for MOB 31
NRP-M,202405,Coll_Principal,32,32,Manual,-0.0190433687725158,,PQ rate for MOB 32
NRP-M,202405,Coll_Interest,32,32,Manual,-0.0146993444562154,,PQ rate for MOB 32
NRP-M,202405,Coll_Principal,33,33,Manual,-0.0190433687725158,,PQ rate for MOB 33
NRP-M,202405,Coll_Interest,33,33,Manual,-0.0147067817971261,,PQ rate for MOB 33
NRP-M,202405,Coll_Principal,34,34,Manual,-0.0190433687725158,,PQ rate for MOB 34
NRP-M,202405,Coll_Interest,34,34,Manual,-0.0147141848815675,,PQ rate for MOB 34
NRP-M,202405,Coll_Principal,35,35,Manual,-0.0190433687725158,,PQ rate for MOB 35
NRP-M,202405,Coll_Interest,35,35,Manual,-0.0147215123569795,,PQ rate for MOB 35
NRP-M,202405,Coll_Principal,36,36,Manual,-0.0190433687725158,,PQ rate for MOB 36
NRP-M,202405,Coll_Interest,36,36,Manual,-0.0147287336233347,,PQ rate for MOB 36
NRP-M,202405,Coll_Principal,37,37,Manual,-0.0190433687725158,,PQ rate for MOB 37
NRP-M,202405,Coll_Interest,37,37,Manual,-0.0147358263579876,,PQ rate for MOB 37
NRP-M,202405,Coll_Principal,38,38,Manual,-0.0190433687725158,,PQ rate for MOB 38
NRP-M,202405,Coll_Interest,38,38,Manual,-0.0147427746266058,,PQ rate for MOB 38
NRP-M,202405,Coll_Principal,39,39,Manual,-0.0190433687725158,,PQ rate for MOB 39
NRP-M,202405,Coll_Interest,39,39,Manual,-0.0147495674331078,,PQ rate for MOB 39
NRP-M,202405,Coll_Principal,40,40,Manual,-0.0190433687725158,,PQ rate for MOB 40
NRP-M,202405,Coll_Interest,40,40,Manual,-0.0147561976008529,,PQ rate for MOB 40
NRP-M,202405,Coll_Principal,41,41,Manual,-0.0190433687725158,,PQ rate for MOB 41
NRP-M,202405,Coll_Interest,41,41,Manual,-0.0147626609054662,,PQ rate for MOB 41
NRP-M,202405,Coll_Principal,42,42,Manual,-0.0190433687725158,,PQ rate for MOB 42
NRP-M,202405,Coll_Interest,42,42,Manual,-0.0147689554000122,,PQ rate for MOB 42
NRP-M,202405,Coll_Principal,43,43,Manual,-0.0190433687725158,,PQ rate for MOB 43
NRP-M,202405,Coll_Interest,43,43,Manual,-0.0147750808880453,,PQ rate for MOB 43
NRP-M,202405,Coll_Principal,44,44,Manual,-0.0190433687725158,,PQ rate for MOB 44
NRP-M,202405,Coll_Interest,44,44,Manual,-0.014781038510948,,PQ rate for MOB 44
NRP-M,202405,Coll_Principal,45,45,Manual,-0.0190433687725158,,PQ rate for MOB 45
NRP-M,202405,Coll_Interest,45,45,Manual,-0.0147868304240272,,PQ rate for MOB 45
NRP-M,202405,Coll_Principal,46,46,Manual,-0.0190433687725158,,PQ rate for MOB 46
NRP-M,202405,Coll_Interest,46,46,Manual,-0.0147924595418468,,PQ rate for MOB 46
NRP-M,202405,Coll_Principal,47,47,Manual,-0.0190433687725158,,PQ rate for MOB 47
NRP-M,202405,Coll_Interest,47,47,Manual,-0.0147979293377882,,PQ rate for MOB 47
NRP-M,202405,Coll_Principal,48,48,Manual,-0.0190433687725158,,PQ rate for MOB 48
NRP-M,202405,Coll_Interest,48,48,Manual,-0.0148032436862372,,PQ rate for MOB 48
NRP-S,202405,Coll_Principal,17,17,Manual,-0.0510894117872631,,PQ rate for MOB 17
NRP-S,202405,Coll_Interest,17,17,Manual,-0.0168818381959919,,PQ rate for MOB 17
NRP-S,202405,Coll_Principal,18,18,Manual,-0.0508142003495552,,PQ rate for MOB 18
NRP-S,202405,Coll_Interest,18,18,Manual,-0.0168933413774381,,PQ rate for MOB 18
NRP-S,202405,Coll_Principal,19,19,Manual,-0.051482761794466,,PQ rate for MOB 19
NRP-S,202405,Coll_Interest,19,19,Manual,-0.0169117802763567,,PQ rate for MOB 19
NRP-S,202405,Coll_Principal,20,20,Manual,-0.0517190559721073,,PQ rate for MOB 20
NRP-S,202405,Coll_Interest,20,20,Manual,-0.0169342664191594,,PQ rate for MOB 20
NRP-S,202405,Coll_Principal,21,21,Manual,-0.0521430141162952,,PQ rate for MOB 21
NRP-S,202405,Coll_Interest,21,21,Manual,-0.016958964626411,,PQ rate for MOB 21
NRP-S,202405,Coll_Principal,22,22,Manual,-0.0521430141162952,,PQ rate for MOB 22
NRP-S,202405,Coll_Interest,22,22,Manual,-0.0169846966385343,,PQ rate for MOB 22
NRP-S,202405,Coll_Principal,23,23,Manual,-0.0521430141162952,,PQ rate for MOB 23
NRP-S,202405,Coll_Interest,23,23,Manual,-0.0170107026889513,,PQ rate for MOB 23
NRP-S,202405,Coll_Principal,24,24,Manual,-0.0521430141162952,,PQ rate for MOB 24
NRP-S,202405,Coll_Interest,24,24,Manual,-0.0170364942712458,,PQ rate for MOB 24
NRP-S,202405,Coll_Principal,25,25,Manual,-0.0521430141162952,,PQ rate for MOB 25
NRP-S,202405,Coll_Interest,25,25,Manual,-0.0170617611470182,,PQ rate for MOB 25
NRP-S,202405,Coll_Principal,26,26,Manual,-0.0521430141162952,,PQ rate for MOB 26
NRP-S,202405,Coll_Interest,26,26,Manual,-0.017086311462433,,PQ rate for MOB 26
NRP-S,202405,Coll_Principal,27,27,Manual,-0.0521430141162952,,PQ rate for MOB 27
NRP-S,202405,Coll_Interest,27,27,Manual,-0.0171100325390565,,PQ rate for MOB 27
NRP-S,202405,Coll_Principal,28,28,Manual,-0.0521430141162952,,PQ rate for MOB 28
NRP-S,202405,Coll_Interest,28,28,Manual,-0.0171328648353321,,PQ rate for MOB 28
NRP-S,202405,Coll_Principal,29,29,Manual,-0.0521430141162952,,PQ rate for MOB 29
NRP-S,202405,Coll_Interest,29,29,Manual,-0.0171547844477771,,PQ rate for MOB 29
NRP-S,202405,Coll_Principal,30,30,Manual,-0.0521430141162952,,PQ rate for MOB 30
NRP-S,202405,Coll_Interest,30,30,Manual,-0.017175791236079,,PQ rate for MOB 30
NRP-S,202405,Coll_Principal,31,31,Manual,-0.0521430141162952,,PQ rate for MOB 31
NRP-S,202405,Coll_Interest,31,31,Manual,-0.0171959007029325,,PQ rate for MOB 31
NRP-S,202405,Coll_Principal,32,32,Manual,-0.0521430141162952,,PQ rate for MOB 32
NRP-S,202405,Coll_Interest,32,32,Manual,-0.0172151384109631,,PQ rate for MOB 32
NRP-S,202405,Coll_Principal,33,33,Manual,-0.0521430141162952,,PQ rate for MOB 33
NRP-S,202405,Coll_Interest,33,33,Manual,-0.0172335361319454,,PQ rate for MOB 33
NRP-S,202405,Coll_Principal,34,34,Manual,-0.0521430141162952,,PQ rate for MOB 34
NRP-S,202405,Coll_Interest,34,34,Manual,-0.0172511291894408,,PQ rate for MOB 34
NRP-S,202405,Coll_Principal,35,35,Manual,-0.0521430141162952,,PQ rate for MOB 35
NRP-S,202405,Coll_Interest,35,35,Manual,-0.0172679546297951,,PQ rate for MOB 35
NRP-S,202405,Coll_Principal,36,36,Manual,-0.0521430141162952,,PQ rate for MOB 36
NRP-S,202405,Coll_Interest,36,36,Manual,-0.0172840499716004,,PQ rate for MOB 36
NRP-S,202405,Coll_Principal,37,37,Manual,-0.0521430141162952,,PQ rate for MOB 37
NRP-S,202405,Coll_Interest,37,37,Manual,-0.0172994523609545,,PQ rate for MOB 37
NRP-S,202405,Coll_Principal,38,38,Manual,-0.0521430141162952,,PQ rate for MOB 38
NRP-S,202405,Coll_Interest,38,38,Manual,-0.0173141980122374,,PQ rate for MOB 38
NRP-S,202405,Coll_Principal,39,39,Manual,-0.0521430141162952,,PQ rate for MOB 39
NRP-S,202405,Coll_Interest,39,39,Manual,-0.0173283218500127,,PQ rate for MOB 39
NRP-S,202405,Coll_Principal,40,40,Manual,-0.0521430141162952,,PQ rate for MOB 40
NRP-S,202405,Coll_Interest,40,40,Manual,-0.0173418572924777,,PQ rate for MOB 40
NRP-S,202405,Coll_Principal,41,41,Manual,-0.0521430141162952,,PQ rate for MOB 41
NRP-S,202405,Coll_Interest,41,41,Manual,-0.0173548361341974,,PQ rate for MOB 41
NRP-S,202405,Coll_Principal,42,42,Manual,-0.0521430141162952,,PQ rate for MOB 42
NRP-S,202405,Coll_Interest,42,42,Manual,-0.01736728849801,,PQ rate for MOB 42
NRP-S,202405,Coll_Principal,43,43,Manual,-0.0521430141162952,,PQ rate for MOB 43
NRP-S,202405,Coll_Interest,43,43,Manual,-0.0173792428345988,,PQ rate for MOB 43
NRP-S,202405,Coll_Principal,44,44,Manual,-0.0521430141162952,,PQ rate for MOB 44
NRP-S,202405,Coll_Interest,44,44,Manual,-0.0173907259543404,,PQ rate for MOB 44
NRP-S,202405,Coll_Principal,45,45,Manual,-0.0521430141162952,,PQ rate for MOB 45
NRP-S,202405,Coll_Interest,45,45,Manual,-0.0174017630804199,,PQ rate for MOB 45
NRP-S,202405,Coll_Principal,46,46,Manual,-0.0521430141162952,,PQ rate for MOB 46
NRP-S,202405,Coll_Interest,46,46,Manual,-0.0174123779153476,,PQ rate for MOB 46
NRP-S,202405,Coll_Principal,47,47,Manual,-0.0521430141162952,,PQ rate for MOB 47
NRP-S,202405,Coll_Interest,47,47,Manual,-0.0174225927152772,,PQ rate for MOB 47
NRP-S,202405,Coll_Principal,48,48,Manual,-0.0521430141162952,,PQ rate for MOB 48
NRP-S,202405,Coll_Interest,48,48,Manual,-0.0174324283681685,,PQ rate for MOB 48
PRIME,202405,Coll_Principal,17,17,Manual,-0.0161468970215886,,PQ rate for MOB 17
PRIME,202405,Coll_Interest,17,17,Manual,-0.0100338701062972,,PQ rate for MOB 17
PRIME,202405,Coll_Principal,18,18,Manual,-0.0163726997423702,,PQ rate for MOB 18
PRIME,202405,Coll_Interest,18,18,Manual,-0.0100812776374494,,PQ rate for MOB 18
PRIME,202405,Coll_Principal,19,19,Manual,-0.0165883524001893,,PQ rate for MOB 19
PRIME,202405,Coll_Interest,19,19,Manual,-0.0101201085988458,,PQ rate for MOB 19
PRIME,202405,Coll_Principal,20,20,Manual,-0.0166788648983166,,PQ rate for MOB 20
PRIME,202405,Coll_Interest,20,20,Manual,-0.0101523940158661,,PQ rate for MOB 20
PRIME,202405,Coll_Principal,21,21,Manual,-0.0167534830091895,,PQ rate for MOB 21
PRIME,202405,Coll_Interest,21,21,Manual,-0.0101795875153181,,PQ rate for MOB 21
PRIME,202405,Coll_Principal,22,22,Manual,-0.0167534830091895,,PQ rate for MOB 22
PRIME,202405,Coll_Interest,22,22,Manual,-0.0102027533556653,,PQ rate for MOB 22
PRIME,202405,Coll_Principal,23,23,Manual,-0.0167534830091895,,PQ rate for MOB 23
PRIME,202405,Coll_Interest,23,23,Manual,-0.0102226863503189,,PQ rate for MOB 23
PRIME,202405,Coll_Principal,24,24,Manual,-0.0167534830091895,,PQ rate for MOB 24
PRIME,202405,Coll_Interest,24,24,Manual,-0.0102399905765604,,PQ rate for MOB 24
PRIME,202405,Coll_Principal,25,25,Manual,-0.0167534830091895,,PQ rate for MOB 25
PRIME,202405,Coll_Interest,25,25,Manual,-0.0102551323540126,,PQ rate for MOB 25
PRIME,202405,Coll_Principal,26,26,Manual,-0.0167534830091895,,PQ rate for MOB 26
PRIME,202405,Coll_Interest,26,26,Manual,-0.0102684767112251,,PQ rate for MOB 26
PRIME,202405,Coll_Principal,27,27,Manual,-0.0167534830091895,,PQ rate for MOB 27
PRIME,202405,Coll_Interest,27,27,Manual,-0.0102803129936662,,PQ rate for MOB 27
PRIME,202405,Coll_Principal,28,28,Manual,-0.0167534830091895,,PQ rate for MOB 28
PRIME,202405,Coll_Interest,28,28,Manual,-0.0102908731726679,,PQ rate for MOB 28
PRIME,202405,Coll_Principal,29,29,Manual,-0.0167534830091895,,PQ rate for MOB 29
PRIME,202405,Coll_Interest,29,29,Manual,-0.010300345150231,,PQ rate for MOB 29
PRIME,202405,Coll_Principal,30,30,Manual,-0.0167534830091895,,PQ rate for MOB 30
PRIME,202405,Coll_Interest,30,30,Manual,-0.0103088825711892,,PQ rate for MOB 30
PRIME,202405,Coll_Principal,31,31,Manual,-0.0167534830091895,,PQ rate for MOB 31
PRIME,202405,Coll_Interest,31,31,Manual,-0.0103166121577147,,PQ rate for MOB 31
PRIME,202405,Coll_Principal,32,32,Manual,-0.0167534830091895,,PQ rate for MOB 32
PRIME,202405,Coll_Interest,32,32,Manual,-0.0103236392598769,,PQ rate for MOB 32
PRIME,202405,Coll_Principal,33,33,Manual,-0.0167534830091895,,PQ rate for MOB 33
PRIME,202405,Coll_Interest,33,33,Manual,-0.0103300521040967,,PQ rate for MOB 33
PRIME,202405,Coll_Principal,34,34,Manual,-0.0167534830091895,,PQ rate for MOB 34
PRIME,202405,Coll_Interest,34,34,Manual,-0.0103359250791891,,PQ rate for MOB 34
PRIME,202405,Coll_Principal,35,35,Manual,-0.0167534830091895,,PQ rate for MOB 35
PRIME,202405,Coll_Interest,35,35,Manual,-0.0103413213027645,,PQ rate for MOB 35
PRIME,202405,Coll_Principal,36,36,Manual,-0.0167534830091895,,PQ rate for MOB 36
PRIME,202405,Coll_Interest,36,36,Manual,-0.0103462946437054,,PQ rate for MOB 36
PRIME,202405,Coll_Principal,37,37,Manual,-0.0167534830091895,,PQ rate for MOB 37
PRIME,202405,Coll_Interest,37,37,Manual,-0.0103508913294025,,PQ rate for MOB 37
PRIME,202405,Coll_Principal,38,38,Manual,-0.0167534830091895,,PQ rate for MOB 38
PRIME,202405,Coll_Interest,38,38,Manual,-0.010355151233022,,PQ rate for MOB 38
PRIME,202405,Coll_Principal,39,39,Manual,-0.0167534830091895,,PQ rate for MOB 39
PRIME,202405,Coll_Interest,39,39,Manual,-0.0103591089120679,,PQ rate for MOB 39
PRIME,202405,Coll_Principal,40,40,Manual,-0.0167534830091895,,PQ rate for MOB 40
PRIME,202405,Coll_Interest,40,40,Manual,-0.010362794452047,,PQ rate for MOB 40
PRIME,202405,Coll_Principal,41,41,Manual,-0.0167534830091895,,PQ rate for MOB 41
PRIME,202405,Coll_Interest,41,41,Manual,-0.0103662341562358,,PQ rate for MOB 41
PRIME,202405,Coll_Principal,42,42,Manual,-0.0167534830091895,,PQ rate for MOB 42
PRIME,202405,Coll_Interest,42,42,Manual,-0.0103694511130451,,PQ rate for MOB 42
PRIME,202405,Coll_Principal,43,43,Manual,-0.0167534830091895,,PQ rate for MOB 43
PRIME,202405,Coll_Interest,43,43,Manual,-0.0103724656653746,,PQ rate for MOB 43
PRIME,202405,Coll_Principal,44,44,Manual,-0.0167534830091895,,PQ rate for MOB 44
PRIME,202405,Coll_Interest,44,44,Manual,-0.0103752958009854,,PQ rate for MOB 44
PRIME,202405,Coll_Principal,45,45,Manual,-0.0167534830091895,,PQ rate for MOB 45
PRIME,202405,Coll_Interest,45,45,Manual,-0.0103779574788401,,PQ rate for MOB 45
PRIME,202405,Coll_Principal,46,46,Manual,-0.0167534830091895,,PQ rate for MOB 46
PRIME,202405,Coll_Interest,46,46,Manual,-0.0103804649032327,,PQ rate for MOB 46
PRIME,202405,Coll_Principal,47,47,Manual,-0.0167534830091895,,PQ rate for MOB 47
PRIME,202405,Coll_Interest,47,47,Manual,-0.0103828307551185,,PQ rate for MOB 47
PRIME,202405,Coll_Principal,48,48,Manual,-0.0167534830091895,,PQ rate for MOB 48
PRIME,202405,Coll_Interest,48,48,Manual,-0.0103850663881765,,PQ rate for MOB 48
NON PRIME,202406,Coll_Principal,16,16,Manual,-0.064744089,,PQ rate for MOB 16
NON PRIME,202406,Coll_Interest,16,16,Manual,-0.0235959904279065,,PQ rate for MOB 16
NON PRIME,202406,Coll_Principal,17,17,Manual,-0.064744089,,PQ rate for MOB 17
NON PRIME,202406,Coll_Interest,17,17,Manual,-0.0233540177107409,,PQ rate for MOB 17
NON PRIME,202406,Coll_Principal,18,18,Manual,-0.064744089,,PQ rate for MOB 18
NON PRIME,202406,Coll_Interest,18,18,Manual,-0.0232017099933648,,PQ rate for MOB 18
NON PRIME,202406,Coll_Principal,19,19,Manual,-0.064744089,,PQ rate for MOB 19
NON PRIME,202406,Coll_Interest,19,19,Manual,-0.023110114782067,,PQ rate for MOB 19
NON PRIME,202406,Coll_Principal,20,20,Manual,-0.064744089,,PQ rate for MOB 20
NON PRIME,202406,Coll_Interest,20,20,Manual,-0.0230602725800027,,PQ rate for MOB 20
NON PRIME,202406,Coll_Principal,21,21,Manual,-0.064744089,,PQ rate for MOB 21
NON PRIME,202406,Coll_Interest,21,21,Manual,-0.023039467513574,,PQ rate for MOB 21
NON PRIME,202406,Coll_Principal,22,22,Manual,-0.064744089,,PQ rate for MOB 22
NON PRIME,202406,Coll_Interest,22,22,Manual,-0.0230389978356486,,PQ rate for MOB 22
NON PRIME,202406,Coll_Principal,23,23,Manual,-0.064744089,,PQ rate for MOB 23
NON PRIME,202406,Coll_Interest,23,23,Manual,-0.0230528068457593,,PQ rate for MOB 23
NON PRIME,202406,Coll_Principal,24,24,Manual,-0.064744089,,PQ rate for MOB 24
NON PRIME,202406,Coll_Interest,24,24,Manual,-0.0230766183534627,,PQ rate for MOB 24
NON PRIME,202406,Coll_Principal,25,25,Manual,-0.064744089,,PQ rate for MOB 25
NON PRIME,202406,Coll_Interest,25,25,Manual,-0.0231073772307305,,PQ rate for MOB 25
NON PRIME,202406,Coll_Principal,26,26,Manual,-0.064744089,,PQ rate for MOB 26
NON PRIME,202406,Coll_Interest,26,26,Manual,-0.0231428795000491,,PQ rate for MOB 26
NON PRIME,202406,Coll_Principal,27,27,Manual,-0.064744089,,PQ rate for MOB 27
NON PRIME,202406,Coll_Interest,27,27,Manual,-0.0231815230250266,,PQ rate for MOB 27
NON PRIME,202406,Coll_Principal,28,28,Manual,-0.064744089,,PQ rate for MOB 28
NON PRIME,202406,Coll_Interest,28,28,Manual,-0.0232221365975165,,PQ rate for MOB 28
NON PRIME,202406,Coll_Principal,29,29,Manual,-0.064744089,,PQ rate for MOB 29
NON PRIME,202406,Coll_Interest,29,29,Manual,-0.0232638609708661,,PQ rate for MOB 29
NON PRIME,202406,Coll_Principal,30,30,Manual,-0.064744089,,PQ rate for MOB 30
NON PRIME,202406,Coll_Interest,30,30,Manual,-0.0233060649119001,,PQ rate for MOB 30
NON PRIME,202406,Coll_Principal,31,31,Manual,-0.064744089,,PQ rate for MOB 31
NON PRIME,202406,Coll_Interest,31,31,Manual,-0.0233482852314464,,PQ rate for MOB 31
NON PRIME,202406,Coll_Principal,32,32,Manual,-0.064744089,,PQ rate for MOB 32
NON PRIME,202406,Coll_Interest,32,32,Manual,-0.0233901834679108,,PQ rate for MOB 32
NON PRIME,202406,Coll_Principal,33,33,Manual,-0.064744089,,PQ rate for MOB 33
NON PRIME,202406,Coll_Interest,33,33,Manual,-0.0234315142863678,,PQ rate for MOB 33
NON PRIME,202406,Coll_Principal,34,34,Manual,-0.064744089,,PQ rate for MOB 34
NON PRIME,202406,Coll_Interest,34,34,Manual,-0.0234721022170639,,PQ rate for MOB 34
NON PRIME,202406,Coll_Principal,35,35,Manual,-0.064744089,,PQ rate for MOB 35
NON PRIME,202406,Coll_Interest,35,35,Manual,-0.0235118243942855,,PQ rate for MOB 35
NON PRIME,202406,Coll_Principal,36,36,Manual,-0.064744089,,PQ rate for MOB 36
NON PRIME,202406,Coll_Interest,36,36,Manual,-0.0235505976552926,,PQ rate for MOB 36
NON PRIME,202406,Coll_Principal,37,37,Manual,-0.064744089,,PQ rate for MOB 37
NON PRIME,202406,Coll_Interest,37,37,Manual,-0.0235883688361173,,PQ rate for MOB 37
NON PRIME,202406,Coll_Principal,38,38,Manual,-0.064744089,,PQ rate for MOB 38
NON PRIME,202406,Coll_Interest,38,38,Manual,-0.0236251074307971,,PQ rate for MOB 38
NON PRIME,202406,Coll_Principal,39,39,Manual,-0.064744089,,PQ rate for MOB 39
NON PRIME,202406,Coll_Interest,39,39,Manual,-0.0236608000111712,,PQ rate for MOB 39
NON PRIME,202406,Coll_Principal,40,40,Manual,-0.064744089,,PQ rate for MOB 40
NON PRIME,202406,Coll_Interest,40,40,Manual,-0.0236954459672683,,PQ rate for MOB 40
NON PRIME,202406,Coll_Principal,41,41,Manual,-0.064744089,,PQ rate for MOB 41
NON PRIME,202406,Coll_Interest,41,41,Manual,-0.0237290542445549,,PQ rate for MOB 41
NON PRIME,202406,Coll_Principal,42,42,Manual,-0.064744089,,PQ rate for MOB 42
NON PRIME,202406,Coll_Interest,42,42,Manual,-0.0237616408380236,,PQ rate for MOB 42
NON PRIME,202406,Coll_Principal,43,43,Manual,-0.064744089,,PQ rate for MOB 43
NON PRIME,202406,Coll_Interest,43,43,Manual,-0.0237932268639002,,PQ rate for MOB 43
NON PRIME,202406,Coll_Principal,44,44,Manual,-0.064744089,,PQ rate for MOB 44
NON PRIME,202406,Coll_Interest,44,44,Manual,-0.0238238370742718,,PQ rate for MOB 44
NON PRIME,202406,Coll_Principal,45,45,Manual,-0.064744089,,PQ rate for MOB 45
NON PRIME,202406,Coll_Interest,45,45,Manual,-0.023853498712776,,PQ rate for MOB 45
NON PRIME,202406,Coll_Principal,46,46,Manual,-0.064744089,,PQ rate for MOB 46
NON PRIME,202406,Coll_Interest,46,46,Manual,-0.0238822406338945,,PQ rate for MOB 46
NON PRIME,202406,Coll_Principal,47,47,Manual,-0.064744089,,PQ rate for MOB 47
NON PRIME,202406,Coll_Interest,47,47,Manual,-0.023910092626636,,PQ rate for MOB 47
NRP-L,202406,Coll_Principal,16,16,Manual,0.0,,PQ rate for MOB 16
NRP-L,202406,Coll_Interest,16,16,Manual,-0.0154642796015158,,PQ rate for MOB 16
NRP-L,202406,Coll_Principal,17,17,Manual,0.0,,PQ rate for MOB 17
NRP-L,202406,Coll_Interest,17,17,Manual,-0.0153034116174801,,PQ rate for MOB 17
NRP-L,202406,Coll_Principal,18,18,Manual,0.0,,PQ rate for MOB 18
NRP-L,202406,Coll_Interest,18,18,Manual,-0.0151820613093891,,PQ rate for MOB 18
NRP-L,202406,Coll_Principal,19,19,Manual,0.0,,PQ rate for MOB 19
NRP-L,202406,Coll_Interest,19,19,Manual,-0.0150890178349802,,PQ rate for MOB 19
NRP-L,202406,Coll_Principal,20,20,Manual,0.0,,PQ rate for MOB 20
NRP-L,202406,Coll_Interest,20,20,Manual,-0.0150166998893248,,PQ rate for MOB 20
NRP-L,202406,Coll_Principal,21,21,Manual,0.0,,PQ rate for MOB 21
NRP-L,202406,Coll_Interest,21,21,Manual,-0.0149598450095043,,PQ rate for MOB 21
NRP-L,202406,Coll_Principal,22,22,Manual,0.0,,PQ rate for MOB 22
NRP-L,202406,Coll_Interest,22,22,Manual,-0.0149147168391748,,PQ rate for MOB 22
NRP-L,202406,Coll_Principal,23,23,Manual,0.0,,PQ rate for MOB 23
NRP-L,202406,Coll_Interest,23,23,Manual,-0.01487860966095,,PQ rate for MOB 23
NRP-L,202406,Coll_Principal,24,24,Manual,0.0,,PQ rate for MOB 24
NRP-L,202406,Coll_Interest,24,24,Manual,-0.0148495297272564,,PQ rate for MOB 24
NRP-L,202406,Coll_Principal,25,25,Manual,0.0,,PQ rate for MOB 25
NRP-L,202406,Coll_Interest,25,25,Manual,-0.014825985070774,,PQ rate for MOB 25
NRP-L,202406,Coll_Principal,26,26,Manual,0.0,,PQ rate for MOB 26
NRP-L,202406,Coll_Interest,26,26,Manual,-0.0148068437319216,,PQ rate for MOB 26
NRP-L,202406,Coll_Principal,27,27,Manual,0.0,,PQ rate for MOB 27
NRP-L,202406,Coll_Interest,27,27,Manual,-0.0147912362047937,,PQ rate for MOB 27
NRP-L,202406,Coll_Principal,28,28,Manual,0.0,,PQ rate for MOB 28
NRP-L,202406,Coll_Interest,28,28,Manual,-0.0147784870944901,,PQ rate for MOB 28
NRP-L,202406,Coll_Principal,29,29,Manual,0.0,,PQ rate for MOB 29
NRP-L,202406,Coll_Interest,29,29,Manual,-0.0147680664562443,,PQ rate for MOB 29
NRP-L,202406,Coll_Principal,30,30,Manual,0.0,,PQ rate for MOB 30
NRP-L,202406,Coll_Interest,30,30,Manual,-0.0147595546344457,,PQ rate for MOB 30
NRP-L,202406,Coll_Principal,31,31,Manual,0.0,,PQ rate for MOB 31
NRP-L,202406,Coll_Interest,31,31,Manual,-0.0147526165129458,,PQ rate for MOB 31
NRP-L,202406,Coll_Principal,32,32,Manual,0.0,,PQ rate for MOB 32
NRP-L,202406,Coll_Interest,32,32,Manual,-0.0147469824243932,,PQ rate for MOB 32
NRP-L,202406,Coll_Principal,33,33,Manual,0.0,,PQ rate for MOB 33
NRP-L,202406,Coll_Interest,33,33,Manual,-0.0147424338357755,,PQ rate for MOB 33
NRP-L,202406,Coll_Principal,34,34,Manual,0.0,,PQ rate for MOB 34
NRP-L,202406,Coll_Interest,34,34,Manual,-0.0147387925028888,,PQ rate for MOB 34
NRP-L,202406,Coll_Principal,35,35,Manual,0.0,,PQ rate for MOB 35
NRP-L,202406,Coll_Interest,35,35,Manual,-0.0147359121735827,,PQ rate for MOB 35
NRP-L,202406,Coll_Principal,36,36,Manual,0.0,,PQ rate for MOB 36
NRP-L,202406,Coll_Interest,36,36,Manual,-0.0147336721838766,,PQ rate for MOB 36
NRP-L,202406,Coll_Principal,37,37,Manual,0.0,,PQ rate for MOB 37
NRP-L,202406,Coll_Interest,37,37,Manual,-0.0147319724738963,,PQ rate for MOB 37
NRP-L,202406,Coll_Principal,38,38,Manual,0.0,,PQ rate for MOB 38
NRP-L,202406,Coll_Interest,38,38,Manual,-0.0147307296787152,,PQ rate for MOB 38
NRP-L,202406,Coll_Principal,39,39,Manual,0.0,,PQ rate for MOB 39
NRP-L,202406,Coll_Interest,39,39,Manual,-0.0147298740400483,,PQ rate for MOB 39
NRP-L,202406,Coll_Principal,40,40,Manual,0.0,,PQ rate for MOB 40
NRP-L,202406,Coll_Interest,40,40,Manual,-0.0147293469498822,,PQ rate for MOB 40
NRP-L,202406,Coll_Principal,41,41,Manual,0.0,,PQ rate for MOB 41
NRP-L,202406,Coll_Interest,41,41,Manual,-0.0147290989843099,,PQ rate for MOB 41
NRP-L,202406,Coll_Principal,42,42,Manual,0.0,,PQ rate for MOB 42
NRP-L,202406,Coll_Interest,42,42,Manual,-0.0147290883203451,,PQ rate for MOB 42
NRP-L,202406,Coll_Principal,43,43,Manual,0.0,,PQ rate for MOB 43
NRP-L,202406,Coll_Interest,43,43,Manual,-0.0147292794539572,,PQ rate for MOB 43
NRP-L,202406,Coll_Principal,44,44,Manual,0.0,,PQ rate for MOB 44
NRP-L,202406,Coll_Interest,44,44,Manual,-0.0147296421565251,,PQ rate for MOB 44
NRP-L,202406,Coll_Principal,45,45,Manual,0.0,,PQ rate for MOB 45
NRP-L,202406,Coll_Interest,45,45,Manual,-0.0147301506211273,,PQ rate for MOB 45
NRP-L,202406,Coll_Principal,46,46,Manual,0.0,,PQ rate for MOB 46
NRP-L,202406,Coll_Interest,46,46,Manual,-0.0147307827608441,,PQ rate for MOB 46
NRP-L,202406,Coll_Principal,47,47,Manual,0.0,,PQ rate for MOB 47
NRP-L,202406,Coll_Interest,47,47,Manual,-0.0147315196294316,,PQ rate for MOB 47
NRP-M,202406,Coll_Principal,16,16,Manual,-0.0304792749999999,,PQ rate for MOB 16
NRP-M,202406,Coll_Interest,16,16,Manual,-0.0139081462310784,,PQ rate for MOB 16
NRP-M,202406,Coll_Principal,17,17,Manual,-0.030479275,,PQ rate for MOB 17
NRP-M,202406,Coll_Interest,17,17,Manual,-0.0140360886416726,,PQ rate for MOB 17
NRP-M,202406,Coll_Principal,18,18,Manual,-0.030479275,,PQ rate for MOB 18
NRP-M,202406,Coll_Interest,18,18,Manual,-0.0141411153881735,,PQ rate for MOB 18
NRP-M,202406,Coll_Principal,19,19,Manual,-0.030479275,,PQ rate for MOB 19
NRP-M,202406,Coll_Interest,19,19,Manual,-0.014228737238773,,PQ rate for MOB 19
NRP-M,202406,Coll_Principal,20,20,Manual,-0.0304792749999999,,PQ rate for MOB 20
NRP-M,202406,Coll_Interest,20,20,Manual,-0.0143028553607715,,PQ rate for MOB 20
NRP-M,202406,Coll_Principal,21,21,Manual,-0.030479275,,PQ rate for MOB 21
NRP-M,202406,Coll_Interest,21,21,Manual,-0.0143663029410885,,PQ rate for MOB 21
NRP-M,202406,Coll_Principal,22,22,Manual,-0.030479275,,PQ rate for MOB 22
NRP-M,202406,Coll_Interest,22,22,Manual,-0.0144211835304414,,PQ rate for MOB 22
NRP-M,202406,Coll_Principal,23,23,Manual,-0.030479275,,PQ rate for MOB 23
NRP-M,202406,Coll_Interest,23,23,Manual,-0.0144690893789537,,PQ rate for MOB 23
NRP-M,202406,Coll_Principal,24,24,Manual,-0.030479275,,PQ rate for MOB 24
NRP-M,202406,Coll_Interest,24,24,Manual,-0.0145112463732561,,PQ rate for MOB 24
NRP-M,202406,Coll_Principal,25,25,Manual,-0.030479275,,PQ rate for MOB 25
NRP-M,202406,Coll_Interest,25,25,Manual,-0.0145486126738585,,PQ rate for MOB 25
NRP-M,202406,Coll_Principal,26,26,Manual,-0.030479275,,PQ rate for MOB 26
NRP-M,202406,Coll_Interest,26,26,Manual,-0.0145819473401557,,PQ rate for MOB 26
NRP-M,202406,Coll_Principal,27,27,Manual,-0.030479275,,PQ rate for MOB 27
NRP-M,202406,Coll_Interest,27,27,Manual,-0.0146118590241726,,PQ rate for MOB 27
NRP-M,202406,Coll_Principal,28,28,Manual,-0.030479275,,PQ rate for MOB 28
NRP-M,202406,Coll_Interest,28,28,Manual,-0.0146388411381501,,PQ rate for MOB 28
NRP-M,202406,Coll_Principal,29,29,Manual,-0.030479275,,PQ rate for MOB 29
NRP-M,202406,Coll_Interest,29,29,Manual,-0.0146632976620574,,PQ rate for MOB 29
NRP-M,202406,Coll_Principal,30,30,Manual,-0.030479275,,PQ rate for MOB 30
NRP-M,202406,Coll_Interest,30,30,Manual,-0.0146855623587048,,PQ rate for MOB 30
NRP-M,202406,Coll_Principal,31,31,Manual,-0.0304792749999999,,PQ rate for MOB 31
NRP-M,202406,Coll_Interest,31,31,Manual,-0.0147059132706978,,PQ rate for MOB 31
NRP-M,202406,Coll_Principal,32,32,Manual,-0.030479275,,PQ rate for MOB 32
NRP-M,202406,Coll_Interest,32,32,Manual,-0.0147245837908065,,PQ rate for MOB 32
NRP-M,202406,Coll_Principal,33,33,Manual,-0.0304792749999999,,PQ rate for MOB 33
NRP-M,202406,Coll_Interest,33,33,Manual,-0.0147417712101203,,PQ rate for MOB 33
NRP-M,202406,Coll_Principal,34,34,Manual,-0.030479275,,PQ rate for MOB 34
NRP-M,202406,Coll_Interest,34,34,Manual,-0.0147576433865904,,PQ rate for MOB 34
NRP-M,202406,Coll_Principal,35,35,Manual,-0.030479275,,PQ rate for MOB 35
NRP-M,202406,Coll_Interest,35,35,Manual,-0.0147723439967718,,PQ rate for MOB 35
NRP-M,202406,Coll_Principal,36,36,Manual,-0.030479275,,PQ rate for MOB 36
NRP-M,202406,Coll_Interest,36,36,Manual,-0.0147859967082762,,PQ rate for MOB 36
NRP-M,202406,Coll_Principal,37,37,Manual,-0.030479275,,PQ rate for MOB 37
NRP-M,202406,Coll_Interest,37,37,Manual,-0.0147987085219415,,PQ rate for MOB 37
NRP-M,202406,Coll_Principal,38,38,Manual,-0.0304792749999999,,PQ rate for MOB 38
NRP-M,202406,Coll_Interest,38,38,Manual,-0.0148105724694105,,PQ rate for MOB 38
NRP-M,202406,Coll_Principal,39,39,Manual,-0.030479275,,PQ rate for MOB 39
NRP-M,202406,Coll_Interest,39,39,Manual,-0.0148216698059959,,PQ rate for MOB 39
NRP-M,202406,Coll_Principal,40,40,Manual,-0.030479275,,PQ rate for MOB 40
NRP-M,202406,Coll_Interest,40,40,Manual,-0.0148320718051902,,PQ rate for MOB 40
NRP-M,202406,Coll_Principal,41,41,Manual,-0.030479275,,PQ rate for MOB 41
NRP-M,202406,Coll_Interest,41,41,Manual,-0.0148418412364056,,PQ rate for MOB 41
NRP-M,202406,Coll_Principal,42,42,Manual,-0.030479275,,PQ rate for MOB 42
NRP-M,202406,Coll_Interest,42,42,Manual,-0.0148510335890419,,PQ rate for MOB 42
NRP-M,202406,Coll_Principal,43,43,Manual,-0.030479275,,PQ rate for MOB 43
NRP-M,202406,Coll_Interest,43,43,Manual,-0.0148596980920659,,PQ rate for MOB 43
NRP-M,202406,Coll_Principal,44,44,Manual,-0.030479275,,PQ rate for MOB 44
NRP-M,202406,Coll_Interest,44,44,Manual,-0.014867878567717,,PQ rate for MOB 44
NRP-M,202406,Coll_Principal,45,45,Manual,-0.030479275,,PQ rate for MOB 45
NRP-M,202406,Coll_Interest,45,45,Manual,-0.014875614149868,,PQ rate for MOB 45
NRP-M,202406,Coll_Principal,46,46,Manual,-0.030479275,,PQ rate for MOB 46
NRP-M,202406,Coll_Interest,46,46,Manual,-0.0148829398913337,,PQ rate for MOB 46
NRP-M,202406,Coll_Principal,47,47,Manual,-0.030479275,,PQ rate for MOB 47
NRP-M,202406,Coll_Interest,47,47,Manual,-0.0148898872795779,,PQ rate for MOB 47
NRP-S,202406,Coll_Principal,16,16,Manual,-0.053663639,,PQ rate for MOB 16
NRP-S,202406,Coll_Interest,16,16,Manual,-0.0173966684972081,,PQ rate for MOB 16
NRP-S,202406,Coll_Principal,17,17,Manual,-0.053663639,,PQ rate for MOB 17
NRP-S,202406,Coll_Interest,17,17,Manual,-0.0173331553553037,,PQ rate for MOB 17
NRP-S,202406,Coll_Principal,18,18,Manual,-0.053663639,,PQ rate for MOB 18
NRP-S,202406,Coll_Interest,18,18,Manual,-0.0172955766504615,,PQ rate for MOB 18
NRP-S,202406,Coll_Principal,19,19,Manual,-0.053663639,,PQ rate for MOB 19
NRP-S,202406,Coll_Interest,19,19,Manual,-0.0172753732690539,,PQ rate for MOB 19
NRP-S,202406,Coll_Principal,20,20,Manual,-0.053663639,,PQ rate for MOB 20
NRP-S,202406,Coll_Interest,20,20,Manual,-0.017266968932414,,PQ rate for MOB 20
NRP-S,202406,Coll_Principal,21,21,Manual,-0.053663639,,PQ rate for MOB 21
NRP-S,202406,Coll_Interest,21,21,Manual,-0.0172666449346253,,PQ rate for MOB 21
NRP-S,202406,Coll_Principal,22,22,Manual,-0.053663639,,PQ rate for MOB 22
NRP-S,202406,Coll_Interest,22,22,Manual,-0.0172718726203187,,PQ rate for MOB 22
NRP-S,202406,Coll_Principal,23,23,Manual,-0.0536636389999999,,PQ rate for MOB 23
NRP-S,202406,Coll_Interest,23,23,Manual,-0.017280904510461,,PQ rate for MOB 23
NRP-S,202406,Coll_Principal,24,24,Manual,-0.053663639,,PQ rate for MOB 24
NRP-S,202406,Coll_Interest,24,24,Manual,-0.0172925168013119,,PQ rate for MOB 24
NRP-S,202406,Coll_Principal,25,25,Manual,-0.053663639,,PQ rate for MOB 25
NRP-S,202406,Coll_Interest,25,25,Manual,-0.017305843208524,,PQ rate for MOB 25
NRP-S,202406,Coll_Principal,26,26,Manual,-0.053663639,,PQ rate for MOB 26
NRP-S,202406,Coll_Interest,26,26,Manual,-0.0173202654368449,,PQ rate for MOB 26
NRP-S,202406,Coll_Principal,27,27,Manual,-0.053663639,,PQ rate for MOB 27
NRP-S,202406,Coll_Interest,27,27,Manual,-0.0173353395992595,,PQ rate for MOB 27
NRP-S,202406,Coll_Principal,28,28,Manual,-0.053663639,,PQ rate for MOB 28
NRP-S,202406,Coll_Interest,28,28,Manual,-0.0173507459488931,,PQ rate for MOB 28
NRP-S,202406,Coll_Principal,29,29,Manual,-0.053663639,,PQ rate for MOB 29
NRP-S,202406,Coll_Interest,29,29,Manual,-0.017366254019189,,PQ rate for MOB 29
NRP-S,202406,Coll_Principal,30,30,Manual,-0.053663639,,PQ rate for MOB 30
NRP-S,202406,Coll_Interest,30,30,Manual,-0.01738169812369,,PQ rate for MOB 30
NRP-S,202406,Coll_Principal,31,31,Manual,-0.053663639,,PQ rate for MOB 31
NRP-S,202406,Coll_Interest,31,31,Manual,-0.0173969599294078,,PQ rate for MOB 31
NRP-S,202406,Coll_Principal,32,32,Manual,-0.053663639,,PQ rate for MOB 32
NRP-S,202406,Coll_Interest,32,32,Manual,-0.0174119559281095,,PQ rate for MOB 32
NRP-S,202406,Coll_Principal,33,33,Manual,-0.053663639,,PQ rate for MOB 33
NRP-S,202406,Coll_Interest,33,33,Manual,-0.0174266283423867,,PQ rate for MOB 33
NRP-S,202406,Coll_Principal,34,34,Manual,-0.0536636389999999,,PQ rate for MOB 34
NRP-S,202406,Coll_Interest,34,34,Manual,-0.0174409384684436,,PQ rate for MOB 34
NRP-S,202406,Coll_Principal,35,35,Manual,-0.053663639,,PQ rate for MOB 35
NRP-S,202406,Coll_Interest,35,35,Manual,-0.0174548617658436,,PQ rate for MOB 35
NRP-S,202406,Coll_Principal,36,36,Manual,-0.053663639,,PQ rate for MOB 36
NRP-S,202406,Coll_Interest,36,36,Manual,-0.0174683842117781,,PQ rate for MOB 36
NRP-S,202406,Coll_Principal,37,37,Manual,-0.053663639,,PQ rate for MOB 37
NRP-S,202406,Coll_Interest,37,37,Manual,-0.0174814995786874,,PQ rate for MOB 37
NRP-S,202406,Coll_Principal,38,38,Manual,-0.053663639,,PQ rate for MOB 38
NRP-S,202406,Coll_Interest,38,38,Manual,-0.0174942073915015,,PQ rate for MOB 38
NRP-S,202406,Coll_Principal,39,39,Manual,-0.053663639,,PQ rate for MOB 39
NRP-S,202406,Coll_Interest,39,39,Manual,-0.0175065113887362,,PQ rate for MOB 39
NRP-S,202406,Coll_Principal,40,40,Manual,-0.053663639,,PQ rate for MOB 40
NRP-S,202406,Coll_Interest,40,40,Manual,-0.0175184183595939,,PQ rate for MOB 40
NRP-S,202406,Coll_Principal,41,41,Manual,-0.053663639,,PQ rate for MOB 41
NRP-S,202406,Coll_Interest,41,41,Manual,-0.0175299372633192,,PQ rate for MOB 41
NRP-S,202406,Coll_Principal,42,42,Manual,-0.053663639,,PQ rate for MOB 42
NRP-S,202406,Coll_Interest,42,42,Manual,-0.0175410785615609,,PQ rate for MOB 42
NRP-S,202406,Coll_Principal,43,43,Manual,-0.053663639,,PQ rate for MOB 43
NRP-S,202406,Coll_Interest,43,43,Manual,-0.0175518537122328,,PQ rate for MOB 43
NRP-S,202406,Coll_Principal,44,44,Manual,-0.053663639,,PQ rate for MOB 44
NRP-S,202406,Coll_Interest,44,44,Manual,-0.017562274786323,,PQ rate for MOB 44
NRP-S,202406,Coll_Principal,45,45,Manual,-0.0536636389999999,,PQ rate for MOB 45
NRP-S,202406,Coll_Interest,45,45,Manual,-0.0175723541786339,,PQ rate for MOB 45
NRP-S,202406,Coll_Principal,46,46,Manual,-0.053663639,,PQ rate for MOB 46
NRP-S,202406,Coll_Interest,46,46,Manual,-0.0175821043904855,,PQ rate for MOB 46
NRP-S,202406,Coll_Principal,47,47,Manual,-0.053663639,,PQ rate for MOB 47
NRP-S,202406,Coll_Interest,47,47,Manual,-0.0175915378676817,,PQ rate for MOB 47
NON PRIME,202407,Coll_Principal,15,15,Manual,-0.0605759820777358,,PQ rate for MOB 15
NON PRIME,202407,Coll_Interest,15,15,Manual,-0.0241774699660596,,PQ rate for MOB 15
NON PRIME,202407,Coll_Principal,16,16,Manual,-0.0584534754135847,,PQ rate for MOB 16
NON PRIME,202407,Coll_Interest,16,16,Manual,-0.0242247040926154,,PQ rate for MOB 16
NON PRIME,202407,Coll_Principal,17,17,Manual,-0.0563042123555806,,PQ rate for MOB 17
NON PRIME,202407,Coll_Interest,17,17,Manual,-0.0242908152812474,,PQ rate for MOB 17
NON PRIME,202407,Coll_Principal,18,18,Manual,-0.0531520088933067,,PQ rate for MOB 18
NON PRIME,202407,Coll_Interest,18,18,Manual,-0.0243661561934871,,PQ rate for MOB 18
NON PRIME,202407,Coll_Principal,19,19,Manual,-0.0528161918630665,,PQ rate for MOB 19
NON PRIME,202407,Coll_Interest,19,19,Manual,-0.0244451460487877,,PQ rate for MOB 19
NON PRIME,202407,Coll_Principal,20,20,Manual,-0.0528161918630665,,PQ rate for MOB 20
NON PRIME,202407,Coll_Interest,20,20,Manual,-0.0245245329706953,,PQ rate for MOB 20
NON PRIME,202407,Coll_Principal,21,21,Manual,-0.0528161918630665,,PQ rate for MOB 21
NON PRIME,202407,Coll_Interest,21,21,Manual,-0.0246024343947758,,PQ rate for MOB 21
NON PRIME,202407,Coll_Principal,22,22,Manual,-0.0528161918630665,,PQ rate for MOB 22
NON PRIME,202407,Coll_Interest,22,22,Manual,-0.0246777888806596,,PQ rate for MOB 22
NON PRIME,202407,Coll_Principal,23,23,Manual,-0.0528161918630665,,PQ rate for MOB 23
NON PRIME,202407,Coll_Interest,23,23,Manual,-0.0247500340329689,,PQ rate for MOB 23
NON PRIME,202407,Coll_Principal,24,24,Manual,-0.0528161918630665,,PQ rate for MOB 24
NON PRIME,202407,Coll_Interest,24,24,Manual,-0.0248189128441042,,PQ rate for MOB 24
NON PRIME,202407,Coll_Principal,25,25,Manual,-0.0528161918630665,,PQ rate for MOB 25
NON PRIME,202407,Coll_Interest,25,25,Manual,-0.0248843550522251,,PQ rate for MOB 25
NON PRIME,202407,Coll_Principal,26,26,Manual,-0.0528161918630665,,PQ rate for MOB 26
NON PRIME,202407,Coll_Interest,26,26,Manual,-0.0249464033826843,,PQ rate for MOB 26
NON PRIME,202407,Coll_Principal,27,27,Manual,-0.0528161918630665,,PQ rate for MOB 27
NON PRIME,202407,Coll_Interest,27,27,Manual,-0.0250051672003092,,PQ rate for MOB 27
NON PRIME,202407,Coll_Principal,28,28,Manual,-0.0528161918630665,,PQ rate for MOB 28
NON PRIME,202407,Coll_Interest,28,28,Manual,-0.0250607931949338,,PQ rate for MOB 28
NON PRIME,202407,Coll_Principal,29,29,Manual,-0.0528161918630665,,PQ rate for MOB 29
NON PRIME,202407,Coll_Interest,29,29,Manual,-0.0251134468059019,,PQ rate for MOB 29
NON PRIME,202407,Coll_Principal,30,30,Manual,-0.0528161918630665,,PQ rate for MOB 30
NON PRIME,202407,Coll_Interest,30,30,Manual,-0.0251633004971839,,PQ rate for MOB 30
NON PRIME,202407,Coll_Principal,31,31,Manual,-0.0528161918630665,,PQ rate for MOB 31
NON PRIME,202407,Coll_Interest,31,31,Manual,-0.0252105264422915,,PQ rate for MOB 31
NON PRIME,202407,Coll_Principal,32,32,Manual,-0.0528161918630665,,PQ rate for MOB 32
NON PRIME,202407,Coll_Interest,32,32,Manual,-0.0252552920654741,,PQ rate for MOB 32
NON PRIME,202407,Coll_Principal,33,33,Manual,-0.0528161918630665,,PQ rate for MOB 33
NON PRIME,202407,Coll_Interest,33,33,Manual,-0.0252977574386686,,PQ rate for MOB 33
NON PRIME,202407,Coll_Principal,34,34,Manual,-0.0528161918630665,,PQ rate for MOB 34
NON PRIME,202407,Coll_Interest,34,34,Manual,-0.0253380738834368,,PQ rate for MOB 34
NON PRIME,202407,Coll_Principal,35,35,Manual,-0.0528161918630665,,PQ rate for MOB 35
NON PRIME,202407,Coll_Interest,35,35,Manual,-0.0253763833512601,,PQ rate for MOB 35
NON PRIME,202407,Coll_Principal,36,36,Manual,-0.0528161918630665,,PQ rate for MOB 36
NON PRIME,202407,Coll_Interest,36,36,Manual,-0.0254128183008513,,PQ rate for MOB 36
NON PRIME,202407,Coll_Principal,37,37,Manual,-0.0528161918630665,,PQ rate for MOB 37
NON PRIME,202407,Coll_Interest,37,37,Manual,-0.0254475018862762,,PQ rate for MOB 37
NON PRIME,202407,Coll_Principal,38,38,Manual,-0.0528161918630665,,PQ rate for MOB 38
NON PRIME,202407,Coll_Interest,38,38,Manual,-0.025480548332497,,PQ rate for MOB 38
NON PRIME,202407,Coll_Principal,39,39,Manual,-0.0528161918630665,,PQ rate for MOB 39
NON PRIME,202407,Coll_Interest,39,39,Manual,-0.025512063416728,,PQ rate for MOB 39
NON PRIME,202407,Coll_Principal,40,40,Manual,-0.0528161918630665,,PQ rate for MOB 40
NON PRIME,202407,Coll_Interest,40,40,Manual,-0.0255421450019378,,PQ rate for MOB 40
NON PRIME,202407,Coll_Principal,41,41,Manual,-0.0528161918630665,,PQ rate for MOB 41
NON PRIME,202407,Coll_Interest,41,41,Manual,-0.0255708835875883,,PQ rate for MOB 41
NON PRIME,202407,Coll_Principal,42,42,Manual,-0.0528161918630665,,PQ rate for MOB 42
NON PRIME,202407,Coll_Interest,42,42,Manual,-0.0255983628553232,,PQ rate for MOB 42
NON PRIME,202407,Coll_Principal,43,43,Manual,-0.0528161918630665,,PQ rate for MOB 43
NON PRIME,202407,Coll_Interest,43,43,Manual,-0.0256246601958109,,PQ rate for MOB 43
NON PRIME,202407,Coll_Principal,44,44,Manual,-0.0528161918630665,,PQ rate for MOB 44
NON PRIME,202407,Coll_Interest,44,44,Manual,-0.0256498472086474,,PQ rate for MOB 44
NON PRIME,202407,Coll_Principal,45,45,Manual,-0.0528161918630665,,PQ rate for MOB 45
NON PRIME,202407,Coll_Interest,45,45,Manual,-0.0256739901710236,,PQ rate for MOB 45
NON PRIME,202407,Coll_Principal,46,46,Manual,-0.0528161918630665,,PQ rate for MOB 46
NON PRIME,202407,Coll_Interest,46,46,Manual,-0.0256971504733787,,PQ rate for MOB 46
NRP-L,202407,Coll_Principal,15,15,Manual,-0.0387882171953963,,PQ rate for MOB 15
NRP-L,202407,Coll_Interest,15,15,Manual,-0.0152155845964382,,PQ rate for MOB 15
NRP-L,202407,Coll_Principal,16,16,Manual,-0.0383744557180435,,PQ rate for MOB 16
NRP-L,202407,Coll_Interest,16,16,Manual,-0.0153282837999396,,PQ rate for MOB 16
NRP-L,202407,Coll_Principal,17,17,Manual,-0.03884978250132,,PQ rate for MOB 17
NRP-L,202407,Coll_Interest,17,17,Manual,-0.0154077631756656,,PQ rate for MOB 17
NRP-L,202407,Coll_Principal,18,18,Manual,-0.0433426015666078,,PQ rate for MOB 18
NRP-L,202407,Coll_Interest,18,18,Manual,-0.0154645444343056,,PQ rate for MOB 18
NRP-L,202407,Coll_Principal,19,19,Manual,-0.042451137849952,,PQ rate for MOB 19
NRP-L,202407,Coll_Interest,19,19,Manual,-0.0155054359833875,,PQ rate for MOB 19
NRP-L,202407,Coll_Principal,20,20,Manual,-0.042451137849952,,PQ rate for MOB 20
NRP-L,202407,Coll_Interest,20,20,Manual,-0.0155349769325296,,PQ rate for MOB 20
NRP-L,202407,Coll_Principal,21,21,Manual,-0.042451137849952,,PQ rate for MOB 21
NRP-L,202407,Coll_Interest,21,21,Manual,-0.0155562713563633,,PQ rate for MOB 21
NRP-L,202407,Coll_Principal,22,22,Manual,-0.042451137849952,,PQ rate for MOB 22
NRP-L,202407,Coll_Interest,22,22,Manual,-0.0155714888623612,,PQ rate for MOB 22
NRP-L,202407,Coll_Principal,23,23,Manual,-0.042451137849952,,PQ rate for MOB 23
NRP-L,202407,Coll_Interest,23,23,Manual,-0.0155821748908251,,PQ rate for MOB 23
NRP-L,202407,Coll_Principal,24,24,Manual,-0.042451137849952,,PQ rate for MOB 24
NRP-L,202407,Coll_Interest,24,24,Manual,-0.0155894486086049,,PQ rate for MOB 24
NRP-L,202407,Coll_Principal,25,25,Manual,-0.042451137849952,,PQ rate for MOB 25
NRP-L,202407,Coll_Interest,25,25,Manual,-0.0155941323040607,,PQ rate for MOB 25
NRP-L,202407,Coll_Principal,26,26,Manual,-0.042451137849952,,PQ rate for MOB 26
NRP-L,202407,Coll_Interest,26,26,Manual,-0.01559683788305,,PQ rate for MOB 26
NRP-L,202407,Coll_Principal,27,27,Manual,-0.042451137849952,,PQ rate for MOB 27
NRP-L,202407,Coll_Interest,27,27,Manual,-0.0155980258380646,,PQ rate for MOB 27
NRP-L,202407,Coll_Principal,28,28,Manual,-0.042451137849952,,PQ rate for MOB 28
NRP-L,202407,Coll_Interest,28,28,Manual,-0.0155980461666309,,PQ rate for MOB 28
NRP-L,202407,Coll_Principal,29,29,Manual,-0.042451137849952,,PQ rate for MOB 29
NRP-L,202407,Coll_Interest,29,29,Manual,-0.0155971672195463,,PQ rate for MOB 29
NRP-L,202407,Coll_Principal,30,30,Manual,-0.042451137849952,,PQ rate for MOB 30
NRP-L,202407,Coll_Interest,30,30,Manual,-0.0155955963343128,,PQ rate for MOB 30
NRP-L,202407,Coll_Principal,31,31,Manual,-0.042451137849952,,PQ rate for MOB 31
NRP-L,202407,Coll_Interest,31,31,Manual,-0.0155934947873316,,PQ rate for MOB 31
NRP-L,202407,Coll_Principal,32,32,Manual,-0.042451137849952,,PQ rate for MOB 32
NRP-L,202407,Coll_Interest,32,32,Manual,-0.0155909887591776,,PQ rate for MOB 32
NRP-L,202407,Coll_Principal,33,33,Manual,-0.042451137849952,,PQ rate for MOB 33
NRP-L,202407,Coll_Interest,33,33,Manual,-0.015588177464283,,PQ rate for MOB 33
NRP-L,202407,Coll_Principal,34,34,Manual,-0.042451137849952,,PQ rate for MOB 34
NRP-L,202407,Coll_Interest,34,34,Manual,-0.0155851392389485,,PQ rate for MOB 34
NRP-L,202407,Coll_Principal,35,35,Manual,-0.042451137849952,,PQ rate for MOB 35
NRP-L,202407,Coll_Interest,35,35,Manual,-0.0155819361425813,,PQ rate for MOB 35
NRP-L,202407,Coll_Principal,36,36,Manual,-0.042451137849952,,PQ rate for MOB 36
NRP-L,202407,Coll_Interest,36,36,Manual,-0.0155786174648629,,PQ rate for MOB 36
NRP-L,202407,Coll_Principal,37,37,Manual,-0.042451137849952,,PQ rate for MOB 37
NRP-L,202407,Coll_Interest,37,37,Manual,-0.0155752224199956,,PQ rate for MOB 37
NRP-L,202407,Coll_Principal,38,38,Manual,-0.042451137849952,,PQ rate for MOB 38
NRP-L,202407,Coll_Interest,38,38,Manual,-0.0155717822314748,,PQ rate for MOB 38
NRP-L,202407,Coll_Principal,39,39,Manual,-0.042451137849952,,PQ rate for MOB 39
NRP-L,202407,Coll_Interest,39,39,Manual,-0.0155683217560858,,PQ rate for MOB 39
NRP-L,202407,Coll_Principal,40,40,Manual,-0.042451137849952,,PQ rate for MOB 40
NRP-L,202407,Coll_Interest,40,40,Manual,-0.0155648607568233,,PQ rate for MOB 40
NRP-L,202407,Coll_Principal,41,41,Manual,-0.042451137849952,,PQ rate for MOB 41
NRP-L,202407,Coll_Interest,41,41,Manual,-0.0155614149063669,,PQ rate for MOB 41
NRP-L,202407,Coll_Principal,42,42,Manual,-0.042451137849952,,PQ rate for MOB 42
NRP-L,202407,Coll_Interest,42,42,Manual,-0.0155579965823556,,PQ rate for MOB 42
NRP-L,202407,Coll_Principal,43,43,Manual,-0.042451137849952,,PQ rate for MOB 43
NRP-L,202407,Coll_Interest,43,43,Manual,-0.0155546155007633,,PQ rate for MOB 43
NRP-L,202407,Coll_Principal,44,44,Manual,-0.042451137849952,,PQ rate for MOB 44
NRP-L,202407,Coll_Interest,44,44,Manual,-0.0155512792226272,,PQ rate for MOB 44
NRP-L,202407,Coll_Principal,45,45,Manual,-0.042451137849952,,PQ rate for MOB 45
NRP-L,202407,Coll_Interest,45,45,Manual,-0.0155479935611547,,PQ rate for MOB 45
NRP-L,202407,Coll_Principal,46,46,Manual,-0.042451137849952,,PQ rate for MOB 46
NRP-L,202407,Coll_Interest,46,46,Manual,-0.0155447629100562,,PQ rate for MOB 46
NRP-M,202407,Coll_Principal,15,15,Manual,-0.026757402041689,,PQ rate for MOB 15
NRP-M,202407,Coll_Interest,15,15,Manual,-0.0146780180242543,,PQ rate for MOB 15
NRP-M,202407,Coll_Principal,16,16,Manual,-0.0270049328430151,,PQ rate for MOB 16
NRP-M,202407,Coll_Interest,16,16,Manual,-0.0148013805178504,,PQ rate for MOB 16
NRP-M,202407,Coll_Principal,17,17,Manual,-0.0268480633399695,,PQ rate for MOB 17
NRP-M,202407,Coll_Interest,17,17,Manual,-0.0148993192530651,,PQ rate for MOB 17
NRP-M,202407,Coll_Principal,18,18,Manual,-0.0278244791941173,,PQ rate for MOB 18
NRP-M,202407,Coll_Interest,18,18,Manual,-0.0149786632309543,,PQ rate for MOB 18
NRP-M,202407,Coll_Principal,19,19,Manual,-0.0272758767056718,,PQ rate for MOB 19
NRP-M,202407,Coll_Interest,19,19,Manual,-0.0150440521048706,,PQ rate for MOB 19
NRP-M,202407,Coll_Principal,20,20,Manual,-0.0272758767056718,,PQ rate for MOB 20
NRP-M,202407,Coll_Interest,20,20,Manual,-0.0150987354393567,,PQ rate for MOB 20
NRP-M,202407,Coll_Principal,21,21,Manual,-0.0272758767056718,,PQ rate for MOB 21
NRP-M,202407,Coll_Interest,21,21,Manual,-0.0151450492584633,,PQ rate for MOB 21
NRP-M,202407,Coll_Principal,22,22,Manual,-0.0272758767056718,,PQ rate for MOB 22
NRP-M,202407,Coll_Interest,22,22,Manual,-0.0151847111784054,,PQ rate for MOB 22
NRP-M,202407,Coll_Principal,23,23,Manual,-0.0272758767056718,,PQ rate for MOB 23
NRP-M,202407,Coll_Interest,23,23,Manual,-0.0152190092757769,,PQ rate for MOB 23
NRP-M,202407,Coll_Principal,24,24,Manual,-0.0272758767056718,,PQ rate for MOB 24
NRP-M,202407,Coll_Interest,24,24,Manual,-0.0152489264565078,,PQ rate for MOB 24
NRP-M,202407,Coll_Principal,25,25,Manual,-0.0272758767056718,,PQ rate for MOB 25
NRP-M,202407,Coll_Interest,25,25,Manual,-0.0152752244382473,,PQ rate for MOB 25
NRP-M,202407,Coll_Principal,26,26,Manual,-0.0272758767056718,,PQ rate for MOB 26
NRP-M,202407,Coll_Interest,26,26,Manual,-0.0152985017404511,,PQ rate for MOB 26
NRP-M,202407,Coll_Principal,27,27,Manual,-0.0272758767056718,,PQ rate for MOB 27
NRP-M,202407,Coll_Interest,27,27,Manual,-0.0153192345327007,,PQ rate for MOB 27
NRP-M,202407,Coll_Principal,28,28,Manual,-0.0272758767056718,,PQ rate for MOB 28
NRP-M,202407,Coll_Interest,28,28,Manual,-0.0153378059283303,,PQ rate for MOB 28
NRP-M,202407,Coll_Principal,29,29,Manual,-0.0272758767056718,,PQ rate for MOB 29
NRP-M,202407,Coll_Interest,29,29,Manual,-0.0153545273346062,,PQ rate for MOB 29
NRP-M,202407,Coll_Principal,30,30,Manual,-0.0272758767056718,,PQ rate for MOB 30
NRP-M,202407,Coll_Interest,30,30,Manual,-0.0153696542438812,,PQ rate for MOB 30
NRP-M,202407,Coll_Principal,31,31,Manual,-0.0272758767056718,,PQ rate for MOB 31
NRP-M,202407,Coll_Interest,31,31,Manual,-0.0153833980708197,,PQ rate for MOB 31
NRP-M,202407,Coll_Principal,32,32,Manual,-0.0272758767056718,,PQ rate for MOB 32
NRP-M,202407,Coll_Interest,32,32,Manual,-0.0153959351353726,,PQ rate for MOB 32
NRP-M,202407,Coll_Principal,33,33,Manual,-0.0272758767056718,,PQ rate for MOB 33
NRP-M,202407,Coll_Interest,33,33,Manual,-0.0154074135571448,,PQ rate for MOB 33
NRP-M,202407,Coll_Principal,34,34,Manual,-0.0272758767056718,,PQ rate for MOB 34
NRP-M,202407,Coll_Interest,34,34,Manual,-0.0154179586021783,,PQ rate for MOB 34
NRP-M,202407,Coll_Principal,35,35,Manual,-0.0272758767056718,,PQ rate for MOB 35
NRP-M,202407,Coll_Interest,35,35,Manual,-0.0154276768697014,,PQ rate for MOB 35
NRP-M,202407,Coll_Principal,36,36,Manual,-0.0272758767056718,,PQ rate for MOB 36
NRP-M,202407,Coll_Interest,36,36,Manual,-0.0154366595999829,,PQ rate for MOB 36
NRP-M,202407,Coll_Principal,37,37,Manual,-0.0272758767056718,,PQ rate for MOB 37
NRP-M,202407,Coll_Interest,37,37,Manual,-0.0154449853096378,,PQ rate for MOB 37
NRP-M,202407,Coll_Principal,38,38,Manual,-0.0272758767056718,,PQ rate for MOB 38
NRP-M,202407,Coll_Interest,38,38,Manual,-0.0154527219074915,,PQ rate for MOB 38
NRP-M,202407,Coll_Principal,39,39,Manual,-0.0272758767056718,,PQ rate for MOB 39
NRP-M,202407,Coll_Interest,39,39,Manual,-0.0154599284057707,,PQ rate for MOB 39
NRP-M,202407,Coll_Principal,40,40,Manual,-0.0272758767056718,,PQ rate for MOB 40
NRP-M,202407,Coll_Interest,40,40,Manual,-0.0154666563134623,,PQ rate for MOB 40
NRP-M,202407,Coll_Principal,41,41,Manual,-0.0272758767056718,,PQ rate for MOB 41
NRP-M,202407,Coll_Interest,41,41,Manual,-0.0154729507781467,,PQ rate for MOB 41
NRP-M,202407,Coll_Principal,42,42,Manual,-0.0272758767056718,,PQ rate for MOB 42
NRP-M,202407,Coll_Interest,42,42,Manual,-0.0154788515273498,,PQ rate for MOB 42
NRP-M,202407,Coll_Principal,43,43,Manual,-0.0272758767056718,,PQ rate for MOB 43
NRP-M,202407,Coll_Interest,43,43,Manual,-0.0154843936490216,,PQ rate for MOB 43
NRP-M,202407,Coll_Principal,44,44,Manual,-0.0272758767056718,,PQ rate for MOB 44
NRP-M,202407,Coll_Interest,44,44,Manual,-0.0154896082421025,,PQ rate for MOB 44
NRP-M,202407,Coll_Principal,45,45,Manual,-0.0272758767056718,,PQ rate for MOB 45
NRP-M,202407,Coll_Interest,45,45,Manual,-0.0154945229615508,,PQ rate for MOB 45
NRP-M,202407,Coll_Principal,46,46,Manual,-0.0272758767056718,,PQ rate for MOB 46
NRP-M,202407,Coll_Interest,46,46,Manual,-0.015499162477143,,PQ rate for MOB 46
NRP-S,202407,Coll_Principal,15,15,Manual,-0.0583319141283677,,PQ rate for MOB 15
NRP-S,202407,Coll_Interest,15,15,Manual,-0.0174032928308847,,PQ rate for MOB 15
NRP-S,202407,Coll_Principal,16,16,Manual,-0.0616196152282025,,PQ rate for MOB 16
NRP-S,202407,Coll_Interest,16,16,Manual,-0.0176209386355013,,PQ rate for MOB 16
NRP-S,202407,Coll_Principal,17,17,Manual,-0.0620332425325595,,PQ rate for MOB 17
NRP-S,202407,Coll_Interest,17,17,Manual,-0.0177914786954075,,PQ rate for MOB 17
NRP-S,202407,Coll_Principal,18,18,Manual,-0.0645449294399807,,PQ rate for MOB 18
NRP-S,202407,Coll_Interest,18,18,Manual,-0.0179279260504919,,PQ rate for MOB 18
NRP-S,202407,Coll_Principal,19,19,Manual,-0.0677719888132285,,PQ rate for MOB 19
NRP-S,202407,Coll_Interest,19,19,Manual,-0.018039045209543,,PQ rate for MOB 19
NRP-S,202407,Coll_Principal,20,20,Manual,-0.0677719888132285,,PQ rate for MOB 20
NRP-S,202407,Coll_Interest,20,20,Manual,-0.0181309230621962,,PQ rate for MOB 20
NRP-S,202407,Coll_Principal,21,21,Manual,-0.0677719888132285,,PQ rate for MOB 21
NRP-S,202407,Coll_Interest,21,21,Manual,-0.0182078994998481,,PQ rate for MOB 21
NRP-S,202407,Coll_Principal,22,22,Manual,-0.0677719888132285,,PQ rate for MOB 22
NRP-S,202407,Coll_Interest,22,22,Manual,-0.0182731401343099,,PQ rate for MOB 22
NRP-S,202407,Coll_Principal,23,23,Manual,-0.0677719888132285,,PQ rate for MOB 23
NRP-S,202407,Coll_Interest,23,23,Manual,-0.0183290005448759,,PQ rate for MOB 23
NRP-S,202407,Coll_Principal,24,24,Manual,-0.0677719888132285,,PQ rate for MOB 24
NRP-S,202407,Coll_Interest,24,24,Manual,-0.0183772646834337,,PQ rate for MOB 24
NRP-S,202407,Coll_Principal,25,25,Manual,-0.0677719888132285,,PQ rate for MOB 25
NRP-S,202407,Coll_Interest,25,25,Manual,-0.0184193049075491,,PQ rate for MOB 25
NRP-S,202407,Coll_Principal,26,26,Manual,-0.0677719888132285,,PQ rate for MOB 26
NRP-S,202407,Coll_Interest,26,26,Manual,-0.0184561918414393,,PQ rate for MOB 26
NRP-S,202407,Coll_Principal,27,27,Manual,-0.0677719888132285,,PQ rate for MOB 27
NRP-S,202407,Coll_Interest,27,27,Manual,-0.0184887713210037,,PQ rate for MOB 27
NRP-S,202407,Coll_Principal,28,28,Manual,-0.0677719888132285,,PQ rate for MOB 28
NRP-S,202407,Coll_Interest,28,28,Manual,-0.0185177192648901,,PQ rate for MOB 28
NRP-S,202407,Coll_Principal,29,29,Manual,-0.0677719888132285,,PQ rate for MOB 29
NRP-S,202407,Coll_Interest,29,29,Manual,-0.0185435814468655,,PQ rate for MOB 29
NRP-S,202407,Coll_Principal,30,30,Manual,-0.0677719888132285,,PQ rate for MOB 30
NRP-S,202407,Coll_Interest,30,30,Manual,-0.0185668027540429,,PQ rate for MOB 30
NRP-S,202407,Coll_Principal,31,31,Manual,-0.0677719888132285,,PQ rate for MOB 31
NRP-S,202407,Coll_Interest,31,31,Manual,-0.018587749003198,,PQ rate for MOB 31
NRP-S,202407,Coll_Principal,32,32,Manual,-0.0677719888132285,,PQ rate for MOB 32
NRP-S,202407,Coll_Interest,32,32,Manual,-0.0186067234106754,,PQ rate for MOB 32
NRP-S,202407,Coll_Principal,33,33,Manual,-0.0677719888132285,,PQ rate for MOB 33
NRP-S,202407,Coll_Interest,33,33,Manual,-0.0186239791684789,,PQ rate for MOB 33
NRP-S,202407,Coll_Principal,34,34,Manual,-0.0677719888132285,,PQ rate for MOB 34
NRP-S,202407,Coll_Interest,34,34,Manual,-0.0186397291485605,,PQ rate for MOB 34
NRP-S,202407,Coll_Principal,35,35,Manual,-0.0677719888132285,,PQ rate for MOB 35
NRP-S,202407,Coll_Interest,35,35,Manual,-0.0186541534642999,,PQ rate for MOB 35
NRP-S,202407,Coll_Principal,36,36,Manual,-0.0677719888132285,,PQ rate for MOB 36
NRP-S,202407,Coll_Interest,36,36,Manual,-0.018667405415785,,PQ rate for MOB 36
NRP-S,202407,Coll_Principal,37,37,Manual,-0.0677719888132285,,PQ rate for MOB 37
NRP-S,202407,Coll_Interest,37,37,Manual,-0.0186796162038136,,PQ rate for MOB 37
NRP-S,202407,Coll_Principal,38,38,Manual,-0.0677719888132285,,PQ rate for MOB 38
NRP-S,202407,Coll_Interest,38,38,Manual,-0.0186908986970625,,PQ rate for MOB 38
NRP-S,202407,Coll_Principal,39,39,Manual,-0.0677719888132285,,PQ rate for MOB 39
NRP-S,202407,Coll_Interest,39,39,Manual,-0.0187013504647812,,PQ rate for MOB 39
NRP-S,202407,Coll_Principal,40,40,Manual,-0.0677719888132285,,PQ rate for MOB 40
NRP-S,202407,Coll_Interest,40,40,Manual,-0.0187110562350664,,PQ rate for MOB 40
NRP-S,202407,Coll_Principal,41,41,Manual,-0.0677719888132285,,PQ rate for MOB 41
NRP-S,202407,Coll_Interest,41,41,Manual,-0.0187200899004401,,PQ rate for MOB 41
NRP-S,202407,Coll_Principal,42,42,Manual,-0.0677719888132285,,PQ rate for MOB 42
NRP-S,202407,Coll_Interest,42,42,Manual,-0.0187285161640807,,PQ rate for MOB 42
NRP-S,202407,Coll_Principal,43,43,Manual,-0.0677719888132285,,PQ rate for MOB 43
NRP-S,202407,Coll_Interest,43,43,Manual,-0.0187363918988645,,PQ rate for MOB 43
NRP-S,202407,Coll_Principal,44,44,Manual,-0.0677719888132285,,PQ rate for MOB 44
NRP-S,202407,Coll_Interest,44,44,Manual,-0.0187437672754137,,PQ rate for MOB 44
NRP-S,202407,Coll_Principal,45,45,Manual,-0.0677719888132285,,PQ rate for MOB 45
NRP-S,202407,Coll_Interest,45,45,Manual,-0.0187506867032209,,PQ rate for MOB 45
NRP-S,202407,Coll_Principal,46,46,Manual,-0.0677719888132285,,PQ rate for MOB 46
NRP-S,202407,Coll_Interest,46,46,Manual,-0.0187571896196443,,PQ rate for MOB 46
PRIME,202407,Coll_Principal,15,15,Manual,-0.0488573785631977,,PQ rate for MOB 15
PRIME,202407,Coll_Interest,15,15,Manual,-0.0103692547655264,,PQ rate for MOB 15
PRIME,202407,Coll_Principal,16,16,Manual,-0.0506596661243705,,PQ rate for MOB 16
PRIME,202407,Coll_Interest,16,16,Manual,-0.0104212061621444,,PQ rate for MOB 16
PRIME,202407,Coll_Principal,17,17,Manual,-0.0521241325052619,,PQ rate for MOB 17
PRIME,202407,Coll_Interest,17,17,Manual,-0.0104588161736071,,PQ rate for MOB 17
PRIME,202407,Coll_Principal,18,18,Manual,-0.0530935714155933,,PQ rate for MOB 18
PRIME,202407,Coll_Interest,18,18,Manual,-0.0104865184244333,,PQ rate for MOB 18
PRIME,202407,Coll_Principal,19,19,Manual,-0.053634884057213,,PQ rate for MOB 19
PRIME,202407,Coll_Interest,19,19,Manual,-0.0105072014471216,,PQ rate for MOB 19
PRIME,202407,Coll_Principal,20,20,Manual,-0.053634884057213,,PQ rate for MOB 20
PRIME,202407,Coll_Interest,20,20,Manual,-0.010522804895953,,PQ rate for MOB 20
PRIME,202407,Coll_Principal,21,21,Manual,-0.053634884057213,,PQ rate for MOB 21
PRIME,202407,Coll_Interest,21,21,Manual,-0.0105346653185529,,PQ rate for MOB 21
PRIME,202407,Coll_Principal,22,22,Manual,-0.053634884057213,,PQ rate for MOB 22
PRIME,202407,Coll_Interest,22,22,Manual,-0.0105437244403549,,PQ rate for MOB 22
PRIME,202407,Coll_Principal,23,23,Manual,-0.053634884057213,,PQ rate for MOB 23
PRIME,202407,Coll_Interest,23,23,Manual,-0.0105506588050739,,PQ rate for MOB 23
PRIME,202407,Coll_Principal,24,24,Manual,-0.053634884057213,,PQ rate for MOB 24
PRIME,202407,Coll_Interest,24,24,Manual,-0.0105559628010697,,PQ rate for MOB 24
PRIME,202407,Coll_Principal,25,25,Manual,-0.053634884057213,,PQ rate for MOB 25
PRIME,202407,Coll_Interest,25,25,Manual,-0.0105600031856243,,PQ rate for MOB 25
PRIME,202407,Coll_Principal,26,26,Manual,-0.053634884057213,,PQ rate for MOB 26
PRIME,202407,Coll_Interest,26,26,Manual,-0.010563055696975,,PQ rate for MOB 26
PRIME,202407,Coll_Principal,27,27,Manual,-0.053634884057213,,PQ rate for MOB 27
PRIME,202407,Coll_Interest,27,27,Manual,-0.0105653301314766,,PQ rate for MOB 27
PRIME,202407,Coll_Principal,28,28,Manual,-0.053634884057213,,PQ rate for MOB 28
PRIME,202407,Coll_Interest,28,28,Manual,-0.0105669878288703,,PQ rate for MOB 28
PRIME,202407,Coll_Principal,29,29,Manual,-0.053634884057213,,PQ rate for MOB 29
PRIME,202407,Coll_Interest,29,29,Manual,-0.0105681540617169,,PQ rate for MOB 29
PRIME,202407,Coll_Principal,30,30,Manual,-0.053634884057213,,PQ rate for MOB 30
PRIME,202407,Coll_Interest,30,30,Manual,-0.0105689269430898,,PQ rate for MOB 30
PRIME,202407,Coll_Principal,31,31,Manual,-0.053634884057213,,PQ rate for MOB 31
PRIME,202407,Coll_Interest,31,31,Manual,-0.0105693839166256,,PQ rate for MOB 31
PRIME,202407,Coll_Principal,32,32,Manual,-0.053634884057213,,PQ rate for MOB 32
PRIME,202407,Coll_Interest,32,32,Manual,-0.0105695865428815,,PQ rate for MOB 32
PRIME,202407,Coll_Principal,33,33,Manual,-0.053634884057213,,PQ rate for MOB 33
PRIME,202407,Coll_Interest,33,33,Manual,-0.010569584068781,,PQ rate for MOB 33
PRIME,202407,Coll_Principal,34,34,Manual,-0.053634884057213,,PQ rate for MOB 34
PRIME,202407,Coll_Interest,34,34,Manual,-0.010569416116973,,PQ rate for MOB 34
PRIME,202407,Coll_Principal,35,35,Manual,-0.053634884057213,,PQ rate for MOB 35
PRIME,202407,Coll_Interest,35,35,Manual,-0.0105691147313626,,PQ rate for MOB 35
PRIME,202407,Coll_Principal,36,36,Manual,-0.053634884057213,,PQ rate for MOB 36
PRIME,202407,Coll_Interest,36,36,Manual,-0.0105687059466256,,PQ rate for MOB 36
PRIME,202407,Coll_Principal,37,37,Manual,-0.053634884057213,,PQ rate for MOB 37
PRIME,202407,Coll_Interest,37,37,Manual,-0.0105682110022939,,PQ rate for MOB 37
PRIME,202407,Coll_Principal,38,38,Manual,-0.053634884057213,,PQ rate for MOB 38
PRIME,202407,Coll_Interest,38,38,Manual,-0.0105676472890166,,PQ rate for MOB 38
PRIME,202407,Coll_Principal,39,39,Manual,-0.053634884057213,,PQ rate for MOB 39
PRIME,202407,Coll_Interest,39,39,Manual,-0.0105670290912735,,PQ rate for MOB 39
PRIME,202407,Coll_Principal,40,40,Manual,-0.053634884057213,,PQ rate for MOB 40
PRIME,202407,Coll_Interest,40,40,Manual,-0.0105663681741578,,PQ rate for MOB 40
PRIME,202407,Coll_Principal,41,41,Manual,-0.053634884057213,,PQ rate for MOB 41
PRIME,202407,Coll_Interest,41,41,Manual,-0.0105656742498098,,PQ rate for MOB 41
PRIME,202407,Coll_Principal,42,42,Manual,-0.053634884057213,,PQ rate for MOB 42
PRIME,202407,Coll_Interest,42,42,Manual,-0.0105649553503122,,PQ rate for MOB 42
PRIME,202407,Coll_Principal,43,43,Manual,-0.053634884057213,,PQ rate for MOB 43
PRIME,202407,Coll_Interest,43,43,Manual,-0.0105642181274061,,PQ rate for MOB 43
PRIME,202407,Coll_Principal,44,44,Manual,-0.053634884057213,,PQ rate for MOB 44
PRIME,202407,Coll_Interest,44,44,Manual,-0.0105634680946008,,PQ rate for MOB 44
PRIME,202407,Coll_Principal,45,45,Manual,-0.053634884057213,,PQ rate for MOB 45
PRIME,202407,Coll_Interest,45,45,Manual,-0.0105627098236726,,PQ rate for MOB 45
PRIME,202407,Coll_Principal,46,46,Manual,-0.053634884057213,,PQ rate for MOB 46
PRIME,202407,Coll_Interest,46,46,Manual,-0.010561947104851,,PQ rate for MOB 46
NON PRIME,202408,Coll_Principal,14,14,Manual,-0.06510046389549,,PQ rate for MOB 14
NON PRIME,202408,Coll_Interest,14,14,Manual,-0.0237176303548511,,PQ rate for MOB 14
NON PRIME,202408,Coll_Principal,15,15,Manual,-0.0658726002218293,,PQ rate for MOB 15
NON PRIME,202408,Coll_Interest,15,15,Manual,-0.0235044134162692,,PQ rate for MOB 15
NON PRIME,202408,Coll_Principal,16,16,Manual,-0.0653033165002008,,PQ rate for MOB 16
NON PRIME,202408,Coll_Interest,16,16,Manual,-0.0233988887635205,,PQ rate for MOB 16
NON PRIME,202408,Coll_Principal,17,17,Manual,-0.0647394094610664,,PQ rate for MOB 17
NON PRIME,202408,Coll_Interest,17,17,Manual,-0.0233595529161659,,PQ rate for MOB 17
NON PRIME,202408,Coll_Principal,18,18,Manual,-0.0648480774403056,,PQ rate for MOB 18
NON PRIME,202408,Coll_Interest,18,18,Manual,-0.0233615180780283,,PQ rate for MOB 18
NON PRIME,202408,Coll_Principal,19,19,Manual,-0.0648480774403056,,PQ rate for MOB 19
NON PRIME,202408,Coll_Interest,19,19,Manual,-0.0233893877267738,,PQ rate for MOB 19
NON PRIME,202408,Coll_Principal,20,20,Manual,-0.0648480774403056,,PQ rate for MOB 20
NON PRIME,202408,Coll_Interest,20,20,Manual,-0.0234333985507747,,PQ rate for MOB 20
NON PRIME,202408,Coll_Principal,21,21,Manual,-0.0648480774403056,,PQ rate for MOB 21
NON PRIME,202408,Coll_Interest,21,21,Manual,-0.0234872388929832,,PQ rate for MOB 21
NON PRIME,202408,Coll_Principal,22,22,Manual,-0.0648480774403056,,PQ rate for MOB 22
NON PRIME,202408,Coll_Interest,22,22,Manual,-0.0235467692899968,,PQ rate for MOB 22
NON PRIME,202408,Coll_Principal,23,23,Manual,-0.0648480774403056,,PQ rate for MOB 23
NON PRIME,202408,Coll_Interest,23,23,Manual,-0.0236092483149962,,PQ rate for MOB 23
NON PRIME,202408,Coll_Principal,24,24,Manual,-0.0648480774403056,,PQ rate for MOB 24
NON PRIME,202408,Coll_Interest,24,24,Manual,-0.0236728514259486,,PQ rate for MOB 24
NON PRIME,202408,Coll_Principal,25,25,Manual,-0.0648480774403056,,PQ rate for MOB 25
NON PRIME,202408,Coll_Interest,25,25,Manual,-0.0237363648979389,,PQ rate for MOB 25
NON PRIME,202408,Coll_Principal,26,26,Manual,-0.0648480774403056,,PQ rate for MOB 26
NON PRIME,202408,Coll_Interest,26,26,Manual,-0.0237989871635287,,PQ rate for MOB 26
NON PRIME,202408,Coll_Principal,27,27,Manual,-0.0648480774403056,,PQ rate for MOB 27
NON PRIME,202408,Coll_Interest,27,27,Manual,-0.0238601975871705,,PQ rate for MOB 27
NON PRIME,202408,Coll_Principal,28,28,Manual,-0.0648480774403056,,PQ rate for MOB 28
NON PRIME,202408,Coll_Interest,28,28,Manual,-0.0239196684525514,,PQ rate for MOB 28
NON PRIME,202408,Coll_Principal,29,29,Manual,-0.0648480774403056,,PQ rate for MOB 29
NON PRIME,202408,Coll_Interest,29,29,Manual,-0.0239772051494176,,PQ rate for MOB 29
NON PRIME,202408,Coll_Principal,30,30,Manual,-0.0648480774403056,,PQ rate for MOB 30
NON PRIME,202408,Coll_Interest,30,30,Manual,-0.0240327050625151,,PQ rate for MOB 30
NON PRIME,202408,Coll_Principal,31,31,Manual,-0.0648480774403056,,PQ rate for MOB 31
NON PRIME,202408,Coll_Interest,31,31,Manual,-0.0240861290438193,,PQ rate for MOB 31
NON PRIME,202408,Coll_Principal,32,32,Manual,-0.0648480774403056,,PQ rate for MOB 32
NON PRIME,202408,Coll_Interest,32,32,Manual,-0.0241374814603566,,PQ rate for MOB 32
NON PRIME,202408,Coll_Principal,33,33,Manual,-0.0648480774403056,,PQ rate for MOB 33
NON PRIME,202408,Coll_Interest,33,33,Manual,-0.0241867961532514,,PQ rate for MOB 33
NON PRIME,202408,Coll_Principal,34,34,Manual,-0.0648480774403056,,PQ rate for MOB 34
NON PRIME,202408,Coll_Interest,34,34,Manual,-0.0242341265126353,,PQ rate for MOB 34
NON PRIME,202408,Coll_Principal,35,35,Manual,-0.0648480774403056,,PQ rate for MOB 35
NON PRIME,202408,Coll_Interest,35,35,Manual,-0.0242795384437499,,PQ rate for MOB 35
NON PRIME,202408,Coll_Principal,36,36,Manual,-0.0648480774403056,,PQ rate for MOB 36
NON PRIME,202408,Coll_Interest,36,36,Manual,-0.0243231053795606,,PQ rate for MOB 36
NON PRIME,202408,Coll_Principal,37,37,Manual,-0.0648480774403056,,PQ rate for MOB 37
NON PRIME,202408,Coll_Interest,37,37,Manual,-0.0243649047514233,,PQ rate for MOB 37
NON PRIME,202408,Coll_Principal,38,38,Manual,-0.0648480774403056,,PQ rate for MOB 38
NON PRIME,202408,Coll_Interest,38,38,Manual,-0.0244050155041212,,PQ rate for MOB 38
NON PRIME,202408,Coll_Principal,39,39,Manual,-0.0648480774403056,,PQ rate for MOB 39
NON PRIME,202408,Coll_Interest,39,39,Manual,-0.0244435163620899,,PQ rate for MOB 39
NON PRIME,202408,Coll_Principal,40,40,Manual,-0.0648480774403056,,PQ rate for MOB 40
NON PRIME,202408,Coll_Interest,40,40,Manual,-0.0244804846375334,,PQ rate for MOB 40
NON PRIME,202408,Coll_Principal,41,41,Manual,-0.0648480774403056,,PQ rate for MOB 41
NON PRIME,202408,Coll_Interest,41,41,Manual,-0.0245159954300595,,PQ rate for MOB 41
NON PRIME,202408,Coll_Principal,42,42,Manual,-0.0648480774403056,,PQ rate for MOB 42
NON PRIME,202408,Coll_Interest,42,42,Manual,-0.0245501211091952,,PQ rate for MOB 42
NON PRIME,202408,Coll_Principal,43,43,Manual,-0.0648480774403056,,PQ rate for MOB 43
NON PRIME,202408,Coll_Interest,43,43,Manual,-0.0245829310009176,,PQ rate for MOB 43
NON PRIME,202408,Coll_Principal,44,44,Manual,-0.0648480774403056,,PQ rate for MOB 44
NON PRIME,202408,Coll_Interest,44,44,Manual,-0.0246144912207265,,PQ rate for MOB 44
NON PRIME,202408,Coll_Principal,45,45,Manual,-0.0648480774403056,,PQ rate for MOB 45
NON PRIME,202408,Coll_Interest,45,45,Manual,-0.0246448646112493,,PQ rate for MOB 45
NRP-L,202408,Coll_Principal,14,14,Manual,-0.029432438895651,,PQ rate for MOB 14
NRP-L,202408,Coll_Interest,14,14,Manual,-0.0156228574214977,,PQ rate for MOB 14
NRP-L,202408,Coll_Principal,15,15,Manual,-0.0379153790779817,,PQ rate for MOB 15
NRP-L,202408,Coll_Interest,15,15,Manual,-0.016046465896726,,PQ rate for MOB 15
NRP-L,202408,Coll_Principal,16,16,Manual,-0.045874584721865,,PQ rate for MOB 16
NRP-L,202408,Coll_Interest,16,16,Manual,-0.0163438185522078,,PQ rate for MOB 16
NRP-L,202408,Coll_Principal,17,17,Manual,-0.0540350156758994,,PQ rate for MOB 17
NRP-L,202408,Coll_Interest,17,17,Manual,-0.0165568946710865,,PQ rate for MOB 17
NRP-L,202408,Coll_Principal,18,18,Manual,-0.0624185164446489,,PQ rate for MOB 18
NRP-L,202408,Coll_Interest,18,18,Manual,-0.0167120099342531,,PQ rate for MOB 18
NRP-L,202408,Coll_Principal,19,19,Manual,-0.0624185164446489,,PQ rate for MOB 19
NRP-L,202408,Coll_Interest,19,19,Manual,-0.0168262607948816,,PQ rate for MOB 19
NRP-L,202408,Coll_Principal,20,20,Manual,-0.0624185164446489,,PQ rate for MOB 20
NRP-L,202408,Coll_Interest,20,20,Manual,-0.0169110935223445,,PQ rate for MOB 20
NRP-L,202408,Coll_Principal,21,21,Manual,-0.0624185164446489,,PQ rate for MOB 21
NRP-L,202408,Coll_Interest,21,21,Manual,-0.0169743707475983,,PQ rate for MOB 21
NRP-L,202408,Coll_Principal,22,22,Manual,-0.0624185164446489,,PQ rate for MOB 22
NRP-L,202408,Coll_Interest,22,22,Manual,-0.017021614251233,,PQ rate for MOB 22
NRP-L,202408,Coll_Principal,23,23,Manual,-0.0624185164446488,,PQ rate for MOB 23
NRP-L,202408,Coll_Interest,23,23,Manual,-0.017056777187001,,PQ rate for MOB 23
NRP-L,202408,Coll_Principal,24,24,Manual,-0.0624185164446489,,PQ rate for MOB 24
NRP-L,202408,Coll_Interest,24,24,Manual,-0.017082737775205,,PQ rate for MOB 24
NRP-L,202408,Coll_Principal,25,25,Manual,-0.0624185164446489,,PQ rate for MOB 25
NRP-L,202408,Coll_Interest,25,25,Manual,-0.0171016229303523,,PQ rate for MOB 25
NRP-L,202408,Coll_Principal,26,26,Manual,-0.0624185164446489,,PQ rate for MOB 26
NRP-L,202408,Coll_Interest,26,26,Manual,-0.0171150251655076,,PQ rate for MOB 26
NRP-L,202408,Coll_Principal,27,27,Manual,-0.0624185164446489,,PQ rate for MOB 27
NRP-L,202408,Coll_Interest,27,27,Manual,-0.0171241508729794,,PQ rate for MOB 27
NRP-L,202408,Coll_Principal,28,28,Manual,-0.0624185164446489,,PQ rate for MOB 28
NRP-L,202408,Coll_Interest,28,28,Manual,-0.0171299235082194,,PQ rate for MOB 28
NRP-L,202408,Coll_Principal,29,29,Manual,-0.0624185164446489,,PQ rate for MOB 29
NRP-L,202408,Coll_Interest,29,29,Manual,-0.0171330565514886,,PQ rate for MOB 29
NRP-L,202408,Coll_Principal,30,30,Manual,-0.0624185164446489,,PQ rate for MOB 30
NRP-L,202408,Coll_Interest,30,30,Manual,-0.0171341058535318,,PQ rate for MOB 30
NRP-L,202408,Coll_Principal,31,31,Manual,-0.0624185164446489,,PQ rate for MOB 31
NRP-L,202408,Coll_Interest,31,31,Manual,-0.0171335076898073,,PQ rate for MOB 31
NRP-L,202408,Coll_Principal,32,32,Manual,-0.0624185164446489,,PQ rate for MOB 32
NRP-L,202408,Coll_Interest,32,32,Manual,-0.0171316067608998,,PQ rate for MOB 32
NRP-L,202408,Coll_Principal,33,33,Manual,-0.0624185164446489,,PQ rate for MOB 33
NRP-L,202408,Coll_Interest,33,33,Manual,-0.0171286770243625,,PQ rate for MOB 33
NRP-L,202408,Coll_Principal,34,34,Manual,-0.0624185164446488,,PQ rate for MOB 34
NRP-L,202408,Coll_Interest,34,34,Manual,-0.0171249373515757,,PQ rate for MOB 34
NRP-L,202408,Coll_Principal,35,35,Manual,-0.0624185164446489,,PQ rate for MOB 35
NRP-L,202408,Coll_Interest,35,35,Manual,-0.0171205634059203,,PQ rate for MOB 35
NRP-L,202408,Coll_Principal,36,36,Manual,-0.0624185164446489,,PQ rate for MOB 36
NRP-L,202408,Coll_Interest,36,36,Manual,-0.0171156967325478,,PQ rate for MOB 36
NRP-L,202408,Coll_Principal,37,37,Manual,-0.0624185164446489,,PQ rate for MOB 37
NRP-L,202408,Coll_Interest,37,37,Manual,-0.0171104517702798,,PQ rate for MOB 37
NRP-L,202408,Coll_Principal,38,38,Manual,-0.0624185164446489,,PQ rate for MOB 38
NRP-L,202408,Coll_Interest,38,38,Manual,-0.0171049213009715,,PQ rate for MOB 38
NRP-L,202408,Coll_Principal,39,39,Manual,-0.0624185164446489,,PQ rate for MOB 39
NRP-L,202408,Coll_Interest,39,39,Manual,-0.0170991807138748,,PQ rate for MOB 39
NRP-L,202408,Coll_Principal,40,40,Manual,-0.0624185164446489,,PQ rate for MOB 40
NRP-L,202408,Coll_Interest,40,40,Manual,-0.0170932913641893,,PQ rate for MOB 40
NRP-L,202408,Coll_Principal,41,41,Manual,-0.0624185164446489,,PQ rate for MOB 41
NRP-L,202408,Coll_Interest,41,41,Manual,-0.0170873032340785,,PQ rate for MOB 41
NRP-L,202408,Coll_Principal,42,42,Manual,-0.0624185164446489,,PQ rate for MOB 42
NRP-L,202408,Coll_Interest,42,42,Manual,-0.0170812570528116,,PQ rate for MOB 42
NRP-L,202408,Coll_Principal,43,43,Manual,-0.0624185164446489,,PQ rate for MOB 43
NRP-L,202408,Coll_Interest,43,43,Manual,-0.0170751859947774,,PQ rate for MOB 43
NRP-L,202408,Coll_Principal,44,44,Manual,-0.0624185164446488,,PQ rate for MOB 44
NRP-L,202408,Coll_Interest,44,44,Manual,-0.0170691170460344,,PQ rate for MOB 44
NRP-L,202408,Coll_Principal,45,45,Manual,-0.0624185164446488,,PQ rate for MOB 45
NRP-L,202408,Coll_Interest,45,45,Manual,-0.0170630721090937,,PQ rate for MOB 45
NRP-M,202408,Coll_Principal,14,14,Manual,-0.0279703591547974,,PQ rate for MOB 14
NRP-M,202408,Coll_Interest,14,14,Manual,-0.0154386000749691,,PQ rate for MOB 14
NRP-M,202408,Coll_Principal,15,15,Manual,-0.0267256395834563,,PQ rate for MOB 15
NRP-M,202408,Coll_Interest,15,15,Manual,-0.0155725550336466,,PQ rate for MOB 15
NRP-M,202408,Coll_Principal,16,16,Manual,-0.0257919043750277,,PQ rate for MOB 16
NRP-M,202408,Coll_Interest,16,16,Manual,-0.0156777723224089,,PQ rate for MOB 16
NRP-M,202408,Coll_Principal,17,17,Manual,-0.0252180603387319,,PQ rate for MOB 17
NRP-M,202408,Coll_Interest,17,17,Manual,-0.0157623633674216,,PQ rate for MOB 17
NRP-M,202408,Coll_Principal,18,18,Manual,-0.0239224042657407,,PQ rate for MOB 18
NRP-M,202408,Coll_Interest,18,18,Manual,-0.0158316992856071,,PQ rate for MOB 18
NRP-M,202408,Coll_Principal,19,19,Manual,-0.0239224042657407,,PQ rate for MOB 19
NRP-M,202408,Coll_Interest,19,19,Manual,-0.0158894652406961,,PQ rate for MOB 19
NRP-M,202408,Coll_Principal,20,20,Manual,-0.0239224042657407,,PQ rate for MOB 20
NRP-M,202408,Coll_Interest,20,20,Manual,-0.015938266570895,,PQ rate for MOB 20
NRP-M,202408,Coll_Principal,21,21,Manual,-0.0239224042657407,,PQ rate for MOB 21
NRP-M,202408,Coll_Interest,21,21,Manual,-0.0159799930124499,,PQ rate for MOB 21
NRP-M,202408,Coll_Principal,22,22,Manual,-0.0239224042657407,,PQ rate for MOB 22
NRP-M,202408,Coll_Interest,22,22,Manual,-0.016016045972748,,PQ rate for MOB 22
NRP-M,202408,Coll_Principal,23,23,Manual,-0.0239224042657407,,PQ rate for MOB 23
NRP-M,202408,Coll_Interest,23,23,Manual,-0.0160474850346151,,PQ rate for MOB 23
NRP-M,202408,Coll_Principal,24,24,Manual,-0.0239224042657407,,PQ rate for MOB 24
NRP-M,202408,Coll_Interest,24,24,Manual,-0.0160751251103125,,PQ rate for MOB 24
NRP-M,202408,Coll_Principal,25,25,Manual,-0.0239224042657407,,PQ rate for MOB 25
NRP-M,202408,Coll_Interest,25,25,Manual,-0.016099602495005,,PQ rate for MOB 25
NRP-M,202408,Coll_Principal,26,26,Manual,-0.0239224042657407,,PQ rate for MOB 26
NRP-M,202408,Coll_Interest,26,26,Manual,-0.0161214207787628,,PQ rate for MOB 26
NRP-M,202408,Coll_Principal,27,27,Manual,-0.0239224042657407,,PQ rate for MOB 27
NRP-M,202408,Coll_Interest,27,27,Manual,-0.0161409833944222,,PQ rate for MOB 27
NRP-M,202408,Coll_Principal,28,28,Manual,-0.0239224042657407,,PQ rate for MOB 28
NRP-M,202408,Coll_Interest,28,28,Manual,-0.0161586171037497,,PQ rate for MOB 28
NRP-M,202408,Coll_Principal,29,29,Manual,-0.0239224042657407,,PQ rate for MOB 29
NRP-M,202408,Coll_Interest,29,29,Manual,-0.0161745892181083,,PQ rate for MOB 29
NRP-M,202408,Coll_Principal,30,30,Manual,-0.0239224042657407,,PQ rate for MOB 30
NRP-M,202408,Coll_Interest,30,30,Manual,-0.0161891204097893,,PQ rate for MOB 30
NRP-M,202408,Coll_Principal,31,31,Manual,-0.0239224042657407,,PQ rate for MOB 31
NRP-M,202408,Coll_Interest,31,31,Manual,-0.0162023943700343,,PQ rate for MOB 31
NRP-M,202408,Coll_Principal,32,32,Manual,-0.0239224042657407,,PQ rate for MOB 32
NRP-M,202408,Coll_Interest,32,32,Manual,-0.0162145651786614,,PQ rate for MOB 32
NRP-M,202408,Coll_Principal,33,33,Manual,-0.0239224042657407,,PQ rate for MOB 33
NRP-M,202408,Coll_Interest,33,33,Manual,-0.0162257629904864,,PQ rate for MOB 33
NRP-M,202408,Coll_Principal,34,34,Manual,-0.0239224042657407,,PQ rate for MOB 34
NRP-M,202408,Coll_Interest,34,34,Manual,-0.0162360984682584,,PQ rate for MOB 34
NRP-M,202408,Coll_Principal,35,35,Manual,-0.0239224042657407,,PQ rate for MOB 35
NRP-M,202408,Coll_Interest,35,35,Manual,-0.0162456662713952,,PQ rate for MOB 35
NRP-M,202408,Coll_Principal,36,36,Manual,-0.0239224042657407,,PQ rate for MOB 36
NRP-M,202408,Coll_Interest,36,36,Manual,-0.0162545478259207,,PQ rate for MOB 36
NRP-M,202408,Coll_Principal,37,37,Manual,-0.0239224042657407,,PQ rate for MOB 37
NRP-M,202408,Coll_Interest,37,37,Manual,-0.0162628135417917,,PQ rate for MOB 37
NRP-M,202408,Coll_Principal,38,38,Manual,-0.0239224042657407,,PQ rate for MOB 38
NRP-M,202408,Coll_Interest,38,38,Manual,-0.0162705246014738,,PQ rate for MOB 38
NRP-M,202408,Coll_Principal,39,39,Manual,-0.0239224042657407,,PQ rate for MOB 39
NRP-M,202408,Coll_Interest,39,39,Manual,-0.0162777344130069,,PQ rate for MOB 39
NRP-M,202408,Coll_Principal,40,40,Manual,-0.0239224042657407,,PQ rate for MOB 40
NRP-M,202408,Coll_Interest,40,40,Manual,-0.0162844897984172,,PQ rate for MOB 40
NRP-M,202408,Coll_Principal,41,41,Manual,-0.0239224042657407,,PQ rate for MOB 41
NRP-M,202408,Coll_Interest,41,41,Manual,-0.0162908319717989,,PQ rate for MOB 41
NRP-M,202408,Coll_Principal,42,42,Manual,-0.0239224042657407,,PQ rate for MOB 42
NRP-M,202408,Coll_Interest,42,42,Manual,-0.0162967973490538,,PQ rate for MOB 42
NRP-M,202408,Coll_Principal,43,43,Manual,-0.0239224042657407,,PQ rate for MOB 43
NRP-M,202408,Coll_Interest,43,43,Manual,-0.0163024182220013,,PQ rate for MOB 43
NRP-M,202408,Coll_Principal,44,44,Manual,-0.0239224042657407,,PQ rate for MOB 44
NRP-M,202408,Coll_Interest,44,44,Manual,-0.016307723322529,,PQ rate for MOB 44
NRP-M,202408,Coll_Principal,45,45,Manual,-0.0239224042657407,,PQ rate for MOB 45
NRP-M,202408,Coll_Interest,45,45,Manual,-0.0163127382970655,,PQ rate for MOB 45
NRP-S,202408,Coll_Principal,14,14,Manual,-0.0470141234013974,,PQ rate for MOB 14
NRP-S,202408,Coll_Interest,14,14,Manual,-0.0179217919352677,,PQ rate for MOB 14
NRP-S,202408,Coll_Principal,15,15,Manual,-0.047991550333012,,PQ rate for MOB 15
NRP-S,202408,Coll_Interest,15,15,Manual,-0.0180995252641557,,PQ rate for MOB 15
NRP-S,202408,Coll_Principal,16,16,Manual,-0.0481550332181961,,PQ rate for MOB 16
NRP-S,202408,Coll_Interest,16,16,Manual,-0.0182385276940626,,PQ rate for MOB 16
NRP-S,202408,Coll_Principal,17,17,Manual,-0.0481699853270311,,PQ rate for MOB 17
NRP-S,202408,Coll_Interest,17,17,Manual,-0.0183498391272532,,PQ rate for MOB 17
NRP-S,202408,Coll_Principal,18,18,Manual,-0.0498243891571506,,PQ rate for MOB 18
NRP-S,202408,Coll_Interest,18,18,Manual,-0.0184407446360595,,PQ rate for MOB 18
NRP-S,202408,Coll_Principal,19,19,Manual,-0.0498243891571506,,PQ rate for MOB 19
NRP-S,202408,Coll_Interest,19,19,Manual,-0.0185162262635726,,PQ rate for MOB 19
NRP-S,202408,Coll_Principal,20,20,Manual,-0.0498243891571506,,PQ rate for MOB 20
NRP-S,202408,Coll_Interest,20,20,Manual,-0.0185797953275573,,PQ rate for MOB 20
NRP-S,202408,Coll_Principal,21,21,Manual,-0.0498243891571506,,PQ rate for MOB 21
NRP-S,202408,Coll_Interest,21,21,Manual,-0.0186339912262991,,PQ rate for MOB 21
NRP-S,202408,Coll_Principal,22,22,Manual,-0.0498243891571506,,PQ rate for MOB 22
NRP-S,202408,Coll_Interest,22,22,Manual,-0.0186806918959773,,PQ rate for MOB 22
NRP-S,202408,Coll_Principal,23,23,Manual,-0.0498243891571506,,PQ rate for MOB 23
NRP-S,202408,Coll_Interest,23,23,Manual,-0.018721313445792,,PQ rate for MOB 23
NRP-S,202408,Coll_Principal,24,24,Manual,-0.0498243891571506,,PQ rate for MOB 24
NRP-S,202408,Coll_Interest,24,24,Manual,-0.0187569422327072,,PQ rate for MOB 24
NRP-S,202408,Coll_Principal,25,25,Manual,-0.0498243891571506,,PQ rate for MOB 25
NRP-S,202408,Coll_Interest,25,25,Manual,-0.0187884244525541,,PQ rate for MOB 25
NRP-S,202408,Coll_Principal,26,26,Manual,-0.0498243891571506,,PQ rate for MOB 26
NRP-S,202408,Coll_Interest,26,26,Manual,-0.018816428275742,,PQ rate for MOB 26
NRP-S,202408,Coll_Principal,27,27,Manual,-0.0498243891571506,,PQ rate for MOB 27
NRP-S,202408,Coll_Interest,27,27,Manual,-0.0188414878031403,,PQ rate for MOB 27
NRP-S,202408,Coll_Principal,28,28,Manual,-0.0498243891571506,,PQ rate for MOB 28
NRP-S,202408,Coll_Interest,28,28,Manual,-0.0188640347193138,,PQ rate for MOB 28
NRP-S,202408,Coll_Principal,29,29,Manual,-0.0498243891571506,,PQ rate for MOB 29
NRP-S,202408,Coll_Interest,29,29,Manual,-0.0188844214556827,,PQ rate for MOB 29
NRP-S,202408,Coll_Principal,30,30,Manual,-0.0498243891571506,,PQ rate for MOB 30
NRP-S,202408,Coll_Interest,30,30,Manual,-0.0189029383898985,,PQ rate for MOB 30
NRP-S,202408,Coll_Principal,31,31,Manual,-0.0498243891571506,,PQ rate for MOB 31
NRP-S,202408,Coll_Interest,31,31,Manual,-0.018919826787941,,PQ rate for MOB 31
NRP-S,202408,Coll_Principal,32,32,Manual,-0.0498243891571506,,PQ rate for MOB 32
NRP-S,202408,Coll_Interest,32,32,Manual,-0.0189352886620519,,PQ rate for MOB 32
NRP-S,202408,Coll_Principal,33,33,Manual,-0.0498243891571506,,PQ rate for MOB 33
NRP-S,202408,Coll_Interest,33,33,Manual,-0.018949494363995,,PQ rate for MOB 33
NRP-S,202408,Coll_Principal,34,34,Manual,-0.0498243891571506,,PQ rate for MOB 34
NRP-S,202408,Coll_Interest,34,34,Manual,-0.0189625884945894,,PQ rate for MOB 34
NRP-S,202408,Coll_Principal,35,35,Manual,-0.0498243891571506,,PQ rate for MOB 35
NRP-S,202408,Coll_Interest,35,35,Manual,-0.0189746945469868,,PQ rate for MOB 35
NRP-S,202408,Coll_Principal,36,36,Manual,-0.0498243891571506,,PQ rate for MOB 36
NRP-S,202408,Coll_Interest,36,36,Manual,-0.0189859185874785,,PQ rate for MOB 36
NRP-S,202408,Coll_Principal,37,37,Manual,-0.0498243891571506,,PQ rate for MOB 37
NRP-S,202408,Coll_Interest,37,37,Manual,-0.0189963521974771,,PQ rate for MOB 37
NRP-S,202408,Coll_Principal,38,38,Manual,-0.0498243891571506,,PQ rate for MOB 38
NRP-S,202408,Coll_Interest,38,38,Manual,-0.0190060748431097,,PQ rate for MOB 38
NRP-S,202408,Coll_Principal,39,39,Manual,-0.0498243891571506,,PQ rate for MOB 39
NRP-S,202408,Coll_Interest,39,39,Manual,-0.0190151557975448,,PQ rate for MOB 39
NRP-S,202408,Coll_Principal,40,40,Manual,-0.0498243891571506,,PQ rate for MOB 40
NRP-S,202408,Coll_Interest,40,40,Manual,-0.019023655711003,,PQ rate for MOB 40
NRP-S,202408,Coll_Principal,41,41,Manual,-0.0498243891571506,,PQ rate for MOB 41
NRP-S,202408,Coll_Interest,41,41,Manual,-0.0190316279011451,,PQ rate for MOB 41
NRP-S,202408,Coll_Principal,42,42,Manual,-0.0498243891571506,,PQ rate for MOB 42
NRP-S,202408,Coll_Interest,42,42,Manual,-0.0190391194199593,,PQ rate for MOB 42
NRP-S,202408,Coll_Principal,43,43,Manual,-0.0498243891571506,,PQ rate for MOB 43
NRP-S,202408,Coll_Interest,43,43,Manual,-0.0190461719408073,,PQ rate for MOB 43
NRP-S,202408,Coll_Principal,44,44,Manual,-0.0498243891571506,,PQ rate for MOB 44
NRP-S,202408,Coll_Interest,44,44,Manual,-0.0190528224998501,,PQ rate for MOB 44
NRP-S,202408,Coll_Principal,45,45,Manual,-0.0498243891571506,,PQ rate for MOB 45
NRP-S,202408,Coll_Interest,45,45,Manual,-0.019059104118861,,PQ rate for MOB 45
NON PRIME,202409,Coll_Principal,13,13,Manual,-0.0661108975829013,,PQ rate for MOB 13
NON PRIME,202409,Coll_Interest,13,13,Manual,-0.0248392360033074,,PQ rate for MOB 13
NON PRIME,202409,Coll_Principal,14,14,Manual,-0.0682710819709302,,PQ rate for MOB 14
NON PRIME,202409,Coll_Interest,14,14,Manual,-0.0256275034072628,,PQ rate for MOB 14
NON PRIME,202409,Coll_Principal,15,15,Manual,-0.0687786269270951,,PQ rate for MOB 15
NON PRIME,202409,Coll_Interest,15,15,Manual,-0.0262116174870352,,PQ rate for MOB 15
NON PRIME,202409,Coll_Principal,16,16,Manual,-0.0690589654352459,,PQ rate for MOB 16
NON PRIME,202409,Coll_Interest,16,16,Manual,-0.0266578245681727,,PQ rate for MOB 16
NON PRIME,202409,Coll_Principal,17,17,Manual,-0.0704720393937448,,PQ rate for MOB 17
NON PRIME,202409,Coll_Interest,17,17,Manual,-0.0270073081085155,,PQ rate for MOB 17
NON PRIME,202409,Coll_Principal,18,18,Manual,-0.0704720393937448,,PQ rate for MOB 18
NON PRIME,202409,Coll_Interest,18,18,Manual,-0.0272868109305645,,PQ rate for MOB 18
NON PRIME,202409,Coll_Principal,19,19,Manual,-0.0704720393937448,,PQ rate for MOB 19
NON PRIME,202409,Coll_Interest,19,19,Manual,-0.0275143400776275,,PQ rate for MOB 19
NON PRIME,202409,Coll_Principal,20,20,Manual,-0.0704720393937448,,PQ rate for MOB 20
NON PRIME,202409,Coll_Interest,20,20,Manual,-0.0277023981072729,,PQ rate for MOB 20
NON PRIME,202409,Coll_Principal,21,21,Manual,-0.0704720393937448,,PQ rate for MOB 21
NON PRIME,202409,Coll_Interest,21,21,Manual,-0.0278598969768159,,PQ rate for MOB 21
NON PRIME,202409,Coll_Principal,22,22,Manual,-0.0704720393937448,,PQ rate for MOB 22
NON PRIME,202409,Coll_Interest,22,22,Manual,-0.0279933356606112,,PQ rate for MOB 22
NON PRIME,202409,Coll_Principal,23,23,Manual,-0.0704720393937448,,PQ rate for MOB 23
NON PRIME,202409,Coll_Interest,23,23,Manual,-0.0281075489739908,,PQ rate for MOB 23
NON PRIME,202409,Coll_Principal,24,24,Manual,-0.0704720393937448,,PQ rate for MOB 24
NON PRIME,202409,Coll_Interest,24,24,Manual,-0.0282061976014931,,PQ rate for MOB 24
NON PRIME,202409,Coll_Principal,25,25,Manual,-0.0704720393937448,,PQ rate for MOB 25
NON PRIME,202409,Coll_Interest,25,25,Manual,-0.0282920969774634,,PQ rate for MOB 25
NON PRIME,202409,Coll_Principal,26,26,Manual,-0.0704720393937448,,PQ rate for MOB 26
NON PRIME,202409,Coll_Interest,26,26,Manual,-0.0283674430194947,,PQ rate for MOB 26
NON PRIME,202409,Coll_Principal,27,27,Manual,-0.0704720393937448,,PQ rate for MOB 27
NON PRIME,202409,Coll_Interest,27,27,Manual,-0.0284339702015477,,PQ rate for MOB 27
NON PRIME,202409,Coll_Principal,28,28,Manual,-0.0704720393937448,,PQ rate for MOB 28
NON PRIME,202409,Coll_Interest,28,28,Manual,-0.0284930642598994,,PQ rate for MOB 28
NON PRIME,202409,Coll_Principal,29,29,Manual,-0.0704720393937448,,PQ rate for MOB 29
NON PRIME,202409,Coll_Interest,29,29,Manual,-0.0285458438724175,,PQ rate for MOB 29
NON PRIME,202409,Coll_Principal,30,30,Manual,-0.0704720393937448,,PQ rate for MOB 30
NON PRIME,202409,Coll_Interest,30,30,Manual,-0.0285932207352942,,PQ rate for MOB 30
NON PRIME,202409,Coll_Principal,31,31,Manual,-0.0704720393937448,,PQ rate for MOB 31
NON PRIME,202409,Coll_Interest,31,31,Manual,-0.0286359443517616,,PQ rate for MOB 31
NON PRIME,202409,Coll_Principal,32,32,Manual,-0.0704720393937448,,PQ rate for MOB 32
NON PRIME,202409,Coll_Interest,32,32,Manual,-0.0286746358392021,,PQ rate for MOB 32
NON PRIME,202409,Coll_Principal,33,33,Manual,-0.0704720393937448,,PQ rate for MOB 33
NON PRIME,202409,Coll_Interest,33,33,Manual,-0.0287098137394601,,PQ rate for MOB 33
NON PRIME,202409,Coll_Principal,34,34,Manual,-0.0704720393937448,,PQ rate for MOB 34
NON PRIME,202409,Coll_Interest,34,34,Manual,-0.0287419139321277,,PQ rate for MOB 34
NON PRIME,202409,Coll_Principal,35,35,Manual,-0.0704720393937448,,PQ rate for MOB 35
NON PRIME,202409,Coll_Interest,35,35,Manual,-0.0287713051483499,,PQ rate for MOB 35
NON PRIME,202409,Coll_Principal,36,36,Manual,-0.0704720393937448,,PQ rate for MOB 36
NON PRIME,202409,Coll_Interest,36,36,Manual,-0.0287983011668188,,PQ rate for MOB 36
NON PRIME,202409,Coll_Principal,37,37,Manual,-0.0704720393937448,,PQ rate for MOB 37
NON PRIME,202409,Coll_Interest,37,37,Manual,-0.0288231704824886,,PQ rate for MOB 37
NON PRIME,202409,Coll_Principal,38,38,Manual,-0.0704720393937448,,PQ rate for MOB 38
NON PRIME,202409,Coll_Interest,38,38,Manual,-0.0288461440321179,,PQ rate for MOB 38
NON PRIME,202409,Coll_Principal,39,39,Manual,-0.0704720393937448,,PQ rate for MOB 39
NON PRIME,202409,Coll_Interest,39,39,Manual,-0.0288674214126632,,PQ rate for MOB 39
NON PRIME,202409,Coll_Principal,40,40,Manual,-0.0704720393937448,,PQ rate for MOB 40
NON PRIME,202409,Coll_Interest,40,40,Manual,-0.0288871759211167,,PQ rate for MOB 40
NON PRIME,202409,Coll_Principal,41,41,Manual,-0.0704720393937448,,PQ rate for MOB 41
NON PRIME,202409,Coll_Interest,41,41,Manual,-0.0289055586656527,,PQ rate for MOB 41
NON PRIME,202409,Coll_Principal,42,42,Manual,-0.0704720393937448,,PQ rate for MOB 42
NON PRIME,202409,Coll_Interest,42,42,Manual,-0.0289227019396846,,PQ rate for MOB 42
NON PRIME,202409,Coll_Principal,43,43,Manual,-0.0704720393937448,,PQ rate for MOB 43
NON PRIME,202409,Coll_Interest,43,43,Manual,-0.0289387220069152,,PQ rate for MOB 43
NON PRIME,202409,Coll_Principal,44,44,Manual,-0.0704720393937448,,PQ rate for MOB 44
NON PRIME,202409,Coll_Interest,44,44,Manual,-0.0289537214126954,,PQ rate for MOB 44
NRP-L,202409,Coll_Principal,13,13,Manual,-0.0229957307833932,,PQ rate for MOB 13
NRP-L,202409,Coll_Interest,13,13,Manual,-0.0153677135773377,,PQ rate for MOB 13
NRP-L,202409,Coll_Principal,14,14,Manual,-0.0273889460510276,,PQ rate for MOB 14
NRP-L,202409,Coll_Interest,14,14,Manual,-0.015225409129048,,PQ rate for MOB 14
NRP-L,202409,Coll_Principal,15,15,Manual,-0.0317126607290777,,PQ rate for MOB 15
NRP-L,202409,Coll_Interest,15,15,Manual,-0.0151294662369949,,PQ rate for MOB 15
NRP-L,202409,Coll_Principal,16,16,Manual,-0.0363474892791561,,PQ rate for MOB 16
NRP-L,202409,Coll_Interest,16,16,Manual,-0.0150631725070734,,PQ rate for MOB 16
NRP-L,202409,Coll_Principal,17,17,Manual,-0.0410799835432026,,PQ rate for MOB 17
NRP-L,202409,Coll_Interest,17,17,Manual,-0.0150165338218401,,PQ rate for MOB 17
NRP-L,202409,Coll_Principal,18,18,Manual,-0.0410799835432026,,PQ rate for MOB 18
NRP-L,202409,Coll_Interest,18,18,Manual,-0.0149833120982942,,PQ rate for MOB 18
NRP-L,202409,Coll_Principal,19,19,Manual,-0.0410799835432026,,PQ rate for MOB 19
NRP-L,202409,Coll_Interest,19,19,Manual,-0.0149594730856245,,PQ rate for MOB 19
NRP-L,202409,Coll_Principal,20,20,Manual,-0.0410799835432026,,PQ rate for MOB 20
NRP-L,202409,Coll_Interest,20,20,Manual,-0.0149423288103411,,PQ rate for MOB 20
NRP-L,202409,Coll_Principal,21,21,Manual,-0.0410799835432026,,PQ rate for MOB 21
NRP-L,202409,Coll_Interest,21,21,Manual,-0.0149300422845284,,PQ rate for MOB 21
NRP-L,202409,Coll_Principal,22,22,Manual,-0.0410799835432026,,PQ rate for MOB 22
NRP-L,202409,Coll_Interest,22,22,Manual,-0.0149213304206231,,PQ rate for MOB 22
NRP-L,202409,Coll_Principal,23,23,Manual,-0.0410799835432026,,PQ rate for MOB 23
NRP-L,202409,Coll_Interest,23,23,Manual,-0.0149152799311075,,PQ rate for MOB 23
NRP-L,202409,Coll_Principal,24,24,Manual,-0.0410799835432026,,PQ rate for MOB 24
NRP-L,202409,Coll_Interest,24,24,Manual,-0.0149112299594105,,PQ rate for MOB 24
NRP-L,202409,Coll_Principal,25,25,Manual,-0.0410799835432026,,PQ rate for MOB 25
NRP-L,202409,Coll_Interest,25,25,Manual,-0.0149086953645769,,PQ rate for MOB 25
NRP-L,202409,Coll_Principal,26,26,Manual,-0.0410799835432026,,PQ rate for MOB 26
NRP-L,202409,Coll_Interest,26,26,Manual,-0.0149073154590428,,PQ rate for MOB 26
NRP-L,202409,Coll_Principal,27,27,Manual,-0.0410799835432026,,PQ rate for MOB 27
NRP-L,202409,Coll_Interest,27,27,Manual,-0.0149068190739967,,PQ rate for MOB 27
NRP-L,202409,Coll_Principal,28,28,Manual,-0.0410799835432026,,PQ rate for MOB 28
NRP-L,202409,Coll_Interest,28,28,Manual,-0.0149070003282899,,PQ rate for MOB 28
NRP-L,202409,Coll_Principal,29,29,Manual,-0.0410799835432026,,PQ rate for MOB 29
NRP-L,202409,Coll_Interest,29,29,Manual,-0.0149077015523314,,PQ rate for MOB 29
NRP-L,202409,Coll_Principal,30,30,Manual,-0.0410799835432026,,PQ rate for MOB 30
NRP-L,202409,Coll_Interest,30,30,Manual,-0.0149088010799858,,PQ rate for MOB 30
NRP-L,202409,Coll_Principal,31,31,Manual,-0.0410799835432026,,PQ rate for MOB 31
NRP-L,202409,Coll_Interest,31,31,Manual,-0.0149102044059712,,PQ rate for MOB 31
NRP-L,202409,Coll_Principal,32,32,Manual,-0.0410799835432026,,PQ rate for MOB 32
NRP-L,202409,Coll_Interest,32,32,Manual,-0.0149118377042354,,PQ rate for MOB 32
NRP-L,202409,Coll_Principal,33,33,Manual,-0.0410799835432026,,PQ rate for MOB 33
NRP-L,202409,Coll_Interest,33,33,Manual,-0.014913643024903,,PQ rate for MOB 33
NRP-L,202409,Coll_Principal,34,34,Manual,-0.0410799835432026,,PQ rate for MOB 34
NRP-L,202409,Coll_Interest,34,34,Manual,-0.0149155746993674,,PQ rate for MOB 34
NRP-L,202409,Coll_Principal,35,35,Manual,-0.0410799835432026,,PQ rate for MOB 35
NRP-L,202409,Coll_Interest,35,35,Manual,-0.0149175966248249,,PQ rate for MOB 35
NRP-L,202409,Coll_Principal,36,36,Manual,-0.0410799835432026,,PQ rate for MOB 36
NRP-L,202409,Coll_Interest,36,36,Manual,-0.0149196801956994,,PQ rate for MOB 36
NRP-L,202409,Coll_Principal,37,37,Manual,-0.0410799835432026,,PQ rate for MOB 37
NRP-L,202409,Coll_Interest,37,37,Manual,-0.0149218027155205,,PQ rate for MOB 37
NRP-L,202409,Coll_Principal,38,38,Manual,-0.0410799835432026,,PQ rate for MOB 38
NRP-L,202409,Coll_Interest,38,38,Manual,-0.0149239461688543,,PQ rate for MOB 38
NRP-L,202409,Coll_Principal,39,39,Manual,-0.0410799835432026,,PQ rate for MOB 39
NRP-L,202409,Coll_Interest,39,39,Manual,-0.0149260962653181,,PQ rate for MOB 39
NRP-L,202409,Coll_Principal,40,40,Manual,-0.0410799835432026,,PQ rate for MOB 40
NRP-L,202409,Coll_Interest,40,40,Manual,-0.0149282416908029,,PQ rate for MOB 40
NRP-L,202409,Coll_Principal,41,41,Manual,-0.0410799835432026,,PQ rate for MOB 41
NRP-L,202409,Coll_Interest,41,41,Manual,-0.0149303735176456,,PQ rate for MOB 41
NRP-L,202409,Coll_Principal,42,42,Manual,-0.0410799835432026,,PQ rate for MOB 42
NRP-L,202409,Coll_Interest,42,42,Manual,-0.0149324847375571,,PQ rate for MOB 42
NRP-L,202409,Coll_Principal,43,43,Manual,-0.0410799835432026,,PQ rate for MOB 43
NRP-L,202409,Coll_Interest,43,43,Manual,-0.0149345698899566,,PQ rate for MOB 43
NRP-L,202409,Coll_Principal,44,44,Manual,-0.0410799835432026,,PQ rate for MOB 44
NRP-L,202409,Coll_Interest,44,44,Manual,-0.0149366247648945,,PQ rate for MOB 44
NRP-M,202409,Coll_Principal,13,13,Manual,-0.0323789479979797,,PQ rate for MOB 13
NRP-M,202409,Coll_Interest,13,13,Manual,-0.0156886327133017,,PQ rate for MOB 13
NRP-M,202409,Coll_Principal,14,14,Manual,-0.0319790152282513,,PQ rate for MOB 14
NRP-M,202409,Coll_Interest,14,14,Manual,-0.015943614369809,,PQ rate for MOB 14
NRP-M,202409,Coll_Principal,15,15,Manual,-0.0313460763950282,,PQ rate for MOB 15
NRP-M,202409,Coll_Interest,15,15,Manual,-0.0161254905190006,,PQ rate for MOB 15
NRP-M,202409,Coll_Principal,16,16,Manual,-0.030934873456505,,PQ rate for MOB 16
NRP-M,202409,Coll_Interest,16,16,Manual,-0.0162592238392386,,PQ rate for MOB 16
NRP-M,202409,Coll_Principal,17,17,Manual,-0.0326255980188302,,PQ rate for MOB 17
NRP-M,202409,Coll_Interest,17,17,Manual,-0.0163600388612249,,PQ rate for MOB 17
NRP-M,202409,Coll_Principal,18,18,Manual,-0.0326255980188302,,PQ rate for MOB 18
NRP-M,202409,Coll_Interest,18,18,Manual,-0.0164376346362903,,PQ rate for MOB 18
NRP-M,202409,Coll_Principal,19,19,Manual,-0.0326255980188302,,PQ rate for MOB 19
NRP-M,202409,Coll_Interest,19,19,Manual,-0.0164984184340036,,PQ rate for MOB 19
NRP-M,202409,Coll_Principal,20,20,Manual,-0.0326255980188302,,PQ rate for MOB 20
NRP-M,202409,Coll_Interest,20,20,Manual,-0.0165467548514952,,PQ rate for MOB 20
NRP-M,202409,Coll_Principal,21,21,Manual,-0.0326255980188302,,PQ rate for MOB 21
NRP-M,202409,Coll_Interest,21,21,Manual,-0.0165856962627173,,PQ rate for MOB 21
NRP-M,202409,Coll_Principal,22,22,Manual,-0.0326255980188302,,PQ rate for MOB 22
NRP-M,202409,Coll_Interest,22,22,Manual,-0.0166174265635344,,PQ rate for MOB 22
NRP-M,202409,Coll_Principal,23,23,Manual,-0.0326255980188302,,PQ rate for MOB 23
NRP-M,202409,Coll_Interest,23,23,Manual,-0.0166435397640529,,PQ rate for MOB 23
NRP-M,202409,Coll_Principal,24,24,Manual,-0.0326255980188302,,PQ rate for MOB 24
NRP-M,202409,Coll_Interest,24,24,Manual,-0.0166652199896128,,PQ rate for MOB 24
NRP-M,202409,Coll_Principal,25,25,Manual,-0.0326255980188302,,PQ rate for MOB 25
NRP-M,202409,Coll_Interest,25,25,Manual,-0.0166833607587661,,PQ rate for MOB 25
NRP-M,202409,Coll_Principal,26,26,Manual,-0.0326255980188302,,PQ rate for MOB 26
NRP-M,202409,Coll_Interest,26,26,Manual,-0.0166986458164347,,PQ rate for MOB 26
NRP-M,202409,Coll_Principal,27,27,Manual,-0.0326255980188302,,PQ rate for MOB 27
NRP-M,202409,Coll_Interest,27,27,Manual,-0.0167116050228974,,PQ rate for MOB 27
NRP-M,202409,Coll_Principal,28,28,Manual,-0.0326255980188302,,PQ rate for MOB 28
NRP-M,202409,Coll_Interest,28,28,Manual,-0.0167226536990245,,PQ rate for MOB 28
NRP-M,202409,Coll_Principal,29,29,Manual,-0.0326255980188302,,PQ rate for MOB 29
NRP-M,202409,Coll_Interest,29,29,Manual,-0.0167321207800318,,PQ rate for MOB 29
NRP-M,202409,Coll_Principal,30,30,Manual,-0.0326255980188302,,PQ rate for MOB 30
NRP-M,202409,Coll_Interest,30,30,Manual,-0.016740269261629,,PQ rate for MOB 30
NRP-M,202409,Coll_Principal,31,31,Manual,-0.0326255980188302,,PQ rate for MOB 31
NRP-M,202409,Coll_Interest,31,31,Manual,-0.0167473112506848,,PQ rate for MOB 31
NRP-M,202409,Coll_Principal,32,32,Manual,-0.0326255980188302,,PQ rate for MOB 32
NRP-M,202409,Coll_Interest,32,32,Manual,-0.0167534191822551,,PQ rate for MOB 32
NRP-M,202409,Coll_Principal,33,33,Manual,-0.0326255980188302,,PQ rate for MOB 33
NRP-M,202409,Coll_Interest,33,33,Manual,-0.0167587342752107,,PQ rate for MOB 33
NRP-M,202409,Coll_Principal,34,34,Manual,-0.0326255980188302,,PQ rate for MOB 34
NRP-M,202409,Coll_Interest,34,34,Manual,-0.0167633729736086,,PQ rate for MOB 34
NRP-M,202409,Coll_Principal,35,35,Manual,-0.0326255980188302,,PQ rate for MOB 35
NRP-M,202409,Coll_Interest,35,35,Manual,-0.0167674319016022,,PQ rate for MOB 35
NRP-M,202409,Coll_Principal,36,36,Manual,-0.0326255980188302,,PQ rate for MOB 36
NRP-M,202409,Coll_Interest,36,36,Manual,-0.0167709917094988,,PQ rate for MOB 36
NRP-M,202409,Coll_Principal,37,37,Manual,-0.0326255980188302,,PQ rate for MOB 37
NRP-M,202409,Coll_Interest,37,37,Manual,-0.016774120084316,,PQ rate for MOB 37
NRP-M,202409,Coll_Principal,38,38,Manual,-0.0326255980188302,,PQ rate for MOB 38
NRP-M,202409,Coll_Interest,38,38,Manual,-0.0167768741248973,,PQ rate for MOB 38
NRP-M,202409,Coll_Principal,39,39,Manual,-0.0326255980188302,,PQ rate for MOB 39
NRP-M,202409,Coll_Interest,39,39,Manual,-0.0167793022295076,,PQ rate for MOB 39
NRP-M,202409,Coll_Principal,40,40,Manual,-0.0326255980188302,,PQ rate for MOB 40
NRP-M,202409,Coll_Interest,40,40,Manual,-0.0167814456063297,,PQ rate for MOB 40
NRP-M,202409,Coll_Principal,41,41,Manual,-0.0326255980188302,,PQ rate for MOB 41
NRP-M,202409,Coll_Interest,41,41,Manual,-0.0167833394900293,,PQ rate for MOB 41
NRP-M,202409,Coll_Principal,42,42,Manual,-0.0326255980188302,,PQ rate for MOB 42
NRP-M,202409,Coll_Interest,42,42,Manual,-0.0167850141275567,,PQ rate for MOB 42
NRP-M,202409,Coll_Principal,43,43,Manual,-0.0326255980188302,,PQ rate for MOB 43
NRP-M,202409,Coll_Interest,43,43,Manual,-0.016786495581547,,PQ rate for MOB 43
NRP-M,202409,Coll_Principal,44,44,Manual,-0.0326255980188302,,PQ rate for MOB 44
NRP-M,202409,Coll_Interest,44,44,Manual,-0.0167878063886172,,PQ rate for MOB 44
NRP-S,202409,Coll_Principal,13,13,Manual,-0.0566617934819267,,PQ rate for MOB 13
NRP-S,202409,Coll_Interest,13,13,Manual,-0.018357257061646,,PQ rate for MOB 13
NRP-S,202409,Coll_Principal,14,14,Manual,-0.0603823971516699,,PQ rate for MOB 14
NRP-S,202409,Coll_Interest,14,14,Manual,-0.0188451687212897,,PQ rate for MOB 14
NRP-S,202409,Coll_Principal,15,15,Manual,-0.0641139259983477,,PQ rate for MOB 15
NRP-S,202409,Coll_Interest,15,15,Manual,-0.0191888957839032,,PQ rate for MOB 15
NRP-S,202409,Coll_Principal,16,16,Manual,-0.0689323983140347,,PQ rate for MOB 16
NRP-S,202409,Coll_Interest,16,16,Manual,-0.0194383527452906,,PQ rate for MOB 16
NRP-S,202409,Coll_Principal,17,17,Manual,-0.0740170214296571,,PQ rate for MOB 17
NRP-S,202409,Coll_Interest,17,17,Manual,-0.0196238286113018,,PQ rate for MOB 17
NRP-S,202409,Coll_Principal,18,18,Manual,-0.074017021429657,,PQ rate for MOB 18
NRP-S,202409,Coll_Interest,18,18,Manual,-0.0197645199955139,,PQ rate for MOB 18
NRP-S,202409,Coll_Principal,19,19,Manual,-0.074017021429657,,PQ rate for MOB 19
NRP-S,202409,Coll_Interest,19,19,Manual,-0.019873041380189,,PQ rate for MOB 19
NRP-S,202409,Coll_Principal,20,20,Manual,-0.074017021429657,,PQ rate for MOB 20
NRP-S,202409,Coll_Interest,20,20,Manual,-0.0199579392305482,,PQ rate for MOB 20
NRP-S,202409,Coll_Principal,21,21,Manual,-0.074017021429657,,PQ rate for MOB 21
NRP-S,202409,Coll_Interest,21,21,Manual,-0.0200251574105117,,PQ rate for MOB 21
NRP-S,202409,Coll_Principal,22,22,Manual,-0.074017021429657,,PQ rate for MOB 22
NRP-S,202409,Coll_Interest,22,22,Manual,-0.0200789244798121,,PQ rate for MOB 22
NRP-S,202409,Coll_Principal,23,23,Manual,-0.074017021429657,,PQ rate for MOB 23
NRP-S,202409,Coll_Interest,23,23,Manual,-0.020122308891291,,PQ rate for MOB 23
NRP-S,202409,Coll_Principal,24,24,Manual,-0.074017021429657,,PQ rate for MOB 24
NRP-S,202409,Coll_Interest,24,24,Manual,-0.0201575764885692,,PQ rate for MOB 24
NRP-S,202409,Coll_Principal,25,25,Manual,-0.074017021429657,,PQ rate for MOB 25
NRP-S,202409,Coll_Interest,25,25,Manual,-0.0201864265841114,,PQ rate for MOB 25
NRP-S,202409,Coll_Principal,26,26,Manual,-0.074017021429657,,PQ rate for MOB 26
NRP-S,202409,Coll_Interest,26,26,Manual,-0.0202101513849199,,PQ rate for MOB 26
NRP-S,202409,Coll_Principal,27,27,Manual,-0.074017021429657,,PQ rate for MOB 27
NRP-S,202409,Coll_Interest,27,27,Manual,-0.0202297458284089,,PQ rate for MOB 27
NRP-S,202409,Coll_Principal,28,28,Manual,-0.074017021429657,,PQ rate for MOB 28
NRP-S,202409,Coll_Interest,28,28,Manual,-0.0202459846256387,,PQ rate for MOB 28
NRP-S,202409,Coll_Principal,29,29,Manual,-0.074017021429657,,PQ rate for MOB 29
NRP-S,202409,Coll_Interest,29,29,Manual,-0.0202594771872765,,PQ rate for MOB 29
NRP-S,202409,Coll_Principal,30,30,Manual,-0.074017021429657,,PQ rate for MOB 30
NRP-S,202409,Coll_Interest,30,30,Manual,-0.0202707073634077,,PQ rate for MOB 30
NRP-S,202409,Coll_Principal,31,31,Manual,-0.074017021429657,,PQ rate for MOB 31
NRP-S,202409,Coll_Interest,31,31,Manual,-0.0202800625853274,,PQ rate for MOB 31
NRP-S,202409,Coll_Principal,32,32,Manual,-0.074017021429657,,PQ rate for MOB 32
NRP-S,202409,Coll_Interest,32,32,Manual,-0.020287855500556,,PQ rate for MOB 32
NRP-S,202409,Coll_Principal,33,33,Manual,-0.074017021429657,,PQ rate for MOB 33
NRP-S,202409,Coll_Interest,33,33,Manual,-0.0202943402177052,,PQ rate for MOB 33
NRP-S,202409,Coll_Principal,34,34,Manual,-0.074017021429657,,PQ rate for MOB 34
NRP-S,202409,Coll_Interest,34,34,Manual,-0.0202997246321478,,PQ rate for MOB 34
NRP-S,202409,Coll_Principal,35,35,Manual,-0.074017021429657,,PQ rate for MOB 35
NRP-S,202409,Coll_Interest,35,35,Manual,-0.0203041798688132,,PQ rate for MOB 35
NRP-S,202409,Coll_Principal,36,36,Manual,-0.074017021429657,,PQ rate for MOB 36
NRP-S,202409,Coll_Interest,36,36,Manual,-0.0203078475815118,,PQ rate for MOB 36
NRP-S,202409,Coll_Principal,37,37,Manual,-0.074017021429657,,PQ rate for MOB 37
NRP-S,202409,Coll_Interest,37,37,Manual,-0.0203108456425746,,PQ rate for MOB 37
NRP-S,202409,Coll_Principal,38,38,Manual,-0.074017021429657,,PQ rate for MOB 38
NRP-S,202409,Coll_Interest,38,38,Manual,-0.0203132726123829,,PQ rate for MOB 38
NRP-S,202409,Coll_Principal,39,39,Manual,-0.074017021429657,,PQ rate for MOB 39
NRP-S,202409,Coll_Interest,39,39,Manual,-0.0203152112760203,,PQ rate for MOB 39
NRP-S,202409,Coll_Principal,40,40,Manual,-0.074017021429657,,PQ rate for MOB 40
NRP-S,202409,Coll_Interest,40,40,Manual,-0.0203167314608496,,PQ rate for MOB 40
NRP-S,202409,Coll_Principal,41,41,Manual,-0.074017021429657,,PQ rate for MOB 41
NRP-S,202409,Coll_Interest,41,41,Manual,-0.02031789229558,,PQ rate for MOB 41
NRP-S,202409,Coll_Principal,42,42,Manual,-0.074017021429657,,PQ rate for MOB 42
NRP-S,202409,Coll_Interest,42,42,Manual,-0.0203187440324255,,PQ rate for MOB 42
NRP-S,202409,Coll_Principal,43,43,Manual,-0.074017021429657,,PQ rate for MOB 43
NRP-S,202409,Coll_Interest,43,43,Manual,-0.0203193295251712,,PQ rate for MOB 43
NRP-S,202409,Coll_Principal,44,44,Manual,-0.074017021429657,,PQ rate for MOB 44
NRP-S,202409,Coll_Interest,44,44,Manual,-0.0203196854345211,,PQ rate for MOB 44
PRIME,202409,Coll_Principal,13,13,Manual,-0.0401791422952742,,PQ rate for MOB 13
PRIME,202409,Coll_Interest,13,13,Manual,-0.0103929370555967,,PQ rate for MOB 13
PRIME,202409,Coll_Principal,14,14,Manual,-0.0414341866757635,,PQ rate for MOB 14
PRIME,202409,Coll_Interest,14,14,Manual,-0.0104450130897186,,PQ rate for MOB 14
PRIME,202409,Coll_Principal,15,15,Manual,-0.0424601862504742,,PQ rate for MOB 15
PRIME,202409,Coll_Interest,15,15,Manual,-0.0104795009983196,,PQ rate for MOB 15
PRIME,202409,Coll_Principal,16,16,Manual,-0.0431167064422122,,PQ rate for MOB 16
PRIME,202409,Coll_Interest,16,16,Manual,-0.0105028277517,,PQ rate for MOB 16
PRIME,202409,Coll_Principal,17,17,Manual,-0.0434895644449803,,PQ rate for MOB 17
PRIME,202409,Coll_Interest,17,17,Manual,-0.0105188181942463,,PQ rate for MOB 17
PRIME,202409,Coll_Principal,18,18,Manual,-0.0434895644449803,,PQ rate for MOB 18
PRIME,202409,Coll_Interest,18,18,Manual,-0.0105298474453253,,PQ rate for MOB 18
PRIME,202409,Coll_Principal,19,19,Manual,-0.0434895644449803,,PQ rate for MOB 19
PRIME,202409,Coll_Interest,19,19,Manual,-0.0105374431117369,,PQ rate for MOB 19
PRIME,202409,Coll_Principal,20,20,Manual,-0.0434895644449803,,PQ rate for MOB 20
PRIME,202409,Coll_Interest,20,20,Manual,-0.0105426170564544,,PQ rate for MOB 20
PRIME,202409,Coll_Principal,21,21,Manual,-0.0434895644449803,,PQ rate for MOB 21
PRIME,202409,Coll_Interest,21,21,Manual,-0.0105460564533166,,PQ rate for MOB 21
PRIME,202409,Coll_Principal,22,22,Manual,-0.0434895644449803,,PQ rate for MOB 22
PRIME,202409,Coll_Interest,22,22,Manual,-0.0105482380350456,,PQ rate for MOB 22
PRIME,202409,Coll_Principal,23,23,Manual,-0.0434895644449803,,PQ rate for MOB 23
PRIME,202409,Coll_Interest,23,23,Manual,-0.0105494986661245,,PQ rate for MOB 23
PRIME,202409,Coll_Principal,24,24,Manual,-0.0434895644449803,,PQ rate for MOB 24
PRIME,202409,Coll_Interest,24,24,Manual,-0.0105500801857209,,PQ rate for MOB 24
PRIME,202409,Coll_Principal,25,25,Manual,-0.0434895644449803,,PQ rate for MOB 25
PRIME,202409,Coll_Interest,25,25,Manual,-0.0105501586166716,,PQ rate for MOB 25
PRIME,202409,Coll_Principal,26,26,Manual,-0.0434895644449803,,PQ rate for MOB 26
PRIME,202409,Coll_Interest,26,26,Manual,-0.0105498636127684,,PQ rate for MOB 26
PRIME,202409,Coll_Principal,27,27,Manual,-0.0434895644449803,,PQ rate for MOB 27
PRIME,202409,Coll_Interest,27,27,Manual,-0.0105492916617878,,PQ rate for MOB 27
PRIME,202409,Coll_Principal,28,28,Manual,-0.0434895644449803,,PQ rate for MOB 28
PRIME,202409,Coll_Interest,28,28,Manual,-0.0105485152070636,,PQ rate for MOB 28
PRIME,202409,Coll_Principal,29,29,Manual,-0.0434895644449803,,PQ rate for MOB 29
PRIME,202409,Coll_Interest,29,29,Manual,-0.0105475890490038,,PQ rate for MOB 29
PRIME,202409,Coll_Principal,30,30,Manual,-0.0434895644449803,,PQ rate for MOB 30
PRIME,202409,Coll_Interest,30,30,Manual,-0.0105465549018065,,PQ rate for MOB 30
PRIME,202409,Coll_Principal,31,31,Manual,-0.0434895644449803,,PQ rate for MOB 31
PRIME,202409,Coll_Interest,31,31,Manual,-0.0105454446789387,,PQ rate for MOB 31
PRIME,202409,Coll_Principal,32,32,Manual,-0.0434895644449803,,PQ rate for MOB 32
PRIME,202409,Coll_Interest,32,32,Manual,-0.0105442828898472,,PQ rate for MOB 32
PRIME,202409,Coll_Principal,33,33,Manual,-0.0434895644449803,,PQ rate for MOB 33
PRIME,202409,Coll_Interest,33,33,Manual,-0.0105430884070231,,PQ rate for MOB 33
PRIME,202409,Coll_Principal,34,34,Manual,-0.0434895644449803,,PQ rate for MOB 34
PRIME,202409,Coll_Interest,34,34,Manual,-0.0105418757815515,,PQ rate for MOB 34
PRIME,202409,Coll_Principal,35,35,Manual,-0.0434895644449803,,PQ rate for MOB 35
PRIME,202409,Coll_Interest,35,35,Manual,-0.0105406562312533,,PQ rate for MOB 35
PRIME,202409,Coll_Principal,36,36,Manual,-0.0434895644449803,,PQ rate for MOB 36
PRIME,202409,Coll_Interest,36,36,Manual,-0.0105394383889618,,PQ rate for MOB 36
PRIME,202409,Coll_Principal,37,37,Manual,-0.0434895644449803,,PQ rate for MOB 37
PRIME,202409,Coll_Interest,37,37,Manual,-0.0105382288733934,,PQ rate for MOB 37
PRIME,202409,Coll_Principal,38,38,Manual,-0.0434895644449803,,PQ rate for MOB 38
PRIME,202409,Coll_Interest,38,38,Manual,-0.010537032727652,,PQ rate for MOB 38
PRIME,202409,Coll_Principal,39,39,Manual,-0.0434895644449803,,PQ rate for MOB 39
PRIME,202409,Coll_Interest,39,39,Manual,-0.010535853758165,,PQ rate for MOB 39
PRIME,202409,Coll_Principal,40,40,Manual,-0.0434895644449803,,PQ rate for MOB 40
PRIME,202409,Coll_Interest,40,40,Manual,-0.0105346947981556,,PQ rate for MOB 40
PRIME,202409,Coll_Principal,41,41,Manual,-0.0434895644449803,,PQ rate for MOB 41
PRIME,202409,Coll_Interest,41,41,Manual,-0.0105335579135168,,PQ rate for MOB 41
PRIME,202409,Coll_Principal,42,42,Manual,-0.0434895644449803,,PQ rate for MOB 42
PRIME,202409,Coll_Interest,42,42,Manual,-0.0105324445644392,,PQ rate for MOB 42
PRIME,202409,Coll_Principal,43,43,Manual,-0.0434895644449803,,PQ rate for MOB 43
PRIME,202409,Coll_Interest,43,43,Manual,-0.010531355732839,,PQ rate for MOB 43
PRIME,202409,Coll_Principal,44,44,Manual,-0.0434895644449803,,PQ rate for MOB 44
PRIME,202409,Coll_Interest,44,44,Manual,-0.0105302920232065,,PQ rate for MOB 44
NON PRIME,202410,Coll_Principal,12,12,Manual,-0.0615033757817206,,PQ rate for MOB 12
NON PRIME,202410,Coll_Interest,12,12,Manual,-0.0259049982759632,,PQ rate for MOB 12
NON PRIME,202410,Coll_Principal,13,13,Manual,-0.0634448072059285,,PQ rate for MOB 13
NON PRIME,202410,Coll_Interest,13,13,Manual,-0.026599282137358,,PQ rate for MOB 13
NON PRIME,202410,Coll_Principal,14,14,Manual,-0.0633506893833632,,PQ rate for MOB 14
NON PRIME,202410,Coll_Interest,14,14,Manual,-0.0271038187199269,,PQ rate for MOB 14
NON PRIME,202410,Coll_Principal,15,15,Manual,-0.0634355155532217,,PQ rate for MOB 15
NON PRIME,202410,Coll_Interest,15,15,Manual,-0.0274842365105897,,PQ rate for MOB 15
NON PRIME,202410,Coll_Principal,16,16,Manual,-0.0649976401822474,,PQ rate for MOB 16
NON PRIME,202410,Coll_Interest,16,16,Manual,-0.0277796614242736,,PQ rate for MOB 16
NON PRIME,202410,Coll_Principal,17,17,Manual,-0.0649976401822474,,PQ rate for MOB 17
NON PRIME,202410,Coll_Interest,17,17,Manual,-0.0280146894891742,,PQ rate for MOB 17
NON PRIME,202410,Coll_Principal,18,18,Manual,-0.0649976401822474,,PQ rate for MOB 18
NON PRIME,202410,Coll_Interest,18,18,Manual,-0.0282054657861869,,PQ rate for MOB 18
NON PRIME,202410,Coll_Principal,19,19,Manual,-0.0649976401822474,,PQ rate for MOB 19
NON PRIME,202410,Coll_Interest,19,19,Manual,-0.0283629759348985,,PQ rate for MOB 19
NON PRIME,202410,Coll_Principal,20,20,Manual,-0.0649976401822474,,PQ rate for MOB 20
NON PRIME,202410,Coll_Interest,20,20,Manual,-0.0284949253334964,,PQ rate for MOB 20
NON PRIME,202410,Coll_Principal,21,21,Manual,-0.0649976401822474,,PQ rate for MOB 21
NON PRIME,202410,Coll_Interest,21,21,Manual,-0.0286068609346228,,PQ rate for MOB 21
NON PRIME,202410,Coll_Principal,22,22,Manual,-0.0649976401822474,,PQ rate for MOB 22
NON PRIME,202410,Coll_Interest,22,22,Manual,-0.0287028667609917,,PQ rate for MOB 22
NON PRIME,202410,Coll_Principal,23,23,Manual,-0.0649976401822474,,PQ rate for MOB 23
NON PRIME,202410,Coll_Interest,23,23,Manual,-0.0287860094853138,,PQ rate for MOB 23
NON PRIME,202410,Coll_Principal,24,24,Manual,-0.0649976401822474,,PQ rate for MOB 24
NON PRIME,202410,Coll_Interest,24,24,Manual,-0.0288586321567342,,PQ rate for MOB 24
NON PRIME,202410,Coll_Principal,25,25,Manual,-0.0649976401822474,,PQ rate for MOB 25
NON PRIME,202410,Coll_Interest,25,25,Manual,-0.0289225527514487,,PQ rate for MOB 25
NON PRIME,202410,Coll_Principal,26,26,Manual,-0.0649976401822474,,PQ rate for MOB 26
NON PRIME,202410,Coll_Interest,26,26,Manual,-0.0289792014115276,,PQ rate for MOB 26
NON PRIME,202410,Coll_Principal,27,27,Manual,-0.0649976401822474,,PQ rate for MOB 27
NON PRIME,202410,Coll_Interest,27,27,Manual,-0.0290297172116815,,PQ rate for MOB 27
NON PRIME,202410,Coll_Principal,28,28,Manual,-0.0649976401822474,,PQ rate for MOB 28
NON PRIME,202410,Coll_Interest,28,28,Manual,-0.0290750176205864,,PQ rate for MOB 28
NON PRIME,202410,Coll_Principal,29,29,Manual,-0.0649976401822474,,PQ rate for MOB 29
NON PRIME,202410,Coll_Interest,29,29,Manual,-0.0291158491741406,,PQ rate for MOB 29
NON PRIME,202410,Coll_Principal,30,30,Manual,-0.0649976401822474,,PQ rate for MOB 30
NON PRIME,202410,Coll_Interest,30,30,Manual,-0.0291528249890352,,PQ rate for MOB 30
NON PRIME,202410,Coll_Principal,31,31,Manual,-0.0649976401822474,,PQ rate for MOB 31
NON PRIME,202410,Coll_Interest,31,31,Manual,-0.0291864529084461,,PQ rate for MOB 31
NON PRIME,202410,Coll_Principal,32,32,Manual,-0.0649976401822474,,PQ rate for MOB 32
NON PRIME,202410,Coll_Interest,32,32,Manual,-0.0292171568797001,,PQ rate for MOB 32
NON PRIME,202410,Coll_Principal,33,33,Manual,-0.0649976401822474,,PQ rate for MOB 33
NON PRIME,202410,Coll_Interest,33,33,Manual,-0.029245293375425,,PQ rate for MOB 33
NON PRIME,202410,Coll_Principal,34,34,Manual,-0.0649976401822474,,PQ rate for MOB 34
NON PRIME,202410,Coll_Interest,34,34,Manual,-0.029271164139201,,PQ rate for MOB 34
NON PRIME,202410,Coll_Principal,35,35,Manual,-0.0649976401822474,,PQ rate for MOB 35
NON PRIME,202410,Coll_Interest,35,35,Manual,-0.0292950261740133,,PQ rate for MOB 35
NON PRIME,202410,Coll_Principal,36,36,Manual,-0.0649976401822474,,PQ rate for MOB 36
NON PRIME,202410,Coll_Interest,36,36,Manual,-0.0293170996401488,,PQ rate for MOB 36
NON PRIME,202410,Coll_Principal,37,37,Manual,-0.0649976401822474,,PQ rate for MOB 37
NON PRIME,202410,Coll_Interest,37,37,Manual,-0.0293375741521692,,PQ rate for MOB 37
NON PRIME,202410,Coll_Principal,38,38,Manual,-0.0649976401822474,,PQ rate for MOB 38
NON PRIME,202410,Coll_Interest,38,38,Manual,-0.029356613838522,,PQ rate for MOB 38
NON PRIME,202410,Coll_Principal,39,39,Manual,-0.0649976401822474,,PQ rate for MOB 39
NON PRIME,202410,Coll_Interest,39,39,Manual,-0.0293743614364877,,PQ rate for MOB 39
NON PRIME,202410,Coll_Principal,40,40,Manual,-0.0649976401822474,,PQ rate for MOB 40
NON PRIME,202410,Coll_Interest,40,40,Manual,-0.0293909416289578,,PQ rate for MOB 40
NON PRIME,202410,Coll_Principal,41,41,Manual,-0.0649976401822474,,PQ rate for MOB 41
NON PRIME,202410,Coll_Interest,41,41,Manual,-0.0294064637807967,,PQ rate for MOB 41
NON PRIME,202410,Coll_Principal,42,42,Manual,-0.0649976401822474,,PQ rate for MOB 42
NON PRIME,202410,Coll_Interest,42,42,Manual,-0.0294210241963181,,PQ rate for MOB 42
NON PRIME,202410,Coll_Principal,43,43,Manual,-0.0649976401822474,,PQ rate for MOB 43
NON PRIME,202410,Coll_Interest,43,43,Manual,-0.0294347079922356,,PQ rate for MOB 43
NRP-L,202410,Coll_Principal,12,12,Manual,-0.0233117986160492,,PQ rate for MOB 12
NRP-L,202410,Coll_Interest,12,12,Manual,-0.0167413391103521,,PQ rate for MOB 12
NRP-L,202410,Coll_Principal,13,13,Manual,-0.0235248935205997,,PQ rate for MOB 13
NRP-L,202410,Coll_Interest,13,13,Manual,-0.0175821852985122,,PQ rate for MOB 13
NRP-L,202410,Coll_Principal,14,14,Manual,-0.0176739893579018,,PQ rate for MOB 14
NRP-L,202410,Coll_Interest,14,14,Manual,-0.0181209900385566,,PQ rate for MOB 14
NRP-L,202410,Coll_Principal,15,15,Manual,-0.0123906903581765,,PQ rate for MOB 15
NRP-L,202410,Coll_Interest,15,15,Manual,-0.0184766388737397,,PQ rate for MOB 15
NRP-L,202410,Coll_Principal,16,16,Manual,-0.0125855388665715,,PQ rate for MOB 16
NRP-L,202410,Coll_Interest,16,16,Manual,-0.0187162186319447,,PQ rate for MOB 16
NRP-L,202410,Coll_Principal,17,17,Manual,-0.0125855388665715,,PQ rate for MOB 17
NRP-L,202410,Coll_Interest,17,17,Manual,-0.018879620855039,,PQ rate for MOB 17
NRP-L,202410,Coll_Principal,18,18,Manual,-0.0125855388665715,,PQ rate for MOB 18
NRP-L,202410,Coll_Interest,18,18,Manual,-0.018991594824283,,PQ rate for MOB 18
NRP-L,202410,Coll_Principal,19,19,Manual,-0.0125855388665715,,PQ rate for MOB 19
NRP-L,202410,Coll_Interest,19,19,Manual,-0.0190680432062714,,PQ rate for MOB 19
NRP-L,202410,Coll_Principal,20,20,Manual,-0.0125855388665715,,PQ rate for MOB 20
NRP-L,202410,Coll_Interest,20,20,Manual,-0.019119488746994,,PQ rate for MOB 20
NRP-L,202410,Coll_Principal,21,21,Manual,-0.0125855388665715,,PQ rate for MOB 21
NRP-L,202410,Coll_Interest,21,21,Manual,-0.0191530696172947,,PQ rate for MOB 21
NRP-L,202410,Coll_Principal,22,22,Manual,-0.0125855388665715,,PQ rate for MOB 22
NRP-L,202410,Coll_Interest,22,22,Manual,-0.0191737319712216,,PQ rate for MOB 22
NRP-L,202410,Coll_Principal,23,23,Manual,-0.0125855388665715,,PQ rate for MOB 23
NRP-L,202410,Coll_Interest,23,23,Manual,-0.0191849662021857,,PQ rate for MOB 23
NRP-L,202410,Coll_Principal,24,24,Manual,-0.0125855388665715,,PQ rate for MOB 24
NRP-L,202410,Coll_Interest,24,24,Manual,-0.0191892744993823,,PQ rate for MOB 24
NRP-L,202410,Coll_Principal,25,25,Manual,-0.0125855388665715,,PQ rate for MOB 25
NRP-L,202410,Coll_Interest,25,25,Manual,-0.0191884752120169,,PQ rate for MOB 25
NRP-L,202410,Coll_Principal,26,26,Manual,-0.0125855388665715,,PQ rate for MOB 26
NRP-L,202410,Coll_Interest,26,26,Manual,-0.0191839053657857,,PQ rate for MOB 26
NRP-L,202410,Coll_Principal,27,27,Manual,-0.0125855388665715,,PQ rate for MOB 27
NRP-L,202410,Coll_Interest,27,27,Manual,-0.0191765580624563,,PQ rate for MOB 27
NRP-L,202410,Coll_Principal,28,28,Manual,-0.0125855388665715,,PQ rate for MOB 28
NRP-L,202410,Coll_Interest,28,28,Manual,-0.0191671773385451,,PQ rate for MOB 28
NRP-L,202410,Coll_Principal,29,29,Manual,-0.0125855388665715,,PQ rate for MOB 29
NRP-L,202410,Coll_Interest,29,29,Manual,-0.0191563246880249,,PQ rate for MOB 29
NRP-L,202410,Coll_Principal,30,30,Manual,-0.0125855388665715,,PQ rate for MOB 30
NRP-L,202410,Coll_Interest,30,30,Manual,-0.0191444263775646,,PQ rate for MOB 30
NRP-L,202410,Coll_Principal,31,31,Manual,-0.0125855388665715,,PQ rate for MOB 31
NRP-L,202410,Coll_Interest,31,31,Manual,-0.0191318075337367,,PQ rate for MOB 31
NRP-L,202410,Coll_Principal,32,32,Manual,-0.0125855388665715,,PQ rate for MOB 32
NRP-L,202410,Coll_Interest,32,32,Manual,-0.0191187169875838,,PQ rate for MOB 32
NRP-L,202410,Coll_Principal,33,33,Manual,-0.0125855388665715,,PQ rate for MOB 33
NRP-L,202410,Coll_Interest,33,33,Manual,-0.0191053455753788,,PQ rate for MOB 33
NRP-L,202410,Coll_Principal,34,34,Manual,-0.0125855388665715,,PQ rate for MOB 34
NRP-L,202410,Coll_Interest,34,34,Manual,-0.0190918397499608,,PQ rate for MOB 34
NRP-L,202410,Coll_Principal,35,35,Manual,-0.0125855388665715,,PQ rate for MOB 35
NRP-L,202410,Coll_Interest,35,35,Manual,-0.0190783117939659,,PQ rate for MOB 35
NRP-L,202410,Coll_Principal,36,36,Manual,-0.0125855388665715,,PQ rate for MOB 36
NRP-L,202410,Coll_Interest,36,36,Manual,-0.0190648475453374,,PQ rate for MOB 36
NRP-L,202410,Coll_Principal,37,37,Manual,-0.0125855388665715,,PQ rate for MOB 37
NRP-L,202410,Coll_Interest,37,37,Manual,-0.0190515122843042,,PQ rate for MOB 37
NRP-L,202410,Coll_Principal,38,38,Manual,-0.0125855388665715,,PQ rate for MOB 38
NRP-L,202410,Coll_Interest,38,38,Manual,-0.0190383552496789,,PQ rate for MOB 38
NRP-L,202410,Coll_Principal,39,39,Manual,-0.0125855388665715,,PQ rate for MOB 39
NRP-L,202410,Coll_Interest,39,39,Manual,-0.0190254131249734,,PQ rate for MOB 39
NRP-L,202410,Coll_Principal,40,40,Manual,-0.0125855388665715,,PQ rate for MOB 40
NRP-L,202410,Coll_Interest,40,40,Manual,-0.0190127127444135,,PQ rate for MOB 40
NRP-L,202410,Coll_Principal,41,41,Manual,-0.0125855388665715,,PQ rate for MOB 41
NRP-L,202410,Coll_Interest,41,41,Manual,-0.0190002732041048,,PQ rate for MOB 41
NRP-L,202410,Coll_Principal,42,42,Manual,-0.0125855388665715,,PQ rate for MOB 42
NRP-L,202410,Coll_Interest,42,42,Manual,-0.0189881075166703,,PQ rate for MOB 42
NRP-L,202410,Coll_Principal,43,43,Manual,-0.0125855388665715,,PQ rate for MOB 43
NRP-L,202410,Coll_Interest,43,43,Manual,-0.0189762239134097,,PQ rate for MOB 43
NRP-M,202410,Coll_Principal,12,12,Manual,-0.0312573633505877,,PQ rate for MOB 12
NRP-M,202410,Coll_Interest,12,12,Manual,-0.0155864212222351,,PQ rate for MOB 12
NRP-M,202410,Coll_Principal,13,13,Manual,-0.0344446661967312,,PQ rate for MOB 13
NRP-M,202410,Coll_Interest,13,13,Manual,-0.0159017034400095,,PQ rate for MOB 13
NRP-M,202410,Coll_Principal,14,14,Manual,-0.0359516602444719,,PQ rate for MOB 14
NRP-M,202410,Coll_Interest,14,14,Manual,-0.0161161829041366,,PQ rate for MOB 14
NRP-M,202410,Coll_Principal,15,15,Manual,-0.0385512529231202,,PQ rate for MOB 15
NRP-M,202410,Coll_Interest,15,15,Manual,-0.0162676457229091,,PQ rate for MOB 15
NRP-M,202410,Coll_Principal,16,16,Manual,-0.0407204049679613,,PQ rate for MOB 16
NRP-M,202410,Coll_Interest,16,16,Manual,-0.016377851152453,,PQ rate for MOB 16
NRP-M,202410,Coll_Principal,17,17,Manual,-0.0407204049679613,,PQ rate for MOB 17
NRP-M,202410,Coll_Interest,17,17,Manual,-0.0164600155716903,,PQ rate for MOB 17
NRP-M,202410,Coll_Principal,18,18,Manual,-0.0407204049679613,,PQ rate for MOB 18
NRP-M,202410,Coll_Interest,18,18,Manual,-0.0165225234104377,,PQ rate for MOB 18
NRP-M,202410,Coll_Principal,19,19,Manual,-0.0407204049679613,,PQ rate for MOB 19
NRP-M,202410,Coll_Interest,19,19,Manual,-0.0165708897460559,,PQ rate for MOB 19
NRP-M,202410,Coll_Principal,20,20,Manual,-0.0407204049679613,,PQ rate for MOB 20
NRP-M,202410,Coll_Interest,20,20,Manual,-0.0166088549462496,,PQ rate for MOB 20
NRP-M,202410,Coll_Principal,21,21,Manual,-0.0407204049679613,,PQ rate for MOB 21
NRP-M,202410,Coll_Interest,21,21,Manual,-0.01663902309553,,PQ rate for MOB 21
NRP-M,202410,Coll_Principal,22,22,Manual,-0.0407204049679613,,PQ rate for MOB 22
NRP-M,202410,Coll_Interest,22,22,Manual,-0.0166632487951781,,PQ rate for MOB 22
NRP-M,202410,Coll_Principal,23,23,Manual,-0.0407204049679613,,PQ rate for MOB 23
NRP-M,202410,Coll_Interest,23,23,Manual,-0.0166828793424589,,PQ rate for MOB 23
NRP-M,202410,Coll_Principal,24,24,Manual,-0.0407204049679613,,PQ rate for MOB 24
NRP-M,202410,Coll_Interest,24,24,Manual,-0.0166989107720355,,PQ rate for MOB 24
NRP-M,202410,Coll_Principal,25,25,Manual,-0.0407204049679613,,PQ rate for MOB 25
NRP-M,202410,Coll_Interest,25,25,Manual,-0.0167120909668622,,PQ rate for MOB 25
NRP-M,202410,Coll_Principal,26,26,Manual,-0.0407204049679613,,PQ rate for MOB 26
NRP-M,202410,Coll_Interest,26,26,Manual,-0.0167229893360321,,PQ rate for MOB 26
NRP-M,202410,Coll_Principal,27,27,Manual,-0.0407204049679613,,PQ rate for MOB 27
NRP-M,202410,Coll_Interest,27,27,Manual,-0.0167320448515171,,PQ rate for MOB 27
NRP-M,202410,Coll_Principal,28,28,Manual,-0.0407204049679613,,PQ rate for MOB 28
NRP-M,202410,Coll_Interest,28,28,Manual,-0.0167395997662039,,PQ rate for MOB 28
NRP-M,202410,Coll_Principal,29,29,Manual,-0.0407204049679613,,PQ rate for MOB 29
NRP-M,202410,Coll_Interest,29,29,Manual,-0.0167459236691292,,PQ rate for MOB 29
NRP-M,202410,Coll_Principal,30,30,Manual,-0.0407204049679613,,PQ rate for MOB 30
NRP-M,202410,Coll_Interest,30,30,Manual,-0.0167512309022563,,PQ rate for MOB 30
NRP-M,202410,Coll_Principal,31,31,Manual,-0.0407204049679613,,PQ rate for MOB 31
NRP-M,202410,Coll_Interest,31,31,Manual,-0.0167556933417547,,PQ rate for MOB 31
NRP-M,202410,Coll_Principal,32,32,Manual,-0.0407204049679613,,PQ rate for MOB 32
NRP-M,202410,Coll_Interest,32,32,Manual,-0.0167594498939326,,PQ rate for MOB 32
NRP-M,202410,Coll_Principal,33,33,Manual,-0.0407204049679613,,PQ rate for MOB 33
NRP-M,202410,Coll_Interest,33,33,Manual,-0.0167626136307518,,PQ rate for MOB 33
NRP-M,202410,Coll_Principal,34,34,Manual,-0.0407204049679613,,PQ rate for MOB 34
NRP-M,202410,Coll_Interest,34,34,Manual,-0.0167652772080275,,PQ rate for MOB 34
NRP-M,202410,Coll_Principal,35,35,Manual,-0.0407204049679613,,PQ rate for MOB 35
NRP-M,202410,Coll_Interest,35,35,Manual,-0.0167675170196274,,PQ rate for MOB 35
NRP-M,202410,Coll_Principal,36,36,Manual,-0.0407204049679613,,PQ rate for MOB 36
NRP-M,202410,Coll_Interest,36,36,Manual,-0.0167693964112692,,PQ rate for MOB 36
NRP-M,202410,Coll_Principal,37,37,Manual,-0.0407204049679613,,PQ rate for MOB 37
NRP-M,202410,Coll_Interest,37,37,Manual,-0.0167709681876523,,PQ rate for MOB 37
NRP-M,202410,Coll_Principal,38,38,Manual,-0.0407204049679613,,PQ rate for MOB 38
NRP-M,202410,Coll_Interest,38,38,Manual,-0.0167722765835995,,PQ rate for MOB 38
NRP-M,202410,Coll_Principal,39,39,Manual,-0.0407204049679613,,PQ rate for MOB 39
NRP-M,202410,Coll_Interest,39,39,Manual,-0.0167733588251198,,PQ rate for MOB 39
NRP-M,202410,Coll_Principal,40,40,Manual,-0.0407204049679613,,PQ rate for MOB 40
NRP-M,202410,Coll_Interest,40,40,Manual,-0.0167742463741608,,PQ rate for MOB 40
NRP-M,202410,Coll_Principal,41,41,Manual,-0.0407204049679613,,PQ rate for MOB 41
NRP-M,202410,Coll_Interest,41,41,Manual,-0.016774965927514,,PQ rate for MOB 41
NRP-M,202410,Coll_Principal,42,42,Manual,-0.0407204049679613,,PQ rate for MOB 42
NRP-M,202410,Coll_Interest,42,42,Manual,-0.0167755402232652,,PQ rate for MOB 42
NRP-M,202410,Coll_Principal,43,43,Manual,-0.0407204049679613,,PQ rate for MOB 43
NRP-M,202410,Coll_Interest,43,43,Manual,-0.0167759886955662,,PQ rate for MOB 43
NRP-S,202410,Coll_Principal,12,12,Manual,-0.0507771216107999,,PQ rate for MOB 12
NRP-S,202410,Coll_Interest,12,12,Manual,-0.0183930558287193,,PQ rate for MOB 12
NRP-S,202410,Coll_Principal,13,13,Manual,-0.0502218837065073,,PQ rate for MOB 13
NRP-S,202410,Coll_Interest,13,13,Manual,-0.0188726529387064,,PQ rate for MOB 13
NRP-S,202410,Coll_Principal,14,14,Manual,-0.0481146962234642,,PQ rate for MOB 14
NRP-S,202410,Coll_Interest,14,14,Manual,-0.0191962025958748,,PQ rate for MOB 14
NRP-S,202410,Coll_Principal,15,15,Manual,-0.0488014409479327,,PQ rate for MOB 15
NRP-S,202410,Coll_Interest,15,15,Manual,-0.0194226617503081,,PQ rate for MOB 15
NRP-S,202410,Coll_Principal,16,16,Manual,-0.0483112304800466,,PQ rate for MOB 16
NRP-S,202410,Coll_Interest,16,16,Manual,-0.0195858688507753,,PQ rate for MOB 16
NRP-S,202410,Coll_Principal,17,17,Manual,-0.0483112304800466,,PQ rate for MOB 17
NRP-S,202410,Coll_Interest,17,17,Manual,-0.0197063071854749,,PQ rate for MOB 17
NRP-S,202410,Coll_Principal,18,18,Manual,-0.0483112304800466,,PQ rate for MOB 18
NRP-S,202410,Coll_Interest,18,18,Manual,-0.0197969257715886,,PQ rate for MOB 18
NRP-S,202410,Coll_Principal,19,19,Manual,-0.0483112304800466,,PQ rate for MOB 19
NRP-S,202410,Coll_Interest,19,19,Manual,-0.0198662114132736,,PQ rate for MOB 19
NRP-S,202410,Coll_Principal,20,20,Manual,-0.0483112304800466,,PQ rate for MOB 20
NRP-S,202410,Coll_Interest,20,20,Manual,-0.0199198985000378,,PQ rate for MOB 20
NRP-S,202410,Coll_Principal,21,21,Manual,-0.0483112304800466,,PQ rate for MOB 21
NRP-S,202410,Coll_Interest,21,21,Manual,-0.0199619640444631,,PQ rate for MOB 21
NRP-S,202410,Coll_Principal,22,22,Manual,-0.0483112304800466,,PQ rate for MOB 22
NRP-S,202410,Coll_Interest,22,22,Manual,-0.0199952292060202,,PQ rate for MOB 22
NRP-S,202410,Coll_Principal,23,23,Manual,-0.0483112304800466,,PQ rate for MOB 23
NRP-S,202410,Coll_Interest,23,23,Manual,-0.0200217350609756,,PQ rate for MOB 23
NRP-S,202410,Coll_Principal,24,24,Manual,-0.0483112304800466,,PQ rate for MOB 24
NRP-S,202410,Coll_Interest,24,24,Manual,-0.0200429841619169,,PQ rate for MOB 24
NRP-S,202410,Coll_Principal,25,25,Manual,-0.0483112304800466,,PQ rate for MOB 25
NRP-S,202410,Coll_Interest,25,25,Manual,-0.0200600997834917,,PQ rate for MOB 25
NRP-S,202410,Coll_Principal,26,26,Manual,-0.0483112304800466,,PQ rate for MOB 26
NRP-S,202410,Coll_Interest,26,26,Manual,-0.0200739332759045,,PQ rate for MOB 26
NRP-S,202410,Coll_Principal,27,27,Manual,-0.0483112304800466,,PQ rate for MOB 27
NRP-S,202410,Coll_Interest,27,27,Manual,-0.0200851378947283,,PQ rate for MOB 27
NRP-S,202410,Coll_Principal,28,28,Manual,-0.0483112304800466,,PQ rate for MOB 28
NRP-S,202410,Coll_Interest,28,28,Manual,-0.0200942204943124,,PQ rate for MOB 28
NRP-S,202410,Coll_Principal,29,29,Manual,-0.0483112304800466,,PQ rate for MOB 29
NRP-S,202410,Coll_Interest,29,29,Manual,-0.0201015783130862,,PQ rate for MOB 29
NRP-S,202410,Coll_Principal,30,30,Manual,-0.0483112304800466,,PQ rate for MOB 30
NRP-S,202410,Coll_Interest,30,30,Manual,-0.0201075255380096,,PQ rate for MOB 30
NRP-S,202410,Coll_Principal,31,31,Manual,-0.0483112304800466,,PQ rate for MOB 31
NRP-S,202410,Coll_Interest,31,31,Manual,-0.0201123127470428,,PQ rate for MOB 31
NRP-S,202410,Coll_Principal,32,32,Manual,-0.0483112304800466,,PQ rate for MOB 32
NRP-S,202410,Coll_Interest,32,32,Manual,-0.0201161413148216,,PQ rate for MOB 32
NRP-S,202410,Coll_Principal,33,33,Manual,-0.0483112304800466,,PQ rate for MOB 33
NRP-S,202410,Coll_Interest,33,33,Manual,-0.0201191742074502,,PQ rate for MOB 33
NRP-S,202410,Coll_Principal,34,34,Manual,-0.0483112304800466,,PQ rate for MOB 34
NRP-S,202410,Coll_Interest,34,34,Manual,-0.0201215441560428,,PQ rate for MOB 34
NRP-S,202410,Coll_Principal,35,35,Manual,-0.0483112304800466,,PQ rate for MOB 35
NRP-S,202410,Coll_Interest,35,35,Manual,-0.0201233599052991,,PQ rate for MOB 35
NRP-S,202410,Coll_Principal,36,36,Manual,-0.0483112304800466,,PQ rate for MOB 36
NRP-S,202410,Coll_Interest,36,36,Manual,-0.0201247110332283,,PQ rate for MOB 36
NRP-S,202410,Coll_Principal,37,37,Manual,-0.0483112304800466,,PQ rate for MOB 37
NRP-S,202410,Coll_Interest,37,37,Manual,-0.0201256716996781,,PQ rate for MOB 37
NRP-S,202410,Coll_Principal,38,38,Manual,-0.0483112304800466,,PQ rate for MOB 38
NRP-S,202410,Coll_Interest,38,38,Manual,-0.0201263035843323,,PQ rate for MOB 38
NRP-S,202410,Coll_Principal,39,39,Manual,-0.0483112304800466,,PQ rate for MOB 39
NRP-S,202410,Coll_Interest,39,39,Manual,-0.0201266582060883,,PQ rate for MOB 39
NRP-S,202410,Coll_Principal,40,40,Manual,-0.0483112304800466,,PQ rate for MOB 40
NRP-S,202410,Coll_Interest,40,40,Manual,-0.0201267787664543,,PQ rate for MOB 40
NRP-S,202410,Coll_Principal,41,41,Manual,-0.0483112304800466,,PQ rate for MOB 41
NRP-S,202410,Coll_Interest,41,41,Manual,-0.0201267016239363,,PQ rate for MOB 41
NRP-S,202410,Coll_Principal,42,42,Manual,-0.0483112304800466,,PQ rate for MOB 42
NRP-S,202410,Coll_Interest,42,42,Manual,-0.0201264574802967,,PQ rate for MOB 42
NRP-S,202410,Coll_Principal,43,43,Manual,-0.0483112304800466,,PQ rate for MOB 43
NRP-S,202410,Coll_Interest,43,43,Manual,-0.0201260723403337,,PQ rate for MOB 43
NON PRIME,202411,Coll_Principal,11,11,Manual,-0.0635913373920916,,PQ rate for MOB 11
NON PRIME,202411,Coll_Interest,11,11,Manual,-0.0269728370462463,,PQ rate for MOB 11
NON PRIME,202411,Coll_Principal,12,12,Manual,-0.0661375097182363,,PQ rate for MOB 12
NON PRIME,202411,Coll_Interest,12,12,Manual,-0.0279082677791681,,PQ rate for MOB 12
NON PRIME,202411,Coll_Principal,13,13,Manual,-0.0669052381274791,,PQ rate for MOB 13
NON PRIME,202411,Coll_Interest,13,13,Manual,-0.0285359894380258,,PQ rate for MOB 13
NON PRIME,202411,Coll_Principal,14,14,Manual,-0.0676565020347967,,PQ rate for MOB 14
NON PRIME,202411,Coll_Interest,14,14,Manual,-0.0289782654183964,,PQ rate for MOB 14
NON PRIME,202411,Coll_Principal,15,15,Manual,-0.0696138094245275,,PQ rate for MOB 15
NON PRIME,202411,Coll_Interest,15,15,Manual,-0.0293020085453352,,PQ rate for MOB 15
NON PRIME,202411,Coll_Principal,16,16,Manual,-0.0696138094245275,,PQ rate for MOB 16
NON PRIME,202411,Coll_Interest,16,16,Manual,-0.0295463817919049,,PQ rate for MOB 16
NON PRIME,202411,Coll_Principal,17,17,Manual,-0.0696138094245275,,PQ rate for MOB 17
NON PRIME,202411,Coll_Interest,17,17,Manual,-0.0297355657518551,,PQ rate for MOB 17
NON PRIME,202411,Coll_Principal,18,18,Manual,-0.0696138094245275,,PQ rate for MOB 18
NON PRIME,202411,Coll_Interest,18,18,Manual,-0.0298851567157183,,PQ rate for MOB 18
NON PRIME,202411,Coll_Principal,19,19,Manual,-0.0696138094245275,,PQ rate for MOB 19
NON PRIME,202411,Coll_Interest,19,19,Manual,-0.0300055866259306,,PQ rate for MOB 19
NON PRIME,202411,Coll_Principal,20,20,Manual,-0.0696138094245275,,PQ rate for MOB 20
NON PRIME,202411,Coll_Interest,20,20,Manual,-0.0301040511035146,,PQ rate for MOB 20
NON PRIME,202411,Coll_Principal,21,21,Manual,-0.0696138094245275,,PQ rate for MOB 21
NON PRIME,202411,Coll_Interest,21,21,Manual,-0.0301856461119668,,PQ rate for MOB 21
NON PRIME,202411,Coll_Principal,22,22,Manual,-0.0696138094245275,,PQ rate for MOB 22
NON PRIME,202411,Coll_Interest,22,22,Manual,-0.0302540641316333,,PQ rate for MOB 22
NON PRIME,202411,Coll_Principal,23,23,Manual,-0.0696138094245275,,PQ rate for MOB 23
NON PRIME,202411,Coll_Interest,23,23,Manual,-0.0303120348254912,,PQ rate for MOB 23
NON PRIME,202411,Coll_Principal,24,24,Manual,-0.0696138094245275,,PQ rate for MOB 24
NON PRIME,202411,Coll_Interest,24,24,Manual,-0.0303616121067621,,PQ rate for MOB 24
NON PRIME,202411,Coll_Principal,25,25,Manual,-0.0696138094245275,,PQ rate for MOB 25
NON PRIME,202411,Coll_Interest,25,25,Manual,-0.0304043659405584,,PQ rate for MOB 25
NON PRIME,202411,Coll_Principal,26,26,Manual,-0.0696138094245275,,PQ rate for MOB 26
NON PRIME,202411,Coll_Interest,26,26,Manual,-0.0304415134063049,,PQ rate for MOB 26
NON PRIME,202411,Coll_Principal,27,27,Manual,-0.0696138094245275,,PQ rate for MOB 27
NON PRIME,202411,Coll_Interest,27,27,Manual,-0.0304740100723411,,PQ rate for MOB 27
NON PRIME,202411,Coll_Principal,28,28,Manual,-0.0696138094245275,,PQ rate for MOB 28
NON PRIME,202411,Coll_Interest,28,28,Manual,-0.0305026148617929,,PQ rate for MOB 28
NON PRIME,202411,Coll_Principal,29,29,Manual,-0.0696138094245275,,PQ rate for MOB 29
NON PRIME,202411,Coll_Interest,29,29,Manual,-0.0305279368583802,,PQ rate for MOB 29
NON PRIME,202411,Coll_Principal,30,30,Manual,-0.0696138094245275,,PQ rate for MOB 30
NON PRIME,202411,Coll_Interest,30,30,Manual,-0.0305504695854769,,PQ rate for MOB 30
NON PRIME,202411,Coll_Principal,31,31,Manual,-0.0696138094245275,,PQ rate for MOB 31
NON PRIME,202411,Coll_Interest,31,31,Manual,-0.0305706164534262,,PQ rate for MOB 31
NON PRIME,202411,Coll_Principal,32,32,Manual,-0.0696138094245275,,PQ rate for MOB 32
NON PRIME,202411,Coll_Interest,32,32,Manual,-0.0305887098865923,,PQ rate for MOB 32
NON PRIME,202411,Coll_Principal,33,33,Manual,-0.0696138094245275,,PQ rate for MOB 33
NON PRIME,202411,Coll_Interest,33,33,Manual,-0.0306050258650687,,PQ rate for MOB 33
NON PRIME,202411,Coll_Principal,34,34,Manual,-0.0696138094245275,,PQ rate for MOB 34
NON PRIME,202411,Coll_Interest,34,34,Manual,-0.0306197950974955,,PQ rate for MOB 34
NON PRIME,202411,Coll_Principal,35,35,Manual,-0.0696138094245275,,PQ rate for MOB 35
NON PRIME,202411,Coll_Interest,35,35,Manual,-0.0306332116896987,,PQ rate for MOB 35
NON PRIME,202411,Coll_Principal,36,36,Manual,-0.0696138094245275,,PQ rate for MOB 36
NON PRIME,202411,Coll_Interest,36,36,Manual,-0.0306454399316854,,PQ rate for MOB 36
NON PRIME,202411,Coll_Principal,37,37,Manual,-0.0696138094245275,,PQ rate for MOB 37
NON PRIME,202411,Coll_Interest,37,37,Manual,-0.0306566196564938,,PQ rate for MOB 37
NON PRIME,202411,Coll_Principal,38,38,Manual,-0.0696138094245275,,PQ rate for MOB 38
NON PRIME,202411,Coll_Interest,38,38,Manual,-0.0306668705048986,,PQ rate for MOB 38
NON PRIME,202411,Coll_Principal,39,39,Manual,-0.0696138094245275,,PQ rate for MOB 39
NON PRIME,202411,Coll_Interest,39,39,Manual,-0.0306762953444945,,PQ rate for MOB 39
NON PRIME,202411,Coll_Principal,40,40,Manual,-0.0696138094245275,,PQ rate for MOB 40
NON PRIME,202411,Coll_Interest,40,40,Manual,-0.0306849830298524,,PQ rate for MOB 40
NON PRIME,202411,Coll_Principal,41,41,Manual,-0.0696138094245275,,PQ rate for MOB 41
NON PRIME,202411,Coll_Interest,41,41,Manual,-0.0306930106452651,,PQ rate for MOB 41
NON PRIME,202411,Coll_Principal,42,42,Manual,-0.0696138094245275,,PQ rate for MOB 42
NON PRIME,202411,Coll_Interest,42,42,Manual,-0.0307004453382542,,PQ rate for MOB 42
NRP-L,202411,Coll_Principal,11,11,Manual,-0.0294358636079946,,PQ rate for MOB 11
NRP-L,202411,Coll_Interest,11,11,Manual,-0.015039281850903,,PQ rate for MOB 11
NRP-L,202411,Coll_Principal,12,12,Manual,-0.0308776021940755,,PQ rate for MOB 12
NRP-L,202411,Coll_Interest,12,12,Manual,-0.0149947188190222,,PQ rate for MOB 12
NRP-L,202411,Coll_Principal,13,13,Manual,-0.0363610569988836,,PQ rate for MOB 13
NRP-L,202411,Coll_Interest,13,13,Manual,-0.0149633396411221,,PQ rate for MOB 13
NRP-L,202411,Coll_Principal,14,14,Manual,-0.0392586947324088,,PQ rate for MOB 14
NRP-L,202411,Coll_Interest,14,14,Manual,-0.0149402048736062,,PQ rate for MOB 14
NRP-L,202411,Coll_Principal,15,15,Manual,-0.0446543601445342,,PQ rate for MOB 15
NRP-L,202411,Coll_Interest,15,15,Manual,-0.0149225291568778,,PQ rate for MOB 15
NRP-L,202411,Coll_Principal,16,16,Manual,-0.0446543601445342,,PQ rate for MOB 16
NRP-L,202411,Coll_Interest,16,16,Manual,-0.0149086345458846,,PQ rate for MOB 16
NRP-L,202411,Coll_Principal,17,17,Manual,-0.0446543601445342,,PQ rate for MOB 17
NRP-L,202411,Coll_Interest,17,17,Manual,-0.0148974557501616,,PQ rate for MOB 17
NRP-L,202411,Coll_Principal,18,18,Manual,-0.0446543601445342,,PQ rate for MOB 18
NRP-L,202411,Coll_Interest,18,18,Manual,-0.0148882869129774,,PQ rate for MOB 18
NRP-L,202411,Coll_Principal,19,19,Manual,-0.0446543601445342,,PQ rate for MOB 19
NRP-L,202411,Coll_Interest,19,19,Manual,-0.0148806434450799,,PQ rate for MOB 19
NRP-L,202411,Coll_Principal,20,20,Manual,-0.0446543601445342,,PQ rate for MOB 20
NRP-L,202411,Coll_Interest,20,20,Manual,-0.0148741825539163,,PQ rate for MOB 20
NRP-L,202411,Coll_Principal,21,21,Manual,-0.0446543601445342,,PQ rate for MOB 21
NRP-L,202411,Coll_Interest,21,21,Manual,-0.0148686554653722,,PQ rate for MOB 21
NRP-L,202411,Coll_Principal,22,22,Manual,-0.0446543601445342,,PQ rate for MOB 22
NRP-L,202411,Coll_Interest,22,22,Manual,-0.0148638775960484,,PQ rate for MOB 22
NRP-L,202411,Coll_Principal,23,23,Manual,-0.0446543601445342,,PQ rate for MOB 23
NRP-L,202411,Coll_Interest,23,23,Manual,-0.0148597093168673,,PQ rate for MOB 23
NRP-L,202411,Coll_Principal,24,24,Manual,-0.0446543601445342,,PQ rate for MOB 24
NRP-L,202411,Coll_Interest,24,24,Manual,-0.014856043190828,,PQ rate for MOB 24
NRP-L,202411,Coll_Principal,25,25,Manual,-0.0446543601445342,,PQ rate for MOB 25
NRP-L,202411,Coll_Interest,25,25,Manual,-0.0148527952924497,,PQ rate for MOB 25
NRP-L,202411,Coll_Principal,26,26,Manual,-0.0446543601445342,,PQ rate for MOB 26
NRP-L,202411,Coll_Interest,26,26,Manual,-0.0148498991716696,,PQ rate for MOB 26
NRP-L,202411,Coll_Principal,27,27,Manual,-0.0446543601445342,,PQ rate for MOB 27
NRP-L,202411,Coll_Interest,27,27,Manual,-0.0148473015730475,,PQ rate for MOB 27
NRP-L,202411,Coll_Principal,28,28,Manual,-0.0446543601445342,,PQ rate for MOB 28
NRP-L,202411,Coll_Interest,28,28,Manual,-0.0148449593456177,,PQ rate for MOB 28
NRP-L,202411,Coll_Principal,29,29,Manual,-0.0446543601445342,,PQ rate for MOB 29
NRP-L,202411,Coll_Interest,29,29,Manual,-0.0148428371762802,,PQ rate for MOB 29
NRP-L,202411,Coll_Principal,30,30,Manual,-0.0446543601445342,,PQ rate for MOB 30
NRP-L,202411,Coll_Interest,30,30,Manual,-0.0148409059029592,,PQ rate for MOB 30
NRP-L,202411,Coll_Principal,31,31,Manual,-0.0446543601445342,,PQ rate for MOB 31
NRP-L,202411,Coll_Interest,31,31,Manual,-0.0148391412425172,,PQ rate for MOB 31
NRP-L,202411,Coll_Principal,32,32,Manual,-0.0446543601445342,,PQ rate for MOB 32
NRP-L,202411,Coll_Interest,32,32,Manual,-0.0148375228197605,,PQ rate for MOB 32
NRP-L,202411,Coll_Principal,33,33,Manual,-0.0446543601445342,,PQ rate for MOB 33
NRP-L,202411,Coll_Interest,33,33,Manual,-0.014836033417979,,PQ rate for MOB 33
NRP-L,202411,Coll_Principal,34,34,Manual,-0.0446543601445342,,PQ rate for MOB 34
NRP-L,202411,Coll_Interest,34,34,Manual,-0.0148346583945141,,PQ rate for MOB 34
NRP-L,202411,Coll_Principal,35,35,Manual,-0.0446543601445342,,PQ rate for MOB 35
NRP-L,202411,Coll_Interest,35,35,Manual,-0.0148333852206707,,PQ rate for MOB 35
NRP-L,202411,Coll_Principal,36,36,Manual,-0.0446543601445342,,PQ rate for MOB 36
NRP-L,202411,Coll_Interest,36,36,Manual,-0.014832203116319,,PQ rate for MOB 36
NRP-L,202411,Coll_Principal,37,37,Manual,-0.0446543601445342,,PQ rate for MOB 37
NRP-L,202411,Coll_Interest,37,37,Manual,-0.0148311027573119,,PQ rate for MOB 37
NRP-L,202411,Coll_Principal,38,38,Manual,-0.0446543601445342,,PQ rate for MOB 38
NRP-L,202411,Coll_Interest,38,38,Manual,-0.0148300760394141,,PQ rate for MOB 38
NRP-L,202411,Coll_Principal,39,39,Manual,-0.0446543601445342,,PQ rate for MOB 39
NRP-L,202411,Coll_Interest,39,39,Manual,-0.0148291158864638,,PQ rate for MOB 39
NRP-L,202411,Coll_Principal,40,40,Manual,-0.0446543601445342,,PQ rate for MOB 40
NRP-L,202411,Coll_Interest,40,40,Manual,-0.0148282160934362,,PQ rate for MOB 40
NRP-L,202411,Coll_Principal,41,41,Manual,-0.0446543601445342,,PQ rate for MOB 41
NRP-L,202411,Coll_Interest,41,41,Manual,-0.0148273711972488,,PQ rate for MOB 41
NRP-L,202411,Coll_Principal,42,42,Manual,-0.0446543601445342,,PQ rate for MOB 42
NRP-L,202411,Coll_Interest,42,42,Manual,-0.0148265763697792,,PQ rate for MOB 42
NRP-M,202411,Coll_Principal,11,11,Manual,-0.034583067231373,,PQ rate for MOB 11
NRP-M,202411,Coll_Interest,11,11,Manual,-0.0167138001764845,,PQ rate for MOB 11
NRP-M,202411,Coll_Principal,12,12,Manual,-0.036086325824258,,PQ rate for MOB 12
NRP-M,202411,Coll_Interest,12,12,Manual,-0.0171076607467663,,PQ rate for MOB 12
NRP-M,202411,Coll_Principal,13,13,Manual,-0.0359788096249532,,PQ rate for MOB 13
NRP-M,202411,Coll_Interest,13,13,Manual,-0.0173502408007771,,PQ rate for MOB 13
NRP-M,202411,Coll_Principal,14,14,Manual,-0.0351465452166365,,PQ rate for MOB 14
NRP-M,202411,Coll_Interest,14,14,Manual,-0.0175060512769273,,PQ rate for MOB 14
NRP-M,202411,Coll_Principal,15,15,Manual,-0.0370699520752794,,PQ rate for MOB 15
NRP-M,202411,Coll_Interest,15,15,Manual,-0.0176091893965584,,PQ rate for MOB 15
NRP-M,202411,Coll_Principal,16,16,Manual,-0.0370699520752794,,PQ rate for MOB 16
NRP-M,202411,Coll_Interest,16,16,Manual,-0.0176789090435596,,PQ rate for MOB 16
NRP-M,202411,Coll_Principal,17,17,Manual,-0.0370699520752794,,PQ rate for MOB 17
NRP-M,202411,Coll_Interest,17,17,Manual,-0.0177266672776204,,PQ rate for MOB 17
NRP-M,202411,Coll_Principal,18,18,Manual,-0.0370699520752794,,PQ rate for MOB 18
NRP-M,202411,Coll_Interest,18,18,Manual,-0.017759577682957,,PQ rate for MOB 18
NRP-M,202411,Coll_Principal,19,19,Manual,-0.0370699520752794,,PQ rate for MOB 19
NRP-M,202411,Coll_Interest,19,19,Manual,-0.0177822148700858,,PQ rate for MOB 19
NRP-M,202411,Coll_Principal,20,20,Manual,-0.0370699520752794,,PQ rate for MOB 20
NRP-M,202411,Coll_Interest,20,20,Manual,-0.0177976085357014,,PQ rate for MOB 20
NRP-M,202411,Coll_Principal,21,21,Manual,-0.0370699520752794,,PQ rate for MOB 21
NRP-M,202411,Coll_Interest,21,21,Manual,-0.0178078158670924,,PQ rate for MOB 21
NRP-M,202411,Coll_Principal,22,22,Manual,-0.0370699520752794,,PQ rate for MOB 22
NRP-M,202411,Coll_Interest,22,22,Manual,-0.0178142638057529,,PQ rate for MOB 22
NRP-M,202411,Coll_Principal,23,23,Manual,-0.0370699520752794,,PQ rate for MOB 23
NRP-M,202411,Coll_Interest,23,23,Manual,-0.0178179604523454,,PQ rate for MOB 23
NRP-M,202411,Coll_Principal,24,24,Manual,-0.0370699520752794,,PQ rate for MOB 24
NRP-M,202411,Coll_Interest,24,24,Manual,-0.0178196293849324,,PQ rate for MOB 24
NRP-M,202411,Coll_Principal,25,25,Manual,-0.0370699520752794,,PQ rate for MOB 25
NRP-M,202411,Coll_Interest,25,25,Manual,-0.0178197971411357,,PQ rate for MOB 25
NRP-M,202411,Coll_Principal,26,26,Manual,-0.0370699520752794,,PQ rate for MOB 26
NRP-M,202411,Coll_Interest,26,26,Manual,-0.017818851458247,,PQ rate for MOB 26
NRP-M,202411,Coll_Principal,27,27,Manual,-0.0370699520752794,,PQ rate for MOB 27
NRP-M,202411,Coll_Interest,27,27,Manual,-0.0178170808094343,,PQ rate for MOB 27
NRP-M,202411,Coll_Principal,28,28,Manual,-0.0370699520752794,,PQ rate for MOB 28
NRP-M,202411,Coll_Interest,28,28,Manual,-0.0178147017153403,,PQ rate for MOB 28
NRP-M,202411,Coll_Principal,29,29,Manual,-0.0370699520752794,,PQ rate for MOB 29
NRP-M,202411,Coll_Interest,29,29,Manual,-0.0178118779093206,,PQ rate for MOB 29
NRP-M,202411,Coll_Principal,30,30,Manual,-0.0370699520752794,,PQ rate for MOB 30
NRP-M,202411,Coll_Interest,30,30,Manual,-0.0178087339780729,,PQ rate for MOB 30
NRP-M,202411,Coll_Principal,31,31,Manual,-0.0370699520752794,,PQ rate for MOB 31
NRP-M,202411,Coll_Interest,31,31,Manual,-0.0178053651956309,,PQ rate for MOB 31
NRP-M,202411,Coll_Principal,32,32,Manual,-0.0370699520752794,,PQ rate for MOB 32
NRP-M,202411,Coll_Interest,32,32,Manual,-0.0178018446962286,,PQ rate for MOB 32
NRP-M,202411,Coll_Principal,33,33,Manual,-0.0370699520752794,,PQ rate for MOB 33
NRP-M,202411,Coll_Interest,33,33,Manual,-0.0177982287620631,,PQ rate for MOB 33
NRP-M,202411,Coll_Principal,34,34,Manual,-0.0370699520752794,,PQ rate for MOB 34
NRP-M,202411,Coll_Interest,34,34,Manual,-0.0177945607593933,,PQ rate for MOB 34
NRP-M,202411,Coll_Principal,35,35,Manual,-0.0370699520752794,,PQ rate for MOB 35
NRP-M,202411,Coll_Interest,35,35,Manual,-0.0177908740946016,,PQ rate for MOB 35
NRP-M,202411,Coll_Principal,36,36,Manual,-0.0370699520752794,,PQ rate for MOB 36
NRP-M,202411,Coll_Interest,36,36,Manual,-0.017787194452336,,PQ rate for MOB 36
NRP-M,202411,Coll_Principal,37,37,Manual,-0.0370699520752794,,PQ rate for MOB 37
NRP-M,202411,Coll_Interest,37,37,Manual,-0.0177835415027326,,PQ rate for MOB 37
NRP-M,202411,Coll_Principal,38,38,Manual,-0.0370699520752794,,PQ rate for MOB 38
NRP-M,202411,Coll_Interest,38,38,Manual,-0.017779930212553,,PQ rate for MOB 38
NRP-M,202411,Coll_Principal,39,39,Manual,-0.0370699520752794,,PQ rate for MOB 39
NRP-M,202411,Coll_Interest,39,39,Manual,-0.0177763718584148,,PQ rate for MOB 39
NRP-M,202411,Coll_Principal,40,40,Manual,-0.0370699520752794,,PQ rate for MOB 40
NRP-M,202411,Coll_Interest,40,40,Manual,-0.0177728748142646,,PQ rate for MOB 40
NRP-M,202411,Coll_Principal,41,41,Manual,-0.0370699520752794,,PQ rate for MOB 41
NRP-M,202411,Coll_Interest,41,41,Manual,-0.0177694451665642,,PQ rate for MOB 41
NRP-M,202411,Coll_Principal,42,42,Manual,-0.0370699520752794,,PQ rate for MOB 42
NRP-M,202411,Coll_Interest,42,42,Manual,-0.0177660871971438,,PQ rate for MOB 42
NRP-S,202411,Coll_Principal,11,11,Manual,-0.0506603991798444,,PQ rate for MOB 11
NRP-S,202411,Coll_Interest,11,11,Manual,-0.0190532992694573,,PQ rate for MOB 11
NRP-S,202411,Coll_Principal,12,12,Manual,-0.0518876799198222,,PQ rate for MOB 12
NRP-S,202411,Coll_Interest,12,12,Manual,-0.0194139728416674,,PQ rate for MOB 12
NRP-S,202411,Coll_Principal,13,13,Manual,-0.0512880626964108,,PQ rate for MOB 13
NRP-S,202411,Coll_Interest,13,13,Manual,-0.0196442069187224,,PQ rate for MOB 13
NRP-S,202411,Coll_Principal,14,14,Manual,-0.0514996548832374,,PQ rate for MOB 14
NRP-S,202411,Coll_Interest,14,14,Manual,-0.0197982202929015,,PQ rate for MOB 14
NRP-S,202411,Coll_Principal,15,15,Manual,-0.0522309439745597,,PQ rate for MOB 15
NRP-S,202411,Coll_Interest,15,15,Manual,-0.0199050296706611,,PQ rate for MOB 15
NRP-S,202411,Coll_Principal,16,16,Manual,-0.0522309439745597,,PQ rate for MOB 16
NRP-S,202411,Coll_Interest,16,16,Manual,-0.0199812364422938,,PQ rate for MOB 16
NRP-S,202411,Coll_Principal,17,17,Manual,-0.0522309439745597,,PQ rate for MOB 17
NRP-S,202411,Coll_Interest,17,17,Manual,-0.0200368568345598,,PQ rate for MOB 17
NRP-S,202411,Coll_Principal,18,18,Manual,-0.0522309439745597,,PQ rate for MOB 18
NRP-S,202411,Coll_Interest,18,18,Manual,-0.0200782012703205,,PQ rate for MOB 18
NRP-S,202411,Coll_Principal,19,19,Manual,-0.0522309439745597,,PQ rate for MOB 19
NRP-S,202411,Coll_Interest,19,19,Manual,-0.0201093909781135,,PQ rate for MOB 19
NRP-S,202411,Coll_Principal,20,20,Manual,-0.0522309439745597,,PQ rate for MOB 20
NRP-S,202411,Coll_Interest,20,20,Manual,-0.0201332003700325,,PQ rate for MOB 20
NRP-S,202411,Coll_Principal,21,21,Manual,-0.0522309439745597,,PQ rate for MOB 21
NRP-S,202411,Coll_Interest,21,21,Manual,-0.0201515462551846,,PQ rate for MOB 21
NRP-S,202411,Coll_Principal,22,22,Manual,-0.0522309439745597,,PQ rate for MOB 22
NRP-S,202411,Coll_Interest,22,22,Manual,-0.0201657829516704,,PQ rate for MOB 22
NRP-S,202411,Coll_Principal,23,23,Manual,-0.0522309439745597,,PQ rate for MOB 23
NRP-S,202411,Coll_Interest,23,23,Manual,-0.0201768862403816,,PQ rate for MOB 23
NRP-S,202411,Coll_Principal,24,24,Manual,-0.0522309439745597,,PQ rate for MOB 24
NRP-S,202411,Coll_Interest,24,24,Manual,-0.0201855713537063,,PQ rate for MOB 24
NRP-S,202411,Coll_Principal,25,25,Manual,-0.0522309439745597,,PQ rate for MOB 25
NRP-S,202411,Coll_Interest,25,25,Manual,-0.0201923705804874,,PQ rate for MOB 25
NRP-S,202411,Coll_Principal,26,26,Manual,-0.0522309439745597,,PQ rate for MOB 26
NRP-S,202411,Coll_Interest,26,26,Manual,-0.0201976854597392,,PQ rate for MOB 26
NRP-S,202411,Coll_Principal,27,27,Manual,-0.0522309439745597,,PQ rate for MOB 27
NRP-S,202411,Coll_Interest,27,27,Manual,-0.0202018225893138,,PQ rate for MOB 27
NRP-S,202411,Coll_Principal,28,28,Manual,-0.0522309439745597,,PQ rate for MOB 28
NRP-S,202411,Coll_Interest,28,28,Manual,-0.0202050186362039,,PQ rate for MOB 28
NRP-S,202411,Coll_Principal,29,29,Manual,-0.0522309439745597,,PQ rate for MOB 29
NRP-S,202411,Coll_Interest,29,29,Manual,-0.020207458088958,,PQ rate for MOB 29
NRP-S,202411,Coll_Principal,30,30,Manual,-0.0522309439745597,,PQ rate for MOB 30
NRP-S,202411,Coll_Interest,30,30,Manual,-0.0202092860442515,,PQ rate for MOB 30
NRP-S,202411,Coll_Principal,31,31,Manual,-0.0522309439745597,,PQ rate for MOB 31
NRP-S,202411,Coll_Interest,31,31,Manual,-0.0202106175403856,,PQ rate for MOB 31
NRP-S,202411,Coll_Principal,32,32,Manual,-0.0522309439745597,,PQ rate for MOB 32
NRP-S,202411,Coll_Interest,32,32,Manual,-0.020211544453884,,PQ rate for MOB 32
NRP-S,202411,Coll_Principal,33,33,Manual,-0.0522309439745597,,PQ rate for MOB 33
NRP-S,202411,Coll_Interest,33,33,Manual,-0.0202121406528577,,PQ rate for MOB 33
NRP-S,202411,Coll_Principal,34,34,Manual,-0.0522309439745597,,PQ rate for MOB 34
NRP-S,202411,Coll_Interest,34,34,Manual,-0.0202124658877047,,PQ rate for MOB 34
NRP-S,202411,Coll_Principal,35,35,Manual,-0.0522309439745597,,PQ rate for MOB 35
NRP-S,202411,Coll_Interest,35,35,Manual,-0.0202125687566496,,PQ rate for MOB 35
NRP-S,202411,Coll_Principal,36,36,Manual,-0.0522309439745597,,PQ rate for MOB 36
NRP-S,202411,Coll_Interest,36,36,Manual,-0.0202124889861529,,PQ rate for MOB 36
NRP-S,202411,Coll_Principal,37,37,Manual,-0.0522309439745597,,PQ rate for MOB 37
NRP-S,202411,Coll_Interest,37,37,Manual,-0.0202122591989031,,PQ rate for MOB 37
NRP-S,202411,Coll_Principal,38,38,Manual,-0.0522309439745597,,PQ rate for MOB 38
NRP-S,202411,Coll_Interest,38,38,Manual,-0.0202119062950252,,PQ rate for MOB 38
NRP-S,202411,Coll_Principal,39,39,Manual,-0.0522309439745597,,PQ rate for MOB 39
NRP-S,202411,Coll_Interest,39,39,Manual,-0.0202114525388178,,PQ rate for MOB 39
NRP-S,202411,Coll_Principal,40,40,Manual,-0.0522309439745597,,PQ rate for MOB 40
NRP-S,202411,Coll_Interest,40,40,Manual,-0.0202109164194973,,PQ rate for MOB 40
NRP-S,202411,Coll_Principal,41,41,Manual,-0.0522309439745597,,PQ rate for MOB 41
NRP-S,202411,Coll_Interest,41,41,Manual,-0.0202103133371911,,PQ rate for MOB 41
NRP-S,202411,Coll_Principal,42,42,Manual,-0.0522309439745597,,PQ rate for MOB 42
NRP-S,202411,Coll_Interest,42,42,Manual,-0.0202096561528513,,PQ rate for MOB 42
NON PRIME,202412,Coll_Principal,10,10,Manual,-0.0623962802483266,,PQ rate for MOB 10
NON PRIME,202412,Coll_Interest,10,10,Manual,-0.0281856786823504,,PQ rate for MOB 10
NON PRIME,202412,Coll_Principal,11,11,Manual,-0.0643387935162439,,PQ rate for MOB 11
NON PRIME,202412,Coll_Interest,11,11,Manual,-0.0292242627681522,,PQ rate for MOB 11
NON PRIME,202412,Coll_Principal,12,12,Manual,-0.0643521429681235,,PQ rate for MOB 12
NON PRIME,202412,Coll_Interest,12,12,Manual,-0.0298818100165194,,PQ rate for MOB 12
NON PRIME,202412,Coll_Principal,13,13,Manual,-0.0647443946140437,,PQ rate for MOB 13
NON PRIME,202412,Coll_Interest,13,13,Manual,-0.0303257963119249,,PQ rate for MOB 13
NON PRIME,202412,Coll_Principal,14,14,Manual,-0.0660012232577141,,PQ rate for MOB 14
NON PRIME,202412,Coll_Interest,14,14,Manual,-0.0306405217429212,,PQ rate for MOB 14
NON PRIME,202412,Coll_Principal,15,15,Manual,-0.0660012232577141,,PQ rate for MOB 15
NON PRIME,202412,Coll_Interest,15,15,Manual,-0.0308722748012549,,PQ rate for MOB 15
NON PRIME,202412,Coll_Principal,16,16,Manual,-0.0660012232577141,,PQ rate for MOB 16
NON PRIME,202412,Coll_Interest,16,16,Manual,-0.0310482359718484,,PQ rate for MOB 16
NON PRIME,202412,Coll_Principal,17,17,Manual,-0.0660012232577141,,PQ rate for MOB 17
NON PRIME,202412,Coll_Interest,17,17,Manual,-0.0311852417775689,,PQ rate for MOB 17
NON PRIME,202412,Coll_Principal,18,18,Manual,-0.0660012232577141,,PQ rate for MOB 18
NON PRIME,202412,Coll_Interest,18,18,Manual,-0.0312941864570787,,PQ rate for MOB 18
NON PRIME,202412,Coll_Principal,19,19,Manual,-0.0660012232577141,,PQ rate for MOB 19
NON PRIME,202412,Coll_Interest,19,19,Manual,-0.03138238000927,,PQ rate for MOB 19
NON PRIME,202412,Coll_Principal,20,20,Manual,-0.0660012232577141,,PQ rate for MOB 20
NON PRIME,202412,Coll_Interest,20,20,Manual,-0.0314548804898996,,PQ rate for MOB 20
NON PRIME,202412,Coll_Principal,21,21,Manual,-0.0660012232577141,,PQ rate for MOB 21
NON PRIME,202412,Coll_Interest,21,21,Manual,-0.0315152811841026,,PQ rate for MOB 21
NON PRIME,202412,Coll_Principal,22,22,Manual,-0.0660012232577141,,PQ rate for MOB 22
NON PRIME,202412,Coll_Interest,22,22,Manual,-0.0315661937759697,,PQ rate for MOB 22
NON PRIME,202412,Coll_Principal,23,23,Manual,-0.0660012232577141,,PQ rate for MOB 23
NON PRIME,202412,Coll_Interest,23,23,Manual,-0.031609554847042,,PQ rate for MOB 23
NON PRIME,202412,Coll_Principal,24,24,Manual,-0.0660012232577141,,PQ rate for MOB 24
NON PRIME,202412,Coll_Interest,24,24,Manual,-0.0316468259705284,,PQ rate for MOB 24
NON PRIME,202412,Coll_Principal,25,25,Manual,-0.0660012232577141,,PQ rate for MOB 25
NON PRIME,202412,Coll_Interest,25,25,Manual,-0.0316791276875811,,PQ rate for MOB 25
NON PRIME,202412,Coll_Principal,26,26,Manual,-0.0660012232577141,,PQ rate for MOB 26
NON PRIME,202412,Coll_Interest,26,26,Manual,-0.031707331250299,,PQ rate for MOB 26
NON PRIME,202412,Coll_Principal,27,27,Manual,-0.0660012232577141,,PQ rate for MOB 27
NON PRIME,202412,Coll_Interest,27,27,Manual,-0.0317321227181087,,PQ rate for MOB 27
NON PRIME,202412,Coll_Principal,28,28,Manual,-0.0660012232577141,,PQ rate for MOB 28
NON PRIME,202412,Coll_Interest,28,28,Manual,-0.031754048554273,,PQ rate for MOB 28
NON PRIME,202412,Coll_Principal,29,29,Manual,-0.0660012232577141,,PQ rate for MOB 29
NON PRIME,202412,Coll_Interest,29,29,Manual,-0.0317735485957087,,PQ rate for MOB 29
NON PRIME,202412,Coll_Principal,30,30,Manual,-0.0660012232577141,,PQ rate for MOB 30
NON PRIME,202412,Coll_Interest,30,30,Manual,-0.0317909802488655,,PQ rate for MOB 30
NON PRIME,202412,Coll_Principal,31,31,Manual,-0.0660012232577141,,PQ rate for MOB 31
NON PRIME,202412,Coll_Interest,31,31,Manual,-0.0318066364885622,,PQ rate for MOB 31
NON PRIME,202412,Coll_Principal,32,32,Manual,-0.0660012232577141,,PQ rate for MOB 32
NON PRIME,202412,Coll_Interest,32,32,Manual,-0.0318207594140868,,PQ rate for MOB 32
NON PRIME,202412,Coll_Principal,33,33,Manual,-0.0660012232577141,,PQ rate for MOB 33
NON PRIME,202412,Coll_Interest,33,33,Manual,-0.0318335505763539,,PQ rate for MOB 33
NON PRIME,202412,Coll_Principal,34,34,Manual,-0.0660012232577141,,PQ rate for MOB 34
NON PRIME,202412,Coll_Interest,34,34,Manual,-0.0318451789285287,,PQ rate for MOB 34
NON PRIME,202412,Coll_Principal,35,35,Manual,-0.0660012232577141,,PQ rate for MOB 35
NON PRIME,202412,Coll_Interest,35,35,Manual,-0.0318557870070015,,PQ rate for MOB 35
NON PRIME,202412,Coll_Principal,36,36,Manual,-0.0660012232577141,,PQ rate for MOB 36
NON PRIME,202412,Coll_Interest,36,36,Manual,-0.0318654957803161,,PQ rate for MOB 36
NON PRIME,202412,Coll_Principal,37,37,Manual,-0.0660012232577141,,PQ rate for MOB 37
NON PRIME,202412,Coll_Interest,37,37,Manual,-0.0318744084853282,,PQ rate for MOB 37
NON PRIME,202412,Coll_Principal,38,38,Manual,-0.0660012232577141,,PQ rate for MOB 38
NON PRIME,202412,Coll_Interest,38,38,Manual,-0.0318826136861055,,PQ rate for MOB 38
NON PRIME,202412,Coll_Principal,39,39,Manual,-0.0660012232577141,,PQ rate for MOB 39
NON PRIME,202412,Coll_Interest,39,39,Manual,-0.0318901877310799,,PQ rate for MOB 39
NON PRIME,202412,Coll_Principal,40,40,Manual,-0.0660012232577141,,PQ rate for MOB 40
NON PRIME,202412,Coll_Interest,40,40,Manual,-0.0318971967405004,,PQ rate for MOB 40
NON PRIME,202412,Coll_Principal,41,41,Manual,-0.0660012232577141,,PQ rate for MOB 41
NON PRIME,202412,Coll_Interest,41,41,Manual,-0.0319036982244345,,PQ rate for MOB 41
NRP-L,202412,Coll_Principal,10,10,Manual,-0.008410335316075,,PQ rate for MOB 10
NRP-L,202412,Coll_Interest,10,10,Manual,-0.0107303733991535,,PQ rate for MOB 10
NRP-L,202412,Coll_Principal,11,11,Manual,-0.0084630289364252,,PQ rate for MOB 11
NRP-L,202412,Coll_Interest,11,11,Manual,-0.0109719389058747,,PQ rate for MOB 11
NRP-L,202412,Coll_Principal,12,12,Manual,-0.0085555761766093,,PQ rate for MOB 12
NRP-L,202412,Coll_Interest,12,12,Manual,-0.0111528624063238,,PQ rate for MOB 12
NRP-L,202412,Coll_Principal,13,13,Manual,-0.0085507739355526,,PQ rate for MOB 13
NRP-L,202412,Coll_Interest,13,13,Manual,-0.0112934414457886,,PQ rate for MOB 13
NRP-L,202412,Coll_Principal,14,14,Manual,-0.0085835921465766,,PQ rate for MOB 14
NRP-L,202412,Coll_Interest,14,14,Manual,-0.0114058211341632,,PQ rate for MOB 14
NRP-L,202412,Coll_Principal,15,15,Manual,-0.0085835921465766,,PQ rate for MOB 15
NRP-L,202412,Coll_Interest,15,15,Manual,-0.0114977149880714,,PQ rate for MOB 15
NRP-L,202412,Coll_Principal,16,16,Manual,-0.0085835921465766,,PQ rate for MOB 16
NRP-L,202412,Coll_Interest,16,16,Manual,-0.011574257757093,,PQ rate for MOB 16
NRP-L,202412,Coll_Principal,17,17,Manual,-0.0085835921465766,,PQ rate for MOB 17
NRP-L,202412,Coll_Interest,17,17,Manual,-0.011639000178333,,PQ rate for MOB 17
NRP-L,202412,Coll_Principal,18,18,Manual,-0.0085835921465766,,PQ rate for MOB 18
NRP-L,202412,Coll_Interest,18,18,Manual,-0.0116944761557082,,PQ rate for MOB 18
NRP-L,202412,Coll_Principal,19,19,Manual,-0.0085835921465766,,PQ rate for MOB 19
NRP-L,202412,Coll_Interest,19,19,Manual,-0.0117425424833004,,PQ rate for MOB 19
NRP-L,202412,Coll_Principal,20,20,Manual,-0.0085835921465766,,PQ rate for MOB 20
NRP-L,202412,Coll_Interest,20,20,Manual,-0.0117845908803439,,PQ rate for MOB 20
NRP-L,202412,Coll_Principal,21,21,Manual,-0.0085835921465766,,PQ rate for MOB 21
NRP-L,202412,Coll_Interest,21,21,Manual,-0.0118216850356885,,PQ rate for MOB 21
NRP-L,202412,Coll_Principal,22,22,Manual,-0.0085835921465766,,PQ rate for MOB 22
NRP-L,202412,Coll_Interest,22,22,Manual,-0.0118546518848602,,PQ rate for MOB 22
NRP-L,202412,Coll_Principal,23,23,Manual,-0.0085835921465766,,PQ rate for MOB 23
NRP-L,202412,Coll_Interest,23,23,Manual,-0.0118841440130481,,PQ rate for MOB 23
NRP-L,202412,Coll_Principal,24,24,Manual,-0.0085835921465766,,PQ rate for MOB 24
NRP-L,202412,Coll_Interest,24,24,Manual,-0.0119106833073499,,PQ rate for MOB 24
NRP-L,202412,Coll_Principal,25,25,Manual,-0.0085835921465766,,PQ rate for MOB 25
NRP-L,202412,Coll_Interest,25,25,Manual,-0.0119346921184731,,PQ rate for MOB 25
NRP-L,202412,Coll_Principal,26,26,Manual,-0.0085835921465766,,PQ rate for MOB 26
NRP-L,202412,Coll_Interest,26,26,Manual,-0.011956515912034,,PQ rate for MOB 26
NRP-L,202412,Coll_Principal,27,27,Manual,-0.0085835921465766,,PQ rate for MOB 27
NRP-L,202412,Coll_Interest,27,27,Manual,-0.0119764400031541,,PQ rate for MOB 27
NRP-L,202412,Coll_Principal,28,28,Manual,-0.0085835921465766,,PQ rate for MOB 28
NRP-L,202412,Coll_Interest,28,28,Manual,-0.0119947021022961,,PQ rate for MOB 28
NRP-L,202412,Coll_Principal,29,29,Manual,-0.0085835921465766,,PQ rate for MOB 29
NRP-L,202412,Coll_Interest,29,29,Manual,-0.0120115018466237,,PQ rate for MOB 29
NRP-L,202412,Coll_Principal,30,30,Manual,-0.0085835921465766,,PQ rate for MOB 30
NRP-L,202412,Coll_Interest,30,30,Manual,-0.0120270081294097,,PQ rate for MOB 30
NRP-L,202412,Coll_Principal,31,31,Manual,-0.0085835921465766,,PQ rate for MOB 31
NRP-L,202412,Coll_Interest,31,31,Manual,-0.0120413647989937,,PQ rate for MOB 31
NRP-L,202412,Coll_Principal,32,32,Manual,-0.0085835921465766,,PQ rate for MOB 32
NRP-L,202412,Coll_Interest,32,32,Manual,-0.0120546951353256,,PQ rate for MOB 32
NRP-L,202412,Coll_Principal,33,33,Manual,-0.0085835921465766,,PQ rate for MOB 33
NRP-L,202412,Coll_Interest,33,33,Manual,-0.0120671053994507,,PQ rate for MOB 33
NRP-L,202412,Coll_Principal,34,34,Manual,-0.0085835921465766,,PQ rate for MOB 34
NRP-L,202412,Coll_Interest,34,34,Manual,-0.0120786876724563,,PQ rate for MOB 34
NRP-L,202412,Coll_Principal,35,35,Manual,-0.0085835921465766,,PQ rate for MOB 35
NRP-L,202412,Coll_Interest,35,35,Manual,-0.0120895221444681,,PQ rate for MOB 35
NRP-L,202412,Coll_Principal,36,36,Manual,-0.0085835921465766,,PQ rate for MOB 36
NRP-L,202412,Coll_Interest,36,36,Manual,-0.0120996789741017,,PQ rate for MOB 36
NRP-L,202412,Coll_Principal,37,37,Manual,-0.0085835921465766,,PQ rate for MOB 37
NRP-L,202412,Coll_Interest,37,37,Manual,-0.0121092198095623,,PQ rate for MOB 37
NRP-L,202412,Coll_Principal,38,38,Manual,-0.0085835921465766,,PQ rate for MOB 38
NRP-L,202412,Coll_Interest,38,38,Manual,-0.0121181990411068,,PQ rate for MOB 38
NRP-L,202412,Coll_Principal,39,39,Manual,-0.0085835921465766,,PQ rate for MOB 39
NRP-L,202412,Coll_Interest,39,39,Manual,-0.0121266648386397,,PQ rate for MOB 39
NRP-L,202412,Coll_Principal,40,40,Manual,-0.0085835921465766,,PQ rate for MOB 40
NRP-L,202412,Coll_Interest,40,40,Manual,-0.0121346600162506,,PQ rate for MOB 40
NRP-L,202412,Coll_Principal,41,41,Manual,-0.0085835921465766,,PQ rate for MOB 41
NRP-L,202412,Coll_Interest,41,41,Manual,-0.0121422227564607,,PQ rate for MOB 41
NRP-M,202412,Coll_Principal,10,10,Manual,-0.0257168261856155,,PQ rate for MOB 10
NRP-M,202412,Coll_Interest,10,10,Manual,-0.0159365300755033,,PQ rate for MOB 10
NRP-M,202412,Coll_Principal,11,11,Manual,-0.0252638388553599,,PQ rate for MOB 11
NRP-M,202412,Coll_Interest,11,11,Manual,-0.0161321908156661,,PQ rate for MOB 11
NRP-M,202412,Coll_Principal,12,12,Manual,-0.0233508948078841,,PQ rate for MOB 12
NRP-M,202412,Coll_Interest,12,12,Manual,-0.0162557459781043,,PQ rate for MOB 12
NRP-M,202412,Coll_Principal,13,13,Manual,-0.0225574070208991,,PQ rate for MOB 13
NRP-M,202412,Coll_Interest,13,13,Manual,-0.0163389608862873,,PQ rate for MOB 13
NRP-M,202412,Coll_Principal,14,14,Manual,-0.0199600770898752,,PQ rate for MOB 14
NRP-M,202412,Coll_Interest,14,14,Manual,-0.0163978026819391,,PQ rate for MOB 14
NRP-M,202412,Coll_Principal,15,15,Manual,-0.0199600770898752,,PQ rate for MOB 15
NRP-M,202412,Coll_Interest,15,15,Manual,-0.0164410267950848,,PQ rate for MOB 15
NRP-M,202412,Coll_Principal,16,16,Manual,-0.0199600770898752,,PQ rate for MOB 16
NRP-M,202412,Coll_Interest,16,16,Manual,-0.0164737674399025,,PQ rate for MOB 16
NRP-M,202412,Coll_Principal,17,17,Manual,-0.0199600770898752,,PQ rate for MOB 17
NRP-M,202412,Coll_Interest,17,17,Manual,-0.0164992006743456,,PQ rate for MOB 17
NRP-M,202412,Coll_Principal,18,18,Manual,-0.0199600770898752,,PQ rate for MOB 18
NRP-M,202412,Coll_Interest,18,18,Manual,-0.0165193788838005,,PQ rate for MOB 18
NRP-M,202412,Coll_Principal,19,19,Manual,-0.0199600770898752,,PQ rate for MOB 19
NRP-M,202412,Coll_Interest,19,19,Manual,-0.0165356774144211,,PQ rate for MOB 19
NRP-M,202412,Coll_Principal,20,20,Manual,-0.0199600770898752,,PQ rate for MOB 20
NRP-M,202412,Coll_Interest,20,20,Manual,-0.0165490466905341,,PQ rate for MOB 20
NRP-M,202412,Coll_Principal,21,21,Manual,-0.0199600770898752,,PQ rate for MOB 21
NRP-M,202412,Coll_Interest,21,21,Manual,-0.0165601610402607,,PQ rate for MOB 21
NRP-M,202412,Coll_Principal,22,22,Manual,-0.0199600770898752,,PQ rate for MOB 22
NRP-M,202412,Coll_Interest,22,22,Manual,-0.0165695099630608,,PQ rate for MOB 22
NRP-M,202412,Coll_Principal,23,23,Manual,-0.0199600770898752,,PQ rate for MOB 23
NRP-M,202412,Coll_Interest,23,23,Manual,-0.0165774559735828,,PQ rate for MOB 23
NRP-M,202412,Coll_Principal,24,24,Manual,-0.0199600770898752,,PQ rate for MOB 24
NRP-M,202412,Coll_Interest,24,24,Manual,-0.0165842723309394,,PQ rate for MOB 24
NRP-M,202412,Coll_Principal,25,25,Manual,-0.0199600770898752,,PQ rate for MOB 25
NRP-M,202412,Coll_Interest,25,25,Manual,-0.016590168278742,,PQ rate for MOB 25
NRP-M,202412,Coll_Principal,26,26,Manual,-0.0199600770898752,,PQ rate for MOB 26
NRP-M,202412,Coll_Interest,26,26,Manual,-0.0165953063136565,,PQ rate for MOB 26
NRP-M,202412,Coll_Principal,27,27,Manual,-0.0199600770898752,,PQ rate for MOB 27
NRP-M,202412,Coll_Interest,27,27,Manual,-0.0165998142396639,,PQ rate for MOB 27
NRP-M,202412,Coll_Principal,28,28,Manual,-0.0199600770898752,,PQ rate for MOB 28
NRP-M,202412,Coll_Interest,28,28,Manual,-0.0166037937357854,,PQ rate for MOB 28
NRP-M,202412,Coll_Principal,29,29,Manual,-0.0199600770898752,,PQ rate for MOB 29
NRP-M,202412,Coll_Interest,29,29,Manual,-0.0166073265459336,,PQ rate for MOB 29
NRP-M,202412,Coll_Principal,30,30,Manual,-0.0199600770898752,,PQ rate for MOB 30
NRP-M,202412,Coll_Interest,30,30,Manual,-0.0166104790176765,,PQ rate for MOB 30
NRP-M,202412,Coll_Principal,31,31,Manual,-0.0199600770898752,,PQ rate for MOB 31
NRP-M,202412,Coll_Interest,31,31,Manual,-0.0166133054757013,,PQ rate for MOB 31
NRP-M,202412,Coll_Principal,32,32,Manual,-0.0199600770898752,,PQ rate for MOB 32
NRP-M,202412,Coll_Interest,32,32,Manual,-0.0166158507604733,,PQ rate for MOB 32
NRP-M,202412,Coll_Principal,33,33,Manual,-0.0199600770898752,,PQ rate for MOB 33
NRP-M,202412,Coll_Interest,33,33,Manual,-0.0166181521606113,,PQ rate for MOB 33
NRP-M,202412,Coll_Principal,34,34,Manual,-0.0199600770898752,,PQ rate for MOB 34
NRP-M,202412,Coll_Interest,34,34,Manual,-0.0166202408993539,,PQ rate for MOB 34
NRP-M,202412,Coll_Principal,35,35,Manual,-0.0199600770898752,,PQ rate for MOB 35
NRP-M,202412,Coll_Interest,35,35,Manual,-0.0166221432892284,,PQ rate for MOB 35
NRP-M,202412,Coll_Principal,36,36,Manual,-0.0199600770898752,,PQ rate for MOB 36
NRP-M,202412,Coll_Interest,36,36,Manual,-0.0166238816371471,,PQ rate for MOB 36
NRP-M,202412,Coll_Principal,37,37,Manual,-0.0199600770898752,,PQ rate for MOB 37
NRP-M,202412,Coll_Interest,37,37,Manual,-0.0166254749598867,,PQ rate for MOB 37
NRP-M,202412,Coll_Principal,38,38,Manual,-0.0199600770898752,,PQ rate for MOB 38
NRP-M,202412,Coll_Interest,38,38,Manual,-0.0166269395541478,,PQ rate for MOB 38
NRP-M,202412,Coll_Principal,39,39,Manual,-0.0199600770898752,,PQ rate for MOB 39
NRP-M,202412,Coll_Interest,39,39,Manual,-0.0166282894541095,,PQ rate for MOB 39
NRP-M,202412,Coll_Principal,40,40,Manual,-0.0199600770898752,,PQ rate for MOB 40
NRP-M,202412,Coll_Interest,40,40,Manual,-0.0166295368012299,,PQ rate for MOB 40
NRP-M,202412,Coll_Principal,41,41,Manual,-0.0199600770898752,,PQ rate for MOB 41
NRP-M,202412,Coll_Interest,41,41,Manual,-0.0166306921450692,,PQ rate for MOB 41
NRP-S,202412,Coll_Principal,10,10,Manual,-0.0524204056260163,,PQ rate for MOB 10
NRP-S,202412,Coll_Interest,10,10,Manual,-0.0191899707908634,,PQ rate for MOB 10
NRP-S,202412,Coll_Principal,11,11,Manual,-0.0523103403197126,,PQ rate for MOB 11
NRP-S,202412,Coll_Interest,11,11,Manual,-0.0196524945816659,,PQ rate for MOB 11
NRP-S,202412,Coll_Principal,12,12,Manual,-0.0512223889932579,,PQ rate for MOB 12
NRP-S,202412,Coll_Interest,12,12,Manual,-0.0199347006331641,,PQ rate for MOB 12
NRP-S,202412,Coll_Principal,13,13,Manual,-0.0501861239344317,,PQ rate for MOB 13
NRP-S,202412,Coll_Interest,13,13,Manual,-0.0201182571223273,,PQ rate for MOB 13
NRP-S,202412,Coll_Principal,14,14,Manual,-0.0503845362762316,,PQ rate for MOB 14
NRP-S,202412,Coll_Interest,14,14,Manual,-0.02024354004979,,PQ rate for MOB 14
NRP-S,202412,Coll_Principal,15,15,Manual,-0.0503845362762316,,PQ rate for MOB 15
NRP-S,202412,Coll_Interest,15,15,Manual,-0.0203323228225253,,PQ rate for MOB 15
NRP-S,202412,Coll_Principal,16,16,Manual,-0.0503845362762316,,PQ rate for MOB 16
NRP-S,202412,Coll_Interest,16,16,Manual,-0.0203971608393759,,PQ rate for MOB 16
NRP-S,202412,Coll_Principal,17,17,Manual,-0.0503845362762316,,PQ rate for MOB 17
NRP-S,202412,Coll_Interest,17,17,Manual,-0.0204456908041065,,PQ rate for MOB 17
NRP-S,202412,Coll_Principal,18,18,Manual,-0.0503845362762316,,PQ rate for MOB 18
NRP-S,202412,Coll_Interest,18,18,Manual,-0.0204827643648723,,PQ rate for MOB 18
NRP-S,202412,Coll_Principal,19,19,Manual,-0.0503845362762316,,PQ rate for MOB 19
NRP-S,202412,Coll_Interest,19,19,Manual,-0.0205115775128384,,PQ rate for MOB 19
NRP-S,202412,Coll_Principal,20,20,Manual,-0.0503845362762316,,PQ rate for MOB 20
NRP-S,202412,Coll_Interest,20,20,Manual,-0.0205343010637855,,PQ rate for MOB 20
NRP-S,202412,Coll_Principal,21,21,Manual,-0.0503845362762316,,PQ rate for MOB 21
NRP-S,202412,Coll_Interest,21,21,Manual,-0.0205524487031034,,PQ rate for MOB 21
NRP-S,202412,Coll_Principal,22,22,Manual,-0.0503845362762316,,PQ rate for MOB 22
NRP-S,202412,Coll_Interest,22,22,Manual,-0.0205671001748461,,PQ rate for MOB 22
NRP-S,202412,Coll_Principal,23,23,Manual,-0.0503845362762316,,PQ rate for MOB 23
NRP-S,202412,Coll_Interest,23,23,Manual,-0.0205790411522948,,PQ rate for MOB 23
NRP-S,202412,Coll_Principal,24,24,Manual,-0.0503845362762316,,PQ rate for MOB 24
NRP-S,202412,Coll_Interest,24,24,Manual,-0.0205888534447102,,PQ rate for MOB 24
NRP-S,202412,Coll_Principal,25,25,Manual,-0.0503845362762316,,PQ rate for MOB 25
NRP-S,202412,Coll_Interest,25,25,Manual,-0.0205969746624241,,PQ rate for MOB 25
NRP-S,202412,Coll_Principal,26,26,Manual,-0.0503845362762316,,PQ rate for MOB 26
NRP-S,202412,Coll_Interest,26,26,Manual,-0.0206037385752586,,PQ rate for MOB 26
NRP-S,202412,Coll_Principal,27,27,Manual,-0.0503845362762316,,PQ rate for MOB 27
NRP-S,202412,Coll_Interest,27,27,Manual,-0.0206094029637234,,PQ rate for MOB 27
NRP-S,202412,Coll_Principal,28,28,Manual,-0.0503845362762316,,PQ rate for MOB 28
NRP-S,202412,Coll_Interest,28,28,Manual,-0.0206141691881191,,PQ rate for MOB 28
NRP-S,202412,Coll_Principal,29,29,Manual,-0.0503845362762316,,PQ rate for MOB 29
NRP-S,202412,Coll_Interest,29,29,Manual,-0.0206181961639376,,PQ rate for MOB 29
NRP-S,202412,Coll_Principal,30,30,Manual,-0.0503845362762316,,PQ rate for MOB 30
NRP-S,202412,Coll_Interest,30,30,Manual,-0.020621610491087,,PQ rate for MOB 30
NRP-S,202412,Coll_Principal,31,31,Manual,-0.0503845362762316,,PQ rate for MOB 31
NRP-S,202412,Coll_Interest,31,31,Manual,-0.0206245138951193,,PQ rate for MOB 31
NRP-S,202412,Coll_Principal,32,32,Manual,-0.0503845362762316,,PQ rate for MOB 32
NRP-S,202412,Coll_Interest,32,32,Manual,-0.0206269887617249,,PQ rate for MOB 32
NRP-S,202412,Coll_Principal,33,33,Manual,-0.0503845362762316,,PQ rate for MOB 33
NRP-S,202412,Coll_Interest,33,33,Manual,-0.0206291023000954,,PQ rate for MOB 33
NRP-S,202412,Coll_Principal,34,34,Manual,-0.0503845362762316,,PQ rate for MOB 34
NRP-S,202412,Coll_Interest,34,34,Manual,-0.0206309097078323,,PQ rate for MOB 34
NRP-S,202412,Coll_Principal,35,35,Manual,-0.0503845362762316,,PQ rate for MOB 35
NRP-S,202412,Coll_Interest,35,35,Manual,-0.0206324566002945,,PQ rate for MOB 35
NRP-S,202412,Coll_Principal,36,36,Manual,-0.0503845362762316,,PQ rate for MOB 36
NRP-S,202412,Coll_Interest,36,36,Manual,-0.0206337808921944,,PQ rate for MOB 36
NRP-S,202412,Coll_Principal,37,37,Manual,-0.0503845362762316,,PQ rate for MOB 37
NRP-S,202412,Coll_Interest,37,37,Manual,-0.0206349142671997,,PQ rate for MOB 37
NRP-S,202412,Coll_Principal,38,38,Manual,-0.0503845362762316,,PQ rate for MOB 38
NRP-S,202412,Coll_Interest,38,38,Manual,-0.0206358833347523,,PQ rate for MOB 38
NRP-S,202412,Coll_Principal,39,39,Manual,-0.0503845362762316,,PQ rate for MOB 39
NRP-S,202412,Coll_Interest,39,39,Manual,-0.0206367105473483,,PQ rate for MOB 39
NRP-S,202412,Coll_Principal,40,40,Manual,-0.0503845362762316,,PQ rate for MOB 40
NRP-S,202412,Coll_Interest,40,40,Manual,-0.020637414932873,,PQ rate for MOB 40
NRP-S,202412,Coll_Principal,41,41,Manual,-0.0503845362762316,,PQ rate for MOB 41
NRP-S,202412,Coll_Interest,41,41,Manual,-0.0206380126830471,,PQ rate for MOB 41
NON PRIME,202501,Coll_Principal,9,9,Manual,-0.0596482944220343,,PQ rate for MOB 9
NON PRIME,202501,Coll_Interest,9,9,Manual,-0.0282106890808204,,PQ rate for MOB 9
NON PRIME,202501,Coll_Principal,10,10,Manual,-0.0610754312374395,,PQ rate for MOB 10
NON PRIME,202501,Coll_Interest,10,10,Manual,-0.0290507530223297,,PQ rate for MOB 10
NON PRIME,202501,Coll_Principal,11,11,Manual,-0.0610728126011454,,PQ rate for MOB 11
NON PRIME,202501,Coll_Interest,11,11,Manual,-0.0295649055850095,,PQ rate for MOB 11
NON PRIME,202501,Coll_Principal,12,12,Manual,-0.0618780856955961,,PQ rate for MOB 12
NON PRIME,202501,Coll_Interest,12,12,Manual,-0.029907573452106,,PQ rate for MOB 12
NON PRIME,202501,Coll_Principal,13,13,Manual,-0.0635862195635248,,PQ rate for MOB 13
NON PRIME,202501,Coll_Interest,13,13,Manual,-0.0301502337071181,,PQ rate for MOB 13
NON PRIME,202501,Coll_Principal,14,14,Manual,-0.0635862195635248,,PQ rate for MOB 14
NON PRIME,202501,Coll_Interest,14,14,Manual,-0.0303300463928232,,PQ rate for MOB 14
NON PRIME,202501,Coll_Principal,15,15,Manual,-0.0635862195635248,,PQ rate for MOB 15
NON PRIME,202501,Coll_Interest,15,15,Manual,-0.030468055987661,,PQ rate for MOB 15
NON PRIME,202501,Coll_Principal,16,16,Manual,-0.0635862195635248,,PQ rate for MOB 16
NON PRIME,202501,Coll_Interest,16,16,Manual,-0.0305769907331694,,PQ rate for MOB 16
NON PRIME,202501,Coll_Principal,17,17,Manual,-0.0635862195635248,,PQ rate for MOB 17
NON PRIME,202501,Coll_Interest,17,17,Manual,-0.0306649617292374,,PQ rate for MOB 17
NON PRIME,202501,Coll_Principal,18,18,Manual,-0.0635862195635248,,PQ rate for MOB 18
NON PRIME,202501,Coll_Interest,18,18,Manual,-0.0307373621845644,,PQ rate for MOB 18
NON PRIME,202501,Coll_Principal,19,19,Manual,-0.0635862195635248,,PQ rate for MOB 19
NON PRIME,202501,Coll_Interest,19,19,Manual,-0.0307979068584164,,PQ rate for MOB 19
NON PRIME,202501,Coll_Principal,20,20,Manual,-0.0635862195635248,,PQ rate for MOB 20
NON PRIME,202501,Coll_Interest,20,20,Manual,-0.0308492316574633,,PQ rate for MOB 20
NON PRIME,202501,Coll_Principal,21,21,Manual,-0.0635862195635248,,PQ rate for MOB 21
NON PRIME,202501,Coll_Interest,21,21,Manual,-0.0308932551108896,,PQ rate for MOB 21
NON PRIME,202501,Coll_Principal,22,22,Manual,-0.0635862195635248,,PQ rate for MOB 22
NON PRIME,202501,Coll_Interest,22,22,Manual,-0.0309314046319601,,PQ rate for MOB 22
NON PRIME,202501,Coll_Principal,23,23,Manual,-0.0635862195635248,,PQ rate for MOB 23
NON PRIME,202501,Coll_Interest,23,23,Manual,-0.0309647628053936,,PQ rate for MOB 23
NON PRIME,202501,Coll_Principal,24,24,Manual,-0.0635862195635248,,PQ rate for MOB 24
NON PRIME,202501,Coll_Interest,24,24,Manual,-0.0309941646746223,,PQ rate for MOB 24
NON PRIME,202501,Coll_Principal,25,25,Manual,-0.0635862195635248,,PQ rate for MOB 25
NON PRIME,202501,Coll_Interest,25,25,Manual,-0.0310202640669414,,PQ rate for MOB 25
NON PRIME,202501,Coll_Principal,26,26,Manual,-0.0635862195635248,,PQ rate for MOB 26
NON PRIME,202501,Coll_Interest,26,26,Manual,-0.031043579815414,,PQ rate for MOB 26
NON PRIME,202501,Coll_Principal,27,27,Manual,-0.0635862195635248,,PQ rate for MOB 27
NON PRIME,202501,Coll_Interest,27,27,Manual,-0.03106452860904,,PQ rate for MOB 27
NON PRIME,202501,Coll_Principal,28,28,Manual,-0.0635862195635248,,PQ rate for MOB 28
NON PRIME,202501,Coll_Interest,28,28,Manual,-0.0310834487544822,,PQ rate for MOB 28
NON PRIME,202501,Coll_Principal,29,29,Manual,-0.0635862195635248,,PQ rate for MOB 29
NON PRIME,202501,Coll_Interest,29,29,Manual,-0.0311006176393687,,PQ rate for MOB 29
NON PRIME,202501,Coll_Principal,30,30,Manual,-0.0635862195635248,,PQ rate for MOB 30
NON PRIME,202501,Coll_Interest,30,30,Manual,-0.0311162647532542,,PQ rate for MOB 30
NON PRIME,202501,Coll_Principal,31,31,Manual,-0.0635862195635248,,PQ rate for MOB 31
NON PRIME,202501,Coll_Interest,31,31,Manual,-0.0311305815248665,,PQ rate for MOB 31
NON PRIME,202501,Coll_Principal,32,32,Manual,-0.0635862195635248,,PQ rate for MOB 32
NON PRIME,202501,Coll_Interest,32,32,Manual,-0.0311437288441063,,PQ rate for MOB 32
NON PRIME,202501,Coll_Principal,33,33,Manual,-0.0635862195635248,,PQ rate for MOB 33
NON PRIME,202501,Coll_Interest,33,33,Manual,-0.031155842877684,,PQ rate for MOB 33
NON PRIME,202501,Coll_Principal,34,34,Manual,-0.0635862195635248,,PQ rate for MOB 34
NON PRIME,202501,Coll_Interest,34,34,Manual,-0.031167039611565,,PQ rate for MOB 34
NON PRIME,202501,Coll_Principal,35,35,Manual,-0.0635862195635248,,PQ rate for MOB 35
NON PRIME,202501,Coll_Interest,35,35,Manual,-0.0311774184325707,,PQ rate for MOB 35
NON PRIME,202501,Coll_Principal,36,36,Manual,-0.0635862195635248,,PQ rate for MOB 36
NON PRIME,202501,Coll_Interest,36,36,Manual,-0.0311870649771844,,PQ rate for MOB 36
NON PRIME,202501,Coll_Principal,37,37,Manual,-0.0635862195635248,,PQ rate for MOB 37
NON PRIME,202501,Coll_Interest,37,37,Manual,-0.0311960534159944,,PQ rate for MOB 37
NON PRIME,202501,Coll_Principal,38,38,Manual,-0.0635862195635248,,PQ rate for MOB 38
NON PRIME,202501,Coll_Interest,38,38,Manual,-0.031204448299519,,PQ rate for MOB 38
NON PRIME,202501,Coll_Principal,39,39,Manual,-0.0635862195635248,,PQ rate for MOB 39
NON PRIME,202501,Coll_Interest,39,39,Manual,-0.0312123060602333,,PQ rate for MOB 39
NON PRIME,202501,Coll_Principal,40,40,Manual,-0.0635862195635248,,PQ rate for MOB 40
NON PRIME,202501,Coll_Interest,40,40,Manual,-0.0312196762429698,,PQ rate for MOB 40
NRP-L,202501,Coll_Principal,9,9,Manual,-0.014701118537952,,PQ rate for MOB 9
NRP-L,202501,Coll_Interest,9,9,Manual,-0.0176406351458872,,PQ rate for MOB 9
NRP-L,202501,Coll_Principal,10,10,Manual,-0.0149138320224974,,PQ rate for MOB 10
NRP-L,202501,Coll_Interest,10,10,Manual,-0.0176793994847045,,PQ rate for MOB 10
NRP-L,202501,Coll_Principal,11,11,Manual,-0.0151478068414795,,PQ rate for MOB 11
NRP-L,202501,Coll_Interest,11,11,Manual,-0.0176905181308487,,PQ rate for MOB 11
NRP-L,202501,Coll_Principal,12,12,Manual,-0.0152134335246647,,PQ rate for MOB 12
NRP-L,202501,Coll_Interest,12,12,Manual,-0.0176905720318086,,PQ rate for MOB 12
NRP-L,202501,Coll_Principal,13,13,Manual,-0.015294397492174,,PQ rate for MOB 13
NRP-L,202501,Coll_Interest,13,13,Manual,-0.0176860111305282,,PQ rate for MOB 13
NRP-L,202501,Coll_Principal,14,14,Manual,-0.015294397492174,,PQ rate for MOB 14
NRP-L,202501,Coll_Interest,14,14,Manual,-0.0176796007149545,,PQ rate for MOB 14
NRP-L,202501,Coll_Principal,15,15,Manual,-0.015294397492174,,PQ rate for MOB 15
NRP-L,202501,Coll_Interest,15,15,Manual,-0.0176725983874991,,PQ rate for MOB 15
NRP-L,202501,Coll_Principal,16,16,Manual,-0.015294397492174,,PQ rate for MOB 16
NRP-L,202501,Coll_Interest,16,16,Manual,-0.017665591486629,,PQ rate for MOB 16
NRP-L,202501,Coll_Principal,17,17,Manual,-0.015294397492174,,PQ rate for MOB 17
NRP-L,202501,Coll_Interest,17,17,Manual,-0.0176588514434376,,PQ rate for MOB 17
NRP-L,202501,Coll_Principal,18,18,Manual,-0.015294397492174,,PQ rate for MOB 18
NRP-L,202501,Coll_Interest,18,18,Manual,-0.0176524948870803,,PQ rate for MOB 18
NRP-L,202501,Coll_Principal,19,19,Manual,-0.015294397492174,,PQ rate for MOB 19
NRP-L,202501,Coll_Interest,19,19,Manual,-0.0176465609954862,,PQ rate for MOB 19
NRP-L,202501,Coll_Principal,20,20,Manual,-0.015294397492174,,PQ rate for MOB 20
NRP-L,202501,Coll_Interest,20,20,Manual,-0.017641050183278,,PQ rate for MOB 20
NRP-L,202501,Coll_Principal,21,21,Manual,-0.015294397492174,,PQ rate for MOB 21
NRP-L,202501,Coll_Interest,21,21,Manual,-0.0176359440229869,,PQ rate for MOB 21
NRP-L,202501,Coll_Principal,22,22,Manual,-0.015294397492174,,PQ rate for MOB 22
NRP-L,202501,Coll_Interest,22,22,Manual,-0.017631215685782,,PQ rate for MOB 22
NRP-L,202501,Coll_Principal,23,23,Manual,-0.015294397492174,,PQ rate for MOB 23
NRP-L,202501,Coll_Interest,23,23,Manual,-0.0176268354408691,,PQ rate for MOB 23
NRP-L,202501,Coll_Principal,24,24,Manual,-0.015294397492174,,PQ rate for MOB 24
NRP-L,202501,Coll_Interest,24,24,Manual,-0.0176227735185167,,PQ rate for MOB 24
NRP-L,202501,Coll_Principal,25,25,Manual,-0.015294397492174,,PQ rate for MOB 25
NRP-L,202501,Coll_Interest,25,25,Manual,-0.0176190015443489,,PQ rate for MOB 25
NRP-L,202501,Coll_Principal,26,26,Manual,-0.015294397492174,,PQ rate for MOB 26
NRP-L,202501,Coll_Interest,26,26,Manual,-0.0176154931938266,,PQ rate for MOB 26
NRP-L,202501,Coll_Principal,27,27,Manual,-0.015294397492174,,PQ rate for MOB 27
NRP-L,202501,Coll_Interest,27,27,Manual,-0.0176122244225303,,PQ rate for MOB 27
NRP-L,202501,Coll_Principal,28,28,Manual,-0.015294397492174,,PQ rate for MOB 28
NRP-L,202501,Coll_Interest,28,28,Manual,-0.0176091734698984,,PQ rate for MOB 28
NRP-L,202501,Coll_Principal,29,29,Manual,-0.015294397492174,,PQ rate for MOB 29
NRP-L,202501,Coll_Interest,29,29,Manual,-0.0176063207471643,,PQ rate for MOB 29
NRP-L,202501,Coll_Principal,30,30,Manual,-0.015294397492174,,PQ rate for MOB 30
NRP-L,202501,Coll_Interest,30,30,Manual,-0.0176036486716068,,PQ rate for MOB 30
NRP-L,202501,Coll_Principal,31,31,Manual,-0.015294397492174,,PQ rate for MOB 31
NRP-L,202501,Coll_Interest,31,31,Manual,-0.0176011414816543,,PQ rate for MOB 31
NRP-L,202501,Coll_Principal,32,32,Manual,-0.015294397492174,,PQ rate for MOB 32
NRP-L,202501,Coll_Interest,32,32,Manual,-0.0175987850516262,,PQ rate for MOB 32
NRP-L,202501,Coll_Principal,33,33,Manual,-0.015294397492174,,PQ rate for MOB 33
NRP-L,202501,Coll_Interest,33,33,Manual,-0.017596566715848,,PQ rate for MOB 33
NRP-L,202501,Coll_Principal,34,34,Manual,-0.015294397492174,,PQ rate for MOB 34
NRP-L,202501,Coll_Interest,34,34,Manual,-0.0175944751067114,,PQ rate for MOB 34
NRP-L,202501,Coll_Principal,35,35,Manual,-0.015294397492174,,PQ rate for MOB 35
NRP-L,202501,Coll_Interest,35,35,Manual,-0.0175925000083229,,PQ rate for MOB 35
NRP-L,202501,Coll_Principal,36,36,Manual,-0.015294397492174,,PQ rate for MOB 36
NRP-L,202501,Coll_Interest,36,36,Manual,-0.0175906322257791,,PQ rate for MOB 36
NRP-L,202501,Coll_Principal,37,37,Manual,-0.015294397492174,,PQ rate for MOB 37
NRP-L,202501,Coll_Interest,37,37,Manual,-0.0175888634692581,,PQ rate for MOB 37
NRP-L,202501,Coll_Principal,38,38,Manual,-0.015294397492174,,PQ rate for MOB 38
NRP-L,202501,Coll_Interest,38,38,Manual,-0.0175871862517213,,PQ rate for MOB 38
NRP-L,202501,Coll_Principal,39,39,Manual,-0.015294397492174,,PQ rate for MOB 39
NRP-L,202501,Coll_Interest,39,39,Manual,-0.0175855937988716,,PQ rate for MOB 39
NRP-L,202501,Coll_Principal,40,40,Manual,-0.015294397492174,,PQ rate for MOB 40
NRP-L,202501,Coll_Interest,40,40,Manual,-0.0175840799700113,,PQ rate for MOB 40
NRP-M,202501,Coll_Principal,9,9,Manual,-0.0283491923740414,,PQ rate for MOB 9
NRP-M,202501,Coll_Interest,9,9,Manual,-0.0168067357751077,,PQ rate for MOB 9
NRP-M,202501,Coll_Principal,10,10,Manual,-0.0290179134293077,,PQ rate for MOB 10
NRP-M,202501,Coll_Interest,10,10,Manual,-0.0172696276303553,,PQ rate for MOB 10
NRP-M,202501,Coll_Principal,11,11,Manual,-0.0294214015262279,,PQ rate for MOB 11
NRP-M,202501,Coll_Interest,11,11,Manual,-0.0175032781765193,,PQ rate for MOB 11
NRP-M,202501,Coll_Principal,12,12,Manual,-0.0291937087541973,,PQ rate for MOB 12
NRP-M,202501,Coll_Interest,12,12,Manual,-0.0176300228394929,,PQ rate for MOB 12
NRP-M,202501,Coll_Principal,13,13,Manual,-0.0304653754302713,,PQ rate for MOB 13
NRP-M,202501,Coll_Interest,13,13,Manual,-0.0177016613292228,,PQ rate for MOB 13
NRP-M,202501,Coll_Principal,14,14,Manual,-0.0304653754302713,,PQ rate for MOB 14
NRP-M,202501,Coll_Interest,14,14,Manual,-0.017742807705457,,PQ rate for MOB 14
NRP-M,202501,Coll_Principal,15,15,Manual,-0.0304653754302713,,PQ rate for MOB 15
NRP-M,202501,Coll_Interest,15,15,Manual,-0.0177661864761169,,PQ rate for MOB 15
NRP-M,202501,Coll_Principal,16,16,Manual,-0.0304653754302713,,PQ rate for MOB 16
NRP-M,202501,Coll_Interest,16,16,Manual,-0.0177788111541609,,PQ rate for MOB 16
NRP-M,202501,Coll_Principal,17,17,Manual,-0.0304653754302713,,PQ rate for MOB 17
NRP-M,202501,Coll_Interest,17,17,Manual,-0.0177847459834632,,PQ rate for MOB 17
NRP-M,202501,Coll_Principal,18,18,Manual,-0.0304653754302713,,PQ rate for MOB 18
NRP-M,202501,Coll_Interest,18,18,Manual,-0.0177864418438787,,PQ rate for MOB 18
NRP-M,202501,Coll_Principal,19,19,Manual,-0.0304653754302713,,PQ rate for MOB 19
NRP-M,202501,Coll_Interest,19,19,Manual,-0.0177854247564106,,PQ rate for MOB 19
NRP-M,202501,Coll_Principal,20,20,Manual,-0.0304653754302713,,PQ rate for MOB 20
NRP-M,202501,Coll_Interest,20,20,Manual,-0.0177826696800049,,PQ rate for MOB 20
NRP-M,202501,Coll_Principal,21,21,Manual,-0.0304653754302713,,PQ rate for MOB 21
NRP-M,202501,Coll_Interest,21,21,Manual,-0.0177788124582749,,PQ rate for MOB 21
NRP-M,202501,Coll_Principal,22,22,Manual,-0.0304653754302713,,PQ rate for MOB 22
NRP-M,202501,Coll_Interest,22,22,Manual,-0.0177742744941014,,PQ rate for MOB 22
NRP-M,202501,Coll_Principal,23,23,Manual,-0.0304653754302713,,PQ rate for MOB 23
NRP-M,202501,Coll_Interest,23,23,Manual,-0.0177693384293389,,PQ rate for MOB 23
NRP-M,202501,Coll_Principal,24,24,Manual,-0.0304653754302713,,PQ rate for MOB 24
NRP-M,202501,Coll_Interest,24,24,Manual,-0.0177641953462301,,PQ rate for MOB 24
NRP-M,202501,Coll_Principal,25,25,Manual,-0.0304653754302713,,PQ rate for MOB 25
NRP-M,202501,Coll_Interest,25,25,Manual,-0.0177589749080848,,PQ rate for MOB 25
NRP-M,202501,Coll_Principal,26,26,Manual,-0.0304653754302713,,PQ rate for MOB 26
NRP-M,202501,Coll_Interest,26,26,Manual,-0.0177537650050183,,PQ rate for MOB 26
NRP-M,202501,Coll_Principal,27,27,Manual,-0.0304653754302713,,PQ rate for MOB 27
NRP-M,202501,Coll_Interest,27,27,Manual,-0.0177486247911777,,PQ rate for MOB 27
NRP-M,202501,Coll_Principal,28,28,Manual,-0.0304653754302713,,PQ rate for MOB 28
NRP-M,202501,Coll_Interest,28,28,Manual,-0.0177435934736377,,PQ rate for MOB 28
NRP-M,202501,Coll_Principal,29,29,Manual,-0.0304653754302713,,PQ rate for MOB 29
NRP-M,202501,Coll_Interest,29,29,Manual,-0.0177386963194246,,PQ rate for MOB 29
NRP-M,202501,Coll_Principal,30,30,Manual,-0.0304653754302713,,PQ rate for MOB 30
NRP-M,202501,Coll_Interest,30,30,Manual,-0.0177339488107018,,PQ rate for MOB 30
NRP-M,202501,Coll_Principal,31,31,Manual,-0.0304653754302713,,PQ rate for MOB 31
NRP-M,202501,Coll_Interest,31,31,Manual,-0.0177293595489348,,PQ rate for MOB 31
NRP-M,202501,Coll_Principal,32,32,Manual,-0.0304653754302713,,PQ rate for MOB 32
NRP-M,202501,Coll_Interest,32,32,Manual,-0.0177249323027023,,PQ rate for MOB 32
NRP-M,202501,Coll_Principal,33,33,Manual,-0.0304653754302713,,PQ rate for MOB 33
NRP-M,202501,Coll_Interest,33,33,Manual,-0.0177206674623501,,PQ rate for MOB 33
NRP-M,202501,Coll_Principal,34,34,Manual,-0.0304653754302713,,PQ rate for MOB 34
NRP-M,202501,Coll_Interest,34,34,Manual,-0.0177165630794348,,PQ rate for MOB 34
NRP-M,202501,Coll_Principal,35,35,Manual,-0.0304653754302713,,PQ rate for MOB 35
NRP-M,202501,Coll_Interest,35,35,Manual,-0.0177126156127773,,PQ rate for MOB 35
NRP-M,202501,Coll_Principal,36,36,Manual,-0.0304653754302713,,PQ rate for MOB 36
NRP-M,202501,Coll_Interest,36,36,Manual,-0.017708820465476,,PQ rate for MOB 36
NRP-M,202501,Coll_Principal,37,37,Manual,-0.0304653754302713,,PQ rate for MOB 37
NRP-M,202501,Coll_Interest,37,37,Manual,-0.0177051723718902,,PQ rate for MOB 37
NRP-M,202501,Coll_Principal,38,38,Manual,-0.0304653754302713,,PQ rate for MOB 38
NRP-M,202501,Coll_Interest,38,38,Manual,-0.0177016656762697,,PQ rate for MOB 38
NRP-M,202501,Coll_Principal,39,39,Manual,-0.0304653754302713,,PQ rate for MOB 39
NRP-M,202501,Coll_Interest,39,39,Manual,-0.0176982945327125,,PQ rate for MOB 39
NRP-M,202501,Coll_Principal,40,40,Manual,-0.0304653754302713,,PQ rate for MOB 40
NRP-M,202501,Coll_Interest,40,40,Manual,-0.0176950530477585,,PQ rate for MOB 40
NRP-S,202501,Coll_Principal,9,9,Manual,-0.0488523344151629,,PQ rate for MOB 9
NRP-S,202501,Coll_Interest,9,9,Manual,-0.0196906857203175,,PQ rate for MOB 9
NRP-S,202501,Coll_Principal,10,10,Manual,-0.0496154719230348,,PQ rate for MOB 10
NRP-S,202501,Coll_Interest,10,10,Manual,-0.0202208212216792,,PQ rate for MOB 10
NRP-S,202501,Coll_Principal,11,11,Manual,-0.0507518093410991,,PQ rate for MOB 11
NRP-S,202501,Coll_Interest,11,11,Manual,-0.0205025670120723,,PQ rate for MOB 11
NRP-S,202501,Coll_Principal,12,12,Manual,-0.0510896534426102,,PQ rate for MOB 12
NRP-S,202501,Coll_Interest,12,12,Manual,-0.0206654151424346,,PQ rate for MOB 12
NRP-S,202501,Coll_Principal,13,13,Manual,-0.0526061033981547,,PQ rate for MOB 13
NRP-S,202501,Coll_Interest,13,13,Manual,-0.0207651519035872,,PQ rate for MOB 13
NRP-S,202501,Coll_Principal,14,14,Manual,-0.0526061033981547,,PQ rate for MOB 14
NRP-S,202501,Coll_Interest,14,14,Manual,-0.0208287875750317,,PQ rate for MOB 14
NRP-S,202501,Coll_Principal,15,15,Manual,-0.0526061033981547,,PQ rate for MOB 15
NRP-S,202501,Coll_Interest,15,15,Manual,-0.0208705734732733,,PQ rate for MOB 15
NRP-S,202501,Coll_Principal,16,16,Manual,-0.0526061033981547,,PQ rate for MOB 16
NRP-S,202501,Coll_Interest,16,16,Manual,-0.0208985419543933,,PQ rate for MOB 16
NRP-S,202501,Coll_Principal,17,17,Manual,-0.0526061033981547,,PQ rate for MOB 17
NRP-S,202501,Coll_Interest,17,17,Manual,-0.0209174631379,,PQ rate for MOB 17
NRP-S,202501,Coll_Principal,18,18,Manual,-0.0526061033981547,,PQ rate for MOB 18
NRP-S,202501,Coll_Interest,18,18,Manual,-0.0209302923992172,,PQ rate for MOB 18
NRP-S,202501,Coll_Principal,19,19,Manual,-0.0526061033981547,,PQ rate for MOB 19
NRP-S,202501,Coll_Interest,19,19,Manual,-0.0209389259019776,,PQ rate for MOB 19
NRP-S,202501,Coll_Principal,20,20,Manual,-0.0526061033981547,,PQ rate for MOB 20
NRP-S,202501,Coll_Interest,20,20,Manual,-0.0209446163241071,,PQ rate for MOB 20
NRP-S,202501,Coll_Principal,21,21,Manual,-0.0526061033981547,,PQ rate for MOB 21
NRP-S,202501,Coll_Interest,21,21,Manual,-0.0209482119550321,,PQ rate for MOB 21
NRP-S,202501,Coll_Principal,22,22,Manual,-0.0526061033981547,,PQ rate for MOB 22
NRP-S,202501,Coll_Interest,22,22,Manual,-0.020950299481583,,PQ rate for MOB 22
NRP-S,202501,Coll_Principal,23,23,Manual,-0.0526061033981547,,PQ rate for MOB 23
NRP-S,202501,Coll_Interest,23,23,Manual,-0.0209512920660021,,PQ rate for MOB 23
NRP-S,202501,Coll_Principal,24,24,Manual,-0.0526061033981547,,PQ rate for MOB 24
NRP-S,202501,Coll_Interest,24,24,Manual,-0.0209514852299834,,PQ rate for MOB 24
NRP-S,202501,Coll_Principal,25,25,Manual,-0.0526061033981547,,PQ rate for MOB 25
NRP-S,202501,Coll_Interest,25,25,Manual,-0.0209510931995887,,PQ rate for MOB 25
NRP-S,202501,Coll_Principal,26,26,Manual,-0.0526061033981548,,PQ rate for MOB 26
NRP-S,202501,Coll_Interest,26,26,Manual,-0.0209502730646612,,PQ rate for MOB 26
NRP-S,202501,Coll_Principal,27,27,Manual,-0.0526061033981548,,PQ rate for MOB 27
NRP-S,202501,Coll_Interest,27,27,Manual,-0.020949141153226,,PQ rate for MOB 27
NRP-S,202501,Coll_Principal,28,28,Manual,-0.0526061033981547,,PQ rate for MOB 28
NRP-S,202501,Coll_Interest,28,28,Manual,-0.02094778432392,,PQ rate for MOB 28
NRP-S,202501,Coll_Principal,29,29,Manual,-0.0526061033981547,,PQ rate for MOB 29
NRP-S,202501,Coll_Interest,29,29,Manual,-0.0209462678761467,,PQ rate for MOB 29
NRP-S,202501,Coll_Principal,30,30,Manual,-0.0526061033981547,,PQ rate for MOB 30
NRP-S,202501,Coll_Interest,30,30,Manual,-0.020944641169515,,PQ rate for MOB 30
NRP-S,202501,Coll_Principal,31,31,Manual,-0.0526061033981548,,PQ rate for MOB 31
NRP-S,202501,Coll_Interest,31,31,Manual,-0.0209429416670857,,PQ rate for MOB 31
NRP-S,202501,Coll_Principal,32,32,Manual,-0.0526061033981547,,PQ rate for MOB 32
NRP-S,202501,Coll_Interest,32,32,Manual,-0.0209411978783284,,PQ rate for MOB 32
NRP-S,202501,Coll_Principal,33,33,Manual,-0.0526061033981547,,PQ rate for MOB 33
NRP-S,202501,Coll_Interest,33,33,Manual,-0.0209394315238312,,PQ rate for MOB 33
NRP-S,202501,Coll_Principal,34,34,Manual,-0.0526061033981547,,PQ rate for MOB 34
NRP-S,202501,Coll_Interest,34,34,Manual,-0.0209376591428716,,PQ rate for MOB 34
NRP-S,202501,Coll_Principal,35,35,Manual,-0.0526061033981547,,PQ rate for MOB 35
NRP-S,202501,Coll_Interest,35,35,Manual,-0.020935893297697,,PQ rate for MOB 35
NRP-S,202501,Coll_Principal,36,36,Manual,-0.0526061033981547,,PQ rate for MOB 36
NRP-S,202501,Coll_Interest,36,36,Manual,-0.020934143482894,,PQ rate for MOB 36
NRP-S,202501,Coll_Principal,37,37,Manual,-0.0526061033981547,,PQ rate for MOB 37
NRP-S,202501,Coll_Interest,37,37,Manual,-0.0209324168170607,,PQ rate for MOB 37
NRP-S,202501,Coll_Principal,38,38,Manual,-0.0526061033981547,,PQ rate for MOB 38
NRP-S,202501,Coll_Interest,38,38,Manual,-0.0209307185723832,,PQ rate for MOB 38
NRP-S,202501,Coll_Principal,39,39,Manual,-0.0526061033981547,,PQ rate for MOB 39
NRP-S,202501,Coll_Interest,39,39,Manual,-0.0209290525825416,,PQ rate for MOB 39
NRP-S,202501,Coll_Principal,40,40,Manual,-0.0526061033981547,,PQ rate for MOB 40
NRP-S,202501,Coll_Interest,40,40,Manual,-0.0209274215586092,,PQ rate for MOB 40
NON PRIME,202502,Coll_Principal,8,8,Manual,-0.0592373249155959,,PQ rate for MOB 8
NON PRIME,202502,Coll_Interest,8,8,Manual,-0.0287902112959047,,PQ rate for MOB 8
NON PRIME,202502,Coll_Principal,9,9,Manual,-0.0601564691371432,,PQ rate for MOB 9
NON PRIME,202502,Coll_Interest,9,9,Manual,-0.029148780834712,,PQ rate for MOB 9
NON PRIME,202502,Coll_Principal,10,10,Manual,-0.0619517336123674,,PQ rate for MOB 10
NON PRIME,202502,Coll_Interest,10,10,Manual,-0.0294687861836317,,PQ rate for MOB 10
NON PRIME,202502,Coll_Principal,11,11,Manual,-0.0628579370183644,,PQ rate for MOB 11
NON PRIME,202502,Coll_Interest,11,11,Manual,-0.0297320581427377,,PQ rate for MOB 11
NON PRIME,202502,Coll_Principal,12,12,Manual,-0.0647521902448798,,PQ rate for MOB 12
NON PRIME,202502,Coll_Interest,12,12,Manual,-0.0299468604670061,,PQ rate for MOB 12
NON PRIME,202502,Coll_Principal,13,13,Manual,-0.0647521902448798,,PQ rate for MOB 13
NON PRIME,202502,Coll_Interest,13,13,Manual,-0.0301235669164031,,PQ rate for MOB 13
NON PRIME,202502,Coll_Principal,14,14,Manual,-0.0647521902448798,,PQ rate for MOB 14
NON PRIME,202502,Coll_Interest,14,14,Manual,-0.0302707148609004,,PQ rate for MOB 14
NON PRIME,202502,Coll_Principal,15,15,Manual,-0.0647521902448798,,PQ rate for MOB 15
NON PRIME,202502,Coll_Interest,15,15,Manual,-0.0303947885877488,,PQ rate for MOB 15
NON PRIME,202502,Coll_Principal,16,16,Manual,-0.0647521902448798,,PQ rate for MOB 16
NON PRIME,202502,Coll_Interest,16,16,Manual,-0.0305006366628411,,PQ rate for MOB 16
NON PRIME,202502,Coll_Principal,17,17,Manual,-0.0647521902448798,,PQ rate for MOB 17
NON PRIME,202502,Coll_Interest,17,17,Manual,-0.0305918988590321,,PQ rate for MOB 17
NON PRIME,202502,Coll_Principal,18,18,Manual,-0.0647521902448798,,PQ rate for MOB 18
NON PRIME,202502,Coll_Interest,18,18,Manual,-0.0306713367702984,,PQ rate for MOB 18
NON PRIME,202502,Coll_Principal,19,19,Manual,-0.0647521902448798,,PQ rate for MOB 19
NON PRIME,202502,Coll_Interest,19,19,Manual,-0.0307410726192902,,PQ rate for MOB 19
NON PRIME,202502,Coll_Principal,20,20,Manual,-0.0647521902448798,,PQ rate for MOB 20
NON PRIME,202502,Coll_Interest,20,20,Manual,-0.0308027587315788,,PQ rate for MOB 20
NON PRIME,202502,Coll_Principal,21,21,Manual,-0.0647521902448798,,PQ rate for MOB 21
NON PRIME,202502,Coll_Interest,21,21,Manual,-0.0308576978999198,,PQ rate for MOB 21
NON PRIME,202502,Coll_Principal,22,22,Manual,-0.0647521902448798,,PQ rate for MOB 22
NON PRIME,202502,Coll_Interest,22,22,Manual,-0.0309069295740157,,PQ rate for MOB 22
NON PRIME,202502,Coll_Principal,23,23,Manual,-0.0647521902448798,,PQ rate for MOB 23
NON PRIME,202502,Coll_Interest,23,23,Manual,-0.0309512922754115,,PQ rate for MOB 23
NON PRIME,202502,Coll_Principal,24,24,Manual,-0.0647521902448798,,PQ rate for MOB 24
NON PRIME,202502,Coll_Interest,24,24,Manual,-0.0309914693536947,,PQ rate for MOB 24
NON PRIME,202502,Coll_Principal,25,25,Manual,-0.0647521902448798,,PQ rate for MOB 25
NON PRIME,202502,Coll_Interest,25,25,Manual,-0.0310280229483061,,PQ rate for MOB 25
NON PRIME,202502,Coll_Principal,26,26,Manual,-0.0647521902448798,,PQ rate for MOB 26
NON PRIME,202502,Coll_Interest,26,26,Manual,-0.0310614195018278,,PQ rate for MOB 26
NON PRIME,202502,Coll_Principal,27,27,Manual,-0.0647521902448798,,PQ rate for MOB 27
NON PRIME,202502,Coll_Interest,27,27,Manual,-0.031092049148363,,PQ rate for MOB 27
NON PRIME,202502,Coll_Principal,28,28,Manual,-0.0647521902448798,,PQ rate for MOB 28
NON PRIME,202502,Coll_Interest,28,28,Manual,-0.0311202406086417,,PQ rate for MOB 28
NON PRIME,202502,Coll_Principal,29,29,Manual,-0.0647521902448798,,PQ rate for MOB 29
NON PRIME,202502,Coll_Interest,29,29,Manual,-0.0311462727509002,,PQ rate for MOB 29
NON PRIME,202502,Coll_Principal,30,30,Manual,-0.0647521902448798,,PQ rate for MOB 30
NON PRIME,202502,Coll_Interest,30,30,Manual,-0.0311703836504328,,PQ rate for MOB 30
NON PRIME,202502,Coll_Principal,31,31,Manual,-0.0647521902448798,,PQ rate for MOB 31
NON PRIME,202502,Coll_Interest,31,31,Manual,-0.0311927777531251,,PQ rate for MOB 31
NON PRIME,202502,Coll_Principal,32,32,Manual,-0.0647521902448798,,PQ rate for MOB 32
NON PRIME,202502,Coll_Interest,32,32,Manual,-0.0312136315876689,,PQ rate for MOB 32
NON PRIME,202502,Coll_Principal,33,33,Manual,-0.0647521902448798,,PQ rate for MOB 33
NON PRIME,202502,Coll_Interest,33,33,Manual,-0.0312330983565676,,PQ rate for MOB 33
NON PRIME,202502,Coll_Principal,34,34,Manual,-0.0647521902448798,,PQ rate for MOB 34
NON PRIME,202502,Coll_Interest,34,34,Manual,-0.0312513116534016,,PQ rate for MOB 34
NON PRIME,202502,Coll_Principal,35,35,Manual,-0.0647521902448798,,PQ rate for MOB 35
NON PRIME,202502,Coll_Interest,35,35,Manual,-0.0312683884936099,,PQ rate for MOB 35
NON PRIME,202502,Coll_Principal,36,36,Manual,-0.0647521902448798,,PQ rate for MOB 36
NON PRIME,202502,Coll_Interest,36,36,Manual,-0.0312844318017403,,PQ rate for MOB 36
NON PRIME,202502,Coll_Principal,37,37,Manual,-0.0647521902448798,,PQ rate for MOB 37
NON PRIME,202502,Coll_Interest,37,37,Manual,-0.0312995324652148,,PQ rate for MOB 37
NON PRIME,202502,Coll_Principal,38,38,Manual,-0.0647521902448798,,PQ rate for MOB 38
NON PRIME,202502,Coll_Interest,38,38,Manual,-0.0313137710399988,,PQ rate for MOB 38
NON PRIME,202502,Coll_Principal,39,39,Manual,-0.0647521902448798,,PQ rate for MOB 39
NON PRIME,202502,Coll_Interest,39,39,Manual,-0.0313272191749259,,PQ rate for MOB 39
NRP-L,202502,Coll_Principal,8,8,Manual,-0.0126703039771972,,PQ rate for MOB 8
NRP-L,202502,Coll_Interest,8,8,Manual,-0.0180149150205798,,PQ rate for MOB 8
NRP-L,202502,Coll_Principal,9,9,Manual,-0.0128690901392093,,PQ rate for MOB 9
NRP-L,202502,Coll_Interest,9,9,Manual,-0.0192118941218904,,PQ rate for MOB 9
NRP-L,202502,Coll_Principal,10,10,Manual,-0.0131566390239826,,PQ rate for MOB 10
NRP-L,202502,Coll_Interest,10,10,Manual,-0.0196730961435393,,PQ rate for MOB 10
NRP-L,202502,Coll_Principal,11,11,Manual,-0.013499229826768,,PQ rate for MOB 11
NRP-L,202502,Coll_Interest,11,11,Manual,-0.0198581901393351,,PQ rate for MOB 11
NRP-L,202502,Coll_Principal,12,12,Manual,-0.0138630209492696,,PQ rate for MOB 12
NRP-L,202502,Coll_Interest,12,12,Manual,-0.019924842626348,,PQ rate for MOB 12
NRP-L,202502,Coll_Principal,13,13,Manual,-0.0138630209492696,,PQ rate for MOB 13
NRP-L,202502,Coll_Interest,13,13,Manual,-0.0199365901107837,,PQ rate for MOB 13
NRP-L,202502,Coll_Principal,14,14,Manual,-0.0138630209492696,,PQ rate for MOB 14
NRP-L,202502,Coll_Interest,14,14,Manual,-0.0199219320950543,,PQ rate for MOB 14
NRP-L,202502,Coll_Principal,15,15,Manual,-0.0138630209492696,,PQ rate for MOB 15
NRP-L,202502,Coll_Interest,15,15,Manual,-0.0198946308073716,,PQ rate for MOB 15
NRP-L,202502,Coll_Principal,16,16,Manual,-0.0138630209492696,,PQ rate for MOB 16
NRP-L,202502,Coll_Interest,16,16,Manual,-0.0198616741571544,,PQ rate for MOB 16
NRP-L,202502,Coll_Principal,17,17,Manual,-0.0138630209492696,,PQ rate for MOB 17
NRP-L,202502,Coll_Interest,17,17,Manual,-0.0198267223612526,,PQ rate for MOB 17
NRP-L,202502,Coll_Principal,18,18,Manual,-0.0138630209492696,,PQ rate for MOB 18
NRP-L,202502,Coll_Interest,18,18,Manual,-0.0197917169650767,,PQ rate for MOB 18
NRP-L,202502,Coll_Principal,19,19,Manual,-0.0138630209492696,,PQ rate for MOB 19
NRP-L,202502,Coll_Interest,19,19,Manual,-0.0197576780314764,,PQ rate for MOB 19
NRP-L,202502,Coll_Principal,20,20,Manual,-0.0138630209492696,,PQ rate for MOB 20
NRP-L,202502,Coll_Interest,20,20,Manual,-0.0197251182718901,,PQ rate for MOB 20
NRP-L,202502,Coll_Principal,21,21,Manual,-0.0138630209492696,,PQ rate for MOB 21
NRP-L,202502,Coll_Interest,21,21,Manual,-0.0196942664837307,,PQ rate for MOB 21
NRP-L,202502,Coll_Principal,22,22,Manual,-0.0138630209492696,,PQ rate for MOB 22
NRP-L,202502,Coll_Interest,22,22,Manual,-0.0196651917698477,,PQ rate for MOB 22
NRP-L,202502,Coll_Principal,23,23,Manual,-0.0138630209492696,,PQ rate for MOB 23
NRP-L,202502,Coll_Interest,23,23,Manual,-0.019637874208332,,PQ rate for MOB 23
NRP-L,202502,Coll_Principal,24,24,Manual,-0.0138630209492696,,PQ rate for MOB 24
NRP-L,202502,Coll_Interest,24,24,Manual,-0.0196122457279033,,PQ rate for MOB 24
NRP-L,202502,Coll_Principal,25,25,Manual,-0.0138630209492696,,PQ rate for MOB 25
NRP-L,202502,Coll_Interest,25,25,Manual,-0.0195882139848439,,PQ rate for MOB 25
NRP-L,202502,Coll_Principal,26,26,Manual,-0.0138630209492696,,PQ rate for MOB 26
NRP-L,202502,Coll_Interest,26,26,Manual,-0.0195656763427342,,PQ rate for MOB 26
NRP-L,202502,Coll_Principal,27,27,Manual,-0.0138630209492696,,PQ rate for MOB 27
NRP-L,202502,Coll_Interest,27,27,Manual,-0.019544527997489,,PQ rate for MOB 27
NRP-L,202502,Coll_Principal,28,28,Manual,-0.0138630209492696,,PQ rate for MOB 28
NRP-L,202502,Coll_Interest,28,28,Manual,-0.0195246665992631,,PQ rate for MOB 28
NRP-L,202502,Coll_Principal,29,29,Manual,-0.0138630209492696,,PQ rate for MOB 29
NRP-L,202502,Coll_Interest,29,29,Manual,-0.0195059947642242,,PQ rate for MOB 29
NRP-L,202502,Coll_Principal,30,30,Manual,-0.0138630209492696,,PQ rate for MOB 30
NRP-L,202502,Coll_Interest,30,30,Manual,-0.0194884213137743,,PQ rate for MOB 30
NRP-L,202502,Coll_Principal,31,31,Manual,-0.0138630209492696,,PQ rate for MOB 31
NRP-L,202502,Coll_Interest,31,31,Manual,-0.019471861750783,,PQ rate for MOB 31
NRP-L,202502,Coll_Principal,32,32,Manual,-0.0138630209492696,,PQ rate for MOB 32
NRP-L,202502,Coll_Interest,32,32,Manual,-0.0194562382854809,,PQ rate for MOB 32
NRP-L,202502,Coll_Principal,33,33,Manual,-0.0138630209492696,,PQ rate for MOB 33
NRP-L,202502,Coll_Interest,33,33,Manual,-0.0194414796037868,,PQ rate for MOB 33
NRP-L,202502,Coll_Principal,34,34,Manual,-0.0138630209492696,,PQ rate for MOB 34
NRP-L,202502,Coll_Interest,34,34,Manual,-0.0194275204970159,,PQ rate for MOB 34
NRP-L,202502,Coll_Principal,35,35,Manual,-0.0138630209492696,,PQ rate for MOB 35
NRP-L,202502,Coll_Interest,35,35,Manual,-0.0194143014260325,,PQ rate for MOB 35
NRP-L,202502,Coll_Principal,36,36,Manual,-0.0138630209492696,,PQ rate for MOB 36
NRP-L,202502,Coll_Interest,36,36,Manual,-0.0194017680642079,,PQ rate for MOB 36
NRP-L,202502,Coll_Principal,37,37,Manual,-0.0138630209492696,,PQ rate for MOB 37
NRP-L,202502,Coll_Interest,37,37,Manual,-0.0193898708455073,,PQ rate for MOB 37
NRP-L,202502,Coll_Principal,38,38,Manual,-0.0138630209492696,,PQ rate for MOB 38
NRP-L,202502,Coll_Interest,38,38,Manual,-0.0193785645327047,,PQ rate for MOB 38
NRP-L,202502,Coll_Principal,39,39,Manual,-0.0138630209492696,,PQ rate for MOB 39
NRP-L,202502,Coll_Interest,39,39,Manual,-0.0193678078136229,,PQ rate for MOB 39
NRP-M,202502,Coll_Principal,8,8,Manual,-0.0327093081072161,,PQ rate for MOB 8
NRP-M,202502,Coll_Interest,8,8,Manual,-0.0166548201132412,,PQ rate for MOB 8
NRP-M,202502,Coll_Principal,9,9,Manual,-0.0329375186431359,,PQ rate for MOB 9
NRP-M,202502,Coll_Interest,9,9,Manual,-0.0170928055350239,,PQ rate for MOB 9
NRP-M,202502,Coll_Principal,10,10,Manual,-0.0333602862715107,,PQ rate for MOB 10
NRP-M,202502,Coll_Interest,10,10,Manual,-0.0173045916612566,,PQ rate for MOB 10
NRP-M,202502,Coll_Principal,11,11,Manual,-0.033480791662941,,PQ rate for MOB 11
NRP-M,202502,Coll_Interest,11,11,Manual,-0.0174214942564417,,PQ rate for MOB 11
NRP-M,202502,Coll_Principal,12,12,Manual,-0.0340785713227352,,PQ rate for MOB 12
NRP-M,202502,Coll_Interest,12,12,Manual,-0.0174919845981971,,PQ rate for MOB 12
NRP-M,202502,Coll_Principal,13,13,Manual,-0.0340785713227352,,PQ rate for MOB 13
NRP-M,202502,Coll_Interest,13,13,Manual,-0.0175372623058772,,PQ rate for MOB 13
NRP-M,202502,Coll_Principal,14,14,Manual,-0.0340785713227352,,PQ rate for MOB 14
NRP-M,202502,Coll_Interest,14,14,Manual,-0.0175677556038102,,PQ rate for MOB 14
NRP-M,202502,Coll_Principal,15,15,Manual,-0.0340785713227352,,PQ rate for MOB 15
NRP-M,202502,Coll_Interest,15,15,Manual,-0.0175890590223483,,PQ rate for MOB 15
NRP-M,202502,Coll_Principal,16,16,Manual,-0.0340785713227352,,PQ rate for MOB 16
NRP-M,202502,Coll_Interest,16,16,Manual,-0.017604381442192,,PQ rate for MOB 16
NRP-M,202502,Coll_Principal,17,17,Manual,-0.0340785713227352,,PQ rate for MOB 17
NRP-M,202502,Coll_Interest,17,17,Manual,-0.0176156639620257,,PQ rate for MOB 17
NRP-M,202502,Coll_Principal,18,18,Manual,-0.0340785713227352,,PQ rate for MOB 18
NRP-M,202502,Coll_Interest,18,18,Manual,-0.0176241328328478,,PQ rate for MOB 18
NRP-M,202502,Coll_Principal,19,19,Manual,-0.0340785713227352,,PQ rate for MOB 19
NRP-M,202502,Coll_Interest,19,19,Manual,-0.0176305911565535,,PQ rate for MOB 19
NRP-M,202502,Coll_Principal,20,20,Manual,-0.0340785713227352,,PQ rate for MOB 20
NRP-M,202502,Coll_Interest,20,20,Manual,-0.0176355811665408,,PQ rate for MOB 20
NRP-M,202502,Coll_Principal,21,21,Manual,-0.0340785713227352,,PQ rate for MOB 21
NRP-M,202502,Coll_Interest,21,21,Manual,-0.0176394786281581,,PQ rate for MOB 21
NRP-M,202502,Coll_Principal,22,22,Manual,-0.0340785713227352,,PQ rate for MOB 22
NRP-M,202502,Coll_Interest,22,22,Manual,-0.0176425498808622,,PQ rate for MOB 22
NRP-M,202502,Coll_Principal,23,23,Manual,-0.0340785713227352,,PQ rate for MOB 23
NRP-M,202502,Coll_Interest,23,23,Manual,-0.0176449874562114,,PQ rate for MOB 23
NRP-M,202502,Coll_Principal,24,24,Manual,-0.0340785713227352,,PQ rate for MOB 24
NRP-M,202502,Coll_Interest,24,24,Manual,-0.0176469329639485,,PQ rate for MOB 24
NRP-M,202502,Coll_Principal,25,25,Manual,-0.0340785713227352,,PQ rate for MOB 25
NRP-M,202502,Coll_Interest,25,25,Manual,-0.0176484921723147,,PQ rate for MOB 25
NRP-M,202502,Coll_Principal,26,26,Manual,-0.0340785713227352,,PQ rate for MOB 26
NRP-M,202502,Coll_Interest,26,26,Manual,-0.0176497451693496,,PQ rate for MOB 26
NRP-M,202502,Coll_Principal,27,27,Manual,-0.0340785713227352,,PQ rate for MOB 27
NRP-M,202502,Coll_Interest,27,27,Manual,-0.0176507533476335,,PQ rate for MOB 27
NRP-M,202502,Coll_Principal,28,28,Manual,-0.0340785713227352,,PQ rate for MOB 28
NRP-M,202502,Coll_Interest,28,28,Manual,-0.017651564292321,,PQ rate for MOB 28
NRP-M,202502,Coll_Principal,29,29,Manual,-0.0340785713227352,,PQ rate for MOB 29
NRP-M,202502,Coll_Interest,29,29,Manual,-0.0176522152576925,,PQ rate for MOB 29
NRP-M,202502,Coll_Principal,30,30,Manual,-0.0340785713227352,,PQ rate for MOB 30
NRP-M,202502,Coll_Interest,30,30,Manual,-0.0176527356764083,,PQ rate for MOB 30
NRP-M,202502,Coll_Principal,31,31,Manual,-0.0340785713227352,,PQ rate for MOB 31
NRP-M,202502,Coll_Interest,31,31,Manual,-0.0176531489950298,,PQ rate for MOB 31
NRP-M,202502,Coll_Principal,32,32,Manual,-0.0340785713227352,,PQ rate for MOB 32
NRP-M,202502,Coll_Interest,32,32,Manual,-0.01765347403327,,PQ rate for MOB 32
NRP-M,202502,Coll_Principal,33,33,Manual,-0.0340785713227352,,PQ rate for MOB 33
NRP-M,202502,Coll_Interest,33,33,Manual,-0.0176537260019568,,PQ rate for MOB 33
NRP-M,202502,Coll_Principal,34,34,Manual,-0.0340785713227352,,PQ rate for MOB 34
NRP-M,202502,Coll_Interest,34,34,Manual,-0.0176539172733579,,PQ rate for MOB 34
NRP-M,202502,Coll_Principal,35,35,Manual,-0.0340785713227352,,PQ rate for MOB 35
NRP-M,202502,Coll_Interest,35,35,Manual,-0.0176540579697306,,PQ rate for MOB 35
NRP-M,202502,Coll_Principal,36,36,Manual,-0.0340785713227352,,PQ rate for MOB 36
NRP-M,202502,Coll_Interest,36,36,Manual,-0.0176541564170093,,PQ rate for MOB 36
NRP-M,202502,Coll_Principal,37,37,Manual,-0.0340785713227352,,PQ rate for MOB 37
NRP-M,202502,Coll_Interest,37,37,Manual,-0.0176542194974361,,PQ rate for MOB 37
NRP-M,202502,Coll_Principal,38,38,Manual,-0.0340785713227352,,PQ rate for MOB 38
NRP-M,202502,Coll_Interest,38,38,Manual,-0.0176542529257643,,PQ rate for MOB 38
NRP-M,202502,Coll_Principal,39,39,Manual,-0.0340785713227352,,PQ rate for MOB 39
NRP-M,202502,Coll_Interest,39,39,Manual,-0.0176542614671581,,PQ rate for MOB 39
NRP-S,202502,Coll_Principal,8,8,Manual,-0.0508124511023973,,PQ rate for MOB 8
NRP-S,202502,Coll_Interest,8,8,Manual,-0.0180344353356807,,PQ rate for MOB 8
NRP-S,202502,Coll_Principal,9,9,Manual,-0.0512413555302499,,PQ rate for MOB 9
NRP-S,202502,Coll_Interest,9,9,Manual,-0.0177749690177139,,PQ rate for MOB 9
NRP-S,202502,Coll_Principal,10,10,Manual,-0.0512437159474807,,PQ rate for MOB 10
NRP-S,202502,Coll_Interest,10,10,Manual,-0.0177619291681187,,PQ rate for MOB 10
NRP-S,202502,Coll_Principal,11,11,Manual,-0.0521586053301447,,PQ rate for MOB 11
NRP-S,202502,Coll_Interest,11,11,Manual,-0.0178211597165718,,PQ rate for MOB 11
NRP-S,202502,Coll_Principal,12,12,Manual,-0.0533858776695129,,PQ rate for MOB 12
NRP-S,202502,Coll_Interest,12,12,Manual,-0.0178998549912794,,PQ rate for MOB 12
NRP-S,202502,Coll_Principal,13,13,Manual,-0.0533858776695129,,PQ rate for MOB 13
NRP-S,202502,Coll_Interest,13,13,Manual,-0.0179801026290341,,PQ rate for MOB 13
NRP-S,202502,Coll_Principal,14,14,Manual,-0.0533858776695129,,PQ rate for MOB 14
NRP-S,202502,Coll_Interest,14,14,Manual,-0.0180557248603604,,PQ rate for MOB 14
NRP-S,202502,Coll_Principal,15,15,Manual,-0.0533858776695129,,PQ rate for MOB 15
NRP-S,202502,Coll_Interest,15,15,Manual,-0.0181248674903417,,PQ rate for MOB 15
NRP-S,202502,Coll_Principal,16,16,Manual,-0.0533858776695129,,PQ rate for MOB 16
NRP-S,202502,Coll_Interest,16,16,Manual,-0.0181873329454994,,PQ rate for MOB 16
NRP-S,202502,Coll_Principal,17,17,Manual,-0.0533858776695129,,PQ rate for MOB 17
NRP-S,202502,Coll_Interest,17,17,Manual,-0.0182435436669065,,PQ rate for MOB 17
NRP-S,202502,Coll_Principal,18,18,Manual,-0.0533858776695129,,PQ rate for MOB 18
NRP-S,202502,Coll_Interest,18,18,Manual,-0.0182941209540225,,PQ rate for MOB 18
NRP-S,202502,Coll_Principal,19,19,Manual,-0.0533858776695129,,PQ rate for MOB 19
NRP-S,202502,Coll_Interest,19,19,Manual,-0.0183397121599521,,PQ rate for MOB 19
NRP-S,202502,Coll_Principal,20,20,Manual,-0.0533858776695129,,PQ rate for MOB 20
NRP-S,202502,Coll_Interest,20,20,Manual,-0.0183809226329624,,PQ rate for MOB 20
NRP-S,202502,Coll_Principal,21,21,Manual,-0.0533858776695129,,PQ rate for MOB 21
NRP-S,202502,Coll_Interest,21,21,Manual,-0.0184182928257175,,PQ rate for MOB 21
NRP-S,202502,Coll_Principal,22,22,Manual,-0.0533858776695129,,PQ rate for MOB 22
NRP-S,202502,Coll_Interest,22,22,Manual,-0.0184522947831456,,PQ rate for MOB 22
NRP-S,202502,Coll_Principal,23,23,Manual,-0.0533858776695129,,PQ rate for MOB 23
NRP-S,202502,Coll_Interest,23,23,Manual,-0.0184833365410909,,PQ rate for MOB 23
NRP-S,202502,Coll_Principal,24,24,Manual,-0.0533858776695129,,PQ rate for MOB 24
NRP-S,202502,Coll_Interest,24,24,Manual,-0.0185117692863864,,PQ rate for MOB 24
NRP-S,202502,Coll_Principal,25,25,Manual,-0.0533858776695129,,PQ rate for MOB 25
NRP-S,202502,Coll_Interest,25,25,Manual,-0.0185378949975326,,PQ rate for MOB 25
NRP-S,202502,Coll_Principal,26,26,Manual,-0.0533858776695129,,PQ rate for MOB 26
NRP-S,202502,Coll_Interest,26,26,Manual,-0.018561973609229,,PQ rate for MOB 26
NRP-S,202502,Coll_Principal,27,27,Manual,-0.0533858776695129,,PQ rate for MOB 27
NRP-S,202502,Coll_Interest,27,27,Manual,-0.0185842293563775,,PQ rate for MOB 27
NRP-S,202502,Coll_Principal,28,28,Manual,-0.0533858776695129,,PQ rate for MOB 28
NRP-S,202502,Coll_Interest,28,28,Manual,-0.0186048562310751,,PQ rate for MOB 28
NRP-S,202502,Coll_Principal,29,29,Manual,-0.0533858776695129,,PQ rate for MOB 29
NRP-S,202502,Coll_Interest,29,29,Manual,-0.0186240226052384,,PQ rate for MOB 29
NRP-S,202502,Coll_Principal,30,30,Manual,-0.0533858776695129,,PQ rate for MOB 30
NRP-S,202502,Coll_Interest,30,30,Manual,-0.018641875115532,,PQ rate for MOB 30
NRP-S,202502,Coll_Principal,31,31,Manual,-0.0533858776695129,,PQ rate for MOB 31
NRP-S,202502,Coll_Interest,31,31,Manual,-0.018658541916541,,PQ rate for MOB 31
NRP-S,202502,Coll_Principal,32,32,Manual,-0.0533858776695129,,PQ rate for MOB 32
NRP-S,202502,Coll_Interest,32,32,Manual,-0.0186741354022366,,PQ rate for MOB 32
NRP-S,202502,Coll_Principal,33,33,Manual,-0.0533858776695129,,PQ rate for MOB 33
NRP-S,202502,Coll_Interest,33,33,Manual,-0.0186887544841541,,PQ rate for MOB 33
NRP-S,202502,Coll_Principal,34,34,Manual,-0.0533858776695129,,PQ rate for MOB 34
NRP-S,202502,Coll_Interest,34,34,Manual,-0.0187024865017685,,PQ rate for MOB 34
NRP-S,202502,Coll_Principal,35,35,Manual,-0.0533858776695129,,PQ rate for MOB 35
NRP-S,202502,Coll_Interest,35,35,Manual,-0.0187154088282874,,PQ rate for MOB 35
NRP-S,202502,Coll_Principal,36,36,Manual,-0.0533858776695129,,PQ rate for MOB 36
NRP-S,202502,Coll_Interest,36,36,Manual,-0.0187275902242329,,PQ rate for MOB 36
NRP-S,202502,Coll_Principal,37,37,Manual,-0.0533858776695129,,PQ rate for MOB 37
NRP-S,202502,Coll_Interest,37,37,Manual,-0.0187390919819451,,PQ rate for MOB 37
NRP-S,202502,Coll_Principal,38,38,Manual,-0.0533858776695129,,PQ rate for MOB 38
NRP-S,202502,Coll_Interest,38,38,Manual,-0.018749968896428,,PQ rate for MOB 38
NRP-S,202502,Coll_Principal,39,39,Manual,-0.0533858776695129,,PQ rate for MOB 39
NRP-S,202502,Coll_Interest,39,39,Manual,-0.018760270091608,,PQ rate for MOB 39
NON PRIME,202503,Coll_Principal,7,7,Manual,-0.0544267000953923,,PQ rate for MOB 7
NON PRIME,202503,Coll_Interest,7,7,Manual,-0.0349636886895272,,PQ rate for MOB 7
NON PRIME,202503,Coll_Principal,8,8,Manual,-0.0545112939986789,,PQ rate for MOB 8
NON PRIME,202503,Coll_Interest,8,8,Manual,-0.0350675886231942,,PQ rate for MOB 8
NON PRIME,202503,Coll_Principal,9,9,Manual,-0.0545676899342033,,PQ rate for MOB 9
NON PRIME,202503,Coll_Interest,9,9,Manual,-0.0350873120545723,,PQ rate for MOB 9
NON PRIME,202503,Coll_Principal,10,10,Manual,-0.0543659934275786,,PQ rate for MOB 10
NON PRIME,202503,Coll_Interest,10,10,Manual,-0.0350862554992169,,PQ rate for MOB 10
NON PRIME,202503,Coll_Principal,11,11,Manual,-0.0548496696118254,,PQ rate for MOB 11
NON PRIME,202503,Coll_Interest,11,11,Manual,-0.0350794127412742,,PQ rate for MOB 11
NON PRIME,202503,Coll_Principal,12,12,Manual,-0.0548496696118254,,PQ rate for MOB 12
NON PRIME,202503,Coll_Interest,12,12,Manual,-0.0350712366350442,,PQ rate for MOB 12
NON PRIME,202503,Coll_Principal,13,13,Manual,-0.0548496696118254,,PQ rate for MOB 13
NON PRIME,202503,Coll_Interest,13,13,Manual,-0.0350631863092136,,PQ rate for MOB 13
NON PRIME,202503,Coll_Principal,14,14,Manual,-0.0548496696118254,,PQ rate for MOB 14
NON PRIME,202503,Coll_Interest,14,14,Manual,-0.0350557313692915,,PQ rate for MOB 14
NON PRIME,202503,Coll_Principal,15,15,Manual,-0.0548496696118254,,PQ rate for MOB 15
NON PRIME,202503,Coll_Interest,15,15,Manual,-0.0350489861680094,,PQ rate for MOB 15
NON PRIME,202503,Coll_Principal,16,16,Manual,-0.0548496696118254,,PQ rate for MOB 16
NON PRIME,202503,Coll_Interest,16,16,Manual,-0.0350429346969529,,PQ rate for MOB 16
NON PRIME,202503,Coll_Principal,17,17,Manual,-0.0548496696118254,,PQ rate for MOB 17
NON PRIME,202503,Coll_Interest,17,17,Manual,-0.0350375162037594,,PQ rate for MOB 17
NON PRIME,202503,Coll_Principal,18,18,Manual,-0.0548496696118254,,PQ rate for MOB 18
NON PRIME,202503,Coll_Interest,18,18,Manual,-0.0350326589112479,,PQ rate for MOB 18
NON PRIME,202503,Coll_Principal,19,19,Manual,-0.0548496696118254,,PQ rate for MOB 19
NON PRIME,202503,Coll_Interest,19,19,Manual,-0.0350282931532367,,PQ rate for MOB 19
NON PRIME,202503,Coll_Principal,20,20,Manual,-0.0548496696118254,,PQ rate for MOB 20
NON PRIME,202503,Coll_Interest,20,20,Manual,-0.035024356036601,,PQ rate for MOB 20
NON PRIME,202503,Coll_Principal,21,21,Manual,-0.0548496696118254,,PQ rate for MOB 21
NON PRIME,202503,Coll_Interest,21,21,Manual,-0.035020792579635,,PQ rate for MOB 21
NON PRIME,202503,Coll_Principal,22,22,Manual,-0.0548496696118254,,PQ rate for MOB 22
NON PRIME,202503,Coll_Interest,22,22,Manual,-0.0350175554274809,,PQ rate for MOB 22
NON PRIME,202503,Coll_Principal,23,23,Manual,-0.0548496696118254,,PQ rate for MOB 23
NON PRIME,202503,Coll_Interest,23,23,Manual,-0.0350146040533028,,PQ rate for MOB 23
NON PRIME,202503,Coll_Principal,24,24,Manual,-0.0548496696118254,,PQ rate for MOB 24
NON PRIME,202503,Coll_Interest,24,24,Manual,-0.0350119038366365,,PQ rate for MOB 24
NON PRIME,202503,Coll_Principal,25,25,Manual,-0.0548496696118254,,PQ rate for MOB 25
NON PRIME,202503,Coll_Interest,25,25,Manual,-0.0350094251806813,,PQ rate for MOB 25
NON PRIME,202503,Coll_Principal,26,26,Manual,-0.0548496696118254,,PQ rate for MOB 26
NON PRIME,202503,Coll_Interest,26,26,Manual,-0.0350071427275376,,PQ rate for MOB 26
NON PRIME,202503,Coll_Principal,27,27,Manual,-0.0548496696118254,,PQ rate for MOB 27
NON PRIME,202503,Coll_Interest,27,27,Manual,-0.0350050346850406,,PQ rate for MOB 27
NON PRIME,202503,Coll_Principal,28,28,Manual,-0.0548496696118254,,PQ rate for MOB 28
NON PRIME,202503,Coll_Interest,28,28,Manual,-0.0350030822598019,,PQ rate for MOB 28
NON PRIME,202503,Coll_Principal,29,29,Manual,-0.0548496696118254,,PQ rate for MOB 29
NON PRIME,202503,Coll_Interest,29,29,Manual,-0.0350012691841045,,PQ rate for MOB 29
NON PRIME,202503,Coll_Principal,30,30,Manual,-0.0548496696118254,,PQ rate for MOB 30
NON PRIME,202503,Coll_Interest,30,30,Manual,-0.0349995813227488,,PQ rate for MOB 30
NON PRIME,202503,Coll_Principal,31,31,Manual,-0.0548496696118254,,PQ rate for MOB 31
NON PRIME,202503,Coll_Interest,31,31,Manual,-0.034998006346699,,PQ rate for MOB 31
NON PRIME,202503,Coll_Principal,32,32,Manual,-0.0548496696118254,,PQ rate for MOB 32
NON PRIME,202503,Coll_Interest,32,32,Manual,-0.0349965334619717,,PQ rate for MOB 32
NON PRIME,202503,Coll_Principal,33,33,Manual,-0.0548496696118254,,PQ rate for MOB 33
NON PRIME,202503,Coll_Interest,33,33,Manual,-0.0349951531839784,,PQ rate for MOB 33
NON PRIME,202503,Coll_Principal,34,34,Manual,-0.0548496696118254,,PQ rate for MOB 34
NON PRIME,202503,Coll_Interest,34,34,Manual,-0.034993857149198,,PQ rate for MOB 34
NON PRIME,202503,Coll_Principal,35,35,Manual,-0.0548496696118254,,PQ rate for MOB 35
NON PRIME,202503,Coll_Interest,35,35,Manual,-0.0349926379575118,,PQ rate for MOB 35
NON PRIME,202503,Coll_Principal,36,36,Manual,-0.0548496696118254,,PQ rate for MOB 36
NON PRIME,202503,Coll_Interest,36,36,Manual,-0.0349914890397598,,PQ rate for MOB 36
NON PRIME,202503,Coll_Principal,37,37,Manual,-0.0548496696118254,,PQ rate for MOB 37
NON PRIME,202503,Coll_Interest,37,37,Manual,-0.0349904045460884,,PQ rate for MOB 37
NON PRIME,202503,Coll_Principal,38,38,Manual,-0.0548496696118254,,PQ rate for MOB 38
NON PRIME,202503,Coll_Interest,38,38,Manual,-0.0349893792514875,,PQ rate for MOB 38
NRP-L,202503,Coll_Principal,7,7,Manual,-0.0098323304851828,,PQ rate for MOB 7
NRP-L,202503,Coll_Interest,7,7,Manual,-0.0121027532761556,,PQ rate for MOB 7
NRP-L,202503,Coll_Principal,8,8,Manual,-0.0098319538179068,,PQ rate for MOB 8
NRP-L,202503,Coll_Interest,8,8,Manual,-0.0112213150170372,,PQ rate for MOB 8
NRP-L,202503,Coll_Principal,9,9,Manual,-0.0098317027063895,,PQ rate for MOB 9
NRP-L,202503,Coll_Interest,9,9,Manual,-0.0112104222643931,,PQ rate for MOB 9
NRP-L,202503,Coll_Principal,10,10,Manual,-0.0098497669198105,,PQ rate for MOB 10
NRP-L,202503,Coll_Interest,10,10,Manual,-0.0113758171635727,,PQ rate for MOB 10
NRP-L,202503,Coll_Principal,11,11,Manual,-0.009830447148803,,PQ rate for MOB 11
NRP-L,202503,Coll_Interest,11,11,Manual,-0.0115679521205333,,PQ rate for MOB 11
NRP-L,202503,Coll_Principal,12,12,Manual,-0.009830447148803,,PQ rate for MOB 12
NRP-L,202503,Coll_Interest,12,12,Manual,-0.0117490512098844,,PQ rate for MOB 12
NRP-L,202503,Coll_Principal,13,13,Manual,-0.009830447148803,,PQ rate for MOB 13
NRP-L,202503,Coll_Interest,13,13,Manual,-0.0119104604302854,,PQ rate for MOB 13
NRP-L,202503,Coll_Principal,14,14,Manual,-0.009830447148803,,PQ rate for MOB 14
NRP-L,202503,Coll_Interest,14,14,Manual,-0.0120519204304831,,PQ rate for MOB 14
NRP-L,202503,Coll_Principal,15,15,Manual,-0.009830447148803,,PQ rate for MOB 15
NRP-L,202503,Coll_Interest,15,15,Manual,-0.012175508464021,,PQ rate for MOB 15
NRP-L,202503,Coll_Principal,16,16,Manual,-0.009830447148803,,PQ rate for MOB 16
NRP-L,202503,Coll_Interest,16,16,Manual,-0.01228373051422,,PQ rate for MOB 16
NRP-L,202503,Coll_Principal,17,17,Manual,-0.009830447148803,,PQ rate for MOB 17
NRP-L,202503,Coll_Interest,17,17,Manual,-0.0123789251874851,,PQ rate for MOB 17
NRP-L,202503,Coll_Principal,18,18,Manual,-0.009830447148803,,PQ rate for MOB 18
NRP-L,202503,Coll_Interest,18,18,Manual,-0.0124631078854627,,PQ rate for MOB 18
NRP-L,202503,Coll_Principal,19,19,Manual,-0.009830447148803,,PQ rate for MOB 19
NRP-L,202503,Coll_Interest,19,19,Manual,-0.0125379635504603,,PQ rate for MOB 19
NRP-L,202503,Coll_Principal,20,20,Manual,-0.009830447148803,,PQ rate for MOB 20
NRP-L,202503,Coll_Interest,20,20,Manual,-0.0126048852523959,,PQ rate for MOB 20
NRP-L,202503,Coll_Principal,21,21,Manual,-0.009830447148803,,PQ rate for MOB 21
NRP-L,202503,Coll_Interest,21,21,Manual,-0.0126650219856223,,PQ rate for MOB 21
NRP-L,202503,Coll_Principal,22,22,Manual,-0.009830447148803,,PQ rate for MOB 22
NRP-L,202503,Coll_Interest,22,22,Manual,-0.0127193232161418,,PQ rate for MOB 22
NRP-L,202503,Coll_Principal,23,23,Manual,-0.009830447148803,,PQ rate for MOB 23
NRP-L,202503,Coll_Interest,23,23,Manual,-0.0127685767038756,,PQ rate for MOB 23
NRP-L,202503,Coll_Principal,24,24,Manual,-0.009830447148803,,PQ rate for MOB 24
NRP-L,202503,Coll_Interest,24,24,Manual,-0.012813439383809,,PQ rate for MOB 24
NRP-L,202503,Coll_Principal,25,25,Manual,-0.009830447148803,,PQ rate for MOB 25
NRP-L,202503,Coll_Interest,25,25,Manual,-0.012854462151203,,PQ rate for MOB 25
NRP-L,202503,Coll_Principal,26,26,Manual,-0.009830447148803,,PQ rate for MOB 26
NRP-L,202503,Coll_Interest,26,26,Manual,-0.0128921096227252,,PQ rate for MOB 26
NRP-L,202503,Coll_Principal,27,27,Manual,-0.009830447148803,,PQ rate for MOB 27
NRP-L,202503,Coll_Interest,27,27,Manual,-0.012926775874365,,PQ rate for MOB 27
NRP-L,202503,Coll_Principal,28,28,Manual,-0.009830447148803,,PQ rate for MOB 28
NRP-L,202503,Coll_Interest,28,28,Manual,-0.0129587969994461,,PQ rate for MOB 28
NRP-L,202503,Coll_Principal,29,29,Manual,-0.009830447148803,,PQ rate for MOB 29
NRP-L,202503,Coll_Interest,29,29,Manual,-0.0129884611658262,,PQ rate for MOB 29
NRP-L,202503,Coll_Principal,30,30,Manual,-0.009830447148803,,PQ rate for MOB 30
NRP-L,202503,Coll_Interest,30,30,Manual,-0.0130160167074355,,PQ rate for MOB 30
NRP-L,202503,Coll_Principal,31,31,Manual,-0.009830447148803,,PQ rate for MOB 31
NRP-L,202503,Coll_Interest,31,31,Manual,-0.0130416786676729,,PQ rate for MOB 31
NRP-L,202503,Coll_Principal,32,32,Manual,-0.009830447148803,,PQ rate for MOB 32
NRP-L,202503,Coll_Interest,32,32,Manual,-0.0130656341192005,,PQ rate for MOB 32
NRP-L,202503,Coll_Principal,33,33,Manual,-0.009830447148803,,PQ rate for MOB 33
NRP-L,202503,Coll_Interest,33,33,Manual,-0.0130880465123899,,PQ rate for MOB 33
NRP-L,202503,Coll_Principal,34,34,Manual,-0.009830447148803,,PQ rate for MOB 34
NRP-L,202503,Coll_Interest,34,34,Manual,-0.0131090592488984,,PQ rate for MOB 34
NRP-L,202503,Coll_Principal,35,35,Manual,-0.009830447148803,,PQ rate for MOB 35
NRP-L,202503,Coll_Interest,35,35,Manual,-0.0131287986339339,,PQ rate for MOB 35
NRP-L,202503,Coll_Principal,36,36,Manual,-0.009830447148803,,PQ rate for MOB 36
NRP-L,202503,Coll_Interest,36,36,Manual,-0.0131473763277332,,PQ rate for MOB 36
NRP-L,202503,Coll_Principal,37,37,Manual,-0.009830447148803,,PQ rate for MOB 37
NRP-L,202503,Coll_Interest,37,37,Manual,-0.0131648913912879,,PQ rate for MOB 37
NRP-L,202503,Coll_Principal,38,38,Manual,-0.009830447148803,,PQ rate for MOB 38
NRP-L,202503,Coll_Interest,38,38,Manual,-0.0131814320016262,,PQ rate for MOB 38
NRP-M,202503,Coll_Principal,7,7,Manual,-0.0233003166102253,,PQ rate for MOB 7
NRP-M,202503,Coll_Interest,7,7,Manual,-0.0173532694567335,,PQ rate for MOB 7
NRP-M,202503,Coll_Principal,8,8,Manual,-0.0231892077541173,,PQ rate for MOB 8
NRP-M,202503,Coll_Interest,8,8,Manual,-0.0173055783564142,,PQ rate for MOB 8
NRP-M,202503,Coll_Principal,9,9,Manual,-0.0231151351833787,,PQ rate for MOB 9
NRP-M,202503,Coll_Interest,9,9,Manual,-0.0172593167954407,,PQ rate for MOB 9
NRP-M,202503,Coll_Principal,10,10,Manual,-0.0220839908610243,,PQ rate for MOB 10
NRP-M,202503,Coll_Interest,10,10,Manual,-0.0172225934545311,,PQ rate for MOB 10
NRP-M,202503,Coll_Principal,11,11,Manual,-0.0227447723296854,,PQ rate for MOB 11
NRP-M,202503,Coll_Interest,11,11,Manual,-0.0171938415109126,,PQ rate for MOB 11
NRP-M,202503,Coll_Principal,12,12,Manual,-0.0227447723296854,,PQ rate for MOB 12
NRP-M,202503,Coll_Interest,12,12,Manual,-0.0171710170602857,,PQ rate for MOB 12
NRP-M,202503,Coll_Principal,13,13,Manual,-0.0227447723296854,,PQ rate for MOB 13
NRP-M,202503,Coll_Interest,13,13,Manual,-0.0171525644359576,,PQ rate for MOB 13
NRP-M,202503,Coll_Principal,14,14,Manual,-0.0227447723296854,,PQ rate for MOB 14
NRP-M,202503,Coll_Interest,14,14,Manual,-0.0171373821721908,,PQ rate for MOB 14
NRP-M,202503,Coll_Principal,15,15,Manual,-0.0227447723296854,,PQ rate for MOB 15
NRP-M,202503,Coll_Interest,15,15,Manual,-0.0171246929427333,,PQ rate for MOB 15
NRP-M,202503,Coll_Principal,16,16,Manual,-0.0227447723296854,,PQ rate for MOB 16
NRP-M,202503,Coll_Interest,16,16,Manual,-0.0171139403333291,,PQ rate for MOB 16
NRP-M,202503,Coll_Principal,17,17,Manual,-0.0227447723296854,,PQ rate for MOB 17
NRP-M,202503,Coll_Interest,17,17,Manual,-0.0171047185666249,,PQ rate for MOB 17
NRP-M,202503,Coll_Principal,18,18,Manual,-0.0227447723296854,,PQ rate for MOB 18
NRP-M,202503,Coll_Interest,18,18,Manual,-0.0170967260488067,,PQ rate for MOB 18
NRP-M,202503,Coll_Principal,19,19,Manual,-0.0227447723296854,,PQ rate for MOB 19
NRP-M,202503,Coll_Interest,19,19,Manual,-0.0170897345593686,,PQ rate for MOB 19
NRP-M,202503,Coll_Principal,20,20,Manual,-0.0227447723296854,,PQ rate for MOB 20
NRP-M,202503,Coll_Interest,20,20,Manual,-0.0170835685256137,,PQ rate for MOB 20
NRP-M,202503,Coll_Principal,21,21,Manual,-0.0227447723296854,,PQ rate for MOB 21
NRP-M,202503,Coll_Interest,21,21,Manual,-0.0170780908342737,,PQ rate for MOB 21
NRP-M,202503,Coll_Principal,22,22,Manual,-0.0227447723296854,,PQ rate for MOB 22
NRP-M,202503,Coll_Interest,22,22,Manual,-0.0170731929404996,,PQ rate for MOB 22
NRP-M,202503,Coll_Principal,23,23,Manual,-0.0227447723296854,,PQ rate for MOB 23
NRP-M,202503,Coll_Interest,23,23,Manual,-0.0170687878501713,,PQ rate for MOB 23
NRP-M,202503,Coll_Principal,24,24,Manual,-0.0227447723296854,,PQ rate for MOB 24
NRP-M,202503,Coll_Interest,24,24,Manual,-0.0170648050574199,,PQ rate for MOB 24
NRP-M,202503,Coll_Principal,25,25,Manual,-0.0227447723296854,,PQ rate for MOB 25
NRP-M,202503,Coll_Interest,25,25,Manual,-0.0170611868356567,,PQ rate for MOB 25
NRP-M,202503,Coll_Principal,26,26,Manual,-0.0227447723296854,,PQ rate for MOB 26
NRP-M,202503,Coll_Interest,26,26,Manual,-0.0170578854810115,,PQ rate for MOB 26
NRP-M,202503,Coll_Principal,27,27,Manual,-0.0227447723296854,,PQ rate for MOB 27
NRP-M,202503,Coll_Interest,27,27,Manual,-0.0170548612363125,,PQ rate for MOB 27
NRP-M,202503,Coll_Principal,28,28,Manual,-0.0227447723296854,,PQ rate for MOB 28
NRP-M,202503,Coll_Interest,28,28,Manual,-0.0170520807083627,,PQ rate for MOB 28
NRP-M,202503,Coll_Principal,29,29,Manual,-0.0227447723296854,,PQ rate for MOB 29
NRP-M,202503,Coll_Interest,29,29,Manual,-0.0170495156475893,,PQ rate for MOB 29
NRP-M,202503,Coll_Principal,30,30,Manual,-0.0227447723296854,,PQ rate for MOB 30
NRP-M,202503,Coll_Interest,30,30,Manual,-0.0170471419972095,,PQ rate for MOB 30
NRP-M,202503,Coll_Principal,31,31,Manual,-0.0227447723296854,,PQ rate for MOB 31
NRP-M,202503,Coll_Interest,31,31,Manual,-0.0170449391451768,,PQ rate for MOB 31
NRP-M,202503,Coll_Principal,32,32,Manual,-0.0227447723296854,,PQ rate for MOB 32
NRP-M,202503,Coll_Interest,32,32,Manual,-0.0170428893303403,,PQ rate for MOB 32
NRP-M,202503,Coll_Principal,33,33,Manual,-0.0227447723296854,,PQ rate for MOB 33
NRP-M,202503,Coll_Interest,33,33,Manual,-0.0170409771670637,,PQ rate for MOB 33
NRP-M,202503,Coll_Principal,34,34,Manual,-0.0227447723296854,,PQ rate for MOB 34
NRP-M,202503,Coll_Interest,34,34,Manual,-0.0170391892616891,,PQ rate for MOB 34
NRP-M,202503,Coll_Principal,35,35,Manual,-0.0227447723296854,,PQ rate for MOB 35
NRP-M,202503,Coll_Interest,35,35,Manual,-0.0170375139008371,,PQ rate for MOB 35
NRP-M,202503,Coll_Principal,36,36,Manual,-0.0227447723296854,,PQ rate for MOB 36
NRP-M,202503,Coll_Interest,36,36,Manual,-0.0170359407963536,,PQ rate for MOB 36
NRP-M,202503,Coll_Principal,37,37,Manual,-0.0227447723296854,,PQ rate for MOB 37
NRP-M,202503,Coll_Interest,37,37,Manual,-0.0170344608752674,,PQ rate for MOB 37
NRP-M,202503,Coll_Principal,38,38,Manual,-0.0227447723296854,,PQ rate for MOB 38
NRP-M,202503,Coll_Interest,38,38,Manual,-0.0170330661057729,,PQ rate for MOB 38
NRP-S,202503,Coll_Principal,7,7,Manual,-0.0483299931613689,,PQ rate for MOB 7
NRP-S,202503,Coll_Interest,7,7,Manual,-0.0221507741329285,,PQ rate for MOB 7
NRP-S,202503,Coll_Principal,8,8,Manual,-0.047766514564016,,PQ rate for MOB 8
NRP-S,202503,Coll_Interest,8,8,Manual,-0.0222175685931389,,PQ rate for MOB 8
NRP-S,202503,Coll_Principal,9,9,Manual,-0.0473908621657807,,PQ rate for MOB 9
NRP-S,202503,Coll_Interest,9,9,Manual,-0.0222118424242846,,PQ rate for MOB 9
NRP-S,202503,Coll_Principal,10,10,Manual,-0.0454473197853238,,PQ rate for MOB 10
NRP-S,202503,Coll_Interest,10,10,Manual,-0.0221927573633883,,PQ rate for MOB 10
NRP-S,202503,Coll_Principal,11,11,Manual,-0.0455126001746045,,PQ rate for MOB 11
NRP-S,202503,Coll_Interest,11,11,Manual,-0.0221725819134652,,PQ rate for MOB 11
NRP-S,202503,Coll_Principal,12,12,Manual,-0.0455126001746045,,PQ rate for MOB 12
NRP-S,202503,Coll_Interest,12,12,Manual,-0.0221541786942385,,PQ rate for MOB 12
NRP-S,202503,Coll_Principal,13,13,Manual,-0.0455126001746045,,PQ rate for MOB 13
NRP-S,202503,Coll_Interest,13,13,Manual,-0.0221380475060709,,PQ rate for MOB 13
NRP-S,202503,Coll_Principal,14,14,Manual,-0.0455126001746045,,PQ rate for MOB 14
NRP-S,202503,Coll_Interest,14,14,Manual,-0.0221240520116087,,PQ rate for MOB 14
NRP-S,202503,Coll_Principal,15,15,Manual,-0.0455126001746045,,PQ rate for MOB 15
NRP-S,202503,Coll_Interest,15,15,Manual,-0.0221119071700036,,PQ rate for MOB 15
NRP-S,202503,Coll_Principal,16,16,Manual,-0.0455126001746045,,PQ rate for MOB 16
NRP-S,202503,Coll_Interest,16,16,Manual,-0.0221013238136662,,PQ rate for MOB 16
NRP-S,202503,Coll_Principal,17,17,Manual,-0.0455126001746045,,PQ rate for MOB 17
NRP-S,202503,Coll_Interest,17,17,Manual,-0.0220920483663808,,PQ rate for MOB 17
NRP-S,202503,Coll_Principal,18,18,Manual,-0.0455126001746045,,PQ rate for MOB 18
NRP-S,202503,Coll_Interest,18,18,Manual,-0.0220838691975539,,PQ rate for MOB 18
NRP-S,202503,Coll_Principal,19,19,Manual,-0.0455126001746045,,PQ rate for MOB 19
NRP-S,202503,Coll_Interest,19,19,Manual,-0.0220766128085816,,PQ rate for MOB 19
NRP-S,202503,Coll_Principal,20,20,Manual,-0.0455126001746045,,PQ rate for MOB 20
NRP-S,202503,Coll_Interest,20,20,Manual,-0.0220701376362392,,PQ rate for MOB 20
NRP-S,202503,Coll_Principal,21,21,Manual,-0.0455126001746045,,PQ rate for MOB 21
NRP-S,202503,Coll_Interest,21,21,Manual,-0.0220643280244139,,PQ rate for MOB 21
NRP-S,202503,Coll_Principal,22,22,Manual,-0.0455126001746045,,PQ rate for MOB 22
NRP-S,202503,Coll_Interest,22,22,Manual,-0.0220590890837638,,PQ rate for MOB 22
NRP-S,202503,Coll_Principal,23,23,Manual,-0.0455126001746045,,PQ rate for MOB 23
NRP-S,202503,Coll_Interest,23,23,Manual,-0.0220543425253531,,PQ rate for MOB 23
NRP-S,202503,Coll_Principal,24,24,Manual,-0.0455126001746045,,PQ rate for MOB 24
NRP-S,202503,Coll_Interest,24,24,Manual,-0.0220500233546257,,PQ rate for MOB 24
NRP-S,202503,Coll_Principal,25,25,Manual,-0.0455126001746045,,PQ rate for MOB 25
NRP-S,202503,Coll_Interest,25,25,Manual,-0.0220460772687921,,PQ rate for MOB 25
NRP-S,202503,Coll_Principal,26,26,Manual,-0.0455126001746045,,PQ rate for MOB 26
NRP-S,202503,Coll_Interest,26,26,Manual,-0.0220424586105531,,PQ rate for MOB 26
NRP-S,202503,Coll_Principal,27,27,Manual,-0.0455126001746045,,PQ rate for MOB 27
NRP-S,202503,Coll_Interest,27,27,Manual,-0.022039128755546,,PQ rate for MOB 27
NRP-S,202503,Coll_Principal,28,28,Manual,-0.0455126001746045,,PQ rate for MOB 28
NRP-S,202503,Coll_Interest,28,28,Manual,-0.0220360548362047,,PQ rate for MOB 28
NRP-S,202503,Coll_Principal,29,29,Manual,-0.0455126001746045,,PQ rate for MOB 29
NRP-S,202503,Coll_Interest,29,29,Manual,-0.0220332087265194,,PQ rate for MOB 29
NRP-S,202503,Coll_Principal,30,30,Manual,-0.0455126001746045,,PQ rate for MOB 30
NRP-S,202503,Coll_Interest,30,30,Manual,-0.0220305662296711,,PQ rate for MOB 30
NRP-S,202503,Coll_Principal,31,31,Manual,-0.0455126001746045,,PQ rate for MOB 31
NRP-S,202503,Coll_Interest,31,31,Manual,-0.0220281064240865,,PQ rate for MOB 31
NRP-S,202503,Coll_Principal,32,32,Manual,-0.0455126001746045,,PQ rate for MOB 32
NRP-S,202503,Coll_Interest,32,32,Manual,-0.0220258111338348,,PQ rate for MOB 32
NRP-S,202503,Coll_Principal,33,33,Manual,-0.0455126001746045,,PQ rate for MOB 33
NRP-S,202503,Coll_Interest,33,33,Manual,-0.0220236644971644,,PQ rate for MOB 33
NRP-S,202503,Coll_Principal,34,34,Manual,-0.0455126001746045,,PQ rate for MOB 34
NRP-S,202503,Coll_Interest,34,34,Manual,-0.0220216526129469,,PQ rate for MOB 34
NRP-S,202503,Coll_Principal,35,35,Manual,-0.0455126001746045,,PQ rate for MOB 35
NRP-S,202503,Coll_Interest,35,35,Manual,-0.0220197632493312,,PQ rate for MOB 35
NRP-S,202503,Coll_Principal,36,36,Manual,-0.0455126001746045,,PQ rate for MOB 36
NRP-S,202503,Coll_Interest,36,36,Manual,-0.022017985602359,,PQ rate for MOB 36
NRP-S,202503,Coll_Principal,37,37,Manual,-0.0455126001746045,,PQ rate for MOB 37
NRP-S,202503,Coll_Interest,37,37,Manual,-0.022016310094934,,PQ rate for MOB 37
NRP-S,202503,Coll_Principal,38,38,Manual,-0.0455126001746045,,PQ rate for MOB 38
NRP-S,202503,Coll_Interest,38,38,Manual,-0.0220147282085635,,PQ rate for MOB 38
NON PRIME,202504,Coll_Principal,6,6,Manual,-0.053667037,,PQ rate for MOB 6
NON PRIME,202504,Coll_Interest,6,6,Manual,-0.0403895901908344,,PQ rate for MOB 6
NON PRIME,202504,Coll_Principal,7,7,Manual,-0.053667037,,PQ rate for MOB 7
NON PRIME,202504,Coll_Interest,7,7,Manual,-0.0394019853190671,,PQ rate for MOB 7
NON PRIME,202504,Coll_Principal,8,8,Manual,-0.053667037,,PQ rate for MOB 8
NON PRIME,202504,Coll_Interest,8,8,Manual,-0.0389081828831834,,PQ rate for MOB 8
NON PRIME,202504,Coll_Principal,9,9,Manual,-0.053667037,,PQ rate for MOB 9
NON PRIME,202504,Coll_Interest,9,9,Manual,-0.0386119014216532,,PQ rate for MOB 9
NON PRIME,202504,Coll_Principal,10,10,Manual,-0.053667037,,PQ rate for MOB 10
NON PRIME,202504,Coll_Interest,10,10,Manual,-0.0384143804472997,,PQ rate for MOB 10
NON PRIME,202504,Coll_Principal,11,11,Manual,-0.053667037,,PQ rate for MOB 11
NON PRIME,202504,Coll_Interest,11,11,Manual,-0.0382732940370473,,PQ rate for MOB 11
NON PRIME,202504,Coll_Principal,12,12,Manual,-0.0536670369999999,,PQ rate for MOB 12
NON PRIME,202504,Coll_Interest,12,12,Manual,-0.0381674792293579,,PQ rate for MOB 12
NON PRIME,202504,Coll_Principal,13,13,Manual,-0.053667037,,PQ rate for MOB 13
NON PRIME,202504,Coll_Interest,13,13,Manual,-0.0380851788233773,,PQ rate for MOB 13
NON PRIME,202504,Coll_Principal,14,14,Manual,-0.053667037,,PQ rate for MOB 14
NON PRIME,202504,Coll_Interest,14,14,Manual,-0.0380193384985928,,PQ rate for MOB 14
NON PRIME,202504,Coll_Principal,15,15,Manual,-0.053667037,,PQ rate for MOB 15
NON PRIME,202504,Coll_Interest,15,15,Manual,-0.037965469141951,,PQ rate for MOB 15
NON PRIME,202504,Coll_Principal,16,16,Manual,-0.053667037,,PQ rate for MOB 16
NON PRIME,202504,Coll_Interest,16,16,Manual,-0.0379205780114161,,PQ rate for MOB 16
NON PRIME,202504,Coll_Principal,17,17,Manual,-0.053667037,,PQ rate for MOB 17
NON PRIME,202504,Coll_Interest,17,17,Manual,-0.0378825932086558,,PQ rate for MOB 17
NON PRIME,202504,Coll_Principal,18,18,Manual,-0.053667037,,PQ rate for MOB 18
NON PRIME,202504,Coll_Interest,18,18,Manual,-0.0378500348062898,,PQ rate for MOB 18
NON PRIME,202504,Coll_Principal,19,19,Manual,-0.053667037,,PQ rate for MOB 19
NON PRIME,202504,Coll_Interest,19,19,Manual,-0.0378218175242393,,PQ rate for MOB 19
NON PRIME,202504,Coll_Principal,20,20,Manual,-0.053667037,,PQ rate for MOB 20
NON PRIME,202504,Coll_Interest,20,20,Manual,-0.0377971274024452,,PQ rate for MOB 20
NON PRIME,202504,Coll_Principal,21,21,Manual,-0.053667037,,PQ rate for MOB 21
NON PRIME,202504,Coll_Interest,21,21,Manual,-0.0377753420008621,,PQ rate for MOB 21
NON PRIME,202504,Coll_Principal,22,22,Manual,-0.053667037,,PQ rate for MOB 22
NON PRIME,202504,Coll_Interest,22,22,Manual,-0.0377559771994549,,PQ rate for MOB 22
NON PRIME,202504,Coll_Principal,23,23,Manual,-0.053667037,,PQ rate for MOB 23
NON PRIME,202504,Coll_Interest,23,23,Manual,-0.0377386507981958,,PQ rate for MOB 23
NON PRIME,202504,Coll_Principal,24,24,Manual,-0.053667037,,PQ rate for MOB 24
NON PRIME,202504,Coll_Interest,24,24,Manual,-0.0377230570370626,,PQ rate for MOB 24
NON PRIME,202504,Coll_Principal,25,25,Manual,-0.053667037,,PQ rate for MOB 25
NON PRIME,202504,Coll_Interest,25,25,Manual,-0.0377089483960374,,PQ rate for MOB 25
NON PRIME,202504,Coll_Principal,26,26,Manual,-0.053667037,,PQ rate for MOB 26
NON PRIME,202504,Coll_Interest,26,26,Manual,-0.0376961223587417,,PQ rate for MOB 26
NON PRIME,202504,Coll_Principal,27,27,Manual,-0.053667037,,PQ rate for MOB 27
NON PRIME,202504,Coll_Interest,27,27,Manual,-0.0376844116290369,,PQ rate for MOB 27
NON PRIME,202504,Coll_Principal,28,28,Manual,-0.053667037,,PQ rate for MOB 28
NON PRIME,202504,Coll_Interest,28,28,Manual,-0.0376736767934742,,PQ rate for MOB 28
NON PRIME,202504,Coll_Principal,29,29,Manual,-0.053667037,,PQ rate for MOB 29
NON PRIME,202504,Coll_Interest,29,29,Manual,-0.0376638007447566,,PQ rate for MOB 29
NON PRIME,202504,Coll_Principal,30,30,Manual,-0.053667037,,PQ rate for MOB 30
NON PRIME,202504,Coll_Interest,30,30,Manual,-0.0376546843920941,,PQ rate for MOB 30
NON PRIME,202504,Coll_Principal,31,31,Manual,-0.053667037,,PQ rate for MOB 31
NON PRIME,202504,Coll_Interest,31,31,Manual,-0.037646243324814,,PQ rate for MOB 31
NON PRIME,202504,Coll_Principal,32,32,Manual,-0.053667037,,PQ rate for MOB 32
NON PRIME,202504,Coll_Interest,32,32,Manual,-0.0376384051909111,,PQ rate for MOB 32
NON PRIME,202504,Coll_Principal,33,33,Manual,-0.053667037,,PQ rate for MOB 33
NON PRIME,202504,Coll_Interest,33,33,Manual,-0.037631107617967,,PQ rate for MOB 33
NON PRIME,202504,Coll_Principal,34,34,Manual,-0.053667037,,PQ rate for MOB 34
NON PRIME,202504,Coll_Interest,34,34,Manual,-0.0376242965498859,,PQ rate for MOB 34
NON PRIME,202504,Coll_Principal,35,35,Manual,-0.053667037,,PQ rate for MOB 35
NON PRIME,202504,Coll_Interest,35,35,Manual,-0.0376179249055519,,PQ rate for MOB 35
NON PRIME,202504,Coll_Principal,36,36,Manual,-0.053667037,,PQ rate for MOB 36
NON PRIME,202504,Coll_Interest,36,36,Manual,-0.0376119514889888,,PQ rate for MOB 36
NON PRIME,202504,Coll_Principal,37,37,Manual,-0.053667037,,PQ rate for MOB 37
NON PRIME,202504,Coll_Interest,37,37,Manual,-0.0376063400976719,,PQ rate for MOB 37
NRP-L,202504,Coll_Principal,6,6,Manual,-0.012689719,,PQ rate for MOB 6
NRP-L,202504,Coll_Interest,6,6,Manual,-0.0167224008317093,,PQ rate for MOB 6
NRP-L,202504,Coll_Principal,7,7,Manual,-0.0126897189999999,,PQ rate for MOB 7
NRP-L,202504,Coll_Interest,7,7,Manual,-0.0167307183469715,,PQ rate for MOB 7
NRP-L,202504,Coll_Principal,8,8,Manual,-0.012689719,,PQ rate for MOB 8
NRP-L,202504,Coll_Interest,8,8,Manual,-0.0167348771046026,,PQ rate for MOB 8
NRP-L,202504,Coll_Principal,9,9,Manual,-0.012689719,,PQ rate for MOB 9
NRP-L,202504,Coll_Interest,9,9,Manual,-0.0167373723591812,,PQ rate for MOB 9
NRP-L,202504,Coll_Principal,10,10,Manual,-0.012689719,,PQ rate for MOB 10
NRP-L,202504,Coll_Interest,10,10,Manual,-0.0167390358622337,,PQ rate for MOB 10
NRP-L,202504,Coll_Principal,11,11,Manual,-0.012689719,,PQ rate for MOB 11
NRP-L,202504,Coll_Interest,11,11,Manual,-0.0167402240786997,,PQ rate for MOB 11
NRP-L,202504,Coll_Principal,12,12,Manual,-0.0126897189999999,,PQ rate for MOB 12
NRP-L,202504,Coll_Interest,12,12,Manual,-0.0167411152410492,,PQ rate for MOB 12
NRP-L,202504,Coll_Principal,13,13,Manual,-0.012689719,,PQ rate for MOB 13
NRP-L,202504,Coll_Interest,13,13,Manual,-0.0167418083673211,,PQ rate for MOB 13
NRP-L,202504,Coll_Principal,14,14,Manual,-0.012689719,,PQ rate for MOB 14
NRP-L,202504,Coll_Interest,14,14,Manual,-0.0167423628683385,,PQ rate for MOB 14
NRP-L,202504,Coll_Principal,15,15,Manual,-0.0126897189999999,,PQ rate for MOB 15
NRP-L,202504,Coll_Interest,15,15,Manual,-0.0167428165509892,,PQ rate for MOB 15
NRP-L,202504,Coll_Principal,16,16,Manual,-0.012689719,,PQ rate for MOB 16
NRP-L,202504,Coll_Interest,16,16,Manual,-0.0167431946198648,,PQ rate for MOB 16
NRP-L,202504,Coll_Principal,17,17,Manual,-0.012689719,,PQ rate for MOB 17
NRP-L,202504,Coll_Interest,17,17,Manual,-0.0167435145242979,,PQ rate for MOB 17
NRP-L,202504,Coll_Principal,18,18,Manual,-0.012689719,,PQ rate for MOB 18
NRP-L,202504,Coll_Interest,18,18,Manual,-0.0167437887280978,,PQ rate for MOB 18
NRP-L,202504,Coll_Principal,19,19,Manual,-0.012689719,,PQ rate for MOB 19
NRP-L,202504,Coll_Interest,19,19,Manual,-0.016744026371391,,PQ rate for MOB 19
NRP-L,202504,Coll_Principal,20,20,Manual,-0.012689719,,PQ rate for MOB 20
NRP-L,202504,Coll_Interest,20,20,Manual,-0.0167442343092725,,PQ rate for MOB 20
NRP-L,202504,Coll_Principal,21,21,Manual,-0.012689719,,PQ rate for MOB 21
NRP-L,202504,Coll_Interest,21,21,Manual,-0.0167444177838739,,PQ rate for MOB 21
NRP-L,202504,Coll_Principal,22,22,Manual,-0.012689719,,PQ rate for MOB 22
NRP-L,202504,Coll_Interest,22,22,Manual,-0.0167445808724085,,PQ rate for MOB 22
NRP-L,202504,Coll_Principal,23,23,Manual,-0.012689719,,PQ rate for MOB 23
NRP-L,202504,Coll_Interest,23,23,Manual,-0.0167447267937288,,PQ rate for MOB 23
NRP-L,202504,Coll_Principal,24,24,Manual,-0.012689719,,PQ rate for MOB 24
NRP-L,202504,Coll_Interest,24,24,Manual,-0.0167448581229172,,PQ rate for MOB 24
NRP-L,202504,Coll_Principal,25,25,Manual,-0.012689719,,PQ rate for MOB 25
NRP-L,202504,Coll_Interest,25,25,Manual,-0.0167449769445638,,PQ rate for MOB 25
NRP-L,202504,Coll_Principal,26,26,Manual,-0.012689719,,PQ rate for MOB 26
NRP-L,202504,Coll_Interest,26,26,Manual,-0.0167450849642425,,PQ rate for MOB 26
NRP-L,202504,Coll_Principal,27,27,Manual,-0.012689719,,PQ rate for MOB 27
NRP-L,202504,Coll_Interest,27,27,Manual,-0.0167451835909057,,PQ rate for MOB 27
NRP-L,202504,Coll_Principal,28,28,Manual,-0.012689719,,PQ rate for MOB 28
NRP-L,202504,Coll_Interest,28,28,Manual,-0.0167452739986803,,PQ rate for MOB 28
NRP-L,202504,Coll_Principal,29,29,Manual,-0.0126897189999999,,PQ rate for MOB 29
NRP-L,202504,Coll_Interest,29,29,Manual,-0.0167453571738329,,PQ rate for MOB 29
NRP-L,202504,Coll_Principal,30,30,Manual,-0.0126897189999999,,PQ rate for MOB 30
NRP-L,202504,Coll_Interest,30,30,Manual,-0.0167454339508969,,PQ rate for MOB 30
NRP-L,202504,Coll_Principal,31,31,Manual,-0.012689719,,PQ rate for MOB 31
NRP-L,202504,Coll_Interest,31,31,Manual,-0.0167455050407709,,PQ rate for MOB 31
NRP-L,202504,Coll_Principal,32,32,Manual,-0.012689719,,PQ rate for MOB 32
NRP-L,202504,Coll_Interest,32,32,Manual,-0.0167455710527968,,PQ rate for MOB 32
NRP-L,202504,Coll_Principal,33,33,Manual,-0.012689719,,PQ rate for MOB 33
NRP-L,202504,Coll_Interest,33,33,Manual,-0.0167456325122692,,PQ rate for MOB 33
NRP-L,202504,Coll_Principal,34,34,Manual,-0.012689719,,PQ rate for MOB 34
NRP-L,202504,Coll_Interest,34,34,Manual,-0.0167456898744434,,PQ rate for MOB 34
NRP-L,202504,Coll_Principal,35,35,Manual,-0.0126897189999999,,PQ rate for MOB 35
NRP-L,202504,Coll_Interest,35,35,Manual,-0.0167457435358322,,PQ rate for MOB 35
NRP-L,202504,Coll_Principal,36,36,Manual,-0.0126897189999999,,PQ rate for MOB 36
NRP-L,202504,Coll_Interest,36,36,Manual,-0.0167457938433842,,PQ rate for MOB 36
NRP-L,202504,Coll_Principal,37,37,Manual,-0.012689719,,PQ rate for MOB 37
NRP-L,202504,Coll_Interest,37,37,Manual,-0.0167458411019936,,PQ rate for MOB 37
NRP-M,202504,Coll_Principal,6,6,Manual,-0.020201579,,PQ rate for MOB 6
NRP-M,202504,Coll_Interest,6,6,Manual,-0.017691446467127,,PQ rate for MOB 6
NRP-M,202504,Coll_Principal,7,7,Manual,-0.020201579,,PQ rate for MOB 7
NRP-M,202504,Coll_Interest,7,7,Manual,-0.0174309575764171,,PQ rate for MOB 7
NRP-M,202504,Coll_Principal,8,8,Manual,-0.020201579,,PQ rate for MOB 8
NRP-M,202504,Coll_Interest,8,8,Manual,-0.0173007131310622,,PQ rate for MOB 8
NRP-M,202504,Coll_Principal,9,9,Manual,-0.0202015789999999,,PQ rate for MOB 9
NRP-M,202504,Coll_Interest,9,9,Manual,-0.0172225664638493,,PQ rate for MOB 9
NRP-M,202504,Coll_Principal,10,10,Manual,-0.0202015789999999,,PQ rate for MOB 10
NRP-M,202504,Coll_Interest,10,10,Manual,-0.0171704686857073,,PQ rate for MOB 10
NRP-M,202504,Coll_Principal,11,11,Manual,-0.020201579,,PQ rate for MOB 11
NRP-M,202504,Coll_Interest,11,11,Manual,-0.0171332559870345,,PQ rate for MOB 11
NRP-M,202504,Coll_Principal,12,12,Manual,-0.020201579,,PQ rate for MOB 12
NRP-M,202504,Coll_Interest,12,12,Manual,-0.0171053464630298,,PQ rate for MOB 12
NRP-M,202504,Coll_Principal,13,13,Manual,-0.020201579,,PQ rate for MOB 13
NRP-M,202504,Coll_Interest,13,13,Manual,-0.0170836390554707,,PQ rate for MOB 13
NRP-M,202504,Coll_Principal,14,14,Manual,-0.020201579,,PQ rate for MOB 14
NRP-M,202504,Coll_Interest,14,14,Manual,-0.0170662731294234,,PQ rate for MOB 14
NRP-M,202504,Coll_Principal,15,15,Manual,-0.020201579,,PQ rate for MOB 15
NRP-M,202504,Coll_Interest,15,15,Manual,-0.0170520646444755,,PQ rate for MOB 15
NRP-M,202504,Coll_Principal,16,16,Manual,-0.020201579,,PQ rate for MOB 16
NRP-M,202504,Coll_Interest,16,16,Manual,-0.0170402242403524,,PQ rate for MOB 16
NRP-M,202504,Coll_Principal,17,17,Manual,-0.020201579,,PQ rate for MOB 17
NRP-M,202504,Coll_Interest,17,17,Manual,-0.0170302054368635,,PQ rate for MOB 17
NRP-M,202504,Coll_Principal,18,18,Manual,-0.020201579,,PQ rate for MOB 18
NRP-M,202504,Coll_Interest,18,18,Manual,-0.0170216178910159,,PQ rate for MOB 18
NRP-M,202504,Coll_Principal,19,19,Manual,-0.020201579,,PQ rate for MOB 19
NRP-M,202504,Coll_Interest,19,19,Manual,-0.0170141753512814,,PQ rate for MOB 19
NRP-M,202504,Coll_Principal,20,20,Manual,-0.020201579,,PQ rate for MOB 20
NRP-M,202504,Coll_Interest,20,20,Manual,-0.0170076631290136,,PQ rate for MOB 20
NRP-M,202504,Coll_Principal,21,21,Manual,-0.020201579,,PQ rate for MOB 21
NRP-M,202504,Coll_Interest,21,21,Manual,-0.0170019170505421,,PQ rate for MOB 21
NRP-M,202504,Coll_Principal,22,22,Manual,-0.020201579,,PQ rate for MOB 22
NRP-M,202504,Coll_Interest,22,22,Manual,-0.0169968094252341,,PQ rate for MOB 22
NRP-M,202504,Coll_Principal,23,23,Manual,-0.020201579,,PQ rate for MOB 23
NRP-M,202504,Coll_Interest,23,23,Manual,-0.0169922394446953,,PQ rate for MOB 23
NRP-M,202504,Coll_Principal,24,24,Manual,-0.020201579,,PQ rate for MOB 24
NRP-M,202504,Coll_Interest,24,24,Manual,-0.0169881264622104,,PQ rate for MOB 24
NRP-M,202504,Coll_Principal,25,25,Manual,-0.020201579,,PQ rate for MOB 25
NRP-M,202504,Coll_Interest,25,25,Manual,-0.0169844051923431,,PQ rate for MOB 25
NRP-M,202504,Coll_Principal,26,26,Manual,-0.020201579,,PQ rate for MOB 26
NRP-M,202504,Coll_Interest,26,26,Manual,-0.0169810222197365,,PQ rate for MOB 26
NRP-M,202504,Coll_Principal,27,27,Manual,-0.020201579,,PQ rate for MOB 27
NRP-M,202504,Coll_Interest,27,27,Manual,-0.0169779334186609,,PQ rate for MOB 27
NRP-M,202504,Coll_Principal,28,28,Manual,-0.020201579,,PQ rate for MOB 28
NRP-M,202504,Coll_Interest,28,28,Manual,-0.0169751020176749,,PQ rate for MOB 28
NRP-M,202504,Coll_Principal,29,29,Manual,-0.020201579,,PQ rate for MOB 29
NRP-M,202504,Coll_Interest,29,29,Manual,-0.0169724971287678,,PQ rate for MOB 29
NRP-M,202504,Coll_Principal,30,30,Manual,-0.020201579,,PQ rate for MOB 30
NRP-M,202504,Coll_Interest,30,30,Manual,-0.0169700926159305,,PQ rate for MOB 30
NRP-M,202504,Coll_Principal,31,31,Manual,-0.020201579,,PQ rate for MOB 31
NRP-M,202504,Coll_Interest,31,31,Manual,-0.0169678662151552,,PQ rate for MOB 31
NRP-M,202504,Coll_Principal,32,32,Manual,-0.020201579,,PQ rate for MOB 32
NRP-M,202504,Coll_Interest,32,32,Manual,-0.0169657988430067,,PQ rate for MOB 32
NRP-M,202504,Coll_Principal,33,33,Manual,-0.020201579,,PQ rate for MOB 33
NRP-M,202504,Coll_Interest,33,33,Manual,-0.0169638740482478,,PQ rate for MOB 33
NRP-M,202504,Coll_Principal,34,34,Manual,-0.020201579,,PQ rate for MOB 34
NRP-M,202504,Coll_Interest,34,34,Manual,-0.0169620775731394,,PQ rate for MOB 34
NRP-M,202504,Coll_Principal,35,35,Manual,-0.020201579,,PQ rate for MOB 35
NRP-M,202504,Coll_Interest,35,35,Manual,-0.016960396999651,,PQ rate for MOB 35
NRP-M,202504,Coll_Principal,36,36,Manual,-0.020201579,,PQ rate for MOB 36
NRP-M,202504,Coll_Interest,36,36,Manual,-0.0169588214620055,,PQ rate for MOB 36
NRP-M,202504,Coll_Principal,37,37,Manual,-0.0202015789999999,,PQ rate for MOB 37
NRP-M,202504,Coll_Interest,37,37,Manual,-0.0169573414114901,,PQ rate for MOB 37
NRP-S,202504,Coll_Principal,6,6,Manual,-0.0586818699999999,,PQ rate for MOB 6
NRP-S,202504,Coll_Interest,6,6,Manual,-0.0231080570920808,,PQ rate for MOB 6
NRP-S,202504,Coll_Principal,7,7,Manual,-0.05868187,,PQ rate for MOB 7
NRP-S,202504,Coll_Interest,7,7,Manual,-0.0227464393888949,,PQ rate for MOB 7
NRP-S,202504,Coll_Principal,8,8,Manual,-0.05868187,,PQ rate for MOB 8
NRP-S,202504,Coll_Interest,8,8,Manual,-0.022565630537302,,PQ rate for MOB 8
NRP-S,202504,Coll_Principal,9,9,Manual,-0.05868187,,PQ rate for MOB 9
NRP-S,202504,Coll_Interest,9,9,Manual,-0.0224571452263462,,PQ rate for MOB 9
NRP-S,202504,Coll_Principal,10,10,Manual,-0.05868187,,PQ rate for MOB 10
NRP-S,202504,Coll_Interest,10,10,Manual,-0.022384821685709,,PQ rate for MOB 10
NRP-S,202504,Coll_Principal,11,11,Manual,-0.05868187,,PQ rate for MOB 11
NRP-S,202504,Coll_Interest,11,11,Manual,-0.0223331620138253,,PQ rate for MOB 11
NRP-S,202504,Coll_Principal,12,12,Manual,-0.05868187,,PQ rate for MOB 12
NRP-S,202504,Coll_Interest,12,12,Manual,-0.0222944172599126,,PQ rate for MOB 12
NRP-S,202504,Coll_Principal,13,13,Manual,-0.05868187,,PQ rate for MOB 13
NRP-S,202504,Coll_Interest,13,13,Manual,-0.0222642824513137,,PQ rate for MOB 13
NRP-S,202504,Coll_Principal,14,14,Manual,-0.05868187,,PQ rate for MOB 14
NRP-S,202504,Coll_Interest,14,14,Manual,-0.0222401746044347,,PQ rate for MOB 14
NRP-S,202504,Coll_Principal,15,15,Manual,-0.05868187,,PQ rate for MOB 15
NRP-S,202504,Coll_Interest,15,15,Manual,-0.0222204500024427,,PQ rate for MOB 15
NRP-S,202504,Coll_Principal,16,16,Manual,-0.05868187,,PQ rate for MOB 16
NRP-S,202504,Coll_Interest,16,16,Manual,-0.0222040128341161,,PQ rate for MOB 16
NRP-S,202504,Coll_Principal,17,17,Manual,-0.05868187,,PQ rate for MOB 17
NRP-S,202504,Coll_Interest,17,17,Manual,-0.0221901044609166,,PQ rate for MOB 17
NRP-S,202504,Coll_Principal,18,18,Manual,-0.05868187,,PQ rate for MOB 18
NRP-S,202504,Coll_Interest,18,18,Manual,-0.0221781829981742,,PQ rate for MOB 18
NRP-S,202504,Coll_Principal,19,19,Manual,-0.05868187,,PQ rate for MOB 19
NRP-S,202504,Coll_Interest,19,19,Manual,-0.0221678510637975,,PQ rate for MOB 19
NRP-S,202504,Coll_Principal,20,20,Manual,-0.05868187,,PQ rate for MOB 20
NRP-S,202504,Coll_Interest,20,20,Manual,-0.0221588106212179,,PQ rate for MOB 20
NRP-S,202504,Coll_Principal,21,21,Manual,-0.05868187,,PQ rate for MOB 21
NRP-S,202504,Coll_Interest,21,21,Manual,-0.0221508337601182,,PQ rate for MOB 21
NRP-S,202504,Coll_Principal,22,22,Manual,-0.05868187,,PQ rate for MOB 22
NRP-S,202504,Coll_Interest,22,22,Manual,-0.0221437432169184,,PQ rate for MOB 22
NRP-S,202504,Coll_Principal,23,23,Manual,-0.05868187,,PQ rate for MOB 23
NRP-S,202504,Coll_Interest,23,23,Manual,-0.0221373990466871,,PQ rate for MOB 23
NRP-S,202504,Coll_Principal,24,24,Manual,-0.05868187,,PQ rate for MOB 24
NRP-S,202504,Coll_Interest,24,24,Manual,-0.0221316892934789,,PQ rate for MOB 24
NRP-S,202504,Coll_Principal,25,25,Manual,-0.05868187,,PQ rate for MOB 25
NRP-S,202504,Coll_Interest,25,25,Manual,-0.0221265233262905,,PQ rate for MOB 25
NRP-S,202504,Coll_Principal,26,26,Manual,-0.05868187,,PQ rate for MOB 26
NRP-S,202504,Coll_Interest,26,26,Manual,-0.0221218269924829,,PQ rate for MOB 26
NRP-S,202504,Coll_Principal,27,27,Manual,-0.05868187,,PQ rate for MOB 27
NRP-S,202504,Coll_Interest,27,27,Manual,-0.0221175390355282,,PQ rate for MOB 27
NRP-S,202504,Coll_Principal,28,28,Manual,-0.05868187,,PQ rate for MOB 28
NRP-S,202504,Coll_Interest,28,28,Manual,-0.0221136084083196,,PQ rate for MOB 28
NRP-S,202504,Coll_Principal,29,29,Manual,-0.05868187,,PQ rate for MOB 29
NRP-S,202504,Coll_Interest,29,29,Manual,-0.0221099922312878,,PQ rate for MOB 29
NRP-S,202504,Coll_Principal,30,30,Manual,-0.05868187,,PQ rate for MOB 30
NRP-S,202504,Coll_Interest,30,30,Manual,-0.0221066542217199,,PQ rate for MOB 30
NRP-S,202504,Coll_Principal,31,31,Manual,-0.05868187,,PQ rate for MOB 31
NRP-S,202504,Coll_Interest,31,31,Manual,-0.02210356347212,,PQ rate for MOB 31
NRP-S,202504,Coll_Principal,32,32,Manual,-0.05868187,,PQ rate for MOB 32
NRP-S,202504,Coll_Interest,32,32,Manual,-0.0221006934903487,,PQ rate for MOB 32
NRP-S,202504,Coll_Principal,33,33,Manual,-0.05868187,,PQ rate for MOB 33
NRP-S,202504,Coll_Interest,33,33,Manual,-0.0220980214383547,,PQ rate for MOB 33
NRP-S,202504,Coll_Principal,34,34,Manual,-0.05868187,,PQ rate for MOB 34
NRP-S,202504,Coll_Interest,34,34,Manual,-0.0220955275231603,,PQ rate for MOB 34
NRP-S,202504,Coll_Principal,35,35,Manual,-0.05868187,,PQ rate for MOB 35
NRP-S,202504,Coll_Interest,35,35,Manual,-0.0220931945057204,,PQ rate for MOB 35
NRP-S,202504,Coll_Principal,36,36,Manual,-0.05868187,,PQ rate for MOB 36
NRP-S,202504,Coll_Interest,36,36,Manual,-0.0220910073018705,,PQ rate for MOB 36
NRP-S,202504,Coll_Principal,37,37,Manual,-0.0586818699999999,,PQ rate for MOB 37
NRP-S,202504,Coll_Interest,37,37,Manual,-0.0220889526558297,,PQ rate for MOB 37
PRIME,202504,Coll_Principal,6,6,Manual,0.0,,PQ rate for MOB 6
PRIME,202504,Coll_Interest,6,6,Manual,-0.0104333889673843,,PQ rate for MOB 6
PRIME,202504,Coll_Principal,7,7,Manual,0.0,,PQ rate for MOB 7
PRIME,202504,Coll_Interest,7,7,Manual,-0.0104323501645489,,PQ rate for MOB 7
PRIME,202504,Coll_Principal,8,8,Manual,0.0,,PQ rate for MOB 8
PRIME,202504,Coll_Interest,8,8,Manual,-0.0104318307631311,,PQ rate for MOB 8
PRIME,202504,Coll_Principal,9,9,Manual,0.0,,PQ rate for MOB 9
PRIME,202504,Coll_Interest,9,9,Manual,-0.0104315191222805,,PQ rate for MOB 9
PRIME,202504,Coll_Principal,10,10,Manual,0.0,,PQ rate for MOB 10
PRIME,202504,Coll_Interest,10,10,Manual,-0.0104313113617134,,PQ rate for MOB 10
PRIME,202504,Coll_Principal,11,11,Manual,0.0,,PQ rate for MOB 11
PRIME,202504,Coll_Interest,11,11,Manual,-0.0104311629613083,,PQ rate for MOB 11
PRIME,202504,Coll_Principal,12,12,Manual,0.0,,PQ rate for MOB 12
PRIME,202504,Coll_Interest,12,12,Manual,-0.0104310516610045,,PQ rate for MOB 12
PRIME,202504,Coll_Principal,13,13,Manual,0.0,,PQ rate for MOB 13
PRIME,202504,Coll_Interest,13,13,Manual,-0.0104309650941016,,PQ rate for MOB 13
PRIME,202504,Coll_Principal,14,14,Manual,0.0,,PQ rate for MOB 14
PRIME,202504,Coll_Interest,14,14,Manual,-0.0104308958405792,,PQ rate for MOB 14
PRIME,202504,Coll_Principal,15,15,Manual,0.0,,PQ rate for MOB 15
PRIME,202504,Coll_Interest,15,15,Manual,-0.0104308391786064,,PQ rate for MOB 15
PRIME,202504,Coll_Principal,16,16,Manual,0.0,,PQ rate for MOB 16
PRIME,202504,Coll_Interest,16,16,Manual,-0.0104307919602957,,PQ rate for MOB 16
PRIME,202504,Coll_Principal,17,17,Manual,0.0,,PQ rate for MOB 17
PRIME,202504,Coll_Interest,17,17,Manual,-0.0104307520063405,,PQ rate for MOB 17
PRIME,202504,Coll_Principal,18,18,Manual,0.0,,PQ rate for MOB 18
PRIME,202504,Coll_Interest,18,18,Manual,-0.0104307177600932,,PQ rate for MOB 18
PRIME,202504,Coll_Principal,19,19,Manual,0.0,,PQ rate for MOB 19
PRIME,202504,Coll_Interest,19,19,Manual,-0.0104306880800121,,PQ rate for MOB 19
PRIME,202504,Coll_Principal,20,20,Manual,0.0,,PQ rate for MOB 20
PRIME,202504,Coll_Interest,20,20,Manual,-0.0104306621099413,,PQ rate for MOB 20
PRIME,202504,Coll_Principal,21,21,Manual,0.0,,PQ rate for MOB 21
PRIME,202504,Coll_Interest,21,21,Manual,-0.0104306391951728,,PQ rate for MOB 21
PRIME,202504,Coll_Principal,22,22,Manual,0.0,,PQ rate for MOB 22
PRIME,202504,Coll_Interest,22,22,Manual,-0.0104306188264898,,PQ rate for MOB 22
PRIME,202504,Coll_Principal,23,23,Manual,0.0,,PQ rate for MOB 23
PRIME,202504,Coll_Interest,23,23,Manual,-0.0104306006018786,,PQ rate for MOB 23
PRIME,202504,Coll_Principal,24,24,Manual,0.0,,PQ rate for MOB 24
PRIME,202504,Coll_Interest,24,24,Manual,-0.0104305841997286,,PQ rate for MOB 24
PRIME,202504,Coll_Principal,25,25,Manual,0.0,,PQ rate for MOB 25
PRIME,202504,Coll_Interest,25,25,Manual,-0.0104305693596881,,PQ rate for MOB 25
PRIME,202504,Coll_Principal,26,26,Manual,0.0,,PQ rate for MOB 26
PRIME,202504,Coll_Interest,26,26,Manual,-0.0104305558687422,,PQ rate for MOB 26
PRIME,202504,Coll_Principal,27,27,Manual,0.0,,PQ rate for MOB 27
PRIME,202504,Coll_Interest,27,27,Manual,-0.010430543550922,,PQ rate for MOB 27
PRIME,202504,Coll_Principal,28,28,Manual,0.0,,PQ rate for MOB 28
PRIME,202504,Coll_Interest,28,28,Manual,-0.0104305322595868,,PQ rate for MOB 28
PRIME,202504,Coll_Principal,29,29,Manual,0.0,,PQ rate for MOB 29
PRIME,202504,Coll_Interest,29,29,Manual,-0.0104305218715585,,PQ rate for MOB 29
PRIME,202504,Coll_Principal,30,30,Manual,0.0,,PQ rate for MOB 30
PRIME,202504,Coll_Interest,30,30,Manual,-0.0104305122826092,,PQ rate for MOB 30
PRIME,202504,Coll_Principal,31,31,Manual,0.0,,PQ rate for MOB 31
PRIME,202504,Coll_Interest,31,31,Manual,-0.0104305034039525,,PQ rate for MOB 31
PRIME,202504,Coll_Principal,32,32,Manual,0.0,,PQ rate for MOB 32
PRIME,202504,Coll_Interest,32,32,Manual,-0.0104304951594856,,PQ rate for MOB 32
PRIME,202504,Coll_Principal,33,33,Manual,0.0,,PQ rate for MOB 33
PRIME,202504,Coll_Interest,33,33,Manual,-0.0104304874836025,,PQ rate for MOB 33
PRIME,202504,Coll_Principal,34,34,Manual,0.0,,PQ rate for MOB 34
PRIME,202504,Coll_Interest,34,34,Manual,-0.0104304803194451,,PQ rate for MOB 34
PRIME,202504,Coll_Principal,35,35,Manual,0.0,,PQ rate for MOB 35
PRIME,202504,Coll_Interest,35,35,Manual,-0.0104304736174913,,PQ rate for MOB 35
PRIME,202504,Coll_Principal,36,36,Manual,0.0,,PQ rate for MOB 36
PRIME,202504,Coll_Interest,36,36,Manual,-0.0104304673344096,,PQ rate for MOB 36
PRIME,202504,Coll_Principal,37,37,Manual,0.0,,PQ rate for MOB 37
PRIME,202504,Coll_Interest,37,37,Manual,-0.0104304614321208,,PQ rate for MOB 37
NON PRIME,202505,Coll_Principal,5,5,Manual,-0.046759157,,PQ rate for MOB 5
NON PRIME,202505,Coll_Interest,5,5,Manual,-0.0343661326222317,,PQ rate for MOB 5
NON PRIME,202505,Coll_Principal,6,6,Manual,-0.046759157,,PQ rate for MOB 6
NON PRIME,202505,Coll_Interest,6,6,Manual,-0.0367604171343709,,PQ rate for MOB 6
NON PRIME,202505,Coll_Principal,7,7,Manual,-0.046759157,,PQ rate for MOB 7
NON PRIME,202505,Coll_Interest,7,7,Manual,-0.0367604171343709,,PQ rate for MOB 7
NON PRIME,202505,Coll_Principal,8,8,Manual,-0.046759157,,PQ rate for MOB 8
NON PRIME,202505,Coll_Interest,8,8,Manual,-0.0367604171343709,,PQ rate for MOB 8
NON PRIME,202505,Coll_Principal,9,9,Manual,-0.046759157,,PQ rate for MOB 9
NON PRIME,202505,Coll_Interest,9,9,Manual,-0.0367604171343709,,PQ rate for MOB 9
NON PRIME,202505,Coll_Principal,10,10,Manual,-0.046759157,,PQ rate for MOB 10
NON PRIME,202505,Coll_Interest,10,10,Manual,-0.0367604171343709,,PQ rate for MOB 10
NON PRIME,202505,Coll_Principal,11,11,Manual,-0.046759157,,PQ rate for MOB 11
NON PRIME,202505,Coll_Interest,11,11,Manual,-0.0367604171343709,,PQ rate for MOB 11
NON PRIME,202505,Coll_Principal,12,12,Manual,-0.046759157,,PQ rate for MOB 12
NON PRIME,202505,Coll_Interest,12,12,Manual,-0.0367604171343709,,PQ rate for MOB 12
NON PRIME,202505,Coll_Principal,13,13,Manual,-0.046759157,,PQ rate for MOB 13
NON PRIME,202505,Coll_Interest,13,13,Manual,-0.0367604171343709,,PQ rate for MOB 13
NON PRIME,202505,Coll_Principal,14,14,Manual,-0.046759157,,PQ rate for MOB 14
NON PRIME,202505,Coll_Interest,14,14,Manual,-0.0367604171343709,,PQ rate for MOB 14
NON PRIME,202505,Coll_Principal,15,15,Manual,-0.0467591569999999,,PQ rate for MOB 15
NON PRIME,202505,Coll_Interest,15,15,Manual,-0.0367604171343709,,PQ rate for MOB 15
NON PRIME,202505,Coll_Principal,16,16,Manual,-0.046759157,,PQ rate for MOB 16
NON PRIME,202505,Coll_Interest,16,16,Manual,-0.0367604171343709,,PQ rate for MOB 16
NON PRIME,202505,Coll_Principal,17,17,Manual,-0.046759157,,PQ rate for MOB 17
NON PRIME,202505,Coll_Interest,17,17,Manual,-0.0367604171343709,,PQ rate for MOB 17
NON PRIME,202505,Coll_Principal,18,18,Manual,-0.046759157,,PQ rate for MOB 18
NON PRIME,202505,Coll_Interest,18,18,Manual,-0.0367604171343709,,PQ rate for MOB 18
NON PRIME,202505,Coll_Principal,19,19,Manual,-0.046759157,,PQ rate for MOB 19
NON PRIME,202505,Coll_Interest,19,19,Manual,-0.0367604171343709,,PQ rate for MOB 19
NON PRIME,202505,Coll_Principal,20,20,Manual,-0.046759157,,PQ rate for MOB 20
NON PRIME,202505,Coll_Interest,20,20,Manual,-0.0367604171343709,,PQ rate for MOB 20
NON PRIME,202505,Coll_Principal,21,21,Manual,-0.046759157,,PQ rate for MOB 21
NON PRIME,202505,Coll_Interest,21,21,Manual,-0.0367604171343709,,PQ rate for MOB 21
NON PRIME,202505,Coll_Principal,22,22,Manual,-0.046759157,,PQ rate for MOB 22
NON PRIME,202505,Coll_Interest,22,22,Manual,-0.0367604171343709,,PQ rate for MOB 22
NON PRIME,202505,Coll_Principal,23,23,Manual,-0.046759157,,PQ rate for MOB 23
NON PRIME,202505,Coll_Interest,23,23,Manual,-0.0367604171343709,,PQ rate for MOB 23
NON PRIME,202505,Coll_Principal,24,24,Manual,-0.046759157,,PQ rate for MOB 24
NON PRIME,202505,Coll_Interest,24,24,Manual,-0.0367604171343709,,PQ rate for MOB 24
NON PRIME,202505,Coll_Principal,25,25,Manual,-0.046759157,,PQ rate for MOB 25
NON PRIME,202505,Coll_Interest,25,25,Manual,-0.0367604171343709,,PQ rate for MOB 25
NON PRIME,202505,Coll_Principal,26,26,Manual,-0.046759157,,PQ rate for MOB 26
NON PRIME,202505,Coll_Interest,26,26,Manual,-0.0367604171343709,,PQ rate for MOB 26
NON PRIME,202505,Coll_Principal,27,27,Manual,-0.046759157,,PQ rate for MOB 27
NON PRIME,202505,Coll_Interest,27,27,Manual,-0.0367604171343709,,PQ rate for MOB 27
NON PRIME,202505,Coll_Principal,28,28,Manual,-0.046759157,,PQ rate for MOB 28
NON PRIME,202505,Coll_Interest,28,28,Manual,-0.0367604171343709,,PQ rate for MOB 28
NON PRIME,202505,Coll_Principal,29,29,Manual,-0.046759157,,PQ rate for MOB 29
NON PRIME,202505,Coll_Interest,29,29,Manual,-0.0367604171343709,,PQ rate for MOB 29
NON PRIME,202505,Coll_Principal,30,30,Manual,-0.046759157,,PQ rate for MOB 30
NON PRIME,202505,Coll_Interest,30,30,Manual,-0.0367604171343709,,PQ rate for MOB 30
NON PRIME,202505,Coll_Principal,31,31,Manual,-0.046759157,,PQ rate for MOB 31
NON PRIME,202505,Coll_Interest,31,31,Manual,-0.0367604171343709,,PQ rate for MOB 31
NON PRIME,202505,Coll_Principal,32,32,Manual,-0.046759157,,PQ rate for MOB 32
NON PRIME,202505,Coll_Interest,32,32,Manual,-0.0367604171343709,,PQ rate for MOB 32
NON PRIME,202505,Coll_Principal,33,33,Manual,-0.046759157,,PQ rate for MOB 33
NON PRIME,202505,Coll_Interest,33,33,Manual,-0.0367604171343709,,PQ rate for MOB 33
NON PRIME,202505,Coll_Principal,34,34,Manual,-0.046759157,,PQ rate for MOB 34
NON PRIME,202505,Coll_Interest,34,34,Manual,-0.0367604171343709,,PQ rate for MOB 34
NON PRIME,202505,Coll_Principal,35,35,Manual,-0.046759157,,PQ rate for MOB 35
NON PRIME,202505,Coll_Interest,35,35,Manual,-0.0367604171343709,,PQ rate for MOB 35
NON PRIME,202505,Coll_Principal,36,36,Manual,-0.046759157,,PQ rate for MOB 36
NON PRIME,202505,Coll_Interest,36,36,Manual,-0.0367604171343709,,PQ rate for MOB 36
NRP-L,202505,Coll_Principal,5,5,Manual,-0.0119223044484732,,PQ rate for MOB 5
NRP-L,202505,Coll_Interest,5,5,Manual,-0.0157246180111814,,PQ rate for MOB 5
NRP-L,202505,Coll_Principal,6,6,Manual,-0.0143060563456704,,PQ rate for MOB 6
NRP-L,202505,Coll_Interest,6,6,Manual,-0.0167418668976997,,PQ rate for MOB 6
NRP-L,202505,Coll_Principal,7,7,Manual,-0.010252495645536,,PQ rate for MOB 7
NRP-L,202505,Coll_Interest,7,7,Manual,-0.0167418668976997,,PQ rate for MOB 7
NRP-L,202505,Coll_Principal,8,8,Manual,-0.010252495645536,,PQ rate for MOB 8
NRP-L,202505,Coll_Interest,8,8,Manual,-0.0167418668976997,,PQ rate for MOB 8
NRP-L,202505,Coll_Principal,9,9,Manual,-0.010252495645536,,PQ rate for MOB 9
NRP-L,202505,Coll_Interest,9,9,Manual,-0.0167418668976997,,PQ rate for MOB 9
NRP-L,202505,Coll_Principal,10,10,Manual,-0.010252495645536,,PQ rate for MOB 10
NRP-L,202505,Coll_Interest,10,10,Manual,-0.0167418668976997,,PQ rate for MOB 10
NRP-L,202505,Coll_Principal,11,11,Manual,-0.010252495645536,,PQ rate for MOB 11
NRP-L,202505,Coll_Interest,11,11,Manual,-0.0167418668976997,,PQ rate for MOB 11
NRP-L,202505,Coll_Principal,12,12,Manual,-0.010252495645536,,PQ rate for MOB 12
NRP-L,202505,Coll_Interest,12,12,Manual,-0.0167418668976997,,PQ rate for MOB 12
NRP-L,202505,Coll_Principal,13,13,Manual,-0.010252495645536,,PQ rate for MOB 13
NRP-L,202505,Coll_Interest,13,13,Manual,-0.0167418668976997,,PQ rate for MOB 13
NRP-L,202505,Coll_Principal,14,14,Manual,-0.010252495645536,,PQ rate for MOB 14
NRP-L,202505,Coll_Interest,14,14,Manual,-0.0167418668976997,,PQ rate for MOB 14
NRP-L,202505,Coll_Principal,15,15,Manual,-0.010252495645536,,PQ rate for MOB 15
NRP-L,202505,Coll_Interest,15,15,Manual,-0.0167418668976997,,PQ rate for MOB 15
NRP-L,202505,Coll_Principal,16,16,Manual,-0.010252495645536,,PQ rate for MOB 16
NRP-L,202505,Coll_Interest,16,16,Manual,-0.0167418668976997,,PQ rate for MOB 16
NRP-L,202505,Coll_Principal,17,17,Manual,-0.010252495645536,,PQ rate for MOB 17
NRP-L,202505,Coll_Interest,17,17,Manual,-0.0167418668976997,,PQ rate for MOB 17
NRP-L,202505,Coll_Principal,18,18,Manual,-0.010252495645536,,PQ rate for MOB 18
NRP-L,202505,Coll_Interest,18,18,Manual,-0.0167418668976997,,PQ rate for MOB 18
NRP-L,202505,Coll_Principal,19,19,Manual,-0.010252495645536,,PQ rate for MOB 19
NRP-L,202505,Coll_Interest,19,19,Manual,-0.0167418668976997,,PQ rate for MOB 19
NRP-L,202505,Coll_Principal,20,20,Manual,-0.010252495645536,,PQ rate for MOB 20
NRP-L,202505,Coll_Interest,20,20,Manual,-0.0167418668976997,,PQ rate for MOB 20
NRP-L,202505,Coll_Principal,21,21,Manual,-0.010252495645536,,PQ rate for MOB 21
NRP-L,202505,Coll_Interest,21,21,Manual,-0.0167418668976997,,PQ rate for MOB 21
NRP-L,202505,Coll_Principal,22,22,Manual,-0.010252495645536,,PQ rate for MOB 22
NRP-L,202505,Coll_Interest,22,22,Manual,-0.0167418668976997,,PQ rate for MOB 22
NRP-L,202505,Coll_Principal,23,23,Manual,-0.010252495645536,,PQ rate for MOB 23
NRP-L,202505,Coll_Interest,23,23,Manual,-0.0167418668976997,,PQ rate for MOB 23
NRP-L,202505,Coll_Principal,24,24,Manual,-0.010252495645536,,PQ rate for MOB 24
NRP-L,202505,Coll_Interest,24,24,Manual,-0.0167418668976997,,PQ rate for MOB 24
NRP-L,202505,Coll_Principal,25,25,Manual,-0.010252495645536,,PQ rate for MOB 25
NRP-L,202505,Coll_Interest,25,25,Manual,-0.0167418668976997,,PQ rate for MOB 25
NRP-L,202505,Coll_Principal,26,26,Manual,-0.010252495645536,,PQ rate for MOB 26
NRP-L,202505,Coll_Interest,26,26,Manual,-0.0167418668976997,,PQ rate for MOB 26
NRP-L,202505,Coll_Principal,27,27,Manual,-0.010252495645536,,PQ rate for MOB 27
NRP-L,202505,Coll_Interest,27,27,Manual,-0.0167418668976997,,PQ rate for MOB 27
NRP-L,202505,Coll_Principal,28,28,Manual,-0.010252495645536,,PQ rate for MOB 28
NRP-L,202505,Coll_Interest,28,28,Manual,-0.0167418668976997,,PQ rate for MOB 28
NRP-L,202505,Coll_Principal,29,29,Manual,-0.010252495645536,,PQ rate for MOB 29
NRP-L,202505,Coll_Interest,29,29,Manual,-0.0167418668976997,,PQ rate for MOB 29
NRP-L,202505,Coll_Principal,30,30,Manual,-0.010252495645536,,PQ rate for MOB 30
NRP-L,202505,Coll_Interest,30,30,Manual,-0.0167418668976997,,PQ rate for MOB 30
NRP-L,202505,Coll_Principal,31,31,Manual,-0.010252495645536,,PQ rate for MOB 31
NRP-L,202505,Coll_Interest,31,31,Manual,-0.0167418668976997,,PQ rate for MOB 31
NRP-L,202505,Coll_Principal,32,32,Manual,-0.010252495645536,,PQ rate for MOB 32
NRP-L,202505,Coll_Interest,32,32,Manual,-0.0167418668976997,,PQ rate for MOB 32
NRP-L,202505,Coll_Principal,33,33,Manual,-0.010252495645536,,PQ rate for MOB 33
NRP-L,202505,Coll_Interest,33,33,Manual,-0.0167418668976997,,PQ rate for MOB 33
NRP-L,202505,Coll_Principal,34,34,Manual,-0.010252495645536,,PQ rate for MOB 34
NRP-L,202505,Coll_Interest,34,34,Manual,-0.0167418668976997,,PQ rate for MOB 34
NRP-L,202505,Coll_Principal,35,35,Manual,-0.010252495645536,,PQ rate for MOB 35
NRP-L,202505,Coll_Interest,35,35,Manual,-0.0167418668976997,,PQ rate for MOB 35
NRP-L,202505,Coll_Principal,36,36,Manual,-0.010252495645536,,PQ rate for MOB 36
NRP-L,202505,Coll_Interest,36,36,Manual,-0.0167418668976997,,PQ rate for MOB 36
NRP-M,202505,Coll_Principal,5,5,Manual,-0.0275,,PQ rate for MOB 5
NRP-M,202505,Coll_Interest,5,5,Manual,-0.0166,,PQ rate for MOB 5
NRP-M,202505,Coll_Principal,6,6,Manual,-0.0275,,PQ rate for MOB 6
NRP-M,202505,Coll_Interest,6,6,Manual,-0.0166,,PQ rate for MOB 6
NRP-M,202505,Coll_Principal,7,7,Manual,-0.0275,,PQ rate for MOB 7
NRP-M,202505,Coll_Interest,7,7,Manual,-0.0166,,PQ rate for MOB 7
NRP-M,202505,Coll_Principal,8,8,Manual,-0.0275,,PQ rate for MOB 8
NRP-M,202505,Coll_Interest,8,8,Manual,-0.0166,,PQ rate for MOB 8
NRP-M,202505,Coll_Principal,9,9,Manual,-0.0275,,PQ rate for MOB 9
NRP-M,202505,Coll_Interest,9,9,Manual,-0.0166,,PQ rate for MOB 9
NRP-M,202505,Coll_Principal,10,10,Manual,-0.0275,,PQ rate for MOB 10
NRP-M,202505,Coll_Interest,10,10,Manual,-0.0166,,PQ rate for MOB 10
NRP-M,202505,Coll_Principal,11,11,Manual,-0.0275,,PQ rate for MOB 11
NRP-M,202505,Coll_Interest,11,11,Manual,-0.0166,,PQ rate for MOB 11
NRP-M,202505,Coll_Principal,12,12,Manual,-0.0275,,PQ rate for MOB 12
NRP-M,202505,Coll_Interest,12,12,Manual,-0.0166,,PQ rate for MOB 12
NRP-M,202505,Coll_Principal,13,13,Manual,-0.0275,,PQ rate for MOB 13
NRP-M,202505,Coll_Interest,13,13,Manual,-0.0166,,PQ rate for MOB 13
NRP-M,202505,Coll_Principal,14,14,Manual,-0.0275,,PQ rate for MOB 14
NRP-M,202505,Coll_Interest,14,14,Manual,-0.0166,,PQ rate for MOB 14
NRP-M,202505,Coll_Principal,15,15,Manual,-0.0275,,PQ rate for MOB 15
NRP-M,202505,Coll_Interest,15,15,Manual,-0.0166,,PQ rate for MOB 15
NRP-M,202505,Coll_Principal,16,16,Manual,-0.0274999999999999,,PQ rate for MOB 16
NRP-M,202505,Coll_Interest,16,16,Manual,-0.0166,,PQ rate for MOB 16
NRP-M,202505,Coll_Principal,17,17,Manual,-0.0274999999999999,,PQ rate for MOB 17
NRP-M,202505,Coll_Interest,17,17,Manual,-0.0166,,PQ rate for MOB 17
NRP-M,202505,Coll_Principal,18,18,Manual,-0.0275,,PQ rate for MOB 18
NRP-M,202505,Coll_Interest,18,18,Manual,-0.0166,,PQ rate for MOB 18
NRP-M,202505,Coll_Principal,19,19,Manual,-0.0275,,PQ rate for MOB 19
NRP-M,202505,Coll_Interest,19,19,Manual,-0.0166,,PQ rate for MOB 19
NRP-M,202505,Coll_Principal,20,20,Manual,-0.0275,,PQ rate for MOB 20
NRP-M,202505,Coll_Interest,20,20,Manual,-0.0166,,PQ rate for MOB 20
NRP-M,202505,Coll_Principal,21,21,Manual,-0.0275,,PQ rate for MOB 21
NRP-M,202505,Coll_Interest,21,21,Manual,-0.0166,,PQ rate for MOB 21
NRP-M,202505,Coll_Principal,22,22,Manual,-0.0275,,PQ rate for MOB 22
NRP-M,202505,Coll_Interest,22,22,Manual,-0.0166,,PQ rate for MOB 22
NRP-M,202505,Coll_Principal,23,23,Manual,-0.0275,,PQ rate for MOB 23
NRP-M,202505,Coll_Interest,23,23,Manual,-0.0166,,PQ rate for MOB 23
NRP-M,202505,Coll_Principal,24,24,Manual,-0.0275,,PQ rate for MOB 24
NRP-M,202505,Coll_Interest,24,24,Manual,-0.0166,,PQ rate for MOB 24
NRP-M,202505,Coll_Principal,25,25,Manual,-0.0275,,PQ rate for MOB 25
NRP-M,202505,Coll_Interest,25,25,Manual,-0.0166,,PQ rate for MOB 25
NRP-M,202505,Coll_Principal,26,26,Manual,-0.0275,,PQ rate for MOB 26
NRP-M,202505,Coll_Interest,26,26,Manual,-0.0166,,PQ rate for MOB 26
NRP-M,202505,Coll_Principal,27,27,Manual,-0.0275,,PQ rate for MOB 27
NRP-M,202505,Coll_Interest,27,27,Manual,-0.0166,,PQ rate for MOB 27
NRP-M,202505,Coll_Principal,28,28,Manual,-0.0275,,PQ rate for MOB 28
NRP-M,202505,Coll_Interest,28,28,Manual,-0.0166,,PQ rate for MOB 28
NRP-M,202505,Coll_Principal,29,29,Manual,-0.0275,,PQ rate for MOB 29
NRP-M,202505,Coll_Interest,29,29,Manual,-0.0166,,PQ rate for MOB 29
NRP-M,202505,Coll_Principal,30,30,Manual,-0.0275,,PQ rate for MOB 30
NRP-M,202505,Coll_Interest,30,30,Manual,-0.0166,,PQ rate for MOB 30
NRP-M,202505,Coll_Principal,31,31,Manual,-0.0275,,PQ rate for MOB 31
NRP-M,202505,Coll_Interest,31,31,Manual,-0.0166,,PQ rate for MOB 31
NRP-M,202505,Coll_Principal,32,32,Manual,-0.0275,,PQ rate for MOB 32
NRP-M,202505,Coll_Interest,32,32,Manual,-0.0166,,PQ rate for MOB 32
NRP-M,202505,Coll_Principal,33,33,Manual,-0.0275,,PQ rate for MOB 33
NRP-M,202505,Coll_Interest,33,33,Manual,-0.0166,,PQ rate for MOB 33
NRP-M,202505,Coll_Principal,34,34,Manual,-0.0274999999999999,,PQ rate for MOB 34
NRP-M,202505,Coll_Interest,34,34,Manual,-0.0166,,PQ rate for MOB 34
NRP-M,202505,Coll_Principal,35,35,Manual,-0.0275,,PQ rate for MOB 35
NRP-M,202505,Coll_Interest,35,35,Manual,-0.0166,,PQ rate for MOB 35
NRP-M,202505,Coll_Principal,36,36,Manual,-0.0275,,PQ rate for MOB 36
NRP-M,202505,Coll_Interest,36,36,Manual,-0.0166,,PQ rate for MOB 36
NRP-S,202505,Coll_Principal,5,5,Manual,-0.0495,,PQ rate for MOB 5
NRP-S,202505,Coll_Interest,5,5,Manual,-0.0216,,PQ rate for MOB 5
NRP-S,202505,Coll_Principal,6,6,Manual,-0.0495,,PQ rate for MOB 6
NRP-S,202505,Coll_Interest,6,6,Manual,-0.0216,,PQ rate for MOB 6
NRP-S,202505,Coll_Principal,7,7,Manual,-0.0495,,PQ rate for MOB 7
NRP-S,202505,Coll_Interest,7,7,Manual,-0.0216,,PQ rate for MOB 7
NRP-S,202505,Coll_Principal,8,8,Manual,-0.0495,,PQ rate for MOB 8
NRP-S,202505,Coll_Interest,8,8,Manual,-0.0216,,PQ rate for MOB 8
NRP-S,202505,Coll_Principal,9,9,Manual,-0.0495,,PQ rate for MOB 9
NRP-S,202505,Coll_Interest,9,9,Manual,-0.0216,,PQ rate for MOB 9
NRP-S,202505,Coll_Principal,10,10,Manual,-0.0495,,PQ rate for MOB 10
NRP-S,202505,Coll_Interest,10,10,Manual,-0.0216,,PQ rate for MOB 10
NRP-S,202505,Coll_Principal,11,11,Manual,-0.0495,,PQ rate for MOB 11
NRP-S,202505,Coll_Interest,11,11,Manual,-0.0216,,PQ rate for MOB 11
NRP-S,202505,Coll_Principal,12,12,Manual,-0.0495,,PQ rate for MOB 12
NRP-S,202505,Coll_Interest,12,12,Manual,-0.0216,,PQ rate for MOB 12
NRP-S,202505,Coll_Principal,13,13,Manual,-0.0495,,PQ rate for MOB 13
NRP-S,202505,Coll_Interest,13,13,Manual,-0.0215999999999999,,PQ rate for MOB 13
NRP-S,202505,Coll_Principal,14,14,Manual,-0.0495,,PQ rate for MOB 14
NRP-S,202505,Coll_Interest,14,14,Manual,-0.0216,,PQ rate for MOB 14
NRP-S,202505,Coll_Principal,15,15,Manual,-0.0495,,PQ rate for MOB 15
NRP-S,202505,Coll_Interest,15,15,Manual,-0.0216,,PQ rate for MOB 15
NRP-S,202505,Coll_Principal,16,16,Manual,-0.0495,,PQ rate for MOB 16
NRP-S,202505,Coll_Interest,16,16,Manual,-0.0216,,PQ rate for MOB 16
NRP-S,202505,Coll_Principal,17,17,Manual,-0.0495,,PQ rate for MOB 17
NRP-S,202505,Coll_Interest,17,17,Manual,-0.0216,,PQ rate for MOB 17
NRP-S,202505,Coll_Principal,18,18,Manual,-0.0495,,PQ rate for MOB 18
NRP-S,202505,Coll_Interest,18,18,Manual,-0.0216,,PQ rate for MOB 18
NRP-S,202505,Coll_Principal,19,19,Manual,-0.0495,,PQ rate for MOB 19
NRP-S,202505,Coll_Interest,19,19,Manual,-0.0216,,PQ rate for MOB 19
NRP-S,202505,Coll_Principal,20,20,Manual,-0.0495,,PQ rate for MOB 20
NRP-S,202505,Coll_Interest,20,20,Manual,-0.0216,,PQ rate for MOB 20
NRP-S,202505,Coll_Principal,21,21,Manual,-0.0495,,PQ rate for MOB 21
NRP-S,202505,Coll_Interest,21,21,Manual,-0.0216,,PQ rate for MOB 21
NRP-S,202505,Coll_Principal,22,22,Manual,-0.0495,,PQ rate for MOB 22
NRP-S,202505,Coll_Interest,22,22,Manual,-0.0216,,PQ rate for MOB 22
NRP-S,202505,Coll_Principal,23,23,Manual,-0.0495,,PQ rate for MOB 23
NRP-S,202505,Coll_Interest,23,23,Manual,-0.0216,,PQ rate for MOB 23
NRP-S,202505,Coll_Principal,24,24,Manual,-0.0495,,PQ rate for MOB 24
NRP-S,202505,Coll_Interest,24,24,Manual,-0.0216,,PQ rate for MOB 24
NRP-S,202505,Coll_Principal,25,25,Manual,-0.0495,,PQ rate for MOB 25
NRP-S,202505,Coll_Interest,25,25,Manual,-0.0216,,PQ rate for MOB 25
NRP-S,202505,Coll_Principal,26,26,Manual,-0.0495,,PQ rate for MOB 26
NRP-S,202505,Coll_Interest,26,26,Manual,-0.0216,,PQ rate for MOB 26
NRP-S,202505,Coll_Principal,27,27,Manual,-0.0495,,PQ rate for MOB 27
NRP-S,202505,Coll_Interest,27,27,Manual,-0.0215999999999999,,PQ rate for MOB 27
NRP-S,202505,Coll_Principal,28,28,Manual,-0.0495,,PQ rate for MOB 28
NRP-S,202505,Coll_Interest,28,28,Manual,-0.0216,,PQ rate for MOB 28
NRP-S,202505,Coll_Principal,29,29,Manual,-0.0495,,PQ rate for MOB 29
NRP-S,202505,Coll_Interest,29,29,Manual,-0.0216,,PQ rate for MOB 29
NRP-S,202505,Coll_Principal,30,30,Manual,-0.0495,,PQ rate for MOB 30
NRP-S,202505,Coll_Interest,30,30,Manual,-0.0216,,PQ rate for MOB 30
NRP-S,202505,Coll_Principal,31,31,Manual,-0.0495,,PQ rate for MOB 31
NRP-S,202505,Coll_Interest,31,31,Manual,-0.0216,,PQ rate for MOB 31
NRP-S,202505,Coll_Principal,32,32,Manual,-0.0495,,PQ rate for MOB 32
NRP-S,202505,Coll_Interest,32,32,Manual,-0.0216,,PQ rate for MOB 32
NRP-S,202505,Coll_Principal,33,33,Manual,-0.0495,,PQ rate for MOB 33
NRP-S,202505,Coll_Interest,33,33,Manual,-0.0216,,PQ rate for MOB 33
NRP-S,202505,Coll_Principal,34,34,Manual,-0.0495,,PQ rate for MOB 34
NRP-S,202505,Coll_Interest,34,34,Manual,-0.0216,,PQ rate for MOB 34
NRP-S,202505,Coll_Principal,35,35,Manual,-0.0495,,PQ rate for MOB 35
NRP-S,202505,Coll_Interest,35,35,Manual,-0.0216,,PQ rate for MOB 35
NRP-S,202505,Coll_Principal,36,36,Manual,-0.0495,,PQ rate for MOB 36
NRP-S,202505,Coll_Interest,36,36,Manual,-0.0215999999999999,,PQ rate for MOB 36
NON PRIME,202506,Coll_Principal,4,4,Manual,-0.045271982,,PQ rate for MOB 4
NON PRIME,202506,Coll_Interest,4,4,Manual,-0.0347241921615328,,PQ rate for MOB 4
NON PRIME,202506,Coll_Principal,5,5,Manual,-0.045271982,,PQ rate for MOB 5
NON PRIME,202506,Coll_Interest,5,5,Manual,-0.0343661326222317,,PQ rate for MOB 5
NON PRIME,202506,Coll_Principal,6,6,Manual,-0.045271982,,PQ rate for MOB 6
NON PRIME,202506,Coll_Interest,6,6,Manual,-0.0382742348233002,,PQ rate for MOB 6
NON PRIME,202506,Coll_Principal,7,7,Manual,-0.045271982,,PQ rate for MOB 7
NON PRIME,202506,Coll_Interest,7,7,Manual,-0.0382742348233002,,PQ rate for MOB 7
NON PRIME,202506,Coll_Principal,8,8,Manual,-0.045271982,,PQ rate for MOB 8
NON PRIME,202506,Coll_Interest,8,8,Manual,-0.0382742348233002,,PQ rate for MOB 8
NON PRIME,202506,Coll_Principal,9,9,Manual,-0.045271982,,PQ rate for MOB 9
NON PRIME,202506,Coll_Interest,9,9,Manual,-0.0382742348233002,,PQ rate for MOB 9
NON PRIME,202506,Coll_Principal,10,10,Manual,-0.045271982,,PQ rate for MOB 10
NON PRIME,202506,Coll_Interest,10,10,Manual,-0.0382742348233002,,PQ rate for MOB 10
NON PRIME,202506,Coll_Principal,11,11,Manual,-0.045271982,,PQ rate for MOB 11
NON PRIME,202506,Coll_Interest,11,11,Manual,-0.0382742348233002,,PQ rate for MOB 11
NON PRIME,202506,Coll_Principal,12,12,Manual,-0.045271982,,PQ rate for MOB 12
NON PRIME,202506,Coll_Interest,12,12,Manual,-0.0382742348233002,,PQ rate for MOB 12
NON PRIME,202506,Coll_Principal,13,13,Manual,-0.045271982,,PQ rate for MOB 13
NON PRIME,202506,Coll_Interest,13,13,Manual,-0.0382742348233002,,PQ rate for MOB 13
NON PRIME,202506,Coll_Principal,14,14,Manual,-0.045271982,,PQ rate for MOB 14
NON PRIME,202506,Coll_Interest,14,14,Manual,-0.0382742348233002,,PQ rate for MOB 14
NON PRIME,202506,Coll_Principal,15,15,Manual,-0.045271982,,PQ rate for MOB 15
NON PRIME,202506,Coll_Interest,15,15,Manual,-0.0382742348233002,,PQ rate for MOB 15
NON PRIME,202506,Coll_Principal,16,16,Manual,-0.045271982,,PQ rate for MOB 16
NON PRIME,202506,Coll_Interest,16,16,Manual,-0.0382742348233002,,PQ rate for MOB 16
NON PRIME,202506,Coll_Principal,17,17,Manual,-0.045271982,,PQ rate for MOB 17
NON PRIME,202506,Coll_Interest,17,17,Manual,-0.0382742348233002,,PQ rate for MOB 17
NON PRIME,202506,Coll_Principal,18,18,Manual,-0.045271982,,PQ rate for MOB 18
NON PRIME,202506,Coll_Interest,18,18,Manual,-0.0382742348233002,,PQ rate for MOB 18
NON PRIME,202506,Coll_Principal,19,19,Manual,-0.045271982,,PQ rate for MOB 19
NON PRIME,202506,Coll_Interest,19,19,Manual,-0.0382742348233002,,PQ rate for MOB 19
NON PRIME,202506,Coll_Principal,20,20,Manual,-0.045271982,,PQ rate for MOB 20
NON PRIME,202506,Coll_Interest,20,20,Manual,-0.0382742348233002,,PQ rate for MOB 20
NON PRIME,202506,Coll_Principal,21,21,Manual,-0.045271982,,PQ rate for MOB 21
NON PRIME,202506,Coll_Interest,21,21,Manual,-0.0382742348233002,,PQ rate for MOB 21
NON PRIME,202506,Coll_Principal,22,22,Manual,-0.045271982,,PQ rate for MOB 22
NON PRIME,202506,Coll_Interest,22,22,Manual,-0.0382742348233002,,PQ rate for MOB 22
NON PRIME,202506,Coll_Principal,23,23,Manual,-0.045271982,,PQ rate for MOB 23
NON PRIME,202506,Coll_Interest,23,23,Manual,-0.0382742348233002,,PQ rate for MOB 23
NON PRIME,202506,Coll_Principal,24,24,Manual,-0.045271982,,PQ rate for MOB 24
NON PRIME,202506,Coll_Interest,24,24,Manual,-0.0382742348233002,,PQ rate for MOB 24
NON PRIME,202506,Coll_Principal,25,25,Manual,-0.045271982,,PQ rate for MOB 25
NON PRIME,202506,Coll_Interest,25,25,Manual,-0.0382742348233002,,PQ rate for MOB 25
NON PRIME,202506,Coll_Principal,26,26,Manual,-0.045271982,,PQ rate for MOB 26
NON PRIME,202506,Coll_Interest,26,26,Manual,-0.0382742348233002,,PQ rate for MOB 26
NON PRIME,202506,Coll_Principal,27,27,Manual,-0.045271982,,PQ rate for MOB 27
NON PRIME,202506,Coll_Interest,27,27,Manual,-0.0382742348233002,,PQ rate for MOB 27
NON PRIME,202506,Coll_Principal,28,28,Manual,-0.045271982,,PQ rate for MOB 28
NON PRIME,202506,Coll_Interest,28,28,Manual,-0.0382742348233002,,PQ rate for MOB 28
NON PRIME,202506,Coll_Principal,29,29,Manual,-0.045271982,,PQ rate for MOB 29
NON PRIME,202506,Coll_Interest,29,29,Manual,-0.0382742348233002,,PQ rate for MOB 29
NON PRIME,202506,Coll_Principal,30,30,Manual,-0.045271982,,PQ rate for MOB 30
NON PRIME,202506,Coll_Interest,30,30,Manual,-0.0382742348233002,,PQ rate for MOB 30
NON PRIME,202506,Coll_Principal,31,31,Manual,-0.045271982,,PQ rate for MOB 31
NON PRIME,202506,Coll_Interest,31,31,Manual,-0.0382742348233002,,PQ rate for MOB 31
NON PRIME,202506,Coll_Principal,32,32,Manual,-0.0452719819999999,,PQ rate for MOB 32
NON PRIME,202506,Coll_Interest,32,32,Manual,-0.0382742348233002,,PQ rate for MOB 32
NON PRIME,202506,Coll_Principal,33,33,Manual,-0.045271982,,PQ rate for MOB 33
NON PRIME,202506,Coll_Interest,33,33,Manual,-0.0382742348233002,,PQ rate for MOB 33
NON PRIME,202506,Coll_Principal,34,34,Manual,-0.045271982,,PQ rate for MOB 34
NON PRIME,202506,Coll_Interest,34,34,Manual,-0.0382742348233002,,PQ rate for MOB 34
NON PRIME,202506,Coll_Principal,35,35,Manual,-0.045271982,,PQ rate for MOB 35
NON PRIME,202506,Coll_Interest,35,35,Manual,-0.0382742348233002,,PQ rate for MOB 35
NRP-L,202506,Coll_Principal,4,4,Manual,-0.0130633847686492,,PQ rate for MOB 4
NRP-L,202506,Coll_Interest,4,4,Manual,-0.0167418668976997,,PQ rate for MOB 4
NRP-L,202506,Coll_Principal,5,5,Manual,-0.0119223044484732,,PQ rate for MOB 5
NRP-L,202506,Coll_Interest,5,5,Manual,-0.0157246180111814,,PQ rate for MOB 5
NRP-L,202506,Coll_Principal,6,6,Manual,-0.0143060563456704,,PQ rate for MOB 6
NRP-L,202506,Coll_Interest,6,6,Manual,-0.0169379349869588,,PQ rate for MOB 6
NRP-L,202506,Coll_Principal,7,7,Manual,-0.0143270684585963,,PQ rate for MOB 7
NRP-L,202506,Coll_Interest,7,7,Manual,-0.0169379349869588,,PQ rate for MOB 7
NRP-L,202506,Coll_Principal,8,8,Manual,-0.0143270684585963,,PQ rate for MOB 8
NRP-L,202506,Coll_Interest,8,8,Manual,-0.0169379349869588,,PQ rate for MOB 8
NRP-L,202506,Coll_Principal,9,9,Manual,-0.0143270684585963,,PQ rate for MOB 9
NRP-L,202506,Coll_Interest,9,9,Manual,-0.0169379349869588,,PQ rate for MOB 9
NRP-L,202506,Coll_Principal,10,10,Manual,-0.0143270684585963,,PQ rate for MOB 10
NRP-L,202506,Coll_Interest,10,10,Manual,-0.0169379349869588,,PQ rate for MOB 10
NRP-L,202506,Coll_Principal,11,11,Manual,-0.0143270684585963,,PQ rate for MOB 11
NRP-L,202506,Coll_Interest,11,11,Manual,-0.0169379349869588,,PQ rate for MOB 11
NRP-L,202506,Coll_Principal,12,12,Manual,-0.0143270684585963,,PQ rate for MOB 12
NRP-L,202506,Coll_Interest,12,12,Manual,-0.0169379349869588,,PQ rate for MOB 12
NRP-L,202506,Coll_Principal,13,13,Manual,-0.0143270684585963,,PQ rate for MOB 13
NRP-L,202506,Coll_Interest,13,13,Manual,-0.0169379349869588,,PQ rate for MOB 13
NRP-L,202506,Coll_Principal,14,14,Manual,-0.0143270684585963,,PQ rate for MOB 14
NRP-L,202506,Coll_Interest,14,14,Manual,-0.0169379349869588,,PQ rate for MOB 14
NRP-L,202506,Coll_Principal,15,15,Manual,-0.0143270684585963,,PQ rate for MOB 15
NRP-L,202506,Coll_Interest,15,15,Manual,-0.0169379349869588,,PQ rate for MOB 15
NRP-L,202506,Coll_Principal,16,16,Manual,-0.0143270684585963,,PQ rate for MOB 16
NRP-L,202506,Coll_Interest,16,16,Manual,-0.0169379349869588,,PQ rate for MOB 16
NRP-L,202506,Coll_Principal,17,17,Manual,-0.0143270684585963,,PQ rate for MOB 17
NRP-L,202506,Coll_Interest,17,17,Manual,-0.0169379349869588,,PQ rate for MOB 17
NRP-L,202506,Coll_Principal,18,18,Manual,-0.0143270684585963,,PQ rate for MOB 18
NRP-L,202506,Coll_Interest,18,18,Manual,-0.0169379349869588,,PQ rate for MOB 18
NRP-L,202506,Coll_Principal,19,19,Manual,-0.0143270684585963,,PQ rate for MOB 19
NRP-L,202506,Coll_Interest,19,19,Manual,-0.0169379349869588,,PQ rate for MOB 19
NRP-L,202506,Coll_Principal,20,20,Manual,-0.0143270684585963,,PQ rate for MOB 20
NRP-L,202506,Coll_Interest,20,20,Manual,-0.0169379349869588,,PQ rate for MOB 20
NRP-L,202506,Coll_Principal,21,21,Manual,-0.0143270684585963,,PQ rate for MOB 21
NRP-L,202506,Coll_Interest,21,21,Manual,-0.0169379349869588,,PQ rate for MOB 21
NRP-L,202506,Coll_Principal,22,22,Manual,-0.0143270684585963,,PQ rate for MOB 22
NRP-L,202506,Coll_Interest,22,22,Manual,-0.0169379349869588,,PQ rate for MOB 22
NRP-L,202506,Coll_Principal,23,23,Manual,-0.0143270684585963,,PQ rate for MOB 23
NRP-L,202506,Coll_Interest,23,23,Manual,-0.0169379349869588,,PQ rate for MOB 23
NRP-L,202506,Coll_Principal,24,24,Manual,-0.0143270684585963,,PQ rate for MOB 24
NRP-L,202506,Coll_Interest,24,24,Manual,-0.0169379349869588,,PQ rate for MOB 24
NRP-L,202506,Coll_Principal,25,25,Manual,-0.0143270684585963,,PQ rate for MOB 25
NRP-L,202506,Coll_Interest,25,25,Manual,-0.0169379349869588,,PQ rate for MOB 25
NRP-L,202506,Coll_Principal,26,26,Manual,-0.0143270684585963,,PQ rate for MOB 26
NRP-L,202506,Coll_Interest,26,26,Manual,-0.0169379349869588,,PQ rate for MOB 26
NRP-L,202506,Coll_Principal,27,27,Manual,-0.0143270684585963,,PQ rate for MOB 27
NRP-L,202506,Coll_Interest,27,27,Manual,-0.0169379349869588,,PQ rate for MOB 27
NRP-L,202506,Coll_Principal,28,28,Manual,-0.0143270684585963,,PQ rate for MOB 28
NRP-L,202506,Coll_Interest,28,28,Manual,-0.0169379349869588,,PQ rate for MOB 28
NRP-L,202506,Coll_Principal,29,29,Manual,-0.0143270684585963,,PQ rate for MOB 29
NRP-L,202506,Coll_Interest,29,29,Manual,-0.0169379349869588,,PQ rate for MOB 29
NRP-L,202506,Coll_Principal,30,30,Manual,-0.0143270684585963,,PQ rate for MOB 30
NRP-L,202506,Coll_Interest,30,30,Manual,-0.0169379349869588,,PQ rate for MOB 30
NRP-L,202506,Coll_Principal,31,31,Manual,-0.0143270684585963,,PQ rate for MOB 31
NRP-L,202506,Coll_Interest,31,31,Manual,-0.0169379349869588,,PQ rate for MOB 31
NRP-L,202506,Coll_Principal,32,32,Manual,-0.0143270684585963,,PQ rate for MOB 32
NRP-L,202506,Coll_Interest,32,32,Manual,-0.0169379349869588,,PQ rate for MOB 32
NRP-L,202506,Coll_Principal,33,33,Manual,-0.0143270684585963,,PQ rate for MOB 33
NRP-L,202506,Coll_Interest,33,33,Manual,-0.0169379349869588,,PQ rate for MOB 33
NRP-L,202506,Coll_Principal,34,34,Manual,-0.0143270684585963,,PQ rate for MOB 34
NRP-L,202506,Coll_Interest,34,34,Manual,-0.0169379349869588,,PQ rate for MOB 34
NRP-L,202506,Coll_Principal,35,35,Manual,-0.0143270684585963,,PQ rate for MOB 35
NRP-L,202506,Coll_Interest,35,35,Manual,-0.0169379349869588,,PQ rate for MOB 35
NRP-M,202506,Coll_Principal,4,4,Manual,-0.0201,,PQ rate for MOB 4
NRP-M,202506,Coll_Interest,4,4,Manual,-0.0163,,PQ rate for MOB 4
NRP-M,202506,Coll_Principal,5,5,Manual,-0.0201,,PQ rate for MOB 5
NRP-M,202506,Coll_Interest,5,5,Manual,-0.0163,,PQ rate for MOB 5
NRP-M,202506,Coll_Principal,6,6,Manual,-0.0200999999999999,,PQ rate for MOB 6
NRP-M,202506,Coll_Interest,6,6,Manual,-0.0163,,PQ rate for MOB 6
NRP-M,202506,Coll_Principal,7,7,Manual,-0.0201,,PQ rate for MOB 7
NRP-M,202506,Coll_Interest,7,7,Manual,-0.0163,,PQ rate for MOB 7
NRP-M,202506,Coll_Principal,8,8,Manual,-0.0201,,PQ rate for MOB 8
NRP-M,202506,Coll_Interest,8,8,Manual,-0.0163,,PQ rate for MOB 8
NRP-M,202506,Coll_Principal,9,9,Manual,-0.0201,,PQ rate for MOB 9
NRP-M,202506,Coll_Interest,9,9,Manual,-0.0163,,PQ rate for MOB 9
NRP-M,202506,Coll_Principal,10,10,Manual,-0.0201,,PQ rate for MOB 10
NRP-M,202506,Coll_Interest,10,10,Manual,-0.0163,,PQ rate for MOB 10
NRP-M,202506,Coll_Principal,11,11,Manual,-0.0201,,PQ rate for MOB 11
NRP-M,202506,Coll_Interest,11,11,Manual,-0.0163,,PQ rate for MOB 11
NRP-M,202506,Coll_Principal,12,12,Manual,-0.0201,,PQ rate for MOB 12
NRP-M,202506,Coll_Interest,12,12,Manual,-0.0163,,PQ rate for MOB 12
NRP-M,202506,Coll_Principal,13,13,Manual,-0.0201,,PQ rate for MOB 13
NRP-M,202506,Coll_Interest,13,13,Manual,-0.0163,,PQ rate for MOB 13
NRP-M,202506,Coll_Principal,14,14,Manual,-0.0201,,PQ rate for MOB 14
NRP-M,202506,Coll_Interest,14,14,Manual,-0.0163,,PQ rate for MOB 14
NRP-M,202506,Coll_Principal,15,15,Manual,-0.0201,,PQ rate for MOB 15
NRP-M,202506,Coll_Interest,15,15,Manual,-0.0163,,PQ rate for MOB 15
NRP-M,202506,Coll_Principal,16,16,Manual,-0.0201,,PQ rate for MOB 16
NRP-M,202506,Coll_Interest,16,16,Manual,-0.0163,,PQ rate for MOB 16
NRP-M,202506,Coll_Principal,17,17,Manual,-0.0201,,PQ rate for MOB 17
NRP-M,202506,Coll_Interest,17,17,Manual,-0.0163,,PQ rate for MOB 17
NRP-M,202506,Coll_Principal,18,18,Manual,-0.0201,,PQ rate for MOB 18
NRP-M,202506,Coll_Interest,18,18,Manual,-0.0163,,PQ rate for MOB 18
NRP-M,202506,Coll_Principal,19,19,Manual,-0.0201,,PQ rate for MOB 19
NRP-M,202506,Coll_Interest,19,19,Manual,-0.0163,,PQ rate for MOB 19
NRP-M,202506,Coll_Principal,20,20,Manual,-0.0201,,PQ rate for MOB 20
NRP-M,202506,Coll_Interest,20,20,Manual,-0.0163,,PQ rate for MOB 20
NRP-M,202506,Coll_Principal,21,21,Manual,-0.0201,,PQ rate for MOB 21
NRP-M,202506,Coll_Interest,21,21,Manual,-0.0163,,PQ rate for MOB 21
NRP-M,202506,Coll_Principal,22,22,Manual,-0.0201,,PQ rate for MOB 22
NRP-M,202506,Coll_Interest,22,22,Manual,-0.0163,,PQ rate for MOB 22
NRP-M,202506,Coll_Principal,23,23,Manual,-0.0201,,PQ rate for MOB 23
NRP-M,202506,Coll_Interest,23,23,Manual,-0.0163,,PQ rate for MOB 23
NRP-M,202506,Coll_Principal,24,24,Manual,-0.0201,,PQ rate for MOB 24
NRP-M,202506,Coll_Interest,24,24,Manual,-0.0163,,PQ rate for MOB 24
NRP-M,202506,Coll_Principal,25,25,Manual,-0.0201,,PQ rate for MOB 25
NRP-M,202506,Coll_Interest,25,25,Manual,-0.0163,,PQ rate for MOB 25
NRP-M,202506,Coll_Principal,26,26,Manual,-0.0201,,PQ rate for MOB 26
NRP-M,202506,Coll_Interest,26,26,Manual,-0.0163,,PQ rate for MOB 26
NRP-M,202506,Coll_Principal,27,27,Manual,-0.0201,,PQ rate for MOB 27
NRP-M,202506,Coll_Interest,27,27,Manual,-0.0163,,PQ rate for MOB 27
NRP-M,202506,Coll_Principal,28,28,Manual,-0.0201,,PQ rate for MOB 28
NRP-M,202506,Coll_Interest,28,28,Manual,-0.0163,,PQ rate for MOB 28
NRP-M,202506,Coll_Principal,29,29,Manual,-0.0201,,PQ rate for MOB 29
NRP-M,202506,Coll_Interest,29,29,Manual,-0.0163,,PQ rate for MOB 29
NRP-M,202506,Coll_Principal,30,30,Manual,-0.0201,,PQ rate for MOB 30
NRP-M,202506,Coll_Interest,30,30,Manual,-0.0163,,PQ rate for MOB 30
NRP-M,202506,Coll_Principal,31,31,Manual,-0.0201,,PQ rate for MOB 31
NRP-M,202506,Coll_Interest,31,31,Manual,-0.0163,,PQ rate for MOB 31
NRP-M,202506,Coll_Principal,32,32,Manual,-0.0201,,PQ rate for MOB 32
NRP-M,202506,Coll_Interest,32,32,Manual,-0.0163,,PQ rate for MOB 32
NRP-M,202506,Coll_Principal,33,33,Manual,-0.0201,,PQ rate for MOB 33
NRP-M,202506,Coll_Interest,33,33,Manual,-0.0163,,PQ rate for MOB 33
NRP-M,202506,Coll_Principal,34,34,Manual,-0.0201,,PQ rate for MOB 34
NRP-M,202506,Coll_Interest,34,34,Manual,-0.0163,,PQ rate for MOB 34
NRP-M,202506,Coll_Principal,35,35,Manual,-0.0200999999999999,,PQ rate for MOB 35
NRP-M,202506,Coll_Interest,35,35,Manual,-0.0163,,PQ rate for MOB 35
NRP-S,202506,Coll_Principal,4,4,Manual,-0.0537999999999999,,PQ rate for MOB 4
NRP-S,202506,Coll_Interest,4,4,Manual,-0.0227,,PQ rate for MOB 4
NRP-S,202506,Coll_Principal,5,5,Manual,-0.0537999999999999,,PQ rate for MOB 5
NRP-S,202506,Coll_Interest,5,5,Manual,-0.0227,,PQ rate for MOB 5
NRP-S,202506,Coll_Principal,6,6,Manual,-0.0538,,PQ rate for MOB 6
NRP-S,202506,Coll_Interest,6,6,Manual,-0.0227,,PQ rate for MOB 6
NRP-S,202506,Coll_Principal,7,7,Manual,-0.0538,,PQ rate for MOB 7
NRP-S,202506,Coll_Interest,7,7,Manual,-0.0227,,PQ rate for MOB 7
NRP-S,202506,Coll_Principal,8,8,Manual,-0.0538,,PQ rate for MOB 8
NRP-S,202506,Coll_Interest,8,8,Manual,-0.0227,,PQ rate for MOB 8
NRP-S,202506,Coll_Principal,9,9,Manual,-0.0538,,PQ rate for MOB 9
NRP-S,202506,Coll_Interest,9,9,Manual,-0.0227,,PQ rate for MOB 9
NRP-S,202506,Coll_Principal,10,10,Manual,-0.0538,,PQ rate for MOB 10
NRP-S,202506,Coll_Interest,10,10,Manual,-0.0227,,PQ rate for MOB 10
NRP-S,202506,Coll_Principal,11,11,Manual,-0.0538,,PQ rate for MOB 11
NRP-S,202506,Coll_Interest,11,11,Manual,-0.0226999999999999,,PQ rate for MOB 11
NRP-S,202506,Coll_Principal,12,12,Manual,-0.0537999999999999,,PQ rate for MOB 12
NRP-S,202506,Coll_Interest,12,12,Manual,-0.0227,,PQ rate for MOB 12
NRP-S,202506,Coll_Principal,13,13,Manual,-0.0538,,PQ rate for MOB 13
NRP-S,202506,Coll_Interest,13,13,Manual,-0.0227,,PQ rate for MOB 13
NRP-S,202506,Coll_Principal,14,14,Manual,-0.0537999999999999,,PQ rate for MOB 14
NRP-S,202506,Coll_Interest,14,14,Manual,-0.0227,,PQ rate for MOB 14
NRP-S,202506,Coll_Principal,15,15,Manual,-0.0538,,PQ rate for MOB 15
NRP-S,202506,Coll_Interest,15,15,Manual,-0.0226999999999999,,PQ rate for MOB 15
NRP-S,202506,Coll_Principal,16,16,Manual,-0.0538,,PQ rate for MOB 16
NRP-S,202506,Coll_Interest,16,16,Manual,-0.0227,,PQ rate for MOB 16
NRP-S,202506,Coll_Principal,17,17,Manual,-0.0538,,PQ rate for MOB 17
NRP-S,202506,Coll_Interest,17,17,Manual,-0.0227,,PQ rate for MOB 17
NRP-S,202506,Coll_Principal,18,18,Manual,-0.0538,,PQ rate for MOB 18
NRP-S,202506,Coll_Interest,18,18,Manual,-0.0227,,PQ rate for MOB 18
NRP-S,202506,Coll_Principal,19,19,Manual,-0.0538,,PQ rate for MOB 19
NRP-S,202506,Coll_Interest,19,19,Manual,-0.0227,,PQ rate for MOB 19
NRP-S,202506,Coll_Principal,20,20,Manual,-0.0538,,PQ rate for MOB 20
NRP-S,202506,Coll_Interest,20,20,Manual,-0.0227,,PQ rate for MOB 20
NRP-S,202506,Coll_Principal,21,21,Manual,-0.0538,,PQ rate for MOB 21
NRP-S,202506,Coll_Interest,21,21,Manual,-0.0227,,PQ rate for MOB 21
NRP-S,202506,Coll_Principal,22,22,Manual,-0.0538,,PQ rate for MOB 22
NRP-S,202506,Coll_Interest,22,22,Manual,-0.0227,,PQ rate for MOB 22
NRP-S,202506,Coll_Principal,23,23,Manual,-0.0538,,PQ rate for MOB 23
NRP-S,202506,Coll_Interest,23,23,Manual,-0.0227,,PQ rate for MOB 23
NRP-S,202506,Coll_Principal,24,24,Manual,-0.0538,,PQ rate for MOB 24
NRP-S,202506,Coll_Interest,24,24,Manual,-0.0227,,PQ rate for MOB 24
NRP-S,202506,Coll_Principal,25,25,Manual,-0.0538,,PQ rate for MOB 25
NRP-S,202506,Coll_Interest,25,25,Manual,-0.0227,,PQ rate for MOB 25
NRP-S,202506,Coll_Principal,26,26,Manual,-0.0538,,PQ rate for MOB 26
NRP-S,202506,Coll_Interest,26,26,Manual,-0.0227,,PQ rate for MOB 26
NRP-S,202506,Coll_Principal,27,27,Manual,-0.0538,,PQ rate for MOB 27
NRP-S,202506,Coll_Interest,27,27,Manual,-0.0226999999999999,,PQ rate for MOB 27
NRP-S,202506,Coll_Principal,28,28,Manual,-0.0538,,PQ rate for MOB 28
NRP-S,202506,Coll_Interest,28,28,Manual,-0.0227,,PQ rate for MOB 28
NRP-S,202506,Coll_Principal,29,29,Manual,-0.0538,,PQ rate for MOB 29
NRP-S,202506,Coll_Interest,29,29,Manual,-0.0227,,PQ rate for MOB 29
NRP-S,202506,Coll_Principal,30,30,Manual,-0.0538,,PQ rate for MOB 30
NRP-S,202506,Coll_Interest,30,30,Manual,-0.0227,,PQ rate for MOB 30
NRP-S,202506,Coll_Principal,31,31,Manual,-0.0538,,PQ rate for MOB 31
NRP-S,202506,Coll_Interest,31,31,Manual,-0.0227,,PQ rate for MOB 31
NRP-S,202506,Coll_Principal,32,32,Manual,-0.0538,,PQ rate for MOB 32
NRP-S,202506,Coll_Interest,32,32,Manual,-0.0227,,PQ rate for MOB 32
NRP-S,202506,Coll_Principal,33,33,Manual,-0.0538,,PQ rate for MOB 33
NRP-S,202506,Coll_Interest,33,33,Manual,-0.0227,,PQ rate for MOB 33
NRP-S,202506,Coll_Principal,34,34,Manual,-0.0538,,PQ rate for MOB 34
NRP-S,202506,Coll_Interest,34,34,Manual,-0.0227,,PQ rate for MOB 34
NRP-S,202506,Coll_Principal,35,35,Manual,-0.0538,,PQ rate for MOB 35
NRP-S,202506,Coll_Interest,35,35,Manual,-0.0227,,PQ rate for MOB 35
NON PRIME,202507,Coll_Principal,3,3,Manual,-0.0436,,PQ rate for MOB 3
NON PRIME,202507,Coll_Interest,3,3,Manual,-0.041,,PQ rate for MOB 3
NON PRIME,202507,Coll_Principal,4,4,Manual,-0.0436,,PQ rate for MOB 4
NON PRIME,202507,Coll_Interest,4,4,Manual,-0.0409999999999999,,PQ rate for MOB 4
NON PRIME,202507,Coll_Principal,5,5,Manual,-0.0436,,PQ rate for MOB 5
NON PRIME,202507,Coll_Interest,5,5,Manual,-0.041,,PQ rate for MOB 5
NON PRIME,202507,Coll_Principal,6,6,Manual,-0.0436,,PQ rate for MOB 6
NON PRIME,202507,Coll_Interest,6,6,Manual,-0.041,,PQ rate for MOB 6
NON PRIME,202507,Coll_Principal,7,7,Manual,-0.0436,,PQ rate for MOB 7
NON PRIME,202507,Coll_Interest,7,7,Manual,-0.041,,PQ rate for MOB 7
NON PRIME,202507,Coll_Principal,8,8,Manual,-0.0436,,PQ rate for MOB 8
NON PRIME,202507,Coll_Interest,8,8,Manual,-0.041,,PQ rate for MOB 8
NON PRIME,202507,Coll_Principal,9,9,Manual,-0.0436,,PQ rate for MOB 9
NON PRIME,202507,Coll_Interest,9,9,Manual,-0.041,,PQ rate for MOB 9
NON PRIME,202507,Coll_Principal,10,10,Manual,-0.0436,,PQ rate for MOB 10
NON PRIME,202507,Coll_Interest,10,10,Manual,-0.041,,PQ rate for MOB 10
NON PRIME,202507,Coll_Principal,11,11,Manual,-0.0436,,PQ rate for MOB 11
NON PRIME,202507,Coll_Interest,11,11,Manual,-0.041,,PQ rate for MOB 11
NON PRIME,202507,Coll_Principal,12,12,Manual,-0.0436,,PQ rate for MOB 12
NON PRIME,202507,Coll_Interest,12,12,Manual,-0.041,,PQ rate for MOB 12
NON PRIME,202507,Coll_Principal,13,13,Manual,-0.0436,,PQ rate for MOB 13
NON PRIME,202507,Coll_Interest,13,13,Manual,-0.041,,PQ rate for MOB 13
NON PRIME,202507,Coll_Principal,14,14,Manual,-0.0436,,PQ rate for MOB 14
NON PRIME,202507,Coll_Interest,14,14,Manual,-0.041,,PQ rate for MOB 14
NON PRIME,202507,Coll_Principal,15,15,Manual,-0.0436,,PQ rate for MOB 15
NON PRIME,202507,Coll_Interest,15,15,Manual,-0.041,,PQ rate for MOB 15
NON PRIME,202507,Coll_Principal,16,16,Manual,-0.0436,,PQ rate for MOB 16
NON PRIME,202507,Coll_Interest,16,16,Manual,-0.041,,PQ rate for MOB 16
NON PRIME,202507,Coll_Principal,17,17,Manual,-0.0436,,PQ rate for MOB 17
NON PRIME,202507,Coll_Interest,17,17,Manual,-0.041,,PQ rate for MOB 17
NON PRIME,202507,Coll_Principal,18,18,Manual,-0.0436,,PQ rate for MOB 18
NON PRIME,202507,Coll_Interest,18,18,Manual,-0.041,,PQ rate for MOB 18
NON PRIME,202507,Coll_Principal,19,19,Manual,-0.0435999999999999,,PQ rate for MOB 19
NON PRIME,202507,Coll_Interest,19,19,Manual,-0.041,,PQ rate for MOB 19
NON PRIME,202507,Coll_Principal,20,20,Manual,-0.0436,,PQ rate for MOB 20
NON PRIME,202507,Coll_Interest,20,20,Manual,-0.041,,PQ rate for MOB 20
NON PRIME,202507,Coll_Principal,21,21,Manual,-0.0436,,PQ rate for MOB 21
NON PRIME,202507,Coll_Interest,21,21,Manual,-0.041,,PQ rate for MOB 21
NON PRIME,202507,Coll_Principal,22,22,Manual,-0.0436,,PQ rate for MOB 22
NON PRIME,202507,Coll_Interest,22,22,Manual,-0.041,,PQ rate for MOB 22
NON PRIME,202507,Coll_Principal,23,23,Manual,-0.0436,,PQ rate for MOB 23
NON PRIME,202507,Coll_Interest,23,23,Manual,-0.041,,PQ rate for MOB 23
NON PRIME,202507,Coll_Principal,24,24,Manual,-0.0436,,PQ rate for MOB 24
NON PRIME,202507,Coll_Interest,24,24,Manual,-0.041,,PQ rate for MOB 24
NON PRIME,202507,Coll_Principal,25,25,Manual,-0.0436,,PQ rate for MOB 25
NON PRIME,202507,Coll_Interest,25,25,Manual,-0.041,,PQ rate for MOB 25
NON PRIME,202507,Coll_Principal,26,26,Manual,-0.0436,,PQ rate for MOB 26
NON PRIME,202507,Coll_Interest,26,26,Manual,-0.041,,PQ rate for MOB 26
NON PRIME,202507,Coll_Principal,27,27,Manual,-0.0436,,PQ rate for MOB 27
NON PRIME,202507,Coll_Interest,27,27,Manual,-0.041,,PQ rate for MOB 27
NON PRIME,202507,Coll_Principal,28,28,Manual,-0.0436,,PQ rate for MOB 28
NON PRIME,202507,Coll_Interest,28,28,Manual,-0.041,,PQ rate for MOB 28
NON PRIME,202507,Coll_Principal,29,29,Manual,-0.0436,,PQ rate for MOB 29
NON PRIME,202507,Coll_Interest,29,29,Manual,-0.041,,PQ rate for MOB 29
NON PRIME,202507,Coll_Principal,30,30,Manual,-0.0436,,PQ rate for MOB 30
NON PRIME,202507,Coll_Interest,30,30,Manual,-0.041,,PQ rate for MOB 30
NON PRIME,202507,Coll_Principal,31,31,Manual,-0.0436,,PQ rate for MOB 31
NON PRIME,202507,Coll_Interest,31,31,Manual,-0.041,,PQ rate for MOB 31
NON PRIME,202507,Coll_Principal,32,32,Manual,-0.0436,,PQ rate for MOB 32
NON PRIME,202507,Coll_Interest,32,32,Manual,-0.041,,PQ rate for MOB 32
NON PRIME,202507,Coll_Principal,33,33,Manual,-0.0436,,PQ rate for MOB 33
NON PRIME,202507,Coll_Interest,33,33,Manual,-0.041,,PQ rate for MOB 33
NON PRIME,202507,Coll_Principal,34,34,Manual,-0.0436,,PQ rate for MOB 34
NON PRIME,202507,Coll_Interest,34,34,Manual,-0.041,,PQ rate for MOB 34
NRP-L,202507,Coll_Principal,3,3,Manual,-0.0115,,PQ rate for MOB 3
NRP-L,202507,Coll_Interest,3,3,Manual,-0.0185,,PQ rate for MOB 3
NRP-L,202507,Coll_Principal,4,4,Manual,-0.0115,,PQ rate for MOB 4
NRP-L,202507,Coll_Interest,4,4,Manual,-0.0185,,PQ rate for MOB 4
NRP-L,202507,Coll_Principal,5,5,Manual,-0.0114999999999999,,PQ rate for MOB 5
NRP-L,202507,Coll_Interest,5,5,Manual,-0.0185,,PQ rate for MOB 5
NRP-L,202507,Coll_Principal,6,6,Manual,-0.0115,,PQ rate for MOB 6
NRP-L,202507,Coll_Interest,6,6,Manual,-0.0185,,PQ rate for MOB 6
NRP-L,202507,Coll_Principal,7,7,Manual,-0.0114999999999999,,PQ rate for MOB 7
NRP-L,202507,Coll_Interest,7,7,Manual,-0.0185,,PQ rate for MOB 7
NRP-L,202507,Coll_Principal,8,8,Manual,-0.0115,,PQ rate for MOB 8
NRP-L,202507,Coll_Interest,8,8,Manual,-0.0185,,PQ rate for MOB 8
NRP-L,202507,Coll_Principal,9,9,Manual,-0.0115,,PQ rate for MOB 9
NRP-L,202507,Coll_Interest,9,9,Manual,-0.0185,,PQ rate for MOB 9
NRP-L,202507,Coll_Principal,10,10,Manual,-0.0115,,PQ rate for MOB 10
NRP-L,202507,Coll_Interest,10,10,Manual,-0.0185,,PQ rate for MOB 10
NRP-L,202507,Coll_Principal,11,11,Manual,-0.0115,,PQ rate for MOB 11
NRP-L,202507,Coll_Interest,11,11,Manual,-0.0185,,PQ rate for MOB 11
NRP-L,202507,Coll_Principal,12,12,Manual,-0.0115,,PQ rate for MOB 12
NRP-L,202507,Coll_Interest,12,12,Manual,-0.0185,,PQ rate for MOB 12
NRP-L,202507,Coll_Principal,13,13,Manual,-0.0115,,PQ rate for MOB 13
NRP-L,202507,Coll_Interest,13,13,Manual,-0.0185,,PQ rate for MOB 13
NRP-L,202507,Coll_Principal,14,14,Manual,-0.0115,,PQ rate for MOB 14
NRP-L,202507,Coll_Interest,14,14,Manual,-0.0185,,PQ rate for MOB 14
NRP-L,202507,Coll_Principal,15,15,Manual,-0.0115,,PQ rate for MOB 15
NRP-L,202507,Coll_Interest,15,15,Manual,-0.0185,,PQ rate for MOB 15
NRP-L,202507,Coll_Principal,16,16,Manual,-0.0115,,PQ rate for MOB 16
NRP-L,202507,Coll_Interest,16,16,Manual,-0.0185,,PQ rate for MOB 16
NRP-L,202507,Coll_Principal,17,17,Manual,-0.0115,,PQ rate for MOB 17
NRP-L,202507,Coll_Interest,17,17,Manual,-0.0185,,PQ rate for MOB 17
NRP-L,202507,Coll_Principal,18,18,Manual,-0.0115,,PQ rate for MOB 18
NRP-L,202507,Coll_Interest,18,18,Manual,-0.0185,,PQ rate for MOB 18
NRP-L,202507,Coll_Principal,19,19,Manual,-0.0115,,PQ rate for MOB 19
NRP-L,202507,Coll_Interest,19,19,Manual,-0.0185,,PQ rate for MOB 19
NRP-L,202507,Coll_Principal,20,20,Manual,-0.0115,,PQ rate for MOB 20
NRP-L,202507,Coll_Interest,20,20,Manual,-0.0185,,PQ rate for MOB 20
NRP-L,202507,Coll_Principal,21,21,Manual,-0.0115,,PQ rate for MOB 21
NRP-L,202507,Coll_Interest,21,21,Manual,-0.0185,,PQ rate for MOB 21
NRP-L,202507,Coll_Principal,22,22,Manual,-0.0115,,PQ rate for MOB 22
NRP-L,202507,Coll_Interest,22,22,Manual,-0.0185,,PQ rate for MOB 22
NRP-L,202507,Coll_Principal,23,23,Manual,-0.0115,,PQ rate for MOB 23
NRP-L,202507,Coll_Interest,23,23,Manual,-0.0185,,PQ rate for MOB 23
NRP-L,202507,Coll_Principal,24,24,Manual,-0.0115,,PQ rate for MOB 24
NRP-L,202507,Coll_Interest,24,24,Manual,-0.0185,,PQ rate for MOB 24
NRP-L,202507,Coll_Principal,25,25,Manual,-0.0115,,PQ rate for MOB 25
NRP-L,202507,Coll_Interest,25,25,Manual,-0.0185,,PQ rate for MOB 25
NRP-L,202507,Coll_Principal,26,26,Manual,-0.0115,,PQ rate for MOB 26
NRP-L,202507,Coll_Interest,26,26,Manual,-0.0185,,PQ rate for MOB 26
NRP-L,202507,Coll_Principal,27,27,Manual,-0.0115,,PQ rate for MOB 27
NRP-L,202507,Coll_Interest,27,27,Manual,-0.0185,,PQ rate for MOB 27
NRP-L,202507,Coll_Principal,28,28,Manual,-0.0115,,PQ rate for MOB 28
NRP-L,202507,Coll_Interest,28,28,Manual,-0.0185,,PQ rate for MOB 28
NRP-L,202507,Coll_Principal,29,29,Manual,-0.0115,,PQ rate for MOB 29
NRP-L,202507,Coll_Interest,29,29,Manual,-0.0185,,PQ rate for MOB 29
NRP-L,202507,Coll_Principal,30,30,Manual,-0.0115,,PQ rate for MOB 30
NRP-L,202507,Coll_Interest,30,30,Manual,-0.0185,,PQ rate for MOB 30
NRP-L,202507,Coll_Principal,31,31,Manual,-0.0115,,PQ rate for MOB 31
NRP-L,202507,Coll_Interest,31,31,Manual,-0.0185,,PQ rate for MOB 31
NRP-L,202507,Coll_Principal,32,32,Manual,-0.0115,,PQ rate for MOB 32
NRP-L,202507,Coll_Interest,32,32,Manual,-0.0185,,PQ rate for MOB 32
NRP-L,202507,Coll_Principal,33,33,Manual,-0.0115,,PQ rate for MOB 33
NRP-L,202507,Coll_Interest,33,33,Manual,-0.0185,,PQ rate for MOB 33
NRP-L,202507,Coll_Principal,34,34,Manual,-0.0115,,PQ rate for MOB 34
NRP-L,202507,Coll_Interest,34,34,Manual,-0.0185,,PQ rate for MOB 34
NRP-M,202507,Coll_Principal,3,3,Manual,-0.0163,,PQ rate for MOB 3
NRP-M,202507,Coll_Interest,3,3,Manual,-0.0172,,PQ rate for MOB 3
NRP-M,202507,Coll_Principal,4,4,Manual,-0.0163,,PQ rate for MOB 4
NRP-M,202507,Coll_Interest,4,4,Manual,-0.0172,,PQ rate for MOB 4
NRP-M,202507,Coll_Principal,5,5,Manual,-0.0163,,PQ rate for MOB 5
NRP-M,202507,Coll_Interest,5,5,Manual,-0.0172,,PQ rate for MOB 5
NRP-M,202507,Coll_Principal,6,6,Manual,-0.0163,,PQ rate for MOB 6
NRP-M,202507,Coll_Interest,6,6,Manual,-0.0172,,PQ rate for MOB 6
NRP-M,202507,Coll_Principal,7,7,Manual,-0.0163,,PQ rate for MOB 7
NRP-M,202507,Coll_Interest,7,7,Manual,-0.0172,,PQ rate for MOB 7
NRP-M,202507,Coll_Principal,8,8,Manual,-0.0163,,PQ rate for MOB 8
NRP-M,202507,Coll_Interest,8,8,Manual,-0.0172,,PQ rate for MOB 8
NRP-M,202507,Coll_Principal,9,9,Manual,-0.0163,,PQ rate for MOB 9
NRP-M,202507,Coll_Interest,9,9,Manual,-0.0172,,PQ rate for MOB 9
NRP-M,202507,Coll_Principal,10,10,Manual,-0.0163,,PQ rate for MOB 10
NRP-M,202507,Coll_Interest,10,10,Manual,-0.0172,,PQ rate for MOB 10
NRP-M,202507,Coll_Principal,11,11,Manual,-0.0163,,PQ rate for MOB 11
NRP-M,202507,Coll_Interest,11,11,Manual,-0.0172,,PQ rate for MOB 11
NRP-M,202507,Coll_Principal,12,12,Manual,-0.0163,,PQ rate for MOB 12
NRP-M,202507,Coll_Interest,12,12,Manual,-0.0172,,PQ rate for MOB 12
NRP-M,202507,Coll_Principal,13,13,Manual,-0.0163,,PQ rate for MOB 13
NRP-M,202507,Coll_Interest,13,13,Manual,-0.0172,,PQ rate for MOB 13
NRP-M,202507,Coll_Principal,14,14,Manual,-0.0163,,PQ rate for MOB 14
NRP-M,202507,Coll_Interest,14,14,Manual,-0.0172,,PQ rate for MOB 14
NRP-M,202507,Coll_Principal,15,15,Manual,-0.0163,,PQ rate for MOB 15
NRP-M,202507,Coll_Interest,15,15,Manual,-0.0172,,PQ rate for MOB 15
NRP-M,202507,Coll_Principal,16,16,Manual,-0.0163,,PQ rate for MOB 16
NRP-M,202507,Coll_Interest,16,16,Manual,-0.0172,,PQ rate for MOB 16
NRP-M,202507,Coll_Principal,17,17,Manual,-0.0163,,PQ rate for MOB 17
NRP-M,202507,Coll_Interest,17,17,Manual,-0.0172,,PQ rate for MOB 17
NRP-M,202507,Coll_Principal,18,18,Manual,-0.0163,,PQ rate for MOB 18
NRP-M,202507,Coll_Interest,18,18,Manual,-0.0172,,PQ rate for MOB 18
NRP-M,202507,Coll_Principal,19,19,Manual,-0.0163,,PQ rate for MOB 19
NRP-M,202507,Coll_Interest,19,19,Manual,-0.0172,,PQ rate for MOB 19
NRP-M,202507,Coll_Principal,20,20,Manual,-0.0163,,PQ rate for MOB 20
NRP-M,202507,Coll_Interest,20,20,Manual,-0.0172,,PQ rate for MOB 20
NRP-M,202507,Coll_Principal,21,21,Manual,-0.0163,,PQ rate for MOB 21
NRP-M,202507,Coll_Interest,21,21,Manual,-0.0172,,PQ rate for MOB 21
NRP-M,202507,Coll_Principal,22,22,Manual,-0.0163,,PQ rate for MOB 22
NRP-M,202507,Coll_Interest,22,22,Manual,-0.0172,,PQ rate for MOB 22
NRP-M,202507,Coll_Principal,23,23,Manual,-0.0163,,PQ rate for MOB 23
NRP-M,202507,Coll_Interest,23,23,Manual,-0.0172,,PQ rate for MOB 23
NRP-M,202507,Coll_Principal,24,24,Manual,-0.0163,,PQ rate for MOB 24
NRP-M,202507,Coll_Interest,24,24,Manual,-0.0172,,PQ rate for MOB 24
NRP-M,202507,Coll_Principal,25,25,Manual,-0.0163,,PQ rate for MOB 25
NRP-M,202507,Coll_Interest,25,25,Manual,-0.0172,,PQ rate for MOB 25
NRP-M,202507,Coll_Principal,26,26,Manual,-0.0163,,PQ rate for MOB 26
NRP-M,202507,Coll_Interest,26,26,Manual,-0.0172,,PQ rate for MOB 26
NRP-M,202507,Coll_Principal,27,27,Manual,-0.0163,,PQ rate for MOB 27
NRP-M,202507,Coll_Interest,27,27,Manual,-0.0172,,PQ rate for MOB 27
NRP-M,202507,Coll_Principal,28,28,Manual,-0.0163,,PQ rate for MOB 28
NRP-M,202507,Coll_Interest,28,28,Manual,-0.0172,,PQ rate for MOB 28
NRP-M,202507,Coll_Principal,29,29,Manual,-0.0163,,PQ rate for MOB 29
NRP-M,202507,Coll_Interest,29,29,Manual,-0.0172,,PQ rate for MOB 29
NRP-M,202507,Coll_Principal,30,30,Manual,-0.0163,,PQ rate for MOB 30
NRP-M,202507,Coll_Interest,30,30,Manual,-0.0172,,PQ rate for MOB 30
NRP-M,202507,Coll_Principal,31,31,Manual,-0.0163,,PQ rate for MOB 31
NRP-M,202507,Coll_Interest,31,31,Manual,-0.0172,,PQ rate for MOB 31
NRP-M,202507,Coll_Principal,32,32,Manual,-0.0163,,PQ rate for MOB 32
NRP-M,202507,Coll_Interest,32,32,Manual,-0.0172,,PQ rate for MOB 32
NRP-M,202507,Coll_Principal,33,33,Manual,-0.0163,,PQ rate for MOB 33
NRP-M,202507,Coll_Interest,33,33,Manual,-0.0172,,PQ rate for MOB 33
NRP-M,202507,Coll_Principal,34,34,Manual,-0.0163,,PQ rate for MOB 34
NRP-M,202507,Coll_Interest,34,34,Manual,-0.0172,,PQ rate for MOB 34
NRP-S,202507,Coll_Principal,3,3,Manual,-0.0398,,PQ rate for MOB 3
NRP-S,202507,Coll_Interest,3,3,Manual,-0.0239,,PQ rate for MOB 3
NRP-S,202507,Coll_Principal,4,4,Manual,-0.0398,,PQ rate for MOB 4
NRP-S,202507,Coll_Interest,4,4,Manual,-0.0239,,PQ rate for MOB 4
NRP-S,202507,Coll_Principal,5,5,Manual,-0.0398,,PQ rate for MOB 5
NRP-S,202507,Coll_Interest,5,5,Manual,-0.0238999999999999,,PQ rate for MOB 5
NRP-S,202507,Coll_Principal,6,6,Manual,-0.0398,,PQ rate for MOB 6
NRP-S,202507,Coll_Interest,6,6,Manual,-0.0239,,PQ rate for MOB 6
NRP-S,202507,Coll_Principal,7,7,Manual,-0.0398,,PQ rate for MOB 7
NRP-S,202507,Coll_Interest,7,7,Manual,-0.0239,,PQ rate for MOB 7
NRP-S,202507,Coll_Principal,8,8,Manual,-0.0398,,PQ rate for MOB 8
NRP-S,202507,Coll_Interest,8,8,Manual,-0.0239,,PQ rate for MOB 8
NRP-S,202507,Coll_Principal,9,9,Manual,-0.0398,,PQ rate for MOB 9
NRP-S,202507,Coll_Interest,9,9,Manual,-0.0239,,PQ rate for MOB 9
NRP-S,202507,Coll_Principal,10,10,Manual,-0.0398,,PQ rate for MOB 10
NRP-S,202507,Coll_Interest,10,10,Manual,-0.0239,,PQ rate for MOB 10
NRP-S,202507,Coll_Principal,11,11,Manual,-0.0398,,PQ rate for MOB 11
NRP-S,202507,Coll_Interest,11,11,Manual,-0.0239,,PQ rate for MOB 11
NRP-S,202507,Coll_Principal,12,12,Manual,-0.0398,,PQ rate for MOB 12
NRP-S,202507,Coll_Interest,12,12,Manual,-0.0239,,PQ rate for MOB 12
NRP-S,202507,Coll_Principal,13,13,Manual,-0.0398,,PQ rate for MOB 13
NRP-S,202507,Coll_Interest,13,13,Manual,-0.0239,,PQ rate for MOB 13
NRP-S,202507,Coll_Principal,14,14,Manual,-0.0398,,PQ rate for MOB 14
NRP-S,202507,Coll_Interest,14,14,Manual,-0.0239,,PQ rate for MOB 14
NRP-S,202507,Coll_Principal,15,15,Manual,-0.0398,,PQ rate for MOB 15
NRP-S,202507,Coll_Interest,15,15,Manual,-0.0239,,PQ rate for MOB 15
NRP-S,202507,Coll_Principal,16,16,Manual,-0.0398,,PQ rate for MOB 16
NRP-S,202507,Coll_Interest,16,16,Manual,-0.0239,,PQ rate for MOB 16
NRP-S,202507,Coll_Principal,17,17,Manual,-0.0398,,PQ rate for MOB 17
NRP-S,202507,Coll_Interest,17,17,Manual,-0.0238999999999999,,PQ rate for MOB 17
NRP-S,202507,Coll_Principal,18,18,Manual,-0.0398,,PQ rate for MOB 18
NRP-S,202507,Coll_Interest,18,18,Manual,-0.0238999999999999,,PQ rate for MOB 18
NRP-S,202507,Coll_Principal,19,19,Manual,-0.0398,,PQ rate for MOB 19
NRP-S,202507,Coll_Interest,19,19,Manual,-0.0239,,PQ rate for MOB 19
NRP-S,202507,Coll_Principal,20,20,Manual,-0.0398,,PQ rate for MOB 20
NRP-S,202507,Coll_Interest,20,20,Manual,-0.0238999999999999,,PQ rate for MOB 20
NRP-S,202507,Coll_Principal,21,21,Manual,-0.0398,,PQ rate for MOB 21
NRP-S,202507,Coll_Interest,21,21,Manual,-0.0239,,PQ rate for MOB 21
NRP-S,202507,Coll_Principal,22,22,Manual,-0.0398,,PQ rate for MOB 22
NRP-S,202507,Coll_Interest,22,22,Manual,-0.0239,,PQ rate for MOB 22
NRP-S,202507,Coll_Principal,23,23,Manual,-0.0398,,PQ rate for MOB 23
NRP-S,202507,Coll_Interest,23,23,Manual,-0.0239,,PQ rate for MOB 23
NRP-S,202507,Coll_Principal,24,24,Manual,-0.0398,,PQ rate for MOB 24
NRP-S,202507,Coll_Interest,24,24,Manual,-0.0239,,PQ rate for MOB 24
NRP-S,202507,Coll_Principal,25,25,Manual,-0.0398,,PQ rate for MOB 25
NRP-S,202507,Coll_Interest,25,25,Manual,-0.0239,,PQ rate for MOB 25
NRP-S,202507,Coll_Principal,26,26,Manual,-0.0398,,PQ rate for MOB 26
NRP-S,202507,Coll_Interest,26,26,Manual,-0.0239,,PQ rate for MOB 26
NRP-S,202507,Coll_Principal,27,27,Manual,-0.0398,,PQ rate for MOB 27
NRP-S,202507,Coll_Interest,27,27,Manual,-0.0239,,PQ rate for MOB 27
NRP-S,202507,Coll_Principal,28,28,Manual,-0.0398,,PQ rate for MOB 28
NRP-S,202507,Coll_Interest,28,28,Manual,-0.0239,,PQ rate for MOB 28
NRP-S,202507,Coll_Principal,29,29,Manual,-0.0398,,PQ rate for MOB 29
NRP-S,202507,Coll_Interest,29,29,Manual,-0.0239,,PQ rate for MOB 29
NRP-S,202507,Coll_Principal,30,30,Manual,-0.0398,,PQ rate for MOB 30
NRP-S,202507,Coll_Interest,30,30,Manual,-0.0239,,PQ rate for MOB 30
NRP-S,202507,Coll_Principal,31,31,Manual,-0.0398,,PQ rate for MOB 31
NRP-S,202507,Coll_Interest,31,31,Manual,-0.0239,,PQ rate for MOB 31
NRP-S,202507,Coll_Principal,32,32,Manual,-0.0398,,PQ rate for MOB 32
NRP-S,202507,Coll_Interest,32,32,Manual,-0.0239,,PQ rate for MOB 32
NRP-S,202507,Coll_Principal,33,33,Manual,-0.0398,,PQ rate for MOB 33
NRP-S,202507,Coll_Interest,33,33,Manual,-0.0239,,PQ rate for MOB 33
NRP-S,202507,Coll_Principal,34,34,Manual,-0.0398,,PQ rate for MOB 34
NRP-S,202507,Coll_Interest,34,34,Manual,-0.0239,,PQ rate for MOB 34
PRIME,202507,Coll_Principal,3,3,Manual,-0.0117,,PQ rate for MOB 3
PRIME,202507,Coll_Interest,3,3,Manual,-0.0116,,PQ rate for MOB 3
PRIME,202507,Coll_Principal,4,4,Manual,-0.0117,,PQ rate for MOB 4
PRIME,202507,Coll_Interest,4,4,Manual,-0.0116,,PQ rate for MOB 4
PRIME,202507,Coll_Principal,5,5,Manual,-0.0117,,PQ rate for MOB 5
PRIME,202507,Coll_Interest,5,5,Manual,-0.0116,,PQ rate for MOB 5
PRIME,202507,Coll_Principal,6,6,Manual,-0.0117,,PQ rate for MOB 6
PRIME,202507,Coll_Interest,6,6,Manual,-0.0116,,PQ rate for MOB 6
PRIME,202507,Coll_Principal,7,7,Manual,-0.0117,,PQ rate for MOB 7
PRIME,202507,Coll_Interest,7,7,Manual,-0.0116,,PQ rate for MOB 7
PRIME,202507,Coll_Principal,8,8,Manual,-0.0117,,PQ rate for MOB 8
PRIME,202507,Coll_Interest,8,8,Manual,-0.0116,,PQ rate for MOB 8
PRIME,202507,Coll_Principal,9,9,Manual,-0.0117,,PQ rate for MOB 9
PRIME,202507,Coll_Interest,9,9,Manual,-0.0116,,PQ rate for MOB 9
PRIME,202507,Coll_Principal,10,10,Manual,-0.0117,,PQ rate for MOB 10
PRIME,202507,Coll_Interest,10,10,Manual,-0.0116,,PQ rate for MOB 10
PRIME,202507,Coll_Principal,11,11,Manual,-0.0117,,PQ rate for MOB 11
PRIME,202507,Coll_Interest,11,11,Manual,-0.0116,,PQ rate for MOB 11
PRIME,202507,Coll_Principal,12,12,Manual,-0.0117,,PQ rate for MOB 12
PRIME,202507,Coll_Interest,12,12,Manual,-0.0116,,PQ rate for MOB 12
PRIME,202507,Coll_Principal,13,13,Manual,-0.0117,,PQ rate for MOB 13
PRIME,202507,Coll_Interest,13,13,Manual,-0.0116,,PQ rate for MOB 13
PRIME,202507,Coll_Principal,14,14,Manual,-0.0117,,PQ rate for MOB 14
PRIME,202507,Coll_Interest,14,14,Manual,-0.0116,,PQ rate for MOB 14
PRIME,202507,Coll_Principal,15,15,Manual,-0.0117,,PQ rate for MOB 15
PRIME,202507,Coll_Interest,15,15,Manual,-0.0116,,PQ rate for MOB 15
PRIME,202507,Coll_Principal,16,16,Manual,-0.0117,,PQ rate for MOB 16
PRIME,202507,Coll_Interest,16,16,Manual,-0.0116,,PQ rate for MOB 16
PRIME,202507,Coll_Principal,17,17,Manual,-0.0117,,PQ rate for MOB 17
PRIME,202507,Coll_Interest,17,17,Manual,-0.0116,,PQ rate for MOB 17
PRIME,202507,Coll_Principal,18,18,Manual,-0.0117,,PQ rate for MOB 18
PRIME,202507,Coll_Interest,18,18,Manual,-0.0116,,PQ rate for MOB 18
PRIME,202507,Coll_Principal,19,19,Manual,-0.0117,,PQ rate for MOB 19
PRIME,202507,Coll_Interest,19,19,Manual,-0.0116,,PQ rate for MOB 19
PRIME,202507,Coll_Principal,20,20,Manual,-0.0117,,PQ rate for MOB 20
PRIME,202507,Coll_Interest,20,20,Manual,-0.0116,,PQ rate for MOB 20
PRIME,202507,Coll_Principal,21,21,Manual,-0.0117,,PQ rate for MOB 21
PRIME,202507,Coll_Interest,21,21,Manual,-0.0116,,PQ rate for MOB 21
PRIME,202507,Coll_Principal,22,22,Manual,-0.0117,,PQ rate for MOB 22
PRIME,202507,Coll_Interest,22,22,Manual,-0.0116,,PQ rate for MOB 22
PRIME,202507,Coll_Principal,23,23,Manual,-0.0117,,PQ rate for MOB 23
PRIME,202507,Coll_Interest,23,23,Manual,-0.0115999999999999,,PQ rate for MOB 23
PRIME,202507,Coll_Principal,24,24,Manual,-0.0117,,PQ rate for MOB 24
PRIME,202507,Coll_Interest,24,24,Manual,-0.0116,,PQ rate for MOB 24
PRIME,202507,Coll_Principal,25,25,Manual,-0.0117,,PQ rate for MOB 25
PRIME,202507,Coll_Interest,25,25,Manual,-0.0116,,PQ rate for MOB 25
PRIME,202507,Coll_Principal,26,26,Manual,-0.0117,,PQ rate for MOB 26
PRIME,202507,Coll_Interest,26,26,Manual,-0.0116,,PQ rate for MOB 26
PRIME,202507,Coll_Principal,27,27,Manual,-0.0117,,PQ rate for MOB 27
PRIME,202507,Coll_Interest,27,27,Manual,-0.0116,,PQ rate for MOB 27
PRIME,202507,Coll_Principal,28,28,Manual,-0.0117,,PQ rate for MOB 28
PRIME,202507,Coll_Interest,28,28,Manual,-0.0116,,PQ rate for MOB 28
PRIME,202507,Coll_Principal,29,29,Manual,-0.0117,,PQ rate for MOB 29
PRIME,202507,Coll_Interest,29,29,Manual,-0.0116,,PQ rate for MOB 29
PRIME,202507,Coll_Principal,30,30,Manual,-0.0117,,PQ rate for MOB 30
PRIME,202507,Coll_Interest,30,30,Manual,-0.0115999999999999,,PQ rate for MOB 30
PRIME,202507,Coll_Principal,31,31,Manual,-0.0117,,PQ rate for MOB 31
PRIME,202507,Coll_Interest,31,31,Manual,-0.0116,,PQ rate for MOB 31
PRIME,202507,Coll_Principal,32,32,Manual,-0.0117,,PQ rate for MOB 32
PRIME,202507,Coll_Interest,32,32,Manual,-0.0116,,PQ rate for MOB 32
PRIME,202507,Coll_Principal,33,33,Manual,-0.0117,,PQ rate for MOB 33
PRIME,202507,Coll_Interest,33,33,Manual,-0.0116,,PQ rate for MOB 33
PRIME,202507,Coll_Principal,34,34,Manual,-0.0117,,PQ rate for MOB 34
PRIME,202507,Coll_Interest,34,34,Manual,-0.0116,,PQ rate for MOB 34
NON PRIME,202508,Coll_Principal,2,2,Manual,-0.0491,,PQ rate for MOB 2
NON PRIME,202508,Coll_Interest,2,2,Manual,-0.0328,,PQ rate for MOB 2
NON PRIME,202508,Coll_Principal,3,3,Manual,-0.0491,,PQ rate for MOB 3
NON PRIME,202508,Coll_Interest,3,3,Manual,-0.0328,,PQ rate for MOB 3
NON PRIME,202508,Coll_Principal,4,4,Manual,-0.0491,,PQ rate for MOB 4
NON PRIME,202508,Coll_Interest,4,4,Manual,-0.0328,,PQ rate for MOB 4
NON PRIME,202508,Coll_Principal,5,5,Manual,-0.0491,,PQ rate for MOB 5
NON PRIME,202508,Coll_Interest,5,5,Manual,-0.0328,,PQ rate for MOB 5
NON PRIME,202508,Coll_Principal,6,6,Manual,-0.0491,,PQ rate for MOB 6
NON PRIME,202508,Coll_Interest,6,6,Manual,-0.0328,,PQ rate for MOB 6
NON PRIME,202508,Coll_Principal,7,7,Manual,-0.0491,,PQ rate for MOB 7
NON PRIME,202508,Coll_Interest,7,7,Manual,-0.0328,,PQ rate for MOB 7
NON PRIME,202508,Coll_Principal,8,8,Manual,-0.0491,,PQ rate for MOB 8
NON PRIME,202508,Coll_Interest,8,8,Manual,-0.0328,,PQ rate for MOB 8
NON PRIME,202508,Coll_Principal,9,9,Manual,-0.0491,,PQ rate for MOB 9
NON PRIME,202508,Coll_Interest,9,9,Manual,-0.0328,,PQ rate for MOB 9
NON PRIME,202508,Coll_Principal,10,10,Manual,-0.0491,,PQ rate for MOB 10
NON PRIME,202508,Coll_Interest,10,10,Manual,-0.0328,,PQ rate for MOB 10
NON PRIME,202508,Coll_Principal,11,11,Manual,-0.0491,,PQ rate for MOB 11
NON PRIME,202508,Coll_Interest,11,11,Manual,-0.0328,,PQ rate for MOB 11
NON PRIME,202508,Coll_Principal,12,12,Manual,-0.0491,,PQ rate for MOB 12
NON PRIME,202508,Coll_Interest,12,12,Manual,-0.0328,,PQ rate for MOB 12
NON PRIME,202508,Coll_Principal,13,13,Manual,-0.0491,,PQ rate for MOB 13
NON PRIME,202508,Coll_Interest,13,13,Manual,-0.0328,,PQ rate for MOB 13
NON PRIME,202508,Coll_Principal,14,14,Manual,-0.0491,,PQ rate for MOB 14
NON PRIME,202508,Coll_Interest,14,14,Manual,-0.0328,,PQ rate for MOB 14
NON PRIME,202508,Coll_Principal,15,15,Manual,-0.0491,,PQ rate for MOB 15
NON PRIME,202508,Coll_Interest,15,15,Manual,-0.0328,,PQ rate for MOB 15
NON PRIME,202508,Coll_Principal,16,16,Manual,-0.0491,,PQ rate for MOB 16
NON PRIME,202508,Coll_Interest,16,16,Manual,-0.0328,,PQ rate for MOB 16
NON PRIME,202508,Coll_Principal,17,17,Manual,-0.0491,,PQ rate for MOB 17
NON PRIME,202508,Coll_Interest,17,17,Manual,-0.0328,,PQ rate for MOB 17
NON PRIME,202508,Coll_Principal,18,18,Manual,-0.0491,,PQ rate for MOB 18
NON PRIME,202508,Coll_Interest,18,18,Manual,-0.0328,,PQ rate for MOB 18
NON PRIME,202508,Coll_Principal,19,19,Manual,-0.0491,,PQ rate for MOB 19
NON PRIME,202508,Coll_Interest,19,19,Manual,-0.0328,,PQ rate for MOB 19
NON PRIME,202508,Coll_Principal,20,20,Manual,-0.0491,,PQ rate for MOB 20
NON PRIME,202508,Coll_Interest,20,20,Manual,-0.0328,,PQ rate for MOB 20
NON PRIME,202508,Coll_Principal,21,21,Manual,-0.0491,,PQ rate for MOB 21
NON PRIME,202508,Coll_Interest,21,21,Manual,-0.0328,,PQ rate for MOB 21
NON PRIME,202508,Coll_Principal,22,22,Manual,-0.0491,,PQ rate for MOB 22
NON PRIME,202508,Coll_Interest,22,22,Manual,-0.0328,,PQ rate for MOB 22
NON PRIME,202508,Coll_Principal,23,23,Manual,-0.0491,,PQ rate for MOB 23
NON PRIME,202508,Coll_Interest,23,23,Manual,-0.0328,,PQ rate for MOB 23
NON PRIME,202508,Coll_Principal,24,24,Manual,-0.0491,,PQ rate for MOB 24
NON PRIME,202508,Coll_Interest,24,24,Manual,-0.0328,,PQ rate for MOB 24
NON PRIME,202508,Coll_Principal,25,25,Manual,-0.0491,,PQ rate for MOB 25
NON PRIME,202508,Coll_Interest,25,25,Manual,-0.0328,,PQ rate for MOB 25
NON PRIME,202508,Coll_Principal,26,26,Manual,-0.0491,,PQ rate for MOB 26
NON PRIME,202508,Coll_Interest,26,26,Manual,-0.0328,,PQ rate for MOB 26
NON PRIME,202508,Coll_Principal,27,27,Manual,-0.0491,,PQ rate for MOB 27
NON PRIME,202508,Coll_Interest,27,27,Manual,-0.0328,,PQ rate for MOB 27
NON PRIME,202508,Coll_Principal,28,28,Manual,-0.0491,,PQ rate for MOB 28
NON PRIME,202508,Coll_Interest,28,28,Manual,-0.0328,,PQ rate for MOB 28
NON PRIME,202508,Coll_Principal,29,29,Manual,-0.0491,,PQ rate for MOB 29
NON PRIME,202508,Coll_Interest,29,29,Manual,-0.0328,,PQ rate for MOB 29
NON PRIME,202508,Coll_Principal,30,30,Manual,-0.0491,,PQ rate for MOB 30
NON PRIME,202508,Coll_Interest,30,30,Manual,-0.0328,,PQ rate for MOB 30
NON PRIME,202508,Coll_Principal,31,31,Manual,-0.0491,,PQ rate for MOB 31
NON PRIME,202508,Coll_Interest,31,31,Manual,-0.0328,,PQ rate for MOB 31
NON PRIME,202508,Coll_Principal,32,32,Manual,-0.0490999999999999,,PQ rate for MOB 32
NON PRIME,202508,Coll_Interest,32,32,Manual,-0.0328,,PQ rate for MOB 32
NON PRIME,202508,Coll_Principal,33,33,Manual,-0.0491,,PQ rate for MOB 33
NON PRIME,202508,Coll_Interest,33,33,Manual,-0.0328,,PQ rate for MOB 33
NRP-L,202508,Coll_Principal,2,2,Manual,-0.0151,,PQ rate for MOB 2
NRP-L,202508,Coll_Interest,2,2,Manual,-0.0151,,PQ rate for MOB 2
NRP-L,202508,Coll_Principal,3,3,Manual,-0.0151,,PQ rate for MOB 3
NRP-L,202508,Coll_Interest,3,3,Manual,-0.0151,,PQ rate for MOB 3
NRP-L,202508,Coll_Principal,4,4,Manual,-0.0151,,PQ rate for MOB 4
NRP-L,202508,Coll_Interest,4,4,Manual,-0.0151,,PQ rate for MOB 4
NRP-L,202508,Coll_Principal,5,5,Manual,-0.0151,,PQ rate for MOB 5
NRP-L,202508,Coll_Interest,5,5,Manual,-0.0151,,PQ rate for MOB 5
NRP-L,202508,Coll_Principal,6,6,Manual,-0.0151,,PQ rate for MOB 6
NRP-L,202508,Coll_Interest,6,6,Manual,-0.0151,,PQ rate for MOB 6
NRP-L,202508,Coll_Principal,7,7,Manual,-0.0151,,PQ rate for MOB 7
NRP-L,202508,Coll_Interest,7,7,Manual,-0.0151,,PQ rate for MOB 7
NRP-L,202508,Coll_Principal,8,8,Manual,-0.0150999999999999,,PQ rate for MOB 8
NRP-L,202508,Coll_Interest,8,8,Manual,-0.0150999999999999,,PQ rate for MOB 8
NRP-L,202508,Coll_Principal,9,9,Manual,-0.0151,,PQ rate for MOB 9
NRP-L,202508,Coll_Interest,9,9,Manual,-0.0151,,PQ rate for MOB 9
NRP-L,202508,Coll_Principal,10,10,Manual,-0.0150999999999999,,PQ rate for MOB 10
NRP-L,202508,Coll_Interest,10,10,Manual,-0.0150999999999999,,PQ rate for MOB 10
NRP-L,202508,Coll_Principal,11,11,Manual,-0.0151,,PQ rate for MOB 11
NRP-L,202508,Coll_Interest,11,11,Manual,-0.0151,,PQ rate for MOB 11
NRP-L,202508,Coll_Principal,12,12,Manual,-0.0151,,PQ rate for MOB 12
NRP-L,202508,Coll_Interest,12,12,Manual,-0.0151,,PQ rate for MOB 12
NRP-L,202508,Coll_Principal,13,13,Manual,-0.0151,,PQ rate for MOB 13
NRP-L,202508,Coll_Interest,13,13,Manual,-0.0151,,PQ rate for MOB 13
NRP-L,202508,Coll_Principal,14,14,Manual,-0.0151,,PQ rate for MOB 14
NRP-L,202508,Coll_Interest,14,14,Manual,-0.0151,,PQ rate for MOB 14
NRP-L,202508,Coll_Principal,15,15,Manual,-0.0151,,PQ rate for MOB 15
NRP-L,202508,Coll_Interest,15,15,Manual,-0.0151,,PQ rate for MOB 15
NRP-L,202508,Coll_Principal,16,16,Manual,-0.0151,,PQ rate for MOB 16
NRP-L,202508,Coll_Interest,16,16,Manual,-0.0151,,PQ rate for MOB 16
NRP-L,202508,Coll_Principal,17,17,Manual,-0.0151,,PQ rate for MOB 17
NRP-L,202508,Coll_Interest,17,17,Manual,-0.0151,,PQ rate for MOB 17
NRP-L,202508,Coll_Principal,18,18,Manual,-0.0150999999999999,,PQ rate for MOB 18
NRP-L,202508,Coll_Interest,18,18,Manual,-0.0150999999999999,,PQ rate for MOB 18
NRP-L,202508,Coll_Principal,19,19,Manual,-0.0151,,PQ rate for MOB 19
NRP-L,202508,Coll_Interest,19,19,Manual,-0.0151,,PQ rate for MOB 19
NRP-L,202508,Coll_Principal,20,20,Manual,-0.0151,,PQ rate for MOB 20
NRP-L,202508,Coll_Interest,20,20,Manual,-0.0151,,PQ rate for MOB 20
NRP-L,202508,Coll_Principal,21,21,Manual,-0.0151,,PQ rate for MOB 21
NRP-L,202508,Coll_Interest,21,21,Manual,-0.0151,,PQ rate for MOB 21
NRP-L,202508,Coll_Principal,22,22,Manual,-0.0151,,PQ rate for MOB 22
NRP-L,202508,Coll_Interest,22,22,Manual,-0.0151,,PQ rate for MOB 22
NRP-L,202508,Coll_Principal,23,23,Manual,-0.0151,,PQ rate for MOB 23
NRP-L,202508,Coll_Interest,23,23,Manual,-0.0151,,PQ rate for MOB 23
NRP-L,202508,Coll_Principal,24,24,Manual,-0.0151,,PQ rate for MOB 24
NRP-L,202508,Coll_Interest,24,24,Manual,-0.0151,,PQ rate for MOB 24
NRP-L,202508,Coll_Principal,25,25,Manual,-0.0151,,PQ rate for MOB 25
NRP-L,202508,Coll_Interest,25,25,Manual,-0.0151,,PQ rate for MOB 25
NRP-L,202508,Coll_Principal,26,26,Manual,-0.0151,,PQ rate for MOB 26
NRP-L,202508,Coll_Interest,26,26,Manual,-0.0151,,PQ rate for MOB 26
NRP-L,202508,Coll_Principal,27,27,Manual,-0.0151,,PQ rate for MOB 27
NRP-L,202508,Coll_Interest,27,27,Manual,-0.0151,,PQ rate for MOB 27
NRP-L,202508,Coll_Principal,28,28,Manual,-0.0151,,PQ rate for MOB 28
NRP-L,202508,Coll_Interest,28,28,Manual,-0.0151,,PQ rate for MOB 28
NRP-L,202508,Coll_Principal,29,29,Manual,-0.0151,,PQ rate for MOB 29
NRP-L,202508,Coll_Interest,29,29,Manual,-0.0151,,PQ rate for MOB 29
NRP-L,202508,Coll_Principal,30,30,Manual,-0.0151,,PQ rate for MOB 30
NRP-L,202508,Coll_Interest,30,30,Manual,-0.0151,,PQ rate for MOB 30
NRP-L,202508,Coll_Principal,31,31,Manual,-0.0151,,PQ rate for MOB 31
NRP-L,202508,Coll_Interest,31,31,Manual,-0.0151,,PQ rate for MOB 31
NRP-L,202508,Coll_Principal,32,32,Manual,-0.0151,,PQ rate for MOB 32
NRP-L,202508,Coll_Interest,32,32,Manual,-0.0151,,PQ rate for MOB 32
NRP-L,202508,Coll_Principal,33,33,Manual,-0.0151,,PQ rate for MOB 33
NRP-L,202508,Coll_Interest,33,33,Manual,-0.0151,,PQ rate for MOB 33
NRP-M,202508,Coll_Principal,2,2,Manual,-0.0199,,PQ rate for MOB 2
NRP-M,202508,Coll_Interest,2,2,Manual,-0.0122,,PQ rate for MOB 2
NRP-M,202508,Coll_Principal,3,3,Manual,-0.0199,,PQ rate for MOB 3
NRP-M,202508,Coll_Interest,3,3,Manual,-0.0122,,PQ rate for MOB 3
NRP-M,202508,Coll_Principal,4,4,Manual,-0.0199,,PQ rate for MOB 4
NRP-M,202508,Coll_Interest,4,4,Manual,-0.0122,,PQ rate for MOB 4
NRP-M,202508,Coll_Principal,5,5,Manual,-0.0199,,PQ rate for MOB 5
NRP-M,202508,Coll_Interest,5,5,Manual,-0.0122,,PQ rate for MOB 5
NRP-M,202508,Coll_Principal,6,6,Manual,-0.0199,,PQ rate for MOB 6
NRP-M,202508,Coll_Interest,6,6,Manual,-0.0121999999999999,,PQ rate for MOB 6
NRP-M,202508,Coll_Principal,7,7,Manual,-0.0199,,PQ rate for MOB 7
NRP-M,202508,Coll_Interest,7,7,Manual,-0.0122,,PQ rate for MOB 7
NRP-M,202508,Coll_Principal,8,8,Manual,-0.0199,,PQ rate for MOB 8
NRP-M,202508,Coll_Interest,8,8,Manual,-0.0122,,PQ rate for MOB 8
NRP-M,202508,Coll_Principal,9,9,Manual,-0.0198999999999999,,PQ rate for MOB 9
NRP-M,202508,Coll_Interest,9,9,Manual,-0.0122,,PQ rate for MOB 9
NRP-M,202508,Coll_Principal,10,10,Manual,-0.0198999999999999,,PQ rate for MOB 10
NRP-M,202508,Coll_Interest,10,10,Manual,-0.0122,,PQ rate for MOB 10
NRP-M,202508,Coll_Principal,11,11,Manual,-0.0199,,PQ rate for MOB 11
NRP-M,202508,Coll_Interest,11,11,Manual,-0.0121999999999999,,PQ rate for MOB 11
NRP-M,202508,Coll_Principal,12,12,Manual,-0.0199,,PQ rate for MOB 12
NRP-M,202508,Coll_Interest,12,12,Manual,-0.0121999999999999,,PQ rate for MOB 12
NRP-M,202508,Coll_Principal,13,13,Manual,-0.0199,,PQ rate for MOB 13
NRP-M,202508,Coll_Interest,13,13,Manual,-0.0122,,PQ rate for MOB 13
NRP-M,202508,Coll_Principal,14,14,Manual,-0.0199,,PQ rate for MOB 14
NRP-M,202508,Coll_Interest,14,14,Manual,-0.0122,,PQ rate for MOB 14
NRP-M,202508,Coll_Principal,15,15,Manual,-0.0199,,PQ rate for MOB 15
NRP-M,202508,Coll_Interest,15,15,Manual,-0.0122,,PQ rate for MOB 15
NRP-M,202508,Coll_Principal,16,16,Manual,-0.0199,,PQ rate for MOB 16
NRP-M,202508,Coll_Interest,16,16,Manual,-0.0122,,PQ rate for MOB 16
NRP-M,202508,Coll_Principal,17,17,Manual,-0.0199,,PQ rate for MOB 17
NRP-M,202508,Coll_Interest,17,17,Manual,-0.0122,,PQ rate for MOB 17
NRP-M,202508,Coll_Principal,18,18,Manual,-0.0199,,PQ rate for MOB 18
NRP-M,202508,Coll_Interest,18,18,Manual,-0.0121999999999999,,PQ rate for MOB 18
NRP-M,202508,Coll_Principal,19,19,Manual,-0.0199,,PQ rate for MOB 19
NRP-M,202508,Coll_Interest,19,19,Manual,-0.0121999999999999,,PQ rate for MOB 19
NRP-M,202508,Coll_Principal,20,20,Manual,-0.0199,,PQ rate for MOB 20
NRP-M,202508,Coll_Interest,20,20,Manual,-0.0122,,PQ rate for MOB 20
NRP-M,202508,Coll_Principal,21,21,Manual,-0.0199,,PQ rate for MOB 21
NRP-M,202508,Coll_Interest,21,21,Manual,-0.0122,,PQ rate for MOB 21
NRP-M,202508,Coll_Principal,22,22,Manual,-0.0199,,PQ rate for MOB 22
NRP-M,202508,Coll_Interest,22,22,Manual,-0.0121999999999999,,PQ rate for MOB 22
NRP-M,202508,Coll_Principal,23,23,Manual,-0.0199,,PQ rate for MOB 23
NRP-M,202508,Coll_Interest,23,23,Manual,-0.0122,,PQ rate for MOB 23
NRP-M,202508,Coll_Principal,24,24,Manual,-0.0199,,PQ rate for MOB 24
NRP-M,202508,Coll_Interest,24,24,Manual,-0.0122,,PQ rate for MOB 24
NRP-M,202508,Coll_Principal,25,25,Manual,-0.0199,,PQ rate for MOB 25
NRP-M,202508,Coll_Interest,25,25,Manual,-0.0122,,PQ rate for MOB 25
NRP-M,202508,Coll_Principal,26,26,Manual,-0.0199,,PQ rate for MOB 26
NRP-M,202508,Coll_Interest,26,26,Manual,-0.0122,,PQ rate for MOB 26
NRP-M,202508,Coll_Principal,27,27,Manual,-0.0199,,PQ rate for MOB 27
NRP-M,202508,Coll_Interest,27,27,Manual,-0.0122,,PQ rate for MOB 27
NRP-M,202508,Coll_Principal,28,28,Manual,-0.0199,,PQ rate for MOB 28
NRP-M,202508,Coll_Interest,28,28,Manual,-0.0122,,PQ rate for MOB 28
NRP-M,202508,Coll_Principal,29,29,Manual,-0.0199,,PQ rate for MOB 29
NRP-M,202508,Coll_Interest,29,29,Manual,-0.0122,,PQ rate for MOB 29
NRP-M,202508,Coll_Principal,30,30,Manual,-0.0199,,PQ rate for MOB 30
NRP-M,202508,Coll_Interest,30,30,Manual,-0.0122,,PQ rate for MOB 30
NRP-M,202508,Coll_Principal,31,31,Manual,-0.0199,,PQ rate for MOB 31
NRP-M,202508,Coll_Interest,31,31,Manual,-0.0122,,PQ rate for MOB 31
NRP-M,202508,Coll_Principal,32,32,Manual,-0.0199,,PQ rate for MOB 32
NRP-M,202508,Coll_Interest,32,32,Manual,-0.0122,,PQ rate for MOB 32
NRP-M,202508,Coll_Principal,33,33,Manual,-0.0199,,PQ rate for MOB 33
NRP-M,202508,Coll_Interest,33,33,Manual,-0.0122,,PQ rate for MOB 33
NRP-S,202508,Coll_Principal,2,2,Manual,-0.0399,,PQ rate for MOB 2
NRP-S,202508,Coll_Interest,2,2,Manual,-0.0183,,PQ rate for MOB 2
NRP-S,202508,Coll_Principal,3,3,Manual,-0.0399,,PQ rate for MOB 3
NRP-S,202508,Coll_Interest,3,3,Manual,-0.0183,,PQ rate for MOB 3
NRP-S,202508,Coll_Principal,4,4,Manual,-0.0399,,PQ rate for MOB 4
NRP-S,202508,Coll_Interest,4,4,Manual,-0.0183,,PQ rate for MOB 4
NRP-S,202508,Coll_Principal,5,5,Manual,-0.0399,,PQ rate for MOB 5
NRP-S,202508,Coll_Interest,5,5,Manual,-0.0183,,PQ rate for MOB 5
NRP-S,202508,Coll_Principal,6,6,Manual,-0.0399,,PQ rate for MOB 6
NRP-S,202508,Coll_Interest,6,6,Manual,-0.0183,,PQ rate for MOB 6
NRP-S,202508,Coll_Principal,7,7,Manual,-0.0399,,PQ rate for MOB 7
NRP-S,202508,Coll_Interest,7,7,Manual,-0.0183,,PQ rate for MOB 7
NRP-S,202508,Coll_Principal,8,8,Manual,-0.0399,,PQ rate for MOB 8
NRP-S,202508,Coll_Interest,8,8,Manual,-0.0183,,PQ rate for MOB 8
NRP-S,202508,Coll_Principal,9,9,Manual,-0.0399,,PQ rate for MOB 9
NRP-S,202508,Coll_Interest,9,9,Manual,-0.0183,,PQ rate for MOB 9
NRP-S,202508,Coll_Principal,10,10,Manual,-0.0399,,PQ rate for MOB 10
NRP-S,202508,Coll_Interest,10,10,Manual,-0.0183,,PQ rate for MOB 10
NRP-S,202508,Coll_Principal,11,11,Manual,-0.0399,,PQ rate for MOB 11
NRP-S,202508,Coll_Interest,11,11,Manual,-0.0183,,PQ rate for MOB 11
NRP-S,202508,Coll_Principal,12,12,Manual,-0.0399,,PQ rate for MOB 12
NRP-S,202508,Coll_Interest,12,12,Manual,-0.0183,,PQ rate for MOB 12
NRP-S,202508,Coll_Principal,13,13,Manual,-0.0399,,PQ rate for MOB 13
NRP-S,202508,Coll_Interest,13,13,Manual,-0.0183,,PQ rate for MOB 13
NRP-S,202508,Coll_Principal,14,14,Manual,-0.0399,,PQ rate for MOB 14
NRP-S,202508,Coll_Interest,14,14,Manual,-0.0183,,PQ rate for MOB 14
NRP-S,202508,Coll_Principal,15,15,Manual,-0.0398999999999999,,PQ rate for MOB 15
NRP-S,202508,Coll_Interest,15,15,Manual,-0.0183,,PQ rate for MOB 15
NRP-S,202508,Coll_Principal,16,16,Manual,-0.0399,,PQ rate for MOB 16
NRP-S,202508,Coll_Interest,16,16,Manual,-0.0183,,PQ rate for MOB 16
NRP-S,202508,Coll_Principal,17,17,Manual,-0.0399,,PQ rate for MOB 17
NRP-S,202508,Coll_Interest,17,17,Manual,-0.0183,,PQ rate for MOB 17
NRP-S,202508,Coll_Principal,18,18,Manual,-0.0399,,PQ rate for MOB 18
NRP-S,202508,Coll_Interest,18,18,Manual,-0.0183,,PQ rate for MOB 18
NRP-S,202508,Coll_Principal,19,19,Manual,-0.0399,,PQ rate for MOB 19
NRP-S,202508,Coll_Interest,19,19,Manual,-0.0183,,PQ rate for MOB 19
NRP-S,202508,Coll_Principal,20,20,Manual,-0.0399,,PQ rate for MOB 20
NRP-S,202508,Coll_Interest,20,20,Manual,-0.0183,,PQ rate for MOB 20
NRP-S,202508,Coll_Principal,21,21,Manual,-0.0399,,PQ rate for MOB 21
NRP-S,202508,Coll_Interest,21,21,Manual,-0.0183,,PQ rate for MOB 21
NRP-S,202508,Coll_Principal,22,22,Manual,-0.0399,,PQ rate for MOB 22
NRP-S,202508,Coll_Interest,22,22,Manual,-0.0183,,PQ rate for MOB 22
NRP-S,202508,Coll_Principal,23,23,Manual,-0.0399,,PQ rate for MOB 23
NRP-S,202508,Coll_Interest,23,23,Manual,-0.0183,,PQ rate for MOB 23
NRP-S,202508,Coll_Principal,24,24,Manual,-0.0399,,PQ rate for MOB 24
NRP-S,202508,Coll_Interest,24,24,Manual,-0.0183,,PQ rate for MOB 24
NRP-S,202508,Coll_Principal,25,25,Manual,-0.0399,,PQ rate for MOB 25
NRP-S,202508,Coll_Interest,25,25,Manual,-0.0183,,PQ rate for MOB 25
NRP-S,202508,Coll_Principal,26,26,Manual,-0.0399,,PQ rate for MOB 26
NRP-S,202508,Coll_Interest,26,26,Manual,-0.0183,,PQ rate for MOB 26
NRP-S,202508,Coll_Principal,27,27,Manual,-0.0399,,PQ rate for MOB 27
NRP-S,202508,Coll_Interest,27,27,Manual,-0.0183,,PQ rate for MOB 27
NRP-S,202508,Coll_Principal,28,28,Manual,-0.0399,,PQ rate for MOB 28
NRP-S,202508,Coll_Interest,28,28,Manual,-0.0183,,PQ rate for MOB 28
NRP-S,202508,Coll_Principal,29,29,Manual,-0.0399,,PQ rate for MOB 29
NRP-S,202508,Coll_Interest,29,29,Manual,-0.0183,,PQ rate for MOB 29
NRP-S,202508,Coll_Principal,30,30,Manual,-0.0399,,PQ rate for MOB 30
NRP-S,202508,Coll_Interest,30,30,Manual,-0.0183,,PQ rate for MOB 30
NRP-S,202508,Coll_Principal,31,31,Manual,-0.0399,,PQ rate for MOB 31
NRP-S,202508,Coll_Interest,31,31,Manual,-0.0183,,PQ rate for MOB 31
NRP-S,202508,Coll_Principal,32,32,Manual,-0.0399,,PQ rate for MOB 32
NRP-S,202508,Coll_Interest,32,32,Manual,-0.0183,,PQ rate for MOB 32
NRP-S,202508,Coll_Principal,33,33,Manual,-0.0399,,PQ rate for MOB 33
NRP-S,202508,Coll_Interest,33,33,Manual,-0.0183,,PQ rate for MOB 33
PRIME,202508,Coll_Principal,2,2,Manual,-0.0076,,PQ rate for MOB 2
PRIME,202508,Coll_Interest,2,2,Manual,-0.0039,,PQ rate for MOB 2
PRIME,202508,Coll_Principal,3,3,Manual,-0.0076,,PQ rate for MOB 3
PRIME,202508,Coll_Interest,3,3,Manual,-0.0039,,PQ rate for MOB 3
PRIME,202508,Coll_Principal,4,4,Manual,-0.0076,,PQ rate for MOB 4
PRIME,202508,Coll_Interest,4,4,Manual,-0.0039,,PQ rate for MOB 4
PRIME,202508,Coll_Principal,5,5,Manual,-0.0076,,PQ rate for MOB 5
PRIME,202508,Coll_Interest,5,5,Manual,-0.0039,,PQ rate for MOB 5
PRIME,202508,Coll_Principal,6,6,Manual,-0.0076,,PQ rate for MOB 6
PRIME,202508,Coll_Interest,6,6,Manual,-0.0039,,PQ rate for MOB 6
PRIME,202508,Coll_Principal,7,7,Manual,-0.0076,,PQ rate for MOB 7
PRIME,202508,Coll_Interest,7,7,Manual,-0.0039,,PQ rate for MOB 7
PRIME,202508,Coll_Principal,8,8,Manual,-0.0076,,PQ rate for MOB 8
PRIME,202508,Coll_Interest,8,8,Manual,-0.0039,,PQ rate for MOB 8
PRIME,202508,Coll_Principal,9,9,Manual,-0.0076,,PQ rate for MOB 9
PRIME,202508,Coll_Interest,9,9,Manual,-0.0039,,PQ rate for MOB 9
PRIME,202508,Coll_Principal,10,10,Manual,-0.0076,,PQ rate for MOB 10
PRIME,202508,Coll_Interest,10,10,Manual,-0.0039,,PQ rate for MOB 10
PRIME,202508,Coll_Principal,11,11,Manual,-0.0076,,PQ rate for MOB 11
PRIME,202508,Coll_Interest,11,11,Manual,-0.0039,,PQ rate for MOB 11
PRIME,202508,Coll_Principal,12,12,Manual,-0.0076,,PQ rate for MOB 12
PRIME,202508,Coll_Interest,12,12,Manual,-0.0039,,PQ rate for MOB 12
PRIME,202508,Coll_Principal,13,13,Manual,-0.0076,,PQ rate for MOB 13
PRIME,202508,Coll_Interest,13,13,Manual,-0.0039,,PQ rate for MOB 13
PRIME,202508,Coll_Principal,14,14,Manual,-0.0076,,PQ rate for MOB 14
PRIME,202508,Coll_Interest,14,14,Manual,-0.0039,,PQ rate for MOB 14
PRIME,202508,Coll_Principal,15,15,Manual,-0.0076,,PQ rate for MOB 15
PRIME,202508,Coll_Interest,15,15,Manual,-0.0039,,PQ rate for MOB 15
PRIME,202508,Coll_Principal,16,16,Manual,-0.0076,,PQ rate for MOB 16
PRIME,202508,Coll_Interest,16,16,Manual,-0.0039,,PQ rate for MOB 16
PRIME,202508,Coll_Principal,17,17,Manual,-0.0076,,PQ rate for MOB 17
PRIME,202508,Coll_Interest,17,17,Manual,-0.0039,,PQ rate for MOB 17
PRIME,202508,Coll_Principal,18,18,Manual,-0.0076,,PQ rate for MOB 18
PRIME,202508,Coll_Interest,18,18,Manual,-0.0039,,PQ rate for MOB 18
PRIME,202508,Coll_Principal,19,19,Manual,-0.0076,,PQ rate for MOB 19
PRIME,202508,Coll_Interest,19,19,Manual,-0.0039,,PQ rate for MOB 19
PRIME,202508,Coll_Principal,20,20,Manual,-0.0076,,PQ rate for MOB 20
PRIME,202508,Coll_Interest,20,20,Manual,-0.0039,,PQ rate for MOB 20
PRIME,202508,Coll_Principal,21,21,Manual,-0.0076,,PQ rate for MOB 21
PRIME,202508,Coll_Interest,21,21,Manual,-0.0039,,PQ rate for MOB 21
PRIME,202508,Coll_Principal,22,22,Manual,-0.0076,,PQ rate for MOB 22
PRIME,202508,Coll_Interest,22,22,Manual,-0.0039,,PQ rate for MOB 22
PRIME,202508,Coll_Principal,23,23,Manual,-0.0076,,PQ rate for MOB 23
PRIME,202508,Coll_Interest,23,23,Manual,-0.0039,,PQ rate for MOB 23
PRIME,202508,Coll_Principal,24,24,Manual,-0.0076,,PQ rate for MOB 24
PRIME,202508,Coll_Interest,24,24,Manual,-0.0039,,PQ rate for MOB 24
PRIME,202508,Coll_Principal,25,25,Manual,-0.0076,,PQ rate for MOB 25
PRIME,202508,Coll_Interest,25,25,Manual,-0.0039,,PQ rate for MOB 25
PRIME,202508,Coll_Principal,26,26,Manual,-0.0076,,PQ rate for MOB 26
PRIME,202508,Coll_Interest,26,26,Manual,-0.0039,,PQ rate for MOB 26
PRIME,202508,Coll_Principal,27,27,Manual,-0.0076,,PQ rate for MOB 27
PRIME,202508,Coll_Interest,27,27,Manual,-0.0039,,PQ rate for MOB 27
PRIME,202508,Coll_Principal,28,28,Manual,-0.0076,,PQ rate for MOB 28
PRIME,202508,Coll_Interest,28,28,Manual,-0.0039,,PQ rate for MOB 28
PRIME,202508,Coll_Principal,29,29,Manual,-0.0076,,PQ rate for MOB 29
PRIME,202508,Coll_Interest,29,29,Manual,-0.0039,,PQ rate for MOB 29
PRIME,202508,Coll_Principal,30,30,Manual,-0.0076,,PQ rate for MOB 30
PRIME,202508,Coll_Interest,30,30,Manual,-0.0038999999999999,,PQ rate for MOB 30
PRIME,202508,Coll_Principal,31,31,Manual,-0.0076,,PQ rate for MOB 31
PRIME,202508,Coll_Interest,31,31,Manual,-0.0039,,PQ rate for MOB 31
PRIME,202508,Coll_Principal,32,32,Manual,-0.0076,,PQ rate for MOB 32
PRIME,202508,Coll_Interest,32,32,Manual,-0.0039,,PQ rate for MOB 32
PRIME,202508,Coll_Principal,33,33,Manual,-0.0076,,PQ rate for MOB 33
PRIME,202508,Coll_Interest,33,33,Manual,-0.0039,,PQ rate for MOB 33
NON PRIME,202509,Coll_Principal,1,1,Manual,-0.018,,PQ rate for MOB 1
NON PRIME,202509,Coll_Interest,1,1,Manual,-0.0037,,PQ rate for MOB 1
NON PRIME,202509,Coll_Principal,2,2,Manual,-0.018,,PQ rate for MOB 2
NON PRIME,202509,Coll_Interest,2,2,Manual,-0.0037,,PQ rate for MOB 2
NON PRIME,202509,Coll_Principal,3,3,Manual,-0.018,,PQ rate for MOB 3
NON PRIME,202509,Coll_Interest,3,3,Manual,-0.0037,,PQ rate for MOB 3
NON PRIME,202509,Coll_Principal,4,4,Manual,-0.018,,PQ rate for MOB 4
NON PRIME,202509,Coll_Interest,4,4,Manual,-0.0037,,PQ rate for MOB 4
NON PRIME,202509,Coll_Principal,5,5,Manual,-0.018,,PQ rate for MOB 5
NON PRIME,202509,Coll_Interest,5,5,Manual,-0.0037,,PQ rate for MOB 5
NON PRIME,202509,Coll_Principal,6,6,Manual,-0.018,,PQ rate for MOB 6
NON PRIME,202509,Coll_Interest,6,6,Manual,-0.0037,,PQ rate for MOB 6
NON PRIME,202509,Coll_Principal,7,7,Manual,-0.018,,PQ rate for MOB 7
NON PRIME,202509,Coll_Interest,7,7,Manual,-0.0037,,PQ rate for MOB 7
NON PRIME,202509,Coll_Principal,8,8,Manual,-0.018,,PQ rate for MOB 8
NON PRIME,202509,Coll_Interest,8,8,Manual,-0.0037,,PQ rate for MOB 8
NON PRIME,202509,Coll_Principal,9,9,Manual,-0.018,,PQ rate for MOB 9
NON PRIME,202509,Coll_Interest,9,9,Manual,-0.0037,,PQ rate for MOB 9
NON PRIME,202509,Coll_Principal,10,10,Manual,-0.018,,PQ rate for MOB 10
NON PRIME,202509,Coll_Interest,10,10,Manual,-0.0036999999999999,,PQ rate for MOB 10
NON PRIME,202509,Coll_Principal,11,11,Manual,-0.018,,PQ rate for MOB 11
NON PRIME,202509,Coll_Interest,11,11,Manual,-0.0037,,PQ rate for MOB 11
NON PRIME,202509,Coll_Principal,12,12,Manual,-0.018,,PQ rate for MOB 12
NON PRIME,202509,Coll_Interest,12,12,Manual,-0.0037,,PQ rate for MOB 12
NON PRIME,202509,Coll_Principal,13,13,Manual,-0.018,,PQ rate for MOB 13
NON PRIME,202509,Coll_Interest,13,13,Manual,-0.0037,,PQ rate for MOB 13
NON PRIME,202509,Coll_Principal,14,14,Manual,-0.018,,PQ rate for MOB 14
NON PRIME,202509,Coll_Interest,14,14,Manual,-0.0037,,PQ rate for MOB 14
NON PRIME,202509,Coll_Principal,15,15,Manual,-0.018,,PQ rate for MOB 15
NON PRIME,202509,Coll_Interest,15,15,Manual,-0.0037,,PQ rate for MOB 15
NON PRIME,202509,Coll_Principal,16,16,Manual,-0.018,,PQ rate for MOB 16
NON PRIME,202509,Coll_Interest,16,16,Manual,-0.0037,,PQ rate for MOB 16
NON PRIME,202509,Coll_Principal,17,17,Manual,-0.018,,PQ rate for MOB 17
NON PRIME,202509,Coll_Interest,17,17,Manual,-0.0037,,PQ rate for MOB 17
NON PRIME,202509,Coll_Principal,18,18,Manual,-0.018,,PQ rate for MOB 18
NON PRIME,202509,Coll_Interest,18,18,Manual,-0.0037,,PQ rate for MOB 18
NON PRIME,202509,Coll_Principal,19,19,Manual,-0.018,,PQ rate for MOB 19
NON PRIME,202509,Coll_Interest,19,19,Manual,-0.0037,,PQ rate for MOB 19
NON PRIME,202509,Coll_Principal,20,20,Manual,-0.018,,PQ rate for MOB 20
NON PRIME,202509,Coll_Interest,20,20,Manual,-0.0037,,PQ rate for MOB 20
NON PRIME,202509,Coll_Principal,21,21,Manual,-0.018,,PQ rate for MOB 21
NON PRIME,202509,Coll_Interest,21,21,Manual,-0.0037,,PQ rate for MOB 21
NON PRIME,202509,Coll_Principal,22,22,Manual,-0.018,,PQ rate for MOB 22
NON PRIME,202509,Coll_Interest,22,22,Manual,-0.0037,,PQ rate for MOB 22
NON PRIME,202509,Coll_Principal,23,23,Manual,-0.018,,PQ rate for MOB 23
NON PRIME,202509,Coll_Interest,23,23,Manual,-0.0037,,PQ rate for MOB 23
NON PRIME,202509,Coll_Principal,24,24,Manual,-0.018,,PQ rate for MOB 24
NON PRIME,202509,Coll_Interest,24,24,Manual,-0.0037,,PQ rate for MOB 24
NON PRIME,202509,Coll_Principal,25,25,Manual,-0.018,,PQ rate for MOB 25
NON PRIME,202509,Coll_Interest,25,25,Manual,-0.0037,,PQ rate for MOB 25
NON PRIME,202509,Coll_Principal,26,26,Manual,-0.018,,PQ rate for MOB 26
NON PRIME,202509,Coll_Interest,26,26,Manual,-0.0037,,PQ rate for MOB 26
NON PRIME,202509,Coll_Principal,27,27,Manual,-0.018,,PQ rate for MOB 27
NON PRIME,202509,Coll_Interest,27,27,Manual,-0.0037,,PQ rate for MOB 27
NON PRIME,202509,Coll_Principal,28,28,Manual,-0.018,,PQ rate for MOB 28
NON PRIME,202509,Coll_Interest,28,28,Manual,-0.0037,,PQ rate for MOB 28
NON PRIME,202509,Coll_Principal,29,29,Manual,-0.018,,PQ rate for MOB 29
NON PRIME,202509,Coll_Interest,29,29,Manual,-0.0036999999999999,,PQ rate for MOB 29
NON PRIME,202509,Coll_Principal,30,30,Manual,-0.018,,PQ rate for MOB 30
NON PRIME,202509,Coll_Interest,30,30,Manual,-0.0037,,PQ rate for MOB 30
NON PRIME,202509,Coll_Principal,31,31,Manual,-0.018,,PQ rate for MOB 31
NON PRIME,202509,Coll_Interest,31,31,Manual,-0.0036999999999999,,PQ rate for MOB 31
NON PRIME,202509,Coll_Principal,32,32,Manual,-0.018,,PQ rate for MOB 32
NON PRIME,202509,Coll_Interest,32,32,Manual,-0.0036999999999999,,PQ rate for MOB 32
NRP-L,202509,Coll_Principal,1,1,Manual,-0.0195,,PQ rate for MOB 1
NRP-L,202509,Coll_Interest,1,1,Manual,-0.009,,PQ rate for MOB 1
NRP-L,202509,Coll_Principal,2,2,Manual,-0.0195,,PQ rate for MOB 2
NRP-L,202509,Coll_Interest,2,2,Manual,-0.009,,PQ rate for MOB 2
NRP-L,202509,Coll_Principal,3,3,Manual,-0.0195,,PQ rate for MOB 3
NRP-L,202509,Coll_Interest,3,3,Manual,-0.009,,PQ rate for MOB 3
NRP-L,202509,Coll_Principal,4,4,Manual,-0.0195,,PQ rate for MOB 4
NRP-L,202509,Coll_Interest,4,4,Manual,-0.009,,PQ rate for MOB 4
NRP-L,202509,Coll_Principal,5,5,Manual,-0.0195,,PQ rate for MOB 5
NRP-L,202509,Coll_Interest,5,5,Manual,-0.009,,PQ rate for MOB 5
NRP-L,202509,Coll_Principal,6,6,Manual,-0.0195,,PQ rate for MOB 6
NRP-L,202509,Coll_Interest,6,6,Manual,-0.0089999999999999,,PQ rate for MOB 6
NRP-L,202509,Coll_Principal,7,7,Manual,-0.0195,,PQ rate for MOB 7
NRP-L,202509,Coll_Interest,7,7,Manual,-0.009,,PQ rate for MOB 7
NRP-L,202509,Coll_Principal,8,8,Manual,-0.0195,,PQ rate for MOB 8
NRP-L,202509,Coll_Interest,8,8,Manual,-0.009,,PQ rate for MOB 8
NRP-L,202509,Coll_Principal,9,9,Manual,-0.0195,,PQ rate for MOB 9
NRP-L,202509,Coll_Interest,9,9,Manual,-0.009,,PQ rate for MOB 9
NRP-L,202509,Coll_Principal,10,10,Manual,-0.0195,,PQ rate for MOB 10
NRP-L,202509,Coll_Interest,10,10,Manual,-0.009,,PQ rate for MOB 10
NRP-L,202509,Coll_Principal,11,11,Manual,-0.0195,,PQ rate for MOB 11
NRP-L,202509,Coll_Interest,11,11,Manual,-0.009,,PQ rate for MOB 11
NRP-L,202509,Coll_Principal,12,12,Manual,-0.0195,,PQ rate for MOB 12
NRP-L,202509,Coll_Interest,12,12,Manual,-0.009,,PQ rate for MOB 12
NRP-L,202509,Coll_Principal,13,13,Manual,-0.0195,,PQ rate for MOB 13
NRP-L,202509,Coll_Interest,13,13,Manual,-0.009,,PQ rate for MOB 13
NRP-L,202509,Coll_Principal,14,14,Manual,-0.0195,,PQ rate for MOB 14
NRP-L,202509,Coll_Interest,14,14,Manual,-0.009,,PQ rate for MOB 14
NRP-L,202509,Coll_Principal,15,15,Manual,-0.0195,,PQ rate for MOB 15
NRP-L,202509,Coll_Interest,15,15,Manual,-0.009,,PQ rate for MOB 15
NRP-L,202509,Coll_Principal,16,16,Manual,-0.0195,,PQ rate for MOB 16
NRP-L,202509,Coll_Interest,16,16,Manual,-0.009,,PQ rate for MOB 16
NRP-L,202509,Coll_Principal,17,17,Manual,-0.0195,,PQ rate for MOB 17
NRP-L,202509,Coll_Interest,17,17,Manual,-0.009,,PQ rate for MOB 17
NRP-L,202509,Coll_Principal,18,18,Manual,-0.0195,,PQ rate for MOB 18
NRP-L,202509,Coll_Interest,18,18,Manual,-0.009,,PQ rate for MOB 18
NRP-L,202509,Coll_Principal,19,19,Manual,-0.0195,,PQ rate for MOB 19
NRP-L,202509,Coll_Interest,19,19,Manual,-0.009,,PQ rate for MOB 19
NRP-L,202509,Coll_Principal,20,20,Manual,-0.0195,,PQ rate for MOB 20
NRP-L,202509,Coll_Interest,20,20,Manual,-0.009,,PQ rate for MOB 20
NRP-L,202509,Coll_Principal,21,21,Manual,-0.0195,,PQ rate for MOB 21
NRP-L,202509,Coll_Interest,21,21,Manual,-0.009,,PQ rate for MOB 21
NRP-L,202509,Coll_Principal,22,22,Manual,-0.0195,,PQ rate for MOB 22
NRP-L,202509,Coll_Interest,22,22,Manual,-0.009,,PQ rate for MOB 22
NRP-L,202509,Coll_Principal,23,23,Manual,-0.0195,,PQ rate for MOB 23
NRP-L,202509,Coll_Interest,23,23,Manual,-0.009,,PQ rate for MOB 23
NRP-L,202509,Coll_Principal,24,24,Manual,-0.0195,,PQ rate for MOB 24
NRP-L,202509,Coll_Interest,24,24,Manual,-0.009,,PQ rate for MOB 24
NRP-L,202509,Coll_Principal,25,25,Manual,-0.0195,,PQ rate for MOB 25
NRP-L,202509,Coll_Interest,25,25,Manual,-0.009,,PQ rate for MOB 25
NRP-L,202509,Coll_Principal,26,26,Manual,-0.0195,,PQ rate for MOB 26
NRP-L,202509,Coll_Interest,26,26,Manual,-0.009,,PQ rate for MOB 26
NRP-L,202509,Coll_Principal,27,27,Manual,-0.0195,,PQ rate for MOB 27
NRP-L,202509,Coll_Interest,27,27,Manual,-0.009,,PQ rate for MOB 27
NRP-L,202509,Coll_Principal,28,28,Manual,-0.0195,,PQ rate for MOB 28
NRP-L,202509,Coll_Interest,28,28,Manual,-0.009,,PQ rate for MOB 28
NRP-L,202509,Coll_Principal,29,29,Manual,-0.0195,,PQ rate for MOB 29
NRP-L,202509,Coll_Interest,29,29,Manual,-0.009,,PQ rate for MOB 29
NRP-L,202509,Coll_Principal,30,30,Manual,-0.0195,,PQ rate for MOB 30
NRP-L,202509,Coll_Interest,30,30,Manual,-0.009,,PQ rate for MOB 30
NRP-L,202509,Coll_Principal,31,31,Manual,-0.0195,,PQ rate for MOB 31
NRP-L,202509,Coll_Interest,31,31,Manual,-0.009,,PQ rate for MOB 31
NRP-L,202509,Coll_Principal,32,32,Manual,-0.0195,,PQ rate for MOB 32
NRP-L,202509,Coll_Interest,32,32,Manual,-0.009,,PQ rate for MOB 32
NRP-M,202509,Coll_Principal,1,1,Manual,-0.0129,,PQ rate for MOB 1
NRP-M,202509,Coll_Interest,1,1,Manual,-0.0016,,PQ rate for MOB 1
NRP-M,202509,Coll_Principal,2,2,Manual,-0.0129,,PQ rate for MOB 2
NRP-M,202509,Coll_Interest,2,2,Manual,-0.0016,,PQ rate for MOB 2
NRP-M,202509,Coll_Principal,3,3,Manual,-0.0129,,PQ rate for MOB 3
NRP-M,202509,Coll_Interest,3,3,Manual,-0.0016,,PQ rate for MOB 3
NRP-M,202509,Coll_Principal,4,4,Manual,-0.0129,,PQ rate for MOB 4
NRP-M,202509,Coll_Interest,4,4,Manual,-0.0016,,PQ rate for MOB 4
NRP-M,202509,Coll_Principal,5,5,Manual,-0.0129,,PQ rate for MOB 5
NRP-M,202509,Coll_Interest,5,5,Manual,-0.0016,,PQ rate for MOB 5
NRP-M,202509,Coll_Principal,6,6,Manual,-0.0129,,PQ rate for MOB 6
NRP-M,202509,Coll_Interest,6,6,Manual,-0.0016,,PQ rate for MOB 6
NRP-M,202509,Coll_Principal,7,7,Manual,-0.0129,,PQ rate for MOB 7
NRP-M,202509,Coll_Interest,7,7,Manual,-0.0016,,PQ rate for MOB 7
NRP-M,202509,Coll_Principal,8,8,Manual,-0.0129,,PQ rate for MOB 8
NRP-M,202509,Coll_Interest,8,8,Manual,-0.0016,,PQ rate for MOB 8
NRP-M,202509,Coll_Principal,9,9,Manual,-0.0129,,PQ rate for MOB 9
NRP-M,202509,Coll_Interest,9,9,Manual,-0.0016,,PQ rate for MOB 9
NRP-M,202509,Coll_Principal,10,10,Manual,-0.0129,,PQ rate for MOB 10
NRP-M,202509,Coll_Interest,10,10,Manual,-0.0016,,PQ rate for MOB 10
NRP-M,202509,Coll_Principal,11,11,Manual,-0.0129,,PQ rate for MOB 11
NRP-M,202509,Coll_Interest,11,11,Manual,-0.0016,,PQ rate for MOB 11
NRP-M,202509,Coll_Principal,12,12,Manual,-0.0129,,PQ rate for MOB 12
NRP-M,202509,Coll_Interest,12,12,Manual,-0.0016,,PQ rate for MOB 12
NRP-M,202509,Coll_Principal,13,13,Manual,-0.0129,,PQ rate for MOB 13
NRP-M,202509,Coll_Interest,13,13,Manual,-0.0016,,PQ rate for MOB 13
NRP-M,202509,Coll_Principal,14,14,Manual,-0.0129,,PQ rate for MOB 14
NRP-M,202509,Coll_Interest,14,14,Manual,-0.0016,,PQ rate for MOB 14
NRP-M,202509,Coll_Principal,15,15,Manual,-0.0129,,PQ rate for MOB 15
NRP-M,202509,Coll_Interest,15,15,Manual,-0.0016,,PQ rate for MOB 15
NRP-M,202509,Coll_Principal,16,16,Manual,-0.0129,,PQ rate for MOB 16
NRP-M,202509,Coll_Interest,16,16,Manual,-0.0016,,PQ rate for MOB 16
NRP-M,202509,Coll_Principal,17,17,Manual,-0.0129,,PQ rate for MOB 17
NRP-M,202509,Coll_Interest,17,17,Manual,-0.0016,,PQ rate for MOB 17
NRP-M,202509,Coll_Principal,18,18,Manual,-0.0129,,PQ rate for MOB 18
NRP-M,202509,Coll_Interest,18,18,Manual,-0.0016,,PQ rate for MOB 18
NRP-M,202509,Coll_Principal,19,19,Manual,-0.0129,,PQ rate for MOB 19
NRP-M,202509,Coll_Interest,19,19,Manual,-0.0016,,PQ rate for MOB 19
NRP-M,202509,Coll_Principal,20,20,Manual,-0.0129,,PQ rate for MOB 20
NRP-M,202509,Coll_Interest,20,20,Manual,-0.0016,,PQ rate for MOB 20
NRP-M,202509,Coll_Principal,21,21,Manual,-0.0129,,PQ rate for MOB 21
NRP-M,202509,Coll_Interest,21,21,Manual,-0.0016,,PQ rate for MOB 21
NRP-M,202509,Coll_Principal,22,22,Manual,-0.0129,,PQ rate for MOB 22
NRP-M,202509,Coll_Interest,22,22,Manual,-0.0016,,PQ rate for MOB 22
NRP-M,202509,Coll_Principal,23,23,Manual,-0.0129,,PQ rate for MOB 23
NRP-M,202509,Coll_Interest,23,23,Manual,-0.0016,,PQ rate for MOB 23
NRP-M,202509,Coll_Principal,24,24,Manual,-0.0129,,PQ rate for MOB 24
NRP-M,202509,Coll_Interest,24,24,Manual,-0.0016,,PQ rate for MOB 24
NRP-M,202509,Coll_Principal,25,25,Manual,-0.0129,,PQ rate for MOB 25
NRP-M,202509,Coll_Interest,25,25,Manual,-0.0016,,PQ rate for MOB 25
NRP-M,202509,Coll_Principal,26,26,Manual,-0.0129,,PQ rate for MOB 26
NRP-M,202509,Coll_Interest,26,26,Manual,-0.0016,,PQ rate for MOB 26
NRP-M,202509,Coll_Principal,27,27,Manual,-0.0129,,PQ rate for MOB 27
NRP-M,202509,Coll_Interest,27,27,Manual,-0.0016,,PQ rate for MOB 27
NRP-M,202509,Coll_Principal,28,28,Manual,-0.0129,,PQ rate for MOB 28
NRP-M,202509,Coll_Interest,28,28,Manual,-0.0016,,PQ rate for MOB 28
NRP-M,202509,Coll_Principal,29,29,Manual,-0.0129,,PQ rate for MOB 29
NRP-M,202509,Coll_Interest,29,29,Manual,-0.0016,,PQ rate for MOB 29
NRP-M,202509,Coll_Principal,30,30,Manual,-0.0129,,PQ rate for MOB 30
NRP-M,202509,Coll_Interest,30,30,Manual,-0.0016,,PQ rate for MOB 30
NRP-M,202509,Coll_Principal,31,31,Manual,-0.0129,,PQ rate for MOB 31
NRP-M,202509,Coll_Interest,31,31,Manual,-0.0016,,PQ rate for MOB 31
NRP-M,202509,Coll_Principal,32,32,Manual,-0.0129,,PQ rate for MOB 32
NRP-M,202509,Coll_Interest,32,32,Manual,-0.0016,,PQ rate for MOB 32
NRP-S,202509,Coll_Principal,1,1,Manual,-0.0168,,PQ rate for MOB 1
NRP-S,202509,Coll_Interest,1,1,Manual,-0.0025,,PQ rate for MOB 1
NRP-S,202509,Coll_Principal,2,2,Manual,-0.0168,,PQ rate for MOB 2
NRP-S,202509,Coll_Interest,2,2,Manual,-0.0025,,PQ rate for MOB 2
NRP-S,202509,Coll_Principal,3,3,Manual,-0.0168,,PQ rate for MOB 3
NRP-S,202509,Coll_Interest,3,3,Manual,-0.0025,,PQ rate for MOB 3
NRP-S,202509,Coll_Principal,4,4,Manual,-0.0168,,PQ rate for MOB 4
NRP-S,202509,Coll_Interest,4,4,Manual,-0.0025,,PQ rate for MOB 4
NRP-S,202509,Coll_Principal,5,5,Manual,-0.0168,,PQ rate for MOB 5
NRP-S,202509,Coll_Interest,5,5,Manual,-0.0025,,PQ rate for MOB 5
NRP-S,202509,Coll_Principal,6,6,Manual,-0.0168,,PQ rate for MOB 6
NRP-S,202509,Coll_Interest,6,6,Manual,-0.0025,,PQ rate for MOB 6
NRP-S,202509,Coll_Principal,7,7,Manual,-0.0168,,PQ rate for MOB 7
NRP-S,202509,Coll_Interest,7,7,Manual,-0.0025,,PQ rate for MOB 7
NRP-S,202509,Coll_Principal,8,8,Manual,-0.0168,,PQ rate for MOB 8
NRP-S,202509,Coll_Interest,8,8,Manual,-0.0025,,PQ rate for MOB 8
NRP-S,202509,Coll_Principal,9,9,Manual,-0.0168,,PQ rate for MOB 9
NRP-S,202509,Coll_Interest,9,9,Manual,-0.0025,,PQ rate for MOB 9
NRP-S,202509,Coll_Principal,10,10,Manual,-0.0168,,PQ rate for MOB 10
NRP-S,202509,Coll_Interest,10,10,Manual,-0.0025,,PQ rate for MOB 10
NRP-S,202509,Coll_Principal,11,11,Manual,-0.0168,,PQ rate for MOB 11
NRP-S,202509,Coll_Interest,11,11,Manual,-0.0024999999999999,,PQ rate for MOB 11
NRP-S,202509,Coll_Principal,12,12,Manual,-0.0168,,PQ rate for MOB 12
NRP-S,202509,Coll_Interest,12,12,Manual,-0.0025,,PQ rate for MOB 12
NRP-S,202509,Coll_Principal,13,13,Manual,-0.0168,,PQ rate for MOB 13
NRP-S,202509,Coll_Interest,13,13,Manual,-0.0025,,PQ rate for MOB 13
NRP-S,202509,Coll_Principal,14,14,Manual,-0.0168,,PQ rate for MOB 14
NRP-S,202509,Coll_Interest,14,14,Manual,-0.0025,,PQ rate for MOB 14
NRP-S,202509,Coll_Principal,15,15,Manual,-0.0168,,PQ rate for MOB 15
NRP-S,202509,Coll_Interest,15,15,Manual,-0.0025,,PQ rate for MOB 15
NRP-S,202509,Coll_Principal,16,16,Manual,-0.0168,,PQ rate for MOB 16
NRP-S,202509,Coll_Interest,16,16,Manual,-0.0025,,PQ rate for MOB 16
NRP-S,202509,Coll_Principal,17,17,Manual,-0.0168,,PQ rate for MOB 17
NRP-S,202509,Coll_Interest,17,17,Manual,-0.0025,,PQ rate for MOB 17
NRP-S,202509,Coll_Principal,18,18,Manual,-0.0168,,PQ rate for MOB 18
NRP-S,202509,Coll_Interest,18,18,Manual,-0.0025,,PQ rate for MOB 18
NRP-S,202509,Coll_Principal,19,19,Manual,-0.0168,,PQ rate for MOB 19
NRP-S,202509,Coll_Interest,19,19,Manual,-0.0025,,PQ rate for MOB 19
NRP-S,202509,Coll_Principal,20,20,Manual,-0.0168,,PQ rate for MOB 20
NRP-S,202509,Coll_Interest,20,20,Manual,-0.0025,,PQ rate for MOB 20
NRP-S,202509,Coll_Principal,21,21,Manual,-0.0168,,PQ rate for MOB 21
NRP-S,202509,Coll_Interest,21,21,Manual,-0.0025,,PQ rate for MOB 21
NRP-S,202509,Coll_Principal,22,22,Manual,-0.0168,,PQ rate for MOB 22
NRP-S,202509,Coll_Interest,22,22,Manual,-0.0025,,PQ rate for MOB 22
NRP-S,202509,Coll_Principal,23,23,Manual,-0.0168,,PQ rate for MOB 23
NRP-S,202509,Coll_Interest,23,23,Manual,-0.0025,,PQ rate for MOB 23
NRP-S,202509,Coll_Principal,24,24,Manual,-0.0168,,PQ rate for MOB 24
NRP-S,202509,Coll_Interest,24,24,Manual,-0.0025,,PQ rate for MOB 24
NRP-S,202509,Coll_Principal,25,25,Manual,-0.0168,,PQ rate for MOB 25
NRP-S,202509,Coll_Interest,25,25,Manual,-0.0025,,PQ rate for MOB 25
NRP-S,202509,Coll_Principal,26,26,Manual,-0.0168,,PQ rate for MOB 26
NRP-S,202509,Coll_Interest,26,26,Manual,-0.0025,,PQ rate for MOB 26
NRP-S,202509,Coll_Principal,27,27,Manual,-0.0168,,PQ rate for MOB 27
NRP-S,202509,Coll_Interest,27,27,Manual,-0.0025,,PQ rate for MOB 27
NRP-S,202509,Coll_Principal,28,28,Manual,-0.0168,,PQ rate for MOB 28
NRP-S,202509,Coll_Interest,28,28,Manual,-0.0025,,PQ rate for MOB 28
NRP-S,202509,Coll_Principal,29,29,Manual,-0.0168,,PQ rate for MOB 29
NRP-S,202509,Coll_Interest,29,29,Manual,-0.0024999999999999,,PQ rate for MOB 29
NRP-S,202509,Coll_Principal,30,30,Manual,-0.0168,,PQ rate for MOB 30
NRP-S,202509,Coll_Interest,30,30,Manual,-0.0025,,PQ rate for MOB 30
NRP-S,202509,Coll_Principal,31,31,Manual,-0.0168,,PQ rate for MOB 31
NRP-S,202509,Coll_Interest,31,31,Manual,-0.0025,,PQ rate for MOB 31
NRP-S,202509,Coll_Principal,32,32,Manual,-0.0168,,PQ rate for MOB 32
NRP-S,202509,Coll_Interest,32,32,Manual,-0.0025,,PQ rate for MOB 32
PRIME,202509,Coll_Principal,1,1,Manual,-0.0075,,PQ rate for MOB 1
PRIME,202509,Coll_Interest,1,1,Manual,-0.0044,,PQ rate for MOB 1
PRIME,202509,Coll_Principal,2,2,Manual,-0.0075,,PQ rate for MOB 2
PRIME,202509,Coll_Interest,2,2,Manual,-0.0044,,PQ rate for MOB 2
PRIME,202509,Coll_Principal,3,3,Manual,-0.0075,,PQ rate for MOB 3
PRIME,202509,Coll_Interest,3,3,Manual,-0.0044,,PQ rate for MOB 3
PRIME,202509,Coll_Principal,4,4,Manual,-0.0075,,PQ rate for MOB 4
PRIME,202509,Coll_Interest,4,4,Manual,-0.0044,,PQ rate for MOB 4
PRIME,202509,Coll_Principal,5,5,Manual,-0.0075,,PQ rate for MOB 5
PRIME,202509,Coll_Interest,5,5,Manual,-0.0044,,PQ rate for MOB 5
PRIME,202509,Coll_Principal,6,6,Manual,-0.0074999999999999,,PQ rate for MOB 6
PRIME,202509,Coll_Interest,6,6,Manual,-0.0044,,PQ rate for MOB 6
PRIME,202509,Coll_Principal,7,7,Manual,-0.0075,,PQ rate for MOB 7
PRIME,202509,Coll_Interest,7,7,Manual,-0.0044,,PQ rate for MOB 7
PRIME,202509,Coll_Principal,8,8,Manual,-0.0075,,PQ rate for MOB 8
PRIME,202509,Coll_Interest,8,8,Manual,-0.0044,,PQ rate for MOB 8
PRIME,202509,Coll_Principal,9,9,Manual,-0.0075,,PQ rate for MOB 9
PRIME,202509,Coll_Interest,9,9,Manual,-0.0044,,PQ rate for MOB 9
PRIME,202509,Coll_Principal,10,10,Manual,-0.0075,,PQ rate for MOB 10
PRIME,202509,Coll_Interest,10,10,Manual,-0.0044,,PQ rate for MOB 10
PRIME,202509,Coll_Principal,11,11,Manual,-0.0075,,PQ rate for MOB 11
PRIME,202509,Coll_Interest,11,11,Manual,-0.0044,,PQ rate for MOB 11
PRIME,202509,Coll_Principal,12,12,Manual,-0.0074999999999999,,PQ rate for MOB 12
PRIME,202509,Coll_Interest,12,12,Manual,-0.0044,,PQ rate for MOB 12
PRIME,202509,Coll_Principal,13,13,Manual,-0.0074999999999999,,PQ rate for MOB 13
PRIME,202509,Coll_Interest,13,13,Manual,-0.0044,,PQ rate for MOB 13
PRIME,202509,Coll_Principal,14,14,Manual,-0.0074999999999999,,PQ rate for MOB 14
PRIME,202509,Coll_Interest,14,14,Manual,-0.0044,,PQ rate for MOB 14
PRIME,202509,Coll_Principal,15,15,Manual,-0.0075,,PQ rate for MOB 15
PRIME,202509,Coll_Interest,15,15,Manual,-0.0044,,PQ rate for MOB 15
PRIME,202509,Coll_Principal,16,16,Manual,-0.0075,,PQ rate for MOB 16
PRIME,202509,Coll_Interest,16,16,Manual,-0.0044,,PQ rate for MOB 16
PRIME,202509,Coll_Principal,17,17,Manual,-0.0075,,PQ rate for MOB 17
PRIME,202509,Coll_Interest,17,17,Manual,-0.0044,,PQ rate for MOB 17
PRIME,202509,Coll_Principal,18,18,Manual,-0.0075,,PQ rate for MOB 18
PRIME,202509,Coll_Interest,18,18,Manual,-0.0044,,PQ rate for MOB 18
PRIME,202509,Coll_Principal,19,19,Manual,-0.0075,,PQ rate for MOB 19
PRIME,202509,Coll_Interest,19,19,Manual,-0.0044,,PQ rate for MOB 19
PRIME,202509,Coll_Principal,20,20,Manual,-0.0075,,PQ rate for MOB 20
PRIME,202509,Coll_Interest,20,20,Manual,-0.0044,,PQ rate for MOB 20
PRIME,202509,Coll_Principal,21,21,Manual,-0.0075,,PQ rate for MOB 21
PRIME,202509,Coll_Interest,21,21,Manual,-0.0044,,PQ rate for MOB 21
PRIME,202509,Coll_Principal,22,22,Manual,-0.0075,,PQ rate for MOB 22
PRIME,202509,Coll_Interest,22,22,Manual,-0.0044,,PQ rate for MOB 22
PRIME,202509,Coll_Principal,23,23,Manual,-0.0075,,PQ rate for MOB 23
PRIME,202509,Coll_Interest,23,23,Manual,-0.0044,,PQ rate for MOB 23
PRIME,202509,Coll_Principal,24,24,Manual,-0.0075,,PQ rate for MOB 24
PRIME,202509,Coll_Interest,24,24,Manual,-0.0044,,PQ rate for MOB 24
PRIME,202509,Coll_Principal,25,25,Manual,-0.0075,,PQ rate for MOB 25
PRIME,202509,Coll_Interest,25,25,Manual,-0.0044,,PQ rate for MOB 25
PRIME,202509,Coll_Principal,26,26,Manual,-0.0075,,PQ rate for MOB 26
PRIME,202509,Coll_Interest,26,26,Manual,-0.0044,,PQ rate for MOB 26
PRIME,202509,Coll_Principal,27,27,Manual,-0.0075,,PQ rate for MOB 27
PRIME,202509,Coll_Interest,27,27,Manual,-0.0044,,PQ rate for MOB 27
PRIME,202509,Coll_Principal,28,28,Manual,-0.0074999999999999,,PQ rate for MOB 28
PRIME,202509,Coll_Interest,28,28,Manual,-0.0044,,PQ rate for MOB 28
PRIME,202509,Coll_Principal,29,29,Manual,-0.0075,,PQ rate for MOB 29
PRIME,202509,Coll_Interest,29,29,Manual,-0.0044,,PQ rate for MOB 29
PRIME,202509,Coll_Principal,30,30,Manual,-0.0074999999999999,,PQ rate for MOB 30
PRIME,202509,Coll_Interest,30,30,Manual,-0.0044,,PQ rate for MOB 30
PRIME,202509,Coll_Principal,31,31,Manual,-0.0075,,PQ rate for MOB 31
PRIME,202509,Coll_Interest,31,31,Manual,-0.0044,,PQ rate for MOB 31
PRIME,202509,Coll_Principal,32,32,Manual,-0.0075,,PQ rate for MOB 32
PRIME,202509,Coll_Interest,32,32,Manual,-0.0044,,PQ rate for MOB 32
NON PRIME,ALL,Debt_Sale_Coverage_Ratio,0,999,Manual,0.785,,DS coverage
NRP-L,ALL,Debt_Sale_Coverage_Ratio,0,999,Manual,0.785,,DS coverage
NRP-M,ALL,Debt_Sale_Coverage_Ratio,0,999,Manual,0.785,,DS coverage
NRP-S,ALL,Debt_Sale_Coverage_Ratio,0,999,Manual,0.785,,DS coverage
PRIME,ALL,Debt_Sale_Coverage_Ratio,0,999,Manual,0.785,,DS coverage
NON PRIME,ALL,Debt_Sale_Proceeds_Rate,0,999,Manual,0.24,,Proceeds 24p
NRP-L,ALL,Debt_Sale_Proceeds_Rate,0,999,Manual,0.24,,Proceeds 24p
NRP-M,ALL,Debt_Sale_Proceeds_Rate,0,999,Manual,0.24,,Proceeds 24p
NRP-S,ALL,Debt_Sale_Proceeds_Rate,0,999,Manual,0.24,,Proceeds 24p
PRIME,ALL,Debt_Sale_Proceeds_Rate,0,999,Manual,0.24,,Proceeds 24p
ALL,202505,InterestRevenue,0,999,CohortAvg,,,Original budget rate
ALL,202506,InterestRevenue,0,999,CohortAvg,,,Original budget rate
ALL,ALL,InterestRevenue,0,999,CohortTrend,,,Original budget rate
NON PRIME,202507,InterestRevenue,0,999,Manual,0.4534,,Original budget rate
NON PRIME,202508,InterestRevenue,0,999,Manual,0.4552,,Original budget rate
NON PRIME,202509,InterestRevenue,0,999,Manual,0.4552,,Original budget rate
NRP-L,202507,InterestRevenue,0,999,Manual,0.2022,,Original budget rate
NRP-L,202508,InterestRevenue,0,999,Manual,0.1838,,Original budget rate
NRP-L,202509,InterestRevenue,0,999,Manual,0.1838,,Original budget rate
NRP-M,202507,InterestRevenue,0,999,Manual,0.1867,,Original budget rate
NRP-M,202508,InterestRevenue,0,999,Manual,0.189,,Original budget rate
NRP-M,202509,InterestRevenue,0,999,Manual,0.189,,Original budget rate
NRP-S,202507,InterestRevenue,0,999,Manual,0.2548,,Original budget rate
NRP-S,202508,InterestRevenue,0,999,Manual,0.2461,,Original budget rate
NRP-S,202509,InterestRevenue,0,999,Manual,0.2461,,Original budget rate
PRIME,202507,InterestRevenue,0,999,Manual,0.1356,,Original budget rate
PRIME,202508,InterestRevenue,0,999,Manual,0.1349,,Original budget rate
PRIME,202509,InterestRevenue,0,999,Manual,0.1349,,Original budget rate
NON PRIME,201912,Total_Coverage_Ratio,0,999,CohortAvg,6.0,,average looks sensible for mature cohorts
NON PRIME,202001,Total_Coverage_Ratio,0,999,CohortAvg,6.0,,average looks sensible for mature cohorts
NON PRIME,202101,Total_Coverage_Ratio,0,999,CohortAvg,6.0,,average looks sensible for mature cohorts
NON PRIME,202201,Total_Coverage_Ratio,0,999,SegMedian,,,CHANGED from DonorCohort to SegMedian for lower impairment
NON PRIME,202301,Total_Coverage_Ratio,0,999,SegMedian,,,CHANGED from DonorCohort to SegMedian for lower impairment
NON PRIME,202404,Total_Coverage_Ratio,0,999,SegMedian,,,CHANGED from DonorCohort to SegMedian for lower impairment
NON PRIME,202405,Total_Coverage_Ratio,0,999,SegMedian,,,CHANGED from DonorCohort to SegMedian for lower impairment
NON PRIME,202406,Total_Coverage_Ratio,0,999,SegMedian,,,CHANGED from DonorCohort to SegMedian for lower impairment
NON PRIME,202407,Total_Coverage_Ratio,0,999,SegMedian,,,CHANGED from DonorCohort to SegMedian for lower impairment
NON PRIME,202408,Total_Coverage_Ratio,0,999,SegMedian,,,CHANGED from DonorCohort to SegMedian for lower impairment
NON PRIME,202409,Total_Coverage_Ratio,0,999,SegMedian,,,CHANGED from DonorCohort to SegMedian for lower impairment
NON PRIME,202410,Total_Coverage_Ratio,0,999,SegMedian,,,CHANGED from DonorCohort to SegMedian for lower impairment
NON PRIME,202411,Total_Coverage_Ratio,0,999,SegMedian,,,CHANGED from DonorCohort to SegMedian for lower impairment
NON PRIME,202412,Total_Coverage_Ratio,0,999,SegMedian,,,CHANGED from DonorCohort to SegMedian for lower impairment
NON PRIME,202501,Total_Coverage_Ratio,0,999,SegMedian,,,CHANGED from DonorCohort to SegMedian for lower impairment
NON PRIME,202502,Total_Coverage_Ratio,0,999,SegMedian,,,CHANGED from DonorCohort to SegMedian for lower impairment
NON PRIME,202503,Total_Coverage_Ratio,0,999,SegMedian,,,CHANGED from DonorCohort to SegMedian for lower impairment
NON PRIME,202504,Total_Coverage_Ratio,0,999,SegMedian,,,CHANGED from DonorCohort to SegMedian for lower impairment
NON PRIME,202505,Total_Coverage_Ratio,0,999,SegMedian,,,CHANGED from DonorCohort to SegMedian for lower impairment
NON PRIME,202506,Total_Coverage_Ratio,0,999,SegMedian,,,CHANGED from DonorCohort to SegMedian for lower impairment
NON PRIME,202507,Total_Coverage_Ratio,0,999,SegMedian,,,CHANGED from DonorCohort to SegMedian for lower impairment
NON PRIME,202508,Total_Coverage_Ratio,0,999,SegMedian,,,CHANGED from DonorCohort to SegMedian for lower impairment
NON PRIME,202509,Total_Coverage_Ratio,0,999,SegMedian,,,CHANGED from DonorCohort to SegMedian for lower impairment
NRP-L,202301,Total_Coverage_Ratio,0,999,CohortTrend,,,
NRP-L,202404,Total_Coverage_Ratio,0,999,CohortTrend,,,
NRP-L,202405,Total_Coverage_Ratio,0,999,CohortTrend,,,
NRP-L,202406,Total_Coverage_Ratio,0,999,CohortTrend,,,
NRP-L,202407,Total_Coverage_Ratio,0,999,CohortTrend,,,
NRP-L,202408,Total_Coverage_Ratio,0,999,CohortTrend,,,
NRP-L,202409,Total_Coverage_Ratio,0,999,CohortAvg,6.0,,
NRP-L,202410,Total_Coverage_Ratio,0,999,CohortAvg,6.0,,
NRP-L,202411,Total_Coverage_Ratio,0,999,CohortAvg,6.0,,
NRP-L,202412,Total_Coverage_Ratio,0,999,CohortAvg,6.0,,
NRP-L,202501,Total_Coverage_Ratio,0,999,CohortAvg,6.0,,
NRP-L,202502,Total_Coverage_Ratio,0,999,CohortAvg,6.0,,
NRP-L,202503,Total_Coverage_Ratio,0,999,CohortAvg,6.0,,
NRP-L,202504,Total_Coverage_Ratio,0,999,CohortAvg,6.0,,
NRP-L,202505,Total_Coverage_Ratio,0,999,CohortAvg,6.0,,
NRP-L,202506,Total_Coverage_Ratio,0,999,CohortAvg,6.0,,
NRP-L,202507,Total_Coverage_Ratio,0,999,CohortAvg,6.0,,
NRP-L,202508,Total_Coverage_Ratio,0,999,CohortAvg,6.0,,
NRP-L,202509,Total_Coverage_Ratio,0,999,CohortAvg,6.0,,
NRP-M,202001,Total_Coverage_Ratio,0,999,Manual,0.0,,negligible remaining balance
NRP-M,202101,Total_Coverage_Ratio,0,999,Manual,0.0,,negligible remaining balance
NRP-M,202201,Total_Coverage_Ratio,0,999,CohortTrend,,,
NRP-M,202301,Total_Coverage_Ratio,0,999,Manual,0.0,,negligible remaining balance
NRP-M,202404,Total_Coverage_Ratio,0,999,CohortTrend,,,
NRP-M,202405,Total_Coverage_Ratio,0,999,CohortTrend,,,
NRP-M,202406,Total_Coverage_Ratio,0,999,CohortTrend,,,
NRP-M,202407,Total_Coverage_Ratio,0,999,CohortTrend,,,
NRP-M,202408,Total_Coverage_Ratio,0,999,CohortTrend,,,
NRP-M,202409,Total_Coverage_Ratio,0,999,CohortTrend,,,
NRP-M,202410,Total_Coverage_Ratio,0,999,CohortTrend,,,
NRP-M,202411,Total_Coverage_Ratio,0,999,CohortTrend,,,
NRP-M,202412,Total_Coverage_Ratio,0,999,CohortTrend,,,
NRP-M,202501,Total_Coverage_Ratio,0,999,CohortTrend,,,
NRP-M,202502,Total_Coverage_Ratio,0,999,CohortTrend,,,
NRP-M,202503,Total_Coverage_Ratio,0,999,CohortTrend,,,
NRP-M,202504,Total_Coverage_Ratio,0,999,CohortTrend,,,
NRP-M,202505,Total_Coverage_Ratio,0,999,CohortTrend,,,
NRP-M,202506,Total_Coverage_Ratio,0,999,CohortTrend,,,
NRP-M,202507,Total_Coverage_Ratio,0,999,CohortTrend,,,
NRP-M,202508,Total_Coverage_Ratio,0,999,CohortTrend,,,
NRP-M,202509,Total_Coverage_Ratio,0,999,CohortTrend,,,
NRP-S,201912,Total_Coverage_Ratio,0,999,CohortAvg,,,
NRP-S,202001,Total_Coverage_Ratio,0,999,Manual,0.0,,negligible remaining balance
NRP-S,202101,Total_Coverage_Ratio,0,999,Manual,0.0,,negligible remaining balance
NRP-S,202201,Total_Coverage_Ratio,0,999,CohortTrend,,,
NRP-S,202301,Total_Coverage_Ratio,0,999,CohortTrend,,,
NRP-S,202404,Total_Coverage_Ratio,0,999,CohortTrend,,,
NRP-S,202405,Total_Coverage_Ratio,0,999,CohortTrend,,,
NRP-S,202406,Total_Coverage_Ratio,0,999,CohortTrend,,,
NRP-S,202407,Total_Coverage_Ratio,0,999,CohortTrend,,,
NRP-S,202408,Total_Coverage_Ratio,0,999,CohortTrend,,,
NRP-S,202409,Total_Coverage_Ratio,0,999,CohortTrend,,,
NRP-S,202410,Total_Coverage_Ratio,0,999,CohortTrend,,,
NRP-S,202411,Total_Coverage_Ratio,0,999,CohortTrend,,,
NRP-S,202412,Total_Coverage_Ratio,0,999,CohortTrend,,,
NRP-S,202501,Total_Coverage_Ratio,0,999,CohortTrend,,,
NRP-S,202502,Total_Coverage_Ratio,0,999,CohortTrend,,,
NRP-S,202503,Total_Coverage_Ratio,0,999,CohortTrend,,,
NRP-S,202504,Total_Coverage_Ratio,0,999,CohortTrend,,,
NRP-S,202505,Total_Coverage_Ratio,0,999,CohortTrend,,,
NRP-S,202506,Total_Coverage_Ratio,0,999,CohortTrend,,,
NRP-S,202507,Total_Coverage_Ratio,0,999,CohortTrend,,,
NRP-S,202508,Total_Coverage_Ratio,0,999,CohortTrend,,,
NRP-S,202509,Total_Coverage_Ratio,0,999,CohortTrend,,,
PRIME,202101,Total_Coverage_Ratio,0,999,Manual,0.0,,negligible remaining balance
PRIME,202201,Total_Coverage_Ratio,0,999,CohortAvg,6.0,,PRIME mature
PRIME,202405,Total_Coverage_Ratio,0,999,CohortAvg,6.0,,WHY ARE THESE RATES 0???
PRIME,202407,Total_Coverage_Ratio,0,999,CohortAvg,6.0,,
PRIME,202409,Total_Coverage_Ratio,0,999,CohortAvg,6.0,,
PRIME,202504,Total_Coverage_Ratio,0,999,CohortAvg,6.0,,
PRIME,202507,Total_Coverage_Ratio,0,999,CohortAvg,6.0,,
PRIME,202508,Total_Coverage_Ratio,0,999,CohortAvg,6.0,,
PRIME,202509,Total_Coverage_Ratio,0,999,CohortAvg,6.0,,
NON PRIME,ALL,WO_DebtSold,0,999,Zero,,,Reduce WO to preserve GBV
NRP-L,ALL,WO_DebtSold,0,999,Zero,,,Reduce WO to preserve GBV
NRP-M,ALL,WO_DebtSold,0,999,Zero,,,Reduce WO to preserve GBV
NRP-S,ALL,WO_DebtSold,0,999,Zero,,,Reduce WO to preserve GBV
PRIME,ALL,WO_DebtSold,0,999,Zero,,,Reduce WO to preserve GBV
NON PRIME,ALL,WO_Other,0,999,CohortAvg,12.0,,Rare-12mo
NRP-L,ALL,WO_Other,0,999,CohortAvg,12.0,,Rare-12mo
NRP-M,ALL,WO_Other,0,999,CohortAvg,12.0,,Rare-12mo
NRP-S,ALL,WO_Other,0,999,CohortAvg,12.0,,Rare-12mo
PRIME,ALL,WO_Other,0,999,CohortAvg,12.0,,Rare-12mo
