ForecastMonth,Cohort,Segment,OpeningGBV,Coll_Principal,Coll_Interest,InterestRevenue,PQ_Revenue_Rate,v32_Revenue_Rate,ScenA_Revenue,ScenB_Revenue
2025-10-31,201912,NON PRIME,387941.62,14372.36,4506.83,0.0,0.0,0.0,0.0,0.0
2025-10-31,201912,NRP-S,60918.42,-792.01,0.0,0.0,0.0083333333333333,0.0,507.65349999999796,0.0
2025-10-31,202001,NON PRIME,98748.52,3145.46,916.14,0.0,0.0083333333333333,0.0,822.9043333333301,0.0
2025-10-31,202001,NRP-S,4571.87,-1224.79,0.0,0.0,0.0083333333333333,0.0,38.09891666666651,0.0
2025-10-31,202101,NON PRIME,832148.9,-3370.79,4161.57,0.0,0.0083333333333333,0.0,6934.574166666639,0.0
2025-10-31,202101,NRP-M,3035583.9,-373998.55,-32838.09,29007.12,0.010208119025845,0.009555697011042917,30987.601764138763,29007.12
2025-10-31,202101,NRP-S,2237190.62,-232095.91,0.0,23070.93,0.0106469523176989,0.01031245607493205,23819.26185674324,23070.93
2025-10-31,202101,PRIME,3441726.03,-351746.31,-26304.07,23719.49,0.0083333333333333,0.0068917426294968645,28681.050249999884,23719.49
2025-10-31,202201,NON PRIME,1301210.18,-143033.95,-17654.2,13218.09,0.01019598375111,0.010158305094108625,13267.117852058916,13218.09
2025-10-31,202201,NRP-M,194456.57,-14040.25,-2365.8,2343.18,0.0112614565789034,0.01204988856894884,2189.8642195374896,2343.18
2025-10-31,202201,NRP-S,469898.68,-42188.64,0.0,4827.81,0.0098161062560049,0.010274151014852819,4612.575372436444,4827.81
2025-10-31,202201,PRIME,114921.47,-8020.01,-1075.58,1014.58,0.0089101128641964,0.0088284634716211,1023.9632682193607,1014.58
2025-10-31,202301,NON PRIME,7243912.09,-608350.13,-122513.84,110220.66,0.0154482859353957,0.015215626395046438,111906.02525718986,110220.66
2025-10-31,202301,NRP-L,1160678.27,-36913.86,-12981.04,12101.7,0.0103461565484954,0.010426403520072795,12008.559083856813,12101.7
2025-10-31,202301,NRP-M,11951897.25,-560296.01,-170889.0,162353.12,0.013627184982623,0.013583878492596646,162870.71471905315,162353.12
2025-10-31,202301,NRP-S,4875102.47,-381200.98,0.0,73003.78,0.0150574820476038,0.014974819595945847,73406.76792225394,73003.78
2025-10-31,202404,NON PRIME,1439613.09,-104798.75,-31539.42,29034.27,0.0203782482127001,0.02016810641809321,29336.79287827217,29034.27
2025-10-31,202404,NRP-L,312423.2,-13937.54,-4583.71,4045.09,0.0130320640429038,0.012947469970219882,4071.5191508889425,4045.09
2025-10-31,202404,NRP-M,2980564.9,-112823.65,-42971.56,42914.26,0.0144491601159043,0.014398029044762624,43066.65947594428,42914.26
2025-10-31,202404,NRP-S,1135465.04,-54817.48,0.0,17789.34,0.0157142983056292,0.015667008118541458,17843.036354173193,17789.34
2025-10-31,202405,NON PRIME,1749500.3,-108449.63,-37855.9,35322.63,0.0204444422858944,0.020190125146020265,35767.55791250493,35322.63
2025-10-31,202405,NRP-L,474179.94,-19640.16,-6461.51,6170.33,0.0128960340264595,0.013012633980256524,6115.0406409045245,6170.33
2025-10-31,202405,NRP-M,2724042.47,-78996.49,-39977.81,39398.4,0.0144698485913142,0.014463210626815227,39416.482097209555,39398.4
2025-10-31,202405,NRP-S,1006382.04,-52002.05,0.0,16347.44,0.0162944280018955,0.016243771599898583,16398.41969318072,16347.44
2025-10-31,202405,PRIME,4824.29,-17.64,-49.93,48.78,0.0100747872586797,0.010111332444774258,48.60369542417588,48.78
2025-10-31,202406,NON PRIME,2338555.87,-139655.88,-54128.67,51178.85,0.0220533267365067,0.021884809619707738,51572.93669268569,51178.85
2025-10-31,202406,NRP-L,263352.54,-7111.75,-4105.34,3949.39,0.0150910573642255,0.014996589742403853,3974.26828815449,3949.39
2025-10-31,202406,NRP-M,2559981.85,-91630.41,-35456.93,36457.92,0.0142058423371304,0.014241475969839395,36366.6985470154,36457.92
2025-10-31,202406,NRP-S,1206635.83,-64825.57,0.0,20019.85,0.0165934440272594,0.01659145991048517,20022.244106390688,20019.85
2025-10-31,202407,NON PRIME,2523024.38,-162986.39,-61334.06,56938.1,0.0227911208357712,0.022567399844150536,57502.55351617671,56938.1
2025-10-31,202407,NRP-L,471704.42,-19033.5,-7131.14,6875.44,0.0146100311036824,0.01457573791655376,6891.6162479444665,6875.44
2025-10-31,202407,NRP-M,4349482.11,-125744.04,-64494.7,62632.92,0.014383807167615,0.014400086818612065,62562.11194923122,62632.92
2025-10-31,202407,NRP-S,1186959.49,-74312.08,0.0,19968.82,0.0168481486882262,0.016823505914258286,19998.069974421138,19968.82
2025-10-31,202407,PRIME,3074.04,-165.61,-31.92,30.85,0.0100326772519103,0.010035653407242587,30.840851179462337,30.85
2025-10-31,202408,NON PRIME,2642668.75,-185633.05,-63183.36,57682.28,0.0219488944329521,0.02182728349892509,58003.65741501149,57682.28
2025-10-31,202408,NRP-L,570319.56,-19041.05,-8856.29,8643.67,0.0152851171799328,0.015155836492790111,8717.401304607716,8643.67
2025-10-31,202408,NRP-M,2983355.65,-90249.36,-46326.94,45935.73,0.015367199085322,0.015397336217691647,45845.82021587022,45935.73
2025-10-31,202408,NRP-S,1318156.92,-63654.09,0.0,22768.36,0.0172865882822319,0.017272875220349336,22786.43596741489,22768.36
2025-10-31,202409,NON PRIME,2580823.24,-182520.83,-62813.21,58863.14,0.0228671292520501,0.02280789287994787,59016.01860577472,58863.14
2025-10-31,202409,NRP-L,604094.49,-11441.13,-9436.75,9173.06,0.0152260554162157,0.015184809912767123,9197.97618137056,9173.06
2025-10-31,202409,NRP-M,3038266.8,-103236.32,-47190.49,46592.2,0.0153020232471114,0.015335124617759046,46491.62920452676,46592.2
2025-10-31,202409,NRP-S,1203094.88,-70355.19,0.0,20335.81,0.0168704099210221,0.01690291458974541,20296.70379948289,20335.81
2025-10-31,202409,PRIME,10148.72,-449.93,-105.09,102.1,0.0100584740845944,0.010060381998912179,102.08063711180488,102.1
2025-10-31,202410,NON PRIME,3386607.26,-246168.04,-94915.45,89167.71,0.0232185452759837,0.026329510083197546,78632.0939982851,89167.71
2025-10-31,202410,NRP-L,463335.09,-6298.99,-6255.81,6867.36,0.0162671837927962,0.014821584093706349,7537.15706668177,6867.36
2025-10-31,202410,NRP-M,2948745.81,-78746.84,-44326.03,46010.25,0.014701083133057,0.015603328657209689,43349.7572910635,46010.25
2025-10-31,202410,NRP-S,1148959.12,-61807.43,0.0,20459.16,0.0170353264329407,0.017806690981311848,19572.893667304288,20459.16
2025-10-31,202411,NON PRIME,3628698.04,-251880.36,-84878.59,89667.7,0.0247877337506715,0.02471070863752554,89947.20087710352,89667.7
2025-10-31,202411,NRP-L,587145.59,-11180.01,-9223.79,8868.83,0.0141298462448368,0.015104992954132552,8296.276910033986,8868.83
2025-10-31,202411,NRP-M,3285945.9,-101616.16,-53310.84,51689.45,0.0156001288306386,0.015730462878284147,51261.1793705087,51689.45
2025-10-31,202411,NRP-S,1289490.97,-70663.67,0.0,23429.88,0.018017105117717,0.01816986744777282,23232.89435483686,23429.88
2025-10-31,202412,NON PRIME,3930024.39,-292231.31,-113762.89,107202.06,0.0248657154375268,0.027277708574220832,97722.86814427984,107202.06
2025-10-31,202412,NRP-L,52967.3,-2131.15,-730.4,812.06,0.0123839943284755,0.015331345943629369,655.9467427946604,812.06
2025-10-31,202412,NRP-M,2716445.11,-99673.56,-39619.79,42262.01,0.0151591788725611,0.01555783691134477,41179.07731998391,42262.01
2025-10-31,202412,NRP-S,1376252.91,-69412.46,0.0,24445.53,0.0177565367675234,0.017762382061012317,24437.48539782607,24445.53
2025-10-31,202501,NON PRIME,4363554.4,-287417.26,-131847.65,122598.7,0.0257099652366611,0.028096063154386248,112186.8319322796,122598.7
2025-10-31,202501,NRP-L,60436.42,-717.03,-892.06,958.41,0.0171340457193648,0.015858153080543155,1035.5203833947332,958.41
2025-10-31,202501,NRP-M,4943312.74,-114421.36,-79231.27,76865.69,0.0156697457214691,0.015549428903824523,77460.45365749869,76865.69
2025-10-31,202501,NRP-S,2185314.64,-124829.43,0.0,41560.59,0.0178913780974928,0.019018126378359868,39098.29048622637,41560.59
2025-10-31,202502,NON PRIME,5958651.75,-354251.6,-165645.15,160121.36,0.0272493175761933,0.02687207890610489,162369.19386168997,160121.36
2025-10-31,202502,NRP-L,127420.87,-2318.61,-2020.36,2009.44,0.0154953262642354,0.01577010108312712,1974.4279535227245,2009.44
2025-10-31,202502,NRP-M,5151310.04,-150380.02,-84764.11,82122.03,0.0157584011264097,0.01594196997701967,81176.4099368216,82122.03
2025-10-31,202502,NRP-S,2387772.21,-120403.59,0.0,44962.65,0.0178644610048735,0.018830376621227198,42656.26353406561,44962.65
2025-10-31,202503,NON PRIME,7538149.37,-426079.49,-217066.3,211559.62,0.0347631873764749,0.028065193407012575,262050.09902116624,211559.62
2025-10-31,202503,NRP-L,83860.81,-5250.0,-1436.48,1339.25,0.0178243636566151,0.015969914910194644,1494.765573978304,1339.25
2025-10-31,202503,NRP-M,6162266.52,-130106.16,-96225.91,96883.92,0.0168296385885087,0.01572212426800391,103708.71841766722,96883.92
2025-10-31,202503,NRP-S,2647482.42,-126654.03,0.0,48542.33,0.0213043809831144,0.018335279446350394,56402.97412177769,48542.33
2025-10-31,202504,NON PRIME,9246422.14,-578885.2,-278270.78,284188.1,0.0356338912627711,0.030734925974296903,329486.0011064393,284188.1
2025-10-31,202504,NRP-L,62697.2,-761.39,-959.58,983.27,0.0166366017843202,0.015682837511085027,1043.0683493918805,983.27
2025-10-31,202504,NRP-M,7795952.8,-220012.99,-130926.02,128164.37,0.0164275860246004,0.016439859666672173,128068.68526572434,128164.37
2025-10-31,202504,NRP-S,2373847.23,-127605.18,0.0,47002.65,0.020487502908049,0.019800200032248916,48634.202027889056,47002.65
2025-10-31,202504,PRIME,4661.92,-1309.59,-65.55,51.9,0.011135166842726,0.011132752170779421,51.91125700744119,51.9
2025-10-31,202505,NON PRIME,9953254.19,-559819.07,-345011.28,314538.15,0.0343489874306925,0.03160153895356309,341884.20306679746,314538.15
2025-10-31,202505,NRP-L,16425.98,-277.25,-242.39,253.14,0.0157966823854198,0.015410952649400523,259.47598892925794,253.14
2025-10-31,202505,NRP-M,7268939.3,-169561.82,-117546.76,121250.84,0.016636899719721,0.016680678568880055,120932.61420283897,121250.84
2025-10-31,202505,NRP-S,2437021.07,-139901.53,0.0,49041.41,0.0204843399464785,0.020123506769680905,49920.76805461077,49041.41
2025-10-31,202506,NON PRIME,10973736.76,-565318.75,-369079.26,360397.72,0.035520772510527,0.032841841196125064,389795.6070423676,360397.72
2025-10-31,202506,NRP-L,29971.3,-419.87,-511.49,462.06,0.0158719014754618,0.015416748689579698,475.7015206915082,462.06
2025-10-31,202506,NRP-M,7085059.32,-118827.59,-121328.45,118245.35,0.0167330498622469,0.016689394493312443,118554.65087853711,118245.35
2025-10-31,202506,NRP-S,2767480.41,-132690.69,0.0,56473.97,0.0206818517867955,0.02040627633566519,57236.61966248005,56473.97
2025-10-31,202507,NON PRIME,13508660.83,-693053.23,-472238.75,462603.32,0.0377833333333333,0.03424494299040003,510402.2350268329,462603.32
2025-10-31,202507,NRP-L,114199.52,-1320.4,-1771.27,1807.73,0.01685,0.015829576166344658,1924.2619120000002,1807.73
2025-10-31,202507,NRP-M,8680064.72,-271991.87,-150910.96,146406.18,0.0155583333333333,0.01686694566489361,135047.3402686664,146406.18
2025-10-31,202507,NRP-S,3125154.64,-151151.92,0.0,64918.12,0.0212333333333333,0.02077277046360816,66357.45018933323,64918.12
2025-10-31,202507,PRIME,9843.27,-167.34,-102.81,99.38,0.0113,0.010096238343558593,111.228951,99.38
2025-10-31,202508,NON PRIME,10582346.66,-486191.08,-440251.2,376350.14,0.0379333333333333,0.03556395874107568,401423.6833026663,376350.14
2025-10-31,202508,NRP-L,46868.77,-583.66,-775.63,744.35,0.0153166666666666,0.015881577434184856,717.8733271666634,744.35
2025-10-31,202508,NRP-M,7533596.42,-150173.96,-132152.87,128909.35,0.01575,0.017111263042678362,118654.143615,128909.35
2025-10-31,202508,NRP-S,3257214.86,-126018.05,0.0,68544.38,0.0205083333333333,0.021043861994415686,66800.04808716655,68544.38
2025-10-31,202508,PRIME,30052.62,-454.37,-356.67,303.48,0.0112416666666666,0.010098287603543386,337.84153649999797,303.48
2025-10-31,202509,NON PRIME,11481431.49,-620697.47,-277255.36,473822.78,0.0379333333333333,0.041268615364964394,435528.9678539996,473822.78
2025-10-31,202509,NRP-L,15353.37,-171.34,-183.34,250.13,0.0153166666666666,0.016291537297674713,235.16245049999898,250.13
2025-10-31,202509,NRP-M,8727304.43,-163554.74,-128856.58,150538.07,0.01575,0.017249091195046123,137455.0447725,150538.07
2025-10-31,202509,NRP-S,3314123.22,-128433.77,0.0,70759.67,0.0205083333333333,0.021350947234846627,67967.1437034999,70759.67
2025-10-31,202509,PRIME,24414.84,0.0,0.0,252.41,0.0112416666666666,0.010338384359676328,274.4634929999984,252.41
2025-11-30,201912,NON PRIME,368558.38,13443.75,4271.8,0.0,0.0,0.0,0.0,0.0
2025-11-30,201912,NRP-S,60080.51,-546.46,0.0,0.0,0.0083333333333333,0.0,500.6709166666647,0.0
2025-11-30,202001,NON PRIME,94356.86,3229.21,896.32,0.0,0.0083333333333333,0.0,786.3071666666635,0.0
2025-11-30,202001,NRP-S,3345.39,-1301.28,0.0,0.0,0.0083333333333333,0.0,27.878249999999888,0.0
2025-11-30,202101,NON PRIME,823821.93,-2066.68,4361.2,0.0,0.0083333333333333,0.0,6865.182749999974,0.0
2025-11-30,202101,NRP-M,2657585.79,-391363.33,-29242.93,26604.61,0.010208119025845,0.010010818879340862,27128.952065714315,26604.61
2025-11-30,202101,NRP-S,2027515.89,-226452.99,0.0,20067.35,0.0106469523176989,0.009897505661472275,21586.865004206848,20067.35
2025-11-30,202101,PRIME,3087112.34,-365483.87,-25991.93,23318.27,0.0083333333333333,0.007553424505439281,25725.936166666565,23318.27
2025-11-30,202201,NON PRIME,1152585.01,-129277.57,-14059.45,9959.39,0.01019598375111,0.008640915779392272,11751.738033732956,9959.39
2025-11-30,202201,NRP-M,180391.02,-13892.29,-2210.42,2203.46,0.0112614565789034,0.012214909589180216,2031.4656389540949,2203.46
2025-11-30,202201,NRP-S,432444.03,-38433.38,0.0,4247.41,0.0098161062560049,0.009821872208526037,4244.916548254971,4247.41
2025-11-30,202201,PRIME,106836.57,-8365.04,-1012.97,928.21,0.0089101128641964,0.008688129916563214,951.9258967236192,928.21
2025-11-30,202301,NON PRIME,6621323.0,-550863.49,-107624.47,98057.03,0.0154482859353957,0.014809280562207885,102288.09097461206,98057.03
2025-11-30,202301,NRP-L,1122875.04,-31561.28,-10704.14,10868.34,0.0103461565484954,0.009679028932729683,11617.440948238036,10868.34
2025-11-30,202301,NRP-M,11383000.27,-527805.4,-163363.4,154920.48,0.013627184982623,0.013609810799029351,155118.25033653755,154920.48
2025-11-30,202301,NRP-S,4566429.89,-357561.33,0.0,68042.1,0.0150574820476038,0.014900502501747598,68758.93609031639,68042.1
2025-11-30,202404,NON PRIME,1332056.02,-98421.67,-28714.25,25967.23,0.0203782482127001,0.019494097553044352,27144.968208781407,25967.23
2025-11-30,202404,NRP-L,297940.9,-15072.26,-4395.62,3830.0,0.0130320640429038,0.012854898404347975,3882.784889800397,3830.0
2025-11-30,202404,NRP-M,2867634.87,-114067.65,-41893.14,41053.6,0.0144491601159043,0.014316188029893777,41434.91539058041,41053.6
2025-11-30,202404,NRP-S,1098398.18,-53600.85,0.0,16952.73,0.0157142983056292,0.01543404778766112,17260.556658880196,16952.73
2025-11-30,202405,NON PRIME,1638213.44,-101726.22,-34931.35,32090.01,0.0204444422858944,0.019588418222231164,33492.36012605653,32090.01
2025-11-30,202405,NRP-L,454240.21,-16748.42,-5973.29,5727.06,0.0128960340264595,0.012607998750264755,5857.897204346109,5727.06
2025-11-30,202405,NRP-M,2644391.54,-71729.93,-38628.78,37781.95,0.0144698485913142,0.014287577852408345,38263.945199952184,37781.95
2025-11-30,202405,NRP-S,970538.91,-50256.6,0.0,15553.57,0.0162944280018955,0.01602570472934465,15814.376392033138,15553.57
2025-11-30,202405,PRIME,4805.5,-11.24,-49.91,48.55,0.0100747872586797,0.010103006971178857,48.414390171585296,48.55
2025-11-30,202406,NON PRIME,2195655.0,-129825.4,-49972.72,46678.94,0.0220533267365067,0.021259687883570053,48421.49711564462,46678.94
2025-11-30,202406,NRP-L,256084.84,-6110.03,-3976.68,3833.42,0.0150910573642255,0.014969335943509972,3864.591010548509,3833.42
2025-11-30,202406,NRP-M,2469305.57,-85285.45,-34272.33,34658.83,0.0142058423371304,0.014035861102439422,35078.56560961791,34658.83
2025-11-30,202406,NRP-S,1161786.5,-61800.26,0.0,18960.87,0.0165934440272594,0.016320442697518003,19278.0392593756,18960.87
2025-11-30,202407,NON PRIME,2355214.7,-147008.58,-56798.2,51784.08,0.0227911208357712,0.021986989126723776,53677.98282188462,51784.08
2025-11-30,202407,NRP-L,452413.6,-19332.08,-6843.24,6544.47,0.0146100311036824,0.01446567919266795,6609.776767728928,6544.47
2025-11-30,202407,NRP-M,4221786.85,-122037.88,-62735.77,60119.37,0.014383807167615,0.014240266535483668,60725.36795317275,60119.37
2025-11-30,202407,NRP-S,1132571.65,-74647.05,0.0,18792.97,0.0168481486882262,0.016593184192805817,19081.73555926968,18792.97
2025-11-30,202407,PRIME,2907.35,-162.4,-30.3,29.15,0.0100326772519103,0.010026312621459404,29.16850420834141,29.15
2025-11-30,202408,NON PRIME,2451225.66,-172510.38,-57450.8,51402.36,0.0219488944329521,0.02097006442075186,53801.693242683345,51402.36
2025-11-30,202408,NRP-L,551065.87,-23744.89,-8743.64,8346.17,0.0152851171799328,0.015145503386010823,8423.106396811616,8346.17
2025-11-30,202408,NRP-M,2892677.47,-84078.88,-44981.71,44104.53,0.015367199085322,0.015246957345714728,44452.35057111556,44104.53
2025-11-30,202408,NRP-S,1277215.85,-62355.9,0.0,21814.62,0.0172865882822319,0.017079822490458443,22078.70454649086,21814.62
2025-11-30,202409,NON PRIME,2393803.29,-173089.32,-58803.96,52776.11,0.0228671292520501,0.022046970283844836,54739.409236412765,52776.11
2025-11-30,202409,NRP-L,592389.67,-14379.5,-9169.93,8932.53,0.0152260554162157,0.015078807839441224,9019.757943413731,8932.53
2025-11-30,202409,NRP-M,2934372.54,-99965.99,-45933.47,44427.25,0.0153020232471114,0.015140289582998892,44901.836822765326,44427.25
2025-11-30,202409,NRP-S,1153016.9,-73776.93,0.0,19229.93,0.0168704099210221,0.01667792553604375,19451.86774886614,19229.93
2025-11-30,202409,PRIME,9695.8,-443.09,-100.77,97.49,0.0100584740845944,0.010054869118587429,97.52495302941038,97.49
2025-11-30,202410,NON PRIME,3134328.57,-214462.35,-82895.78,72310.17,0.0232185452759837,0.023070386012529632,72774.54981235425,72310.17
2025-11-30,202410,NRP-L,457638.87,-8887.12,-7537.75,7157.61,0.0162671837927962,0.01564030170776359,7444.495609017567,7157.61
2025-11-30,202410,NRP-M,2871518.3,-91581.35,-44309.7,42509.99,0.014701083133057,0.014804011522406109,42214.42924639451,42509.99
2025-11-30,202410,NRP-S,1107566.36,-56506.81,0.0,18885.62,0.0170353264329407,0.01705145685356496,18867.754488743918,18885.62
2025-11-30,202411,NON PRIME,3381111.44,-245768.56,-94761.42,89023.01,0.0247877337506715,0.026329510748098854,83810.09015606952,89023.01
2025-11-30,202411,NRP-L,575610.62,-7825.36,-7771.72,8531.46,0.0141298462448368,0.014821581992354484,8133.289557495182,8531.46
2025-11-30,202411,NRP-M,3182643.41,-84993.12,-47842.02,49659.84,0.0156001288306386,0.015603331445793355,49649.64721798294,49659.84
2025-11-30,202411,NRP-S,1242233.96,-66825.08,0.0,22120.08,0.018017105117717,0.017806693998286764,22381.459838117855,22120.08
2025-11-30,202412,NON PRIME,3630875.13,-252031.48,-84929.51,89721.5,0.0248657154375268,0.024710709343507498,90284.30777177312,89721.5
2025-11-30,202412,NRP-L,50917.8,-969.54,-799.9,769.11,0.0123839943284755,0.015104933834533306,630.5657464184499,769.11
2025-11-30,202412,NRP-M,2619316.83,-81001.0,-42495.52,41203.07,0.0151591788725611,0.01573046434401752,39706.69234987972,41203.07
2025-11-30,202412,NRP-S,1331226.14,-72950.74,0.0,24188.2,0.0177565367675234,0.01816986556468911,23637.96590079825,24188.2
2025-11-30,202501,NON PRIME,4066353.8,-302368.58,-117709.23,110920.81,0.0257099652366611,0.027277707611177364,104545.81483796476,110920.81
2025-11-30,202501,NRP-L,59785.74,-2405.49,-824.43,916.6,0.0171340457193648,0.015331415150167917,1024.371602526057,916.6
2025-11-30,202501,NRP-M,4823142.31,-176973.86,-70346.3,75037.66,0.0156697457214691,0.015557836608806181,75577.41357615907,75037.66
2025-11-30,202501,NRP-S,2101921.79,-106012.18,0.0,37335.13,0.0178913780974928,0.01776237830428505,37606.27747624886,37335.13
2025-11-30,202502,NON PRIME,5598293.31,-368746.67,-169156.1,157290.0,0.0272493175761933,0.028096062726659817,152549.67228886834,157290.0
2025-11-30,202502,NRP-L,125091.34,-1484.11,-1846.39,1983.71,0.0154953262642354,0.015858092174885968,1938.3311261304002,1983.71
2025-11-30,202502,NRP-M,4998254.55,-115693.09,-80111.88,77720.0,0.0157584011264097,0.01554942814987284,78764.50013080241,77720.0
2025-11-30,202502,NRP-S,2312111.75,-132072.33,0.0,43972.04,0.0178644610048735,0.01901812920590884,41304.63019678483,43972.04
2025-11-30,202503,NON PRIME,7106474.93,-422491.57,-197553.6,190965.75,0.0347631873764749,0.0268720781936256,247043.71957781134,190965.75
2025-11-30,202503,NRP-L,78513.58,-1428.67,-1244.89,1238.17,0.0178243636566151,0.01577013810859217,1399.454601902742,1238.17
2025-11-30,202503,NRP-M,6032814.17,-176113.39,-99269.14,96174.95,0.0168296385885087,0.015941971240927517,101530.08215273409,96174.95
2025-11-30,202503,NRP-S,2569346.42,-129559.49,0.0,48381.76,0.0213043809831144,0.018830376325820637,54738.335009281065,48381.76
2025-11-30,202504,NON PRIME,8673426.4,-490248.85,-249757.4,243421.39,0.0356338912627711,0.028065193474173022,309067.9332132482,243421.39
2025-11-30,202504,NRP-L,61959.51,-3878.89,-1061.32,989.49,0.0166366017843202,0.015969945533784887,1030.7956946216052,989.49
2025-11-30,202504,NRP-M,7573178.15,-159895.25,-118257.78,119066.45,0.0164275860246004,0.015722124534994598,124409.03553874911,119066.45
2025-11-30,202504,NRP-S,2293240.82,-109707.32,0.0,42047.21,0.020487502908049,0.018335278891468538,46982.777968606664,42047.21
2025-11-30,202504,PRIME,3338.68,-45.47,-33.81,33.91,0.011135166842726,0.010156708639342494,37.17675883447244,33.91
2025-11-30,202505,NON PRIME,9362941.29,-586180.05,-281777.42,287769.31,0.0343489874306925,0.03073492624666453,321607.55268452177,287769.31
2025-11-30,202505,NRP-L,16159.48,-196.24,-247.32,253.43,0.0157966823854198,0.015683054157683292,255.26617307354354,253.43
2025-11-30,202505,NRP-M,7103081.56,-200459.16,-119289.87,116773.66,0.016636899719721,0.016439859096873444,118173.25561471941,116773.66
2025-11-30,202505,NRP-S,2346160.95,-126116.92,0.0,46454.46,0.0204843399464785,0.0198002016869303,48059.55846895295,46454.46
2025-11-30,202506,NON PRIME,10399695.66,-584929.09,-360486.35,328646.39,0.035520772510527,0.03160153919350367,369405.22371757496,328646.39
2025-11-30,202506,NRP-L,29501.99,-497.95,-435.35,454.65,0.0158719014754618,0.015410824829104747,468.25267861005926,454.65
2025-11-30,202506,NRP-M,6963148.64,-162428.67,-112601.78,116150.04,0.0167330498622469,0.016680677952610818,116514.71339135668,116150.04
2025-11-30,202506,NRP-S,2691249.3,-154495.95,0.0,54157.37,0.0206818517867955,0.020123505466401796,55660.01914391714,54157.37
2025-11-30,202507,NON PRIME,12805853.39,-659701.36,-430698.77,420567.8,0.0377833333333333,0.03284184092943141,483847.8272521663,420567.8
2025-11-30,202507,NRP-L,112915.58,-1581.85,-1927.03,1740.78,0.01685,0.015416650208943708,1902.627523,1740.78
2025-11-30,202507,NRP-M,8403568.07,-140941.05,-143907.32,140250.47,0.0155583333333333,0.01668939536536651,130745.5132224164,140250.47
2025-11-30,202507,NRP-S,3038919.18,-145705.19,0.0,62013.02,0.0212333333333333,0.02040627483880634,64526.3839219999,62013.02
2025-11-30,202507,PRIME,9672.49,-169.06,-101.04,97.63,0.0113,0.010093574663814591,109.29913699999999,97.63
2025-11-30,202508,NON PRIME,10032133.42,-514692.21,-350705.54,343549.84,0.0379333333333333,0.03424494328545324,380552.261065333,343549.84
2025-11-30,202508,NRP-L,46253.82,-534.79,-717.41,732.18,0.0153166666666666,0.015829611478576255,708.4543429999969,732.18
2025-11-30,202508,NRP-M,7379911.9,-231251.28,-128306.6,124476.57,0.01575,0.016866945254454868,116233.61242500001,124476.57
2025-11-30,202508,NRP-S,3199741.19,-154759.39,0.0,66467.49,0.0205083333333333,0.02077277068774428,65621.35890491656,66467.49
2025-11-30,202508,PRIME,29545.06,-502.28,-308.6,298.28,0.0112416666666666,0.010095765586531216,332.1357161666647,298.28
2025-11-30,202509,NON PRIME,11056825.09,-507990.32,-459990.65,393224.47,0.0379333333333333,0.035563958622773145,419422.23174733296,393224.47
2025-11-30,202509,NRP-L,15248.82,-189.9,-252.35,242.17,0.0153166666666666,0.0158812288426252,233.56109299999898,242.17
2025-11-30,202509,NRP-M,8585431.18,-171141.13,-150603.94,146907.58,0.01575,0.017111264061172055,135220.541085,146907.58
2025-11-30,202509,NRP-S,3256422.87,-125987.41,0.0,68527.71,0.0205083333333333,0.021043860928295226,66783.8056922499,68527.71
2025-11-30,202509,PRIME,24667.25,-372.95,-292.76,249.1,0.0112416666666666,0.010098409834902553,277.3010020833317,249.1
2025-12-31,201912,NON PRIME,350324.05,12618.38,4059.53,0.0,0.0,0.0,0.0,0.0
2025-12-31,201912,NRP-S,59521.72,-476.02,0.0,0.0,0.0083333333333333,0.0,496.01433333333136,0.0
2025-12-31,202001,NON PRIME,90137.8,3285.77,876.76,0.0,0.0083333333333333,0.0,751.1483333333304,0.0
2025-12-31,202001,NRP-S,2042.78,-1021.39,0.0,0.0,0.0083333333333333,0.0,17.023166666666597,0.0
2025-12-31,202101,NON PRIME,816758.73,-865.48,4566.36,0.0,0.0083333333333333,0.0,6806.322749999973,0.0
2025-12-31,202101,NRP-M,2263424.84,-387335.91,-25274.77,25487.51,0.010208119025845,0.01126059480729212,23105.310172774174,25487.51
2025-12-31,202101,NRP-S,1820717.48,-198051.68,0.0,17340.94,0.0106469523176989,0.00952423436940914,19385.0921935609,17340.94
2025-12-31,202101,PRIME,2718736.73,-352457.96,-25441.04,23249.23,0.0083333333333333,0.008551482658639037,22656.139416666578,23249.23
2025-12-31,202201,NON PRIME,1017806.09,-116194.56,-11200.59,7445.95,0.01019598375111,0.007315686232531779,10377.534355420801,7445.95
2025-12-31,202201,NRP-M,166489.11,-12384.74,-2051.87,2051.84,0.0112614565789034,0.012324169430661263,1874.9098831252718,2051.84
2025-12-31,202201,NRP-S,398138.75,-35211.89,0.0,3838.93,0.0098161062560049,0.009642191321492822,3908.1722746329706,3838.93
2025-12-31,202201,PRIME,98384.32,-8609.51,-925.76,841.13,0.0089101128641964,0.00854943145411789,876.6153952672151,841.13
2025-12-31,202301,NON PRIME,6059104.92,-500750.4,-94968.5,87442.43,0.0154482859353957,0.01443157548095404,93602.78531672287,87442.43
2025-12-31,202301,NRP-L,1091467.46,-27524.24,-8538.78,9902.87,0.0103461565484954,0.009072986930824306,11292.493208748641,9902.87
2025-12-31,202301,NRP-M,10846696.59,-499209.41,-156069.86,147769.91,0.013627184982623,0.013623494376733552,147809.94088231612,147769.91
2025-12-31,202301,NRP-S,4276453.97,-335615.36,0.0,63402.31,0.0150574820476038,0.014825907269148042,64392.628880678996,63402.31
2025-12-31,202404,NON PRIME,1230626.43,-92051.24,-26123.33,23281.93,0.0203782482127001,0.01891876318632292,25078.010847649002,23281.93
2025-12-31,202404,NRP-L,282296.67,-15593.83,-4224.51,3606.72,0.0130320640429038,0.012776346245954655,3678.9082825384794,3606.72
2025-12-31,202404,NRP-M,2752678.18,-113668.38,-40573.94,39208.71,0.0144491601159043,0.014243840883717107,39773.88777037604,39208.71
2025-12-31,202404,NRP-S,1061709.89,-52239.1,0.0,16176.23,0.0157142983056292,0.015236017063003907,16684.025925496764,16176.23
2025-12-31,202405,NON PRIME,1533356.66,-95378.75,-32225.32,29233.13,0.0204444422858944,0.019064794749057278,31348.621739061797,29233.13
2025-12-31,202405,NRP-L,437236.85,-14714.96,-5681.58,5372.83,0.0128960340264595,0.012288145429645283,5638.6212952219685,5372.83
2025-12-31,202405,NRP-M,2571735.86,-66244.28,-37403.3,36373.48,0.0144698485913142,0.014143552052036948,37212.62851105321,36373.48
2025-12-31,202405,NRP-S,935749.33,-48531.96,0.0,14821.43,0.0162944280018955,0.015839102978572266,15247.500085506952,14821.43
2025-12-31,202405,PRIME,4792.89,-4.9,-49.99,48.39,0.0100747872586797,0.010096205003661674,48.28734710425335,48.39
2025-12-31,202406,NON PRIME,2062237.82,-121088.88,-46198.28,42736.31,0.0220533267365067,0.02072326944328855,45479.204452841295,42736.31
2025-12-31,202406,NRP-L,249831.56,-5374.99,-3811.12,3734.96,0.0150910573642255,0.014949912653149187,3770.222403353945,3734.96
2025-12-31,202406,NRP-M,2384357.65,-80279.99,-33091.57,33063.96,0.0142058423371304,0.013867030392860736,33871.808851230744,33063.96
2025-12-31,202406,NRP-S,1118902.75,-59155.9,0.0,18008.47,0.0165934440272594,0.01609475890554385,18566.450154071616,18008.47
2025-12-31,202407,NON PRIME,2202763.77,-134138.96,-52671.4,47338.88,0.0227911208357712,0.021490674871595512,50203.45525472892,47338.88
2025-12-31,202407,NRP-L,432781.06,-19303.74,-6575.12,6226.34,0.0146100311036824,0.014386812583711496,6322.944747684639,6226.34
2025-12-31,202407,NRP-M,4097036.22,-118551.96,-60920.39,57796.13,0.014383807167615,0.014106814510905152,58930.97894721427,57796.13
2025-12-31,202407,NRP-S,1076673.78,-73712.66,0.0,17657.72,0.0168481486882262,0.016400250779767294,18139.959934154544,17657.72
2025-12-31,202407,PRIME,2743.8,-157.66,-28.72,27.49,0.0100326772519103,0.010018951818645672,27.527659843791483,27.49
2025-12-31,202408,NON PRIME,2272358.87,-160413.5,-52305.37,46040.5,0.0219488944329521,0.020261104268270793,49875.76495141233,46040.5
2025-12-31,202408,NRP-L,526923.5,-26443.29,-8352.27,7975.23,0.0152851171799328,0.01513546084014093,8054.087442360321,7975.23
2025-12-31,202408,NRP-M,2807684.94,-79336.45,-43652.97,42458.51,0.015367199085322,0.015122248723533774,43146.25344184035,42458.51
2025-12-31,202408,NRP-S,1236620.95,-60856.09,0.0,20918.19,0.0172865882822319,0.016915603766861624,21376.95722383248,20918.19
2025-12-31,202409,NON PRIME,2214153.1,-162849.0,-54543.85,47411.93,0.0228671292520501,0.021413121793610386,50631.325121527414,47411.93
2025-12-31,202409,NRP-L,577772.77,-16155.3,-8786.51,8664.26,0.0152260554162157,0.01499596459002386,8797.200214000448,8664.26
2025-12-31,202409,NRP-M,2832845.73,-96784.85,-44537.99,42454.13,0.0153020232471114,0.014986389675374238,43348.271215940265,42454.13
2025-12-31,202409,NRP-S,1098418.42,-74637.21,0.0,18111.76,0.0168704099210221,0.01648894416756048,18530.769010201417,18111.76
2025-12-31,202409,PRIME,9249.43,-432.71,-96.53,92.96,0.0100584740845944,0.010050349048535964,93.03515195226998,92.96
2025-12-31,202410,NON PRIME,2908951.32,-200795.19,-76707.12,64413.12,0.0232185452759837,0.022143072507655442,67541.61792905255,64413.12
2025-12-31,202410,NRP-L,448363.74,-7757.41,-7335.3,7003.56,0.0162671837927962,0.015620264029379362,7293.61536460549,7003.56
2025-12-31,202410,NRP-M,2777991.26,-94215.27,-43127.16,40570.28,0.014701083133057,0.014604178416313665,40839.48045616576,40570.28
2025-12-31,202410,NRP-S,1069906.1,-54032.64,0.0,17998.18,0.0170353264329407,0.016822205238384937,18226.199666094497,17998.18
2025-12-31,202411,NON PRIME,3129185.52,-226123.01,-82768.42,73828.64,0.0247877337506715,0.023593564372623072,77565.41752621655,73828.64
2025-12-31,202411,NRP-L,568545.0,-18105.79,-8413.79,8105.0,0.0141298462448368,0.014255687764381008,8033.453433270738,8105.0
2025-12-31,202411,NRP-M,3099410.96,-112649.81,-50792.64,47596.36,0.0156001288306386,0.015356582464946823,48351.21027509326,47596.36
2025-12-31,202411,NRP-S,1197508.82,-64308.23,0.0,21164.32,0.018017105117717,0.017673623481119744,21575.64228933325,21164.32
2025-12-31,202412,NON PRIME,3383328.17,-245929.69,-94823.55,89081.37,0.0248657154375268,0.026329509147201644,84128.87550698829,89081.37
2025-12-31,202412,NRP-L,49917.48,-678.62,-673.97,739.86,0.0123839943284755,0.014821661670420861,618.1777892117892,739.86
2025-12-31,202412,NRP-M,2536940.28,-67749.49,-38135.7,39584.72,0.0151591788725611,0.015603331427257722,38457.93149352524,39584.72
2025-12-31,202412,NRP-S,1282412.03,-68986.44,0.0,22835.52,0.0177565367675234,0.017806695091592363,22771.19636180932,22835.52
2025-12-31,202501,NON PRIME,3756718.94,-260766.73,-87873.12,92831.19,0.0257099652366611,0.024710709393660418,96585.11335130634,92831.19
2025-12-31,202501,NRP-L,57472.41,-1094.35,-902.87,868.12,0.0171340457193648,0.01510498689719119,984.7349005420789,868.12
2025-12-31,202501,NRP-M,4647971.22,-143736.08,-75408.19,73114.74,0.0156697457214691,0.015730463150329062,72832.5271381065,73114.74
2025-12-31,202501,NRP-S,2033136.38,-111415.19,0.0,36941.81,0.0178913780974928,0.01816986325334457,36375.6116983478,36941.81
2025-12-31,202502,NON PRIME,5217116.25,-387937.72,-151020.49,142310.97,0.0272493175761933,0.027277707296631544,142162.85752816868,142310.97
2025-12-31,202502,NRP-L,123744.56,-4978.89,-1706.4,1897.17,0.0154953262642354,0.015331340626206115,1917.4623306242531,1897.17
2025-12-31,202502,NRP-M,4880141.81,-179065.32,-71177.65,75924.45,0.0157584011264097,0.015557836832614502,76903.23219574307,75924.45
2025-12-31,202502,NRP-S,2223700.19,-112154.17,0.0,39498.21,0.0178644610048735,0.017762380997952788,39725.20533078479,39498.21
2025-12-31,202503,NON PRIME,6677317.79,-439819.52,-201759.53,187606.34,0.0347631873764749,0.02809606280548166,232124.8495060393,187606.34
2025-12-31,202503,NRP-L,77078.19,-914.47,-1137.7,1222.31,0.0178243636566151,0.015858052712446932,1373.8696885536733,1222.31
2025-12-31,202503,NRP-M,5853603.16,-135491.58,-93821.38,91020.19,0.0168296385885087,0.015549429558528529,98514.02562335247,91020.19
2025-12-31,202503,NRP-S,2488149.03,-142127.92,0.0,47319.93,0.0213043809831144,0.019018125292921063,53008.47487788654,47319.93
2025-12-31,202504,NON PRIME,8176817.8,-486125.2,-227308.17,219728.09,0.0356338912627711,0.02687207852423959,291371.8363606912,219728.09
2025-12-31,202504,NRP-L,58008.77,-1055.56,-919.77,914.8,0.0166366017843202,0.01577002925592113,965.06880648822,914.8
2025-12-31,202504,NRP-M,7414091.56,-216436.44,-121997.87,118195.23,0.0164275860246004,0.015941970643804676,121795.62689616377,118195.23
2025-12-31,202504,NRP-S,2225577.73,-112224.92,0.0,41908.47,0.020487502908049,0.018830378034021756,45596.53021546409,41908.47
2025-12-31,202504,PRIME,3293.31,-44.82,-34.45,33.45,0.011135166842726,0.010156954553321735,36.67155631481796,33.45
2025-12-31,202505,NON PRIME,8782736.35,-496427.39,-252905.06,246489.19,0.0343489874306925,0.028065192916783846,301678.1004932361,246489.19
2025-12-31,202505,NRP-L,15969.34,-999.74,-273.54,255.03,0.0157966823854198,0.015969977469325596,252.26259188477982,255.03
2025-12-31,202505,NRP-M,6900106.19,-145684.44,-107747.53,108484.33,0.016636899719721,0.015722124705446018,114796.37473845616,108484.33
2025-12-31,202505,NRP-S,2266498.49,-108427.98,0.0,41556.89,0.0204843399464785,0.018335282455890802,46427.72555734021,41556.89
2025-12-31,202506,NON PRIME,9782913.72,-612473.01,-294416.47,300677.13,0.035520772510527,0.030734926076808944,347496.65273823345,300677.13
2025-12-31,202506,NRP-L,29023.33,-352.46,-444.2,455.17,0.0158719014754618,0.015682900618226785,460.65543424981473,455.17
2025-12-31,202506,NRP-M,6804268.22,-192026.22,-114271.57,111861.21,0.0167330498622469,0.01643985898016231,113856.15940136195,111861.21
2025-12-31,202506,NRP-S,2590906.06,-139273.09,0.0,51300.46,0.0206818517867955,0.019800200706620755,53584.73512643029,51300.46
2025-12-31,202507,NON PRIME,12135893.94,-682581.27,-420668.48,383512.93,0.0377833333333333,0.03160153935887149,458534.52603299957,383512.93
2025-12-31,202507,NRP-L,111147.47,-1876.02,-1640.15,1712.86,0.01685,0.015410697157569127,1872.8348695,1712.86
2025-12-31,202507,NRP-M,8258970.17,-192656.17,-133556.65,137765.22,0.0155583333333333,0.016680677755735254,128495.8108949164,137765.22
2025-12-31,202507,NRP-S,2955225.8,-169649.99,0.0,59469.5,0.0212333333333333,0.02012350460665307,62749.29448666656,59469.5
2025-12-31,202507,PRIME,9500.02,-174.06,-96.08,95.84,0.0113,0.010088399813895128,107.35022599999999,95.84
2025-12-31,202508,NON PRIME,9510170.71,-489922.25,-319855.2,312331.52,0.0379333333333333,0.032841841595081106,360752.475599333,312331.52
2025-12-31,202508,NRP-L,45733.79,-640.69,-780.5,705.06,0.0153166666666666,0.015416609907029352,700.4892168333303,705.06
2025-12-31,202508,NRP-M,7144569.0,-119825.66,-122347.52,119238.53,0.01575,0.016689394419733366,112526.96175,119238.53
2025-12-31,202508,NRP-S,3111449.29,-149182.75,0.0,63493.09,0.0205083333333333,0.020406275044900377,63810.639189083224,63493.09
2025-12-31,202508,PRIME,29032.47,-507.45,-303.27,293.03,0.0112416666666666,0.010093181875327864,326.37335024999805,293.03
2025-12-31,202509,NON PRIME,10481839.21,-537764.08,-366426.45,358949.99,0.0379333333333333,0.03424494335474546,397611.100699333,358949.99
2025-12-31,202509,NRP-L,15048.75,-174.0,-233.41,238.22,0.0153166666666666,0.01582988620317302,230.49668749999898,238.22
2025-12-31,202509,NRP-M,8410593.68,-263547.93,-146225.95,141861.03,0.01575,0.01686694606794987,132466.85046,141861.03
2025-12-31,202509,NRP-S,3198950.28,-154721.14,0.0,66451.07,0.0205083333333333,0.0207727736237276,65605.13865899989,66451.07
2025-12-31,202509,PRIME,24250.65,-412.27,-253.3,244.83,0.0112416666666666,0.010095811864836612,272.6177237499984,244.83
2026-01-31,201912,NON PRIME,333231.03,11880.33,3866.77,0.0,0.0,0.0,0.0,0.0
2026-01-31,201912,NRP-S,59038.46,-497.79,0.0,0.0,0.0083333333333333,0.0,491.98716666666473,0.0
2026-01-31,202001,NON PRIME,85878.75,3311.72,855.15,0.0,0.0083333333333333,0.0,715.6562499999972,0.0
2026-01-31,202001,NRP-S,1021.26,-510.63,0.0,0.0,0.0083333333333333,0.0,8.510499999999967,0.0
2026-01-31,202101,NON PRIME,810644.53,252.24,4773.67,0.0,0.0083333333333333,0.0,6755.371083333307,0.0
2026-01-31,202101,NRP-M,1876279.86,-319428.57,-21224.1,21886.88,0.010208119025845,0.01166504020354405,19153.288136675794,21886.88
2026-01-31,202101,NRP-S,1639931.75,-174850.51,0.0,15566.86,0.0106469523176989,0.009492382838493126,17460.275146530512,15566.86
2026-01-31,202101,PRIME,2363878.9,-300509.34,-23653.4,22062.28,0.0083333333333333,0.009333083856368446,19698.990833333253,22062.28
2026-01-31,202201,NON PRIME,828530.28,-96091.94,-8235.27,5079.93,0.01019598375111,0.006131254490783366,8447.681272182619,5079.93
2026-01-31,202201,NRP-M,149689.54,-10393.38,-1853.72,1847.62,0.0112614565789034,0.012343013412961252,1685.7222550260237,1847.62
2026-01-31,202201,NRP-S,355825.19,-31642.72,0.0,3433.06,0.0098161062560049,0.009648164594530252,3492.817873603132,3433.06
2026-01-31,202201,PRIME,89688.88,-7959.94,-851.59,761.78,0.0089101128641964,0.00849358359698549,799.1380434633672,761.78
2026-01-31,202301,NON PRIME,5118606.06,-420927.93,-77549.24,72065.74,0.0154482859353957,0.014079172953583385,79073.69000552919,72065.74
2026-01-31,202301,NRP-L,1065296.26,-24310.45,-7487.13,9115.73,0.0103461565484954,0.0085569905220544,11021.72187648666,9115.73
2026-01-31,202301,NRP-M,10103321.82,-462533.6,-145650.11,137709.94,0.013627184982623,0.013630164658062926,137679.8353801113,137709.94
2026-01-31,202301,NRP-S,3884351.07,-305661.16,0.0,57306.15,0.0150574820476038,0.014753082037973464,58488.546503115605,57306.15
2026-01-31,202404,NON PRIME,1074096.86,-81192.49,-22477.98,19779.89,0.0203782482127001,0.018415368982644637,21888.21241756179,19779.89
2026-01-31,202404,NRP-L,266078.53,-15726.53,-3994.55,3381.28,0.0130320640429038,0.012707827271896007,3467.5524434017,3381.28
2026-01-31,202404,NRP-M,2596239.35,-110503.9,-38526.84,36813.16,0.0144491601159043,0.014179416855383539,37513.478067361306,36813.16
2026-01-31,202404,NRP-S,1004853.9,-49777.72,0.0,15136.24,0.0157142983056292,0.015063125097091228,15790.573938174895,15136.24
2026-01-31,202405,NON PRIME,1346845.85,-83911.55,-27923.98,25056.59,0.0204444422858944,0.018603903334594673,27535.512248321385,25056.59
2026-01-31,202405,NRP-L,422204.04,-13143.7,-5484.8,5074.9,0.0128960340264595,0.012020017619916664,5444.757665948668,5074.9
2026-01-31,202405,NRP-M,2467242.07,-60855.98,-35740.25,34591.83,0.0144698485913142,0.014020444293088762,35700.619191020625,34591.83
2026-01-31,202405,NRP-S,888692.84,-46150.66,0.0,13931.29,0.0162944280018955,0.015676158705183223,14480.741497180037,13931.29
2026-01-31,202405,PRIME,4786.4,1.0,-49.9,48.29,0.0100747872586797,0.010089002172822999,48.22196173494451,48.29
2026-01-31,202406,NON PRIME,1852748.51,-108194.63,-40909.29,37530.01,0.0220533267365067,0.020256397345584695,40859.26825160595,37530.01
2026-01-31,202406,NRP-L,244380.41,-4792.79,-3706.67,3649.7,0.0150910573642255,0.014934503137956107,3687.958786002947,3649.7
2026-01-31,202406,NRP-M,2260020.09,-74568.75,-31341.95,31014.41,0.0142058423371304,0.01372306827591077,32105.489077287253,31014.41
2026-01-31,202406,NRP-S,1060829.85,-55839.95,0.0,16868.27,0.0165934440272594,0.01590101372053209,17602.820738420985,16868.27
2026-01-31,202407,NON PRIME,1963381.19,-117220.15,-46573.53,41352.72,0.0227911208357712,0.02106199255173673,44747.657947970256,41352.72
2026-01-31,202407,NRP-L,413128.29,-19071.46,-6294.99,5917.72,0.0146100311036824,0.01432417034427732,6035.817166711123,5917.72
2026-01-31,202407,NRP-M,3925251.78,-113725.99,-58372.74,54924.86,0.014383807167615,0.013992697304120451,56460.064687857535,54924.86
2026-01-31,202407,NRP-S,1005310.39,-70947.56,0.0,16321.25,0.0168481486882262,0.016235035629145342,16937.618928538668,16321.25
2026-01-31,202407,PRIME,2584.91,-152.01,-27.04,25.88,0.0100326772519103,0.01001195399452979,25.93356775523545,25.88
2026-01-31,202408,NON PRIME,2001079.25,-141698.87,-45331.53,39344.14,0.0219488944329521,0.019661460184547914,43921.47721022097,39344.14
2026-01-31,202408,NRP-L,500103.15,-27945.91,-8091.21,7564.8,0.0152851171799328,0.015126479407298273,7644.13524980351,7564.8
2026-01-31,202408,NRP-M,2697106.22,-74517.12,-41909.79,40501.52,0.015367199085322,0.015016657371395627,41446.96823700028,40501.52
2026-01-31,202408,NRP-S,1174795.59,-58181.74,0.0,19707.45,0.0172865882822319,0.0167752161888861,20308.20768011171,19707.45
2026-01-31,202409,NON PRIME,1954793.03,-145768.38,-48203.09,40818.1,0.0228671292520501,0.020881034142013487,44700.50487801665,40818.1
2026-01-31,202409,NRP-L,561495.22,-17320.31,-8564.95,8381.96,0.0152260554162157,0.014927927614414953,8549.357335660225,8381.96
2026-01-31,202409,NRP-M,2701097.72,-92524.03,-42597.08,40137.04,0.0153020232471114,0.014859529036217171,41332.260104159606,40137.04
2026-01-31,202409,NRP-S,1026268.54,-72971.37,0.0,16758.83,0.0168704099210221,0.016329868203891353,17313.570958848864,16758.83
2026-01-31,202409,PRIME,8813.15,-420.18,-91.93,88.54,0.0100584740845944,0.01004635119111782,88.64684087864313,88.54
2026-01-31,202410,NON PRIME,2599293.13,-180722.65,-68330.9,55605.3,0.0232185452759837,0.02139246988276386,60351.80522445839,55605.3
2026-01-31,202410,NRP-L,440266.86,-6887.29,-7424.87,6870.04,0.0162671837927962,0.01560426328704368,7161.901929497274,6870.04
2026-01-31,202410,NRP-M,2660035.49,-94392.67,-41477.17,38417.13,0.014701083133057,0.014442337384002345,39105.40287537201,38417.13
2026-01-31,202410,NRP-S,1023403.54,-51275.9,0.0,17024.27,0.0170353264329407,0.016634953207216772,17434.013376527088,17024.27
2026-01-31,202411,NON PRIME,2788909.33,-204572.29,-73988.88,63914.2,0.0247877337506715,0.02291727425932488,69130.74192680365,63914.2
2026-01-31,202411,NRP-L,550130.42,-19691.51,-8106.42,7777.91,0.0141298462448368,0.014138301968467767,7773.258249207493,7777.91
2026-01-31,202411,NRP-M,2967325.6,-111290.02,-49087.68,45198.04,0.0156001288306386,0.015231911186288421,46290.66164245198,45198.04
2026-01-31,202411,NRP-S,1148817.41,-61947.06,0.0,20159.47,0.018017105117717,0.01754801922787713,20698.36403703339,20159.47
2026-01-31,202412,NON PRIME,3097100.78,-220088.45,-86098.02,74028.61,0.0248657154375268,0.023902551211136245,77011.62667682228,74028.61
2026-01-31,202412,NRP-L,49304.74,-745.04,-659.4,615.29,0.0123839943284755,0.012479327545384075,610.589620526959,615.29
2026-01-31,202412,NRP-M,2457316.54,-59561.41,-38812.62,37282.17,0.0151591788725611,0.015171903738539112,37250.900976362944,37282.17
2026-01-31,202412,NRP-S,1233421.27,-64486.35,0.0,21510.47,0.0177565367675234,0.01743967817256792,21901.290130600406,21510.47
2026-01-31,202501,NON PRIME,3462413.88,-251678.32,-97040.06,91163.66,0.0257099652366611,0.02632950974653556,89018.54048973288,91163.66
2026-01-31,202501,NRP-L,56343.32,-765.98,-760.73,835.1,0.0171340457193648,0.014821632804030718,965.3890208608012,835.1
2026-01-31,202501,NRP-M,4483776.49,-119740.14,-67400.86,69961.84,0.0156697457214691,0.015603329058893388,70259.63747020124,69961.84
2026-01-31,202501,NRP-S,1954135.04,-105121.29,0.0,34796.68,0.0178913780974928,0.017806691598959302,34962.16885419922,34796.68
2026-01-31,202502,NON PRIME,4767066.34,-330898.4,-111506.07,117797.59,0.0272493175761933,0.024710709186396597,129899.30460544146,117797.59
2026-01-31,202502,NRP-L,118956.43,-2265.08,-1868.75,1796.84,0.0154953262642354,0.015105026268861633,1843.2686940786798,1796.84
2026-01-31,202502,NRP-M,4705799.18,-145524.38,-76346.38,74024.4,0.0157584011264097,0.015730463024136103,74155.87109876984,74024.4
2026-01-31,202502,NRP-S,2145835.74,-117591.07,0.0,38989.55,0.0178644610048735,0.0181698670001647,38334.19890009387,38989.55
2026-01-31,202503,NON PRIME,6223275.27,-462754.34,-180145.9,169756.69,0.0347631873764749,0.02727770870402138,216340.88430639243,169756.69
2026-01-31,202503,NRP-L,76248.33,-3067.87,-1051.44,1168.99,0.0178243636566151,0.015331352175188624,1359.0779621295947,1168.99
2026-01-31,202503,NRP-M,5715307.47,-209709.76,-83358.67,88917.82,0.0168296385885087,0.015557836646013378,96186.55914230403,88917.82
2026-01-31,202503,NRP-S,2393324.39,-120709.31,0.0,42511.14,0.0213043809831144,0.017762381137142885,50988.29462073988,42511.14
2026-01-31,202504,NON PRIME,7683091.44,-506067.51,-232149.64,215864.62,0.0356338912627711,0.028096062852533223,273778.4449348874,215864.62
2026-01-31,202504,NRP-L,56948.25,-675.64,-840.57,903.09,0.0166366017843202,0.015858081679419475,947.4253575639128,903.09
2026-01-31,202504,NRP-M,7193852.47,-166513.93,-115302.86,111860.3,0.0164275860246004,0.015549429247608689,118177.63029920906,111860.3
2026-01-31,202504,NRP-S,2155258.78,-123112.58,0.0,40988.99,0.020487502908049,0.01901812922901073,44155.870522848134,40988.99
2026-01-31,202504,PRIME,3247.49,-45.28,-33.97,32.98,0.011135166842726,0.010155535505883004,36.161342970084256,32.98
2026-01-31,202505,NON PRIME,8279878.62,-492252.34,-230173.17,222497.55,0.0343489874306925,0.02687207871170459,284405.44664603955,222497.55
2026-01-31,202505,NRP-L,14951.09,-272.06,-237.06,235.78,0.0157966823854198,0.01577008766584911,236.1776200458261,235.78
2026-01-31,202505,NRP-M,6755158.55,-197200.49,-111155.22,107690.54,0.016636899719721,0.015941970747674013,112384.89538716592,107690.54
2026-01-31,202505,NRP-S,2199627.4,-110916.38,0.0,41419.81,0.0204843399464785,0.018830375544512674,45057.91541718864,41419.81
2026-01-31,202506,NON PRIME,9176691.67,-518694.96,-264249.28,257545.63,0.035520772510527,0.02806519378241244,325963.17720931815,257545.63
2026-01-31,202506,NRP-L,28681.85,-1795.59,-491.3,458.05,0.0158719014754618,0.015970029827225233,455.23549733397397,458.05
2026-01-31,202506,NRP-M,6609831.65,-139555.76,-103214.79,103920.6,0.0167330498622469,0.015722125086196408,110602.6425805077,103920.6
2026-01-31,202506,NRP-S,2502929.84,-119738.72,0.0,45891.92,0.0206818517867955,0.018335280225034195,51765.22398362777,45891.92
2026-01-31,202507,NON PRIME,11416019.45,-714715.88,-343564.74,350870.52,0.0377833333333333,0.030734926612270272,431335.26821916626,350870.52
2026-01-31,202507,NRP-L,109344.16,-1327.87,-1673.51,1714.84,0.01685,0.015682959199649984,1842.449096,1714.84
2026-01-31,202507,NRP-M,8070522.58,-227761.74,-135537.17,132678.26,0.0155583333333333,0.016439859833711042,125563.88047383307,132678.26
2026-01-31,202507,NRP-S,2845044.62,-152934.21,0.0,56332.46,0.0212333333333333,0.01980020264146156,60409.78076466657,56332.46
2026-01-31,202507,PRIME,9325.72,-2619.72,-131.12,103.82,0.0113,0.011132652492247248,105.38063599999998,103.82
2026-01-31,202508,NON PRIME,9012615.94,-506913.03,-312405.78,284812.53,0.0379333333333333,0.03160153854287061,341878.564657333,284812.53
2026-01-31,202508,NRP-L,45017.66,-759.84,-664.31,693.75,0.0153166666666666,0.015410618854911604,689.5204923333304,693.75
2026-01-31,202508,NRP-M,7021381.09,-163787.06,-113543.47,117121.4,0.01575,0.016680678416217398,110586.7521675,117121.4
2026-01-31,202508,NRP-S,3025759.63,-173699.11,0.0,60888.89,0.0205083333333333,0.020123505316250123,62053.28707858323,60888.89
2026-01-31,202508,PRIME,28514.78,-522.46,-288.38,287.67,0.0112416666666666,0.010088452374522968,320.5536518333314,287.67
2026-01-31,202509,NON PRIME,9936435.59,-511881.55,-334191.75,326330.84,0.0379333333333333,0.03284184122608498,376922.1233806663,326330.84
2026-01-31,202509,NRP-L,14879.55,-208.45,-253.94,229.39,0.0153166666666666,0.015416460847270247,227.905107499999,229.39
2026-01-31,202509,NRP-M,8142680.82,-136565.56,-139439.74,135896.42,0.01575,0.016689395421985852,128247.222915,135896.42
2026-01-31,202509,NRP-S,3110670.71,-149145.42,0.0,63477.2,0.0205083333333333,0.02040627437547062,63794.67181091656,63477.2
2026-01-31,202509,PRIME,23829.91,-416.52,-248.92,240.52,0.0112416666666666,0.010093198002006722,267.8879049166651,240.52
2026-02-28,201912,NON PRIME,317057.22,11210.19,3688.75,0.0,0.0,0.0,0.0,0.0
2026-02-28,201912,NRP-S,58534.46,-448.96,0.0,0.0,0.0083333333333333,0.0,487.78716666666475,0.0
2026-02-28,202001,NON PRIME,81673.2,3313.47,832.26,0.0,0.0083333333333333,0.0,680.6099999999973,0.0
2026-02-28,202001,NRP-S,510.56,-255.28,0.0,0.0,0.0083333333333333,0.0,4.25466666666665,0.0
2026-02-28,202101,NON PRIME,804884.93,1299.59,4978.51,0.0,0.0083333333333333,0.0,6707.37441666664,0.0
2026-02-28,202101,NRP-M,1557494.5,-277367.72,-17821.99,18715.78,0.010208119025845,0.012016594601136632,15899.089238098944,18715.78
2026-02-28,202101,NRP-S,1480574.96,-158569.54,0.0,13851.82,0.0106469523176989,0.009355703273544489,15763.611001898955,13851.82
2026-02-28,202101,PRIME,2061733.25,-270663.69,-21442.23,20081.23,0.0083333333333333,0.00973997484883168,17181.110416666597,20081.23
2026-02-28,202201,NON PRIME,727583.21,-85601.33,-6528.88,3678.17,0.01019598375111,0.005055325562006853,7418.426586740454,3678.17
2026-02-28,202201,NRP-M,139289.6,-9606.99,-1732.06,1726.06,0.0112614565789034,0.012391879939349383,1568.603782292823,1726.06
2026-02-28,202201,NRP-S,327457.37,-29073.38,0.0,3125.2,0.0098161062560049,0.009543837721533034,3214.356338231911,3125.2
2026-02-28,202201,PRIME,81638.59,-7503.51,-777.0,688.84,0.0089101128641964,0.008437676348893336,727.4090509738555,688.84
2026-02-28,202301,NON PRIME,4690864.87,-384256.88,-68827.61,64498.62,0.0154482859353957,0.013749835432799411,72465.82179606278,64498.62
2026-02-28,202301,NRP-L,1042611.92,-21640.2,-6605.55,8449.98,0.0103461565484954,0.008104626311964666,10787.026143647363,8449.98
2026-02-28,202301,NRP-M,9632805.78,-439250.13,-139070.52,131321.04,0.013627184982623,0.013632688439816132,131268.02626574005,131321.04
2026-02-28,202301,NRP-S,3635716.12,-286910.61,0.0,53383.44,0.0150574820476038,0.01468306056854626,54744.73020708375,53383.44
2026-02-28,202404,NON PRIME,990008.62,-75525.08,-20449.76,17790.77,0.0203782482127001,0.017970318278642868,20174.64139107269,17790.77
2026-02-28,202404,NRP-L,249737.31,-15591.71,-3763.43,3158.51,0.0130320640429038,0.012647329307743406,3254.5926178225195,3158.51
2026-02-28,202404,NRP-M,2483983.53,-108450.66,-37063.65,35078.72,0.0144491601159043,0.014121961589656758,35891.475750239166,35078.72
2026-02-28,202404,NRP-S,970183.26,-48339.07,0.0,14465.85,0.0157142983056292,0.01491043042734009,15245.749158767814,14465.85
2026-02-28,202405,NON PRIME,1259819.31,-78603.35,-25797.77,22924.93,0.0204444422858944,0.018196998425115424,25756.303173950306,22924.93
2026-02-28,202405,NRP-L,408644.14,-11861.7,-5265.34,4817.38,0.0128960340264595,0.011788692234764458,5269.88873415328,4817.38
2026-02-28,202405,NRP-M,2405185.95,-57110.46,-34716.16,33463.9,0.0144698485913142,0.013913227790142379,34802.67653045621,33463.9
2026-02-28,202405,NRP-S,856413.55,-44522.84,0.0,13302.53,0.0162944280018955,0.01553283457507182,13954.768930322733,13302.53
2026-02-28,202405,PRIME,4783.8,6.32,-49.93,48.24,0.0100747872586797,0.010084033613445379,48.19576728807195,48.24
2026-02-28,202406,NON PRIME,1740984.04,-101203.93,-37945.87,34556.04,0.0220533267365067,0.01984856793977273,38394.489877163454,34556.04
2026-02-28,202406,NRP-L,239530.65,-4311.47,-3616.3,3574.18,0.0150910573642255,0.014921597716200411,3614.7707796402206,3574.18
2026-02-28,202406,NRP-M,2185088.94,-70872.16,-30274.77,29713.66,0.0142058423371304,0.01359837554255343,31041.028974247387,29713.66
2026-02-28,202406,NRP-S,1021824.76,-53598.7,0.0,16076.09,0.0165934440272594,0.015732727008885554,16955.59196072777,16076.09
2026-02-28,202407,NON PRIME,1840666.29,-108063.32,-43351.99,38085.95,0.0227911208357712,0.02069139322370053,41950.847833720676,38085.95
2026-02-28,202407,NRP-L,393679.29,-18697.57,-6006.48,5618.44,0.0146100311036824,0.01427161687880508,5751.666671775603,5618.44
2026-02-28,202407,NRP-M,3808018.52,-110463.95,-56627.69,52910.07,0.014383807167615,0.013894383580886576,54773.80408238667,52910.07
2026-02-28,202407,NRP-S,950650.86,-68796.35,0.0,15298.48,0.0168481486882262,0.016092637837617902,16016.707039870107,15298.48
2026-02-28,202407,PRIME,2431.73,-145.81,-25.47,24.33,0.0100326772519103,0.010005222619287503,24.396762253787834,24.33
2026-02-28,202408,NON PRIME,1853097.89,-131577.65,-41400.71,35489.52,0.0219488944329521,0.0191514545408068,40673.44996153628,35489.52
2026-02-28,202408,NRP-L,471630.81,-28608.21,-7681.68,7130.46,0.0152851171799328,0.015118732383068868,7208.932196516623,7130.46
2026-02-28,202408,NRP-M,2621160.76,-71050.22,-40706.04,39125.61,0.015367199085322,0.014926825777751992,40279.899233553915,39125.61
2026-02-28,202408,NRP-S,1136274.81,-56572.81,0.0,18925.2,0.0172865882822319,0.016655477912073047,19642.314815941278,18925.2
2026-02-28,202409,NON PRIME,1801104.11,-135843.4,-44445.16,36806.5,0.0228671292520501,0.020435520520798767,41186.080479768665,36806.5
2026-02-28,202409,NRP-L,543991.93,-18084.26,-8264.64,8089.77,0.0152260554162157,0.014871121341818434,8282.851272154132,8089.77
2026-02-28,202409,NRP-M,2606052.22,-89464.1,-41201.4,38448.46,0.0153020232471114,0.014753526312684555,39877.87165362628,38448.46
2026-02-28,202409,NRP-S,970013.39,-71517.66,0.0,15710.95,0.0168704099210221,0.016196632089790018,16364.523518180278,15710.95
2026-02-28,202409,PRIME,8389.58,-406.26,-87.62,84.26,0.0100584740845944,0.010043410993160563,84.38637301063149,84.26
2026-02-28,202410,NON PRIME,2405576.91,-168238.51,-63084.47,49979.47,0.0232185452759837,0.02077650055262627,55853.99639969597,49979.47
2026-02-28,202410,NRP-L,432816.52,-6178.31,-7541.81,6748.1,0.0162671837927962,0.015591133166543644,7040.705879398453,6748.1
2026-02-28,202410,NRP-M,2562488.53,-94258.15,-40102.28,36668.03,0.014701083133057,0.01430953917284461,37671.35690703502,36668.03
2026-02-28,202410,NRP-S,989126.17,-49231.95,0.0,16302.31,0.0170353264329407,0.016481527326286393,16850.0871893144,16302.31
2026-02-28,202411,NON PRIME,2573983.4,-191063.53,-68483.1,57595.9,0.0247877337506715,0.022376173832356495,63803.21519784818,57595.9
2026-02-28,202411,NRP-L,530110.39,-20691.26,-7725.36,7444.65,0.0141298462448368,0.014043584393808994,7490.378303490472,7444.65
2026-02-28,202411,NRP-M,2852098.65,-109656.98,-47549.03,43158.15,0.0156001288306386,0.015132067749479845,44493.10637769043,43158.15
2026-02-28,202411,NRP-S,1107014.96,-59886.83,0.0,19315.85,0.018017105117717,0.017448589854648394,19945.20490120528,19315.85
2026-02-28,202412,NON PRIME,2864735.28,-204393.5,-80068.83,66827.64,0.0248657154375268,0.02332768422498012,71233.69227632365,66827.64
2026-02-28,202412,NRP-L,48515.59,-691.48,-645.49,578.67,0.0123839943284755,0.011927506189247622,600.8167914026426,578.67
2026-02-28,202412,NRP-M,2396172.21,-54643.52,-37995.58,36078.24,0.0151591788725611,0.015056613981847322,36324.003140850036,36078.24
2026-02-28,202412,NRP-S,1190410.11,-61952.13,0.0,20575.82,0.0177565367675234,0.017284648229340054,21137.560886646577,20575.82
2026-02-28,202501,NON PRIME,3204473.24,-224671.79,-87689.48,77282.25,0.0257099652366611,0.02411699028574194,82386.89560221077,77282.25
2026-02-28,202501,NRP-L,55651.7,-1073.14,-886.5,872.99,0.0171340457193648,0.015686672644321737,953.538772160374,872.99
2026-02-28,202501,NRP-M,4364381.93,-133835.78,-70762.22,65841.02,0.0156697457214691,0.015085989506880762,68388.75507447454,65841.02
2026-02-28,202501,NRP-S,1883722.13,-102322.71,0.0,32696.06,0.0178913780974928,0.017357156599312237,33702.384858444486,32696.06
2026-02-28,202502,NON PRIME,4441962.78,-322880.45,-124493.59,116954.7,0.0272493175761933,0.026329509226549617,121040.45445385046,116954.7
2026-02-28,202502,NRP-L,116619.43,-1585.43,-1574.56,1728.48,0.0154953262642354,0.01482154388852698,1807.0561165991617,1728.48
2026-02-28,202502,NRP-M,4557931.68,-121720.47,-68515.58,71118.91,0.0157584011264097,0.01560332953476828,71825.71572021046,71118.91
2026-02-28,202502,NRP-S,2066839.83,-111184.17,0.0,36803.58,0.0178644610048735,0.017806691871232228,36922.97954635437,36803.58
2026-02-28,202503,NON PRIME,5750068.76,-399131.97,-134499.4,142088.28,0.0347631873764749,0.0247107097202782,199890.7177314947,142088.28
2026-02-28,202503,NRP-L,73298.0,-1395.69,-1151.48,1107.17,0.0178243636566151,0.015105050615296461,1306.4902073025735,1107.17
2026-02-28,202503,NRP-M,5511154.3,-170429.57,-89412.38,86693.01,0.0168296385885087,0.015730463217115877,92750.73507450566,86693.01
2026-02-28,202503,NRP-S,2315111.79,-126867.35,0.0,42065.27,0.0213043809831144,0.018169865568349076,49322.02359265994,42065.27
2026-02-28,202504,NON PRIME,7160719.9,-532461.46,-207282.22,195328.03,0.0356338912627711,0.027277708488499877,255164.31427976114,195328.03
2026-02-28,202504,NRP-L,56335.12,-2266.66,-776.85,863.69,0.0166366017843202,0.015331288901133076,937.2249579118926,863.69
2026-02-28,202504,NRP-M,7023895.97,-257725.34,-102444.64,109276.63,0.0164275860246004,0.015557837198434477,115385.65527501906,109276.63
2026-02-28,202504,NRP-S,2073133.04,-104560.19,0.0,36823.78,0.020487502908049,0.017762381520869494,42473.31918577246,36823.78
2026-02-28,202504,PRIME,3201.22,-49.04,-30.28,32.49,0.011135166842726,0.01014925559630391,35.646118800271324,32.49
2026-02-28,202505,NON PRIME,7779937.76,-512446.56,-235075.92,218585.62,0.0343489874306925,0.028096062814775013,267232.98432980996,218585.62
2026-02-28,202505,NRP-L,14677.75,-174.14,-216.65,232.76,0.0157966823854198,0.015858016385345165,231.85975488259547,232.76
2026-02-28,202505,NRP-M,6554493.39,-151714.87,-105055.23,101918.63,0.016636899719721,0.015549429061213838,109046.44924300416,101918.63
2026-02-28,202505,NRP-S,2130130.84,-121677.22,0.0,40511.1,0.0204843399464785,0.019018127543752195,43634.3242570378,40511.1
2026-02-28,202506,NON PRIME,8651285.26,-514333.07,-240497.94,232478.02,0.035520772510527,0.02687207888923547,307300.3356441354,232478.02
2026-02-28,202506,NRP-L,26853.0,-488.63,-425.78,423.47,0.0158719014754618,0.015769932595985553,426.2081703205757,423.47
2026-02-28,202506,NRP-M,6470981.69,-188904.63,-106479.13,103160.2,0.0167330498622469,0.015941970622389442,108279.25927645671,103160.2
2026-02-28,202506,NRP-S,2429080.07,-122486.54,0.0,45740.49,0.0206818517867955,0.0188303755668293,50237.873985998835,45740.49
2026-02-28,202507,NON PRIME,10708476.07,-605276.15,-308358.08,300535.45,0.0377833333333333,0.028065193220345872,404601.920844833,300535.45
2026-02-28,202507,NRP-L,108057.62,-6764.81,-1850.95,1725.67,0.01685,0.015969905685503716,1820.7708969999999,1725.67
2026-02-28,202507,NRP-M,7839901.92,-165526.68,-122422.76,123259.92,0.0155583333333333,0.01572212525842415,121975.80737199975,123259.92
2026-02-28,202507,NRP-S,2748442.32,-131483.89,0.0,50393.46,0.0212333333333333,0.018335280181539338,58358.5919279999,50393.46
2026-02-28,202507,PRIME,6678.7,-90.96,-67.63,67.84,0.0113,0.01015766541392786,75.46931,67.84
2026-02-28,202508,NON PRIME,8478006.53,-530777.47,-255145.33,260570.91,0.0379333333333333,0.030734926787087533,321599.0477046663,260570.91
2026-02-28,202508,NRP-L,44287.27,-537.82,-677.82,694.55,0.0153166666666666,0.015682836173916342,678.3333521666636,694.55
2026-02-28,202508,NRP-M,6860923.07,-193625.1,-115223.04,112792.61,0.01575,0.016439859308902002,108059.5383525,112792.61
2026-02-28,202508,NRP-S,2912949.41,-156584.4,0.0,57676.98,0.0205083333333333,0.01980019968832895,59739.73748341657,57676.98
2026-02-28,202508,PRIME,27991.61,-7863.21,-393.56,311.62,0.0112416666666666,0.011132621524806898,314.6723490833315,311.62
2026-02-28,202509,NON PRIME,9416564.29,-529633.04,-326407.91,297577.92,0.0379333333333333,0.03160153861170102,357201.67206733295,297577.92
2026-02-28,202509,NRP-L,14646.56,-247.21,-216.13,225.71,0.0153166666666666,0.015410444500278564,224.33647733333234,225.71
2026-02-28,202509,NRP-M,8002571.94,-186675.2,-129410.4,133488.33,0.01575,0.016680678536955457,126040.50805500001,133488.33
2026-02-28,202509,NRP-S,3024994.79,-173655.2,0.0,60873.5,0.0205083333333333,0.020123505733376817,62037.601484916566,60873.5
2026-02-28,202509,PRIME,23404.99,-428.83,-236.7,236.12,0.0112416666666666,0.010088446950842534,263.11109591666514,236.12
2026-03-31,201912,NON PRIME,301901.95,10602.99,3525.07,0.0,0.0,0.0,0.0,0.0
2026-03-31,201912,NRP-S,58079.67,-431.68,0.0,0.0,0.0083333333333333,0.0,483.9972499999981,0.0
2026-03-31,202001,NON PRIME,77487.62,3292.19,807.63,0.0,0.0083333333333333,0.0,645.7301666666641,0.0
2026-03-31,202001,NRP-S,255.24,-127.62,0.0,0.0,0.0083333333333333,0.0,2.126999999999992,0.0
2026-03-31,202101,NON PRIME,797817.64,2280.9,5169.19,0.0,0.0083333333333333,0.0,6648.4803333333075,0.0
2026-03-31,202101,NRP-M,1281002.98,-234709.25,-14811.03,15821.53,0.010208119025845,0.012350892423372818,13076.63089230214,15821.53
2026-03-31,202101,NRP-S,1335785.7,-142040.76,0.0,12376.6,0.0106469523176989,0.009265408366027576,14222.046654564047,12376.6
2026-03-31,202101,PRIME,1789665.88,-238791.42,-19203.47,18083.5,0.0083333333333333,0.010104400045890131,14913.882333333273,18083.5
2026-03-31,202201,NON PRIME,637314.08,-75971.24,-5153.44,2591.58,0.01019598375111,0.004066409453875553,6498.044004033618,2591.58
2026-03-31,202201,NRP-M,129676.15,-8770.16,-1618.35,1610.75,0.0112614565789034,0.012421328054542028,1460.3423325443641,1610.75
2026-03-31,202201,NRP-S,301334.77,-26749.58,0.0,2861.92,0.0098161062560049,0.009497476842781866,2957.9341209487975,2861.92
2026-03-31,202201,PRIME,74046.42,-6973.71,-705.18,621.69,0.0089101128641964,0.008395949459811832,659.7619593896895,621.69
2026-03-31,202301,NON PRIME,4301143.55,-351219.18,-61217.58,57815.46,0.0154482859353957,0.013441881055097546,66445.29540958292,57815.46
2026-03-31,202301,NRP-L,1022813.5,-19364.72,-5935.09,7876.3,0.0103461565484954,0.007700621863125584,10582.1885909145,7876.3
2026-03-31,202301,NRP-M,9185791.17,-417577.79,-132773.0,125227.68,0.013627184982623,0.013632759299926476,125176.47548533496,125227.68
2026-03-31,202301,NRP-S,3401955.14,-269233.5,0.0,49724.25,0.0150574820476038,0.014616374394637078,51224.878447303476,49724.25
2026-03-31,202404,NON PRIME,911694.35,-70112.85,-18610.76,16023.19,0.0203782482127001,0.017575177470387966,18578.733758416278,16023.19
2026-03-31,202404,NRP-L,233539.25,-15262.93,-3531.64,2941.12,0.0130320640429038,0.012593686072041423,3043.498462531721,2941.12
2026-03-31,202404,NRP-M,2373533.38,-105918.69,-35582.01,33397.46,0.0144491601159043,0.014070777466799309,34295.563848063524,33397.46
2026-03-31,202404,NRP-S,936296.93,-46886.86,0.0,13833.72,0.0157142983056292,0.014774928291177884,14713.249260664823,13833.72
2026-03-31,202405,NON PRIME,1178143.36,-73601.97,-23857.91,21015.65,0.0204444422858944,0.017837939518667745,24086.48392802971,21015.65
2026-03-31,202405,NRP-L,396332.01,-10781.71,-5089.18,4591.91,0.0128960340264595,0.011586018499994487,5111.111086735087,4591.91
2026-03-31,202405,NRP-M,2346800.21,-53845.21,-33765.18,32430.47,0.0144698485913142,0.01381901614880118,33957.84371276437,32430.47
2026-03-31,202405,NRP-S,825162.22,-42938.87,0.0,12712.87,0.0162944280018955,0.015406510007208038,13445.546383674255,12712.87
2026-03-31,202405,PRIME,4775.78,11.04,-49.89,48.14,0.0100747872586797,0.010080028812047457,48.11496749425733,48.14
2026-03-31,202406,NON PRIME,1636269.17,-94739.32,-35255.99,31895.0,0.0220533267365067,0.019492514180903378,36085.17863488263,31895.0
2026-03-31,202406,NRP-L,235177.07,-3903.77,-3533.66,3506.59,0.0150910573642255,0.014910424728057033,3549.070654120476,3506.59
2026-03-31,202406,NRP-M,2113639.77,-67529.93,-29260.04,28512.3,0.0142058423371304,0.013489668582456697,30026.03333010856,28512.3
2026-03-31,202406,NRP-S,984286.39,-51474.11,0.0,15341.04,0.0165934440272594,0.015585951564361263,16332.701119258216,15341.04
2026-03-31,202407,NON PRIME,1727159.9,-99914.2,-40427.9,35185.51,0.0227911208357712,0.02037188913429498,39363.9099835985,35185.51
2026-03-31,202407,NRP-L,374593.4,-18221.38,-5723.48,5329.04,0.0146100311036824,0.014226198325971573,5472.821225234143,5329.04
2026-03-31,202407,NRP-M,3693798.64,-107262.22,-54928.3,51009.89,0.014383807167615,0.013809602247295213,53130.88735375854,51009.89
2026-03-31,202407,NRP-S,897129.81,-66313.25,0.0,14327.02,0.0168481486882262,0.01596984052954388,15114.97643152012,14327.02
2026-03-31,202407,PRIME,2284.78,-139.28,-23.95,22.85,0.0100326772519103,0.010000962893582752,22.922460331619618,22.85
2026-03-31,202408,NON PRIME,1715368.86,-122071.9,-37870.67,32108.31,0.0219488944329521,0.018718020799328255,37650.4500217134,32108.31
2026-03-31,202408,NRP-L,442471.38,-28653.36,-7237.77,6686.72,0.0152851171799328,0.015112209065363731,6763.226892066575,6686.72
2026-03-31,202408,NRP-M,2548519.27,-67931.96,-39560.59,37846.78,0.015367199085322,0.014850497873614272,39163.60299486949,37846.78
2026-03-31,202408,NRP-S,1098594.55,-54944.61,0.0,18186.04,0.0172865882822319,0.016553914271648262,18990.951674953827,18186.04
2026-03-31,202409,NON PRIME,1657102.68,-126168.22,-40932.14,33249.66,0.0228671292520501,0.02006493647092527,37893.181167478615,33249.66
2026-03-31,202409,NRP-L,525732.8,-18557.62,-7962.09,7793.15,0.0152260554162157,0.014823404588794914,8004.836746922246,7793.15
2026-03-31,202409,NRP-M,2513808.47,-86449.59,-39832.53,36864.17,0.0153020232471114,0.014664669341336095,38466.35564672555,36864.17
2026-03-31,202409,NRP-S,914190.14,-69444.21,0.0,14705.6,0.0168704099210221,0.016085931532799073,15422.762407556582,14705.6
2026-03-31,202409,PRIME,7979.96,-391.42,-83.41,80.12,0.0100584740845944,0.010040150577195876,80.26622085609993,80.12
2026-03-31,202410,NON PRIME,2224025.46,-156272.47,-58230.14,45080.93,0.0232185452759837,0.020269970290717806,51638.635837950475,45080.93
2026-03-31,202410,NRP-L,425841.9,-5584.95,-7487.98,6634.68,0.0162671837927962,0.015580148407190556,6927.2484539735415,6634.68
2026-03-31,202410,NRP-M,2464753.62,-93393.12,-38700.02,35000.45,0.014701083133057,0.014200384864431195,36234.547870123184,35000.45
2026-03-31,202410,NRP-S,956184.04,-47321.57,0.0,15639.71,0.0170353264329407,0.016356380514362067,16288.90725136803,15639.71
2026-03-31,202411,NON PRIME,2371864.2,-177740.25,-63306.82,52050.06,0.0247877337506715,0.02194478925058188,58793.138282349464,52050.06
2026-03-31,202411,NRP-L,509138.43,-21262.11,-7510.64,7110.93,0.0141298462448368,0.013966594507509481,7194.047733237604,7110.93
2026-03-31,202411,NRP-M,2738027.11,-107405.36,-45953.88,41213.6,0.0156001288306386,0.015052298002995302,42713.57565778108,41213.6
2026-03-31,202411,NRP-S,1066436.46,-57837.47,0.0,18525.41,0.018017105117717,0.017371320931769345,19214.097801186002,18525.41
2026-03-31,202412,NON PRIME,2646961.18,-189375.87,-74388.19,60567.39,0.0248657154375268,0.022881858055810247,65818.58347606016,60567.39
2026-03-31,202412,NRP-L,47757.29,-644.96,-616.25,547.97,0.0123839943284755,0.011474059771817036,591.4260085033596,547.97
2026-03-31,202412,NRP-M,2339586.1,-50541.58,-37231.42,35016.32,0.0151591788725611,0.014966886664269376,35466.20417765762,35016.32
2026-03-31,202412,NRP-S,1149015.17,-59557.09,0.0,19723.63,0.0177565367675234,0.01716568285168942,20402.53011254715,19723.63
2026-03-31,202501,NON PRIME,2969140.0,-208563.94,-81338.77,70359.44,0.0257099652366611,0.023696908869234864,76336.48618277995,70359.44
2026-03-31,202501,NRP-L,54565.05,-1040.89,-888.65,859.61,0.0171340457193648,0.015753857093505824,934.9200613794263,859.61
2026-03-31,202501,NRP-M,4224205.43,-130821.12,-69125.25,63294.72,0.0156697457214691,0.014983816731659286,66192.22496334903,63294.72
2026-03-31,202501,NRP-S,1814047.5,-99070.81,0.0,31246.69,0.0178913780974928,0.01722484664817211,32455.809709311572,31246.69
2026-03-31,202502,NON PRIME,4111156.59,-297894.22,-112919.37,103157.79,0.0272493175761933,0.02509215782510488,112026.21152636991,103157.79
2026-03-31,202502,NRP-L,115187.93,-2184.92,-1916.83,1795.76,0.0154953262642354,0.01558982785783198,1784.8745570519086,1795.76
2026-03-31,202502,NRP-M,4438806.39,-145386.42,-71975.02,69067.4,0.0157584011264097,0.015559903706455644,69948.49161609057,69067.4
2026-03-31,202502,NRP-S,1992019.71,-109300.46,0.0,34814.97,0.0178644610048735,0.017477221648574955,35586.35843023442,34814.97
2026-03-31,202503,NON PRIME,5358468.97,-389500.08,-150180.25,141085.86,0.0347631873764749,0.02632950956511744,186277.46085513645,141085.86
2026-03-31,202503,NRP-L,71858.0,-976.9,-970.2,1065.05,0.0178243636566151,0.014821592585376714,1280.8231236370477,1065.05
2026-03-31,202503,NRP-M,5338003.1,-142552.43,-80241.74,83290.62,0.0168296385885087,0.01560332926745584,89836.66295733907,83290.62
2026-03-31,202503,NRP-S,2230296.93,-119977.22,0.0,39714.21,0.0213043809831144,0.017806691775341322,47515.09550219043,39714.21
2026-03-31,202504,NON PRIME,6616287.09,-459259.15,-154761.05,163493.15,0.0356338912627711,0.024710709764560714,235764.0547283362,163493.15
2026-03-31,202504,NRP-L,54155.31,-1031.19,-850.76,818.02,0.0166366017843202,0.015105074645496444,900.9603269764135,818.02
2026-03-31,202504,NRP-M,6773002.61,-209451.57,-109884.47,106542.46,0.0164275860246004,0.015730461973053927,111264.08302061804,106542.46
2026-03-31,202504,NRP-S,2005394.74,-109894.96,0.0,36437.75,0.020487502908049,0.018169864153528198,41085.53056753617,36437.75
2026-03-31,202504,PRIME,3154.4,-46.3,-33.0,32.01,0.011135166842726,0.010147730154704538,35.1247702886949,32.01
2026-03-31,202505,NON PRIME,7250989.27,-539173.77,-209895.26,197790.37,0.0343489874306925,0.027277708273315375,249064.13929531618,197790.37
2026-03-31,202505,NRP-L,14519.72,-584.2,-200.22,222.61,0.0157966823854198,0.01533156286760351,229.36340516522756,222.61
2026-03-31,202505,NRP-M,6399641.92,-234819.81,-93339.8,99564.59,0.016636899719721,0.015557837648516435,106470.20086516277,99564.59
2026-03-31,202505,NRP-S,2048964.71,-103341.24,0.0,36394.49,0.0204843399464785,0.017762380104633428,41971.68965797774,36394.49
2026-03-31,202506,NON PRIME,8128925.74,-535433.59,-245620.82,228390.81,0.035520772510527,0.02809606303526153,288745.7219655074,228390.81
2026-03-31,202506,NRP-L,26362.07,-312.76,-389.11,418.05,0.0158719014754618,0.01585801115011075,418.41617772922723,418.05
2026-03-31,202506,NRP-M,6278758.13,-145332.51,-100635.75,97631.1,0.0167330498622469,0.015549428402651338,105062.7728622781,97631.1
2026-03-31,202506,NRP-S,2352331.45,-134369.76,0.0,44736.94,0.0206818517867955,0.019018127738758925,48650.57040231775,44736.94
2026-03-31,202507,NON PRIME,10095250.06,-600179.14,-280638.86,271280.36,0.0377833333333333,0.026872079283591314,381432.19810033304,271280.36
2026-03-31,202507,NRP-L,101167.53,-1840.89,-1604.09,1595.42,0.01685,0.01577007958976561,1704.6728805,1595.42
2026-03-31,202507,NRP-M,7675212.39,-224059.23,-126294.58,122358.01,0.0155583333333333,0.015941970564804137,119413.51276774975,122358.01
2026-03-31,202507,NRP-S,2667351.42,-134501.4,0.0,50227.23,0.0212333333333333,0.018830375938990448,56636.761817999904,50227.23
2026-03-31,202507,PRIME,6587.95,-89.65,-68.91,66.91,0.0113,0.010156421952200609,74.44383499999999,66.91
2026-03-31,202508,NON PRIME,7952557.62,-449503.12,-228999.48,223190.07,0.0379333333333333,0.02806519369802441,301667.0190519997,223190.07
2026-03-31,202508,NRP-L,43766.19,-2739.92,-749.68,698.94,0.0153166666666666,0.015969861667191044,670.3521434999972,698.94
2026-03-31,202508,NRP-M,6664624.34,-140712.62,-104070.4,104782.05,0.01575,0.015722123956952088,104967.833355,104782.05
2026-03-31,202508,NRP-S,2814041.99,-134622.14,0.0,51596.25,0.0205083333333333,0.018335280775252396,57711.31114491657,51596.25
2026-03-31,202508,PRIME,20046.46,-273.03,-203.01,203.63,0.0112416666666666,0.010157903190887569,225.35562116666532,203.63
2026-03-31,202509,NON PRIME,8858034.12,-554569.63,-266582.25,272251.03,0.0379333333333333,0.03073492676950764,336014.76095199963,272251.03
2026-03-31,202509,NRP-L,14408.93,-174.98,-220.53,225.97,0.0153166666666666,0.015682635698833988,220.6967778333324,225.97
2026-03-31,202509,NRP-M,7819974.67,-220690.92,-131329.45,128559.29,0.01575,0.01643986015622222,123164.6010525,128559.29
2026-03-31,202509,NRP-S,2912208.97,-156544.6,0.0,57662.32,0.0205083333333333,0.019800199983588403,59724.55229308324,57662.32
2026-03-31,202509,PRIME,22975.58,-6454.14,-323.04,255.78,0.0112416666666666,0.011132689577368666,258.2838118333318,255.78
2026-04-30,201912,NON PRIME,287542.03,10044.43,3371.99,0.0,0.0,0.0,0.0,0.0
2026-04-30,201912,NRP-S,57641.78,-422.99,0.0,0.0,0.0083333333333333,0.0,480.3481666666647,0.0
2026-04-30,202001,NON PRIME,73346.85,3250.97,781.46,0.0,0.0083333333333333,0.0,611.2237499999976,0.0
2026-04-30,202001,NRP-S,127.6,-63.8,0.0,0.0,0.0083333333333333,0.0,1.063333333333329,0.0
2026-04-30,202101,NON PRIME,790071.89,3200.05,5347.98,0.0,0.0083333333333333,0.0,6583.932416666641,0.0
2026-04-30,202101,NRP-M,1047288.56,-193998.5,-12223.71,13125.26,0.010208119025845,0.012532610878514705,10690.846274885813,13125.26
2026-04-30,202101,NRP-S,1206051.62,-127754.68,0.0,11122.53,0.0106469523176989,0.009222266954046295,12840.774090823514,11122.53
2026-04-30,202101,PRIME,1549714.35,-207753.46,-16983.24,16060.03,0.0083333333333333,0.01036321951848739,12914.28624999995,16060.03
2026-04-30,202201,NON PRIME,529580.36,-63897.96,-3847.0,1667.9,0.01019598375111,0.0031494748030308378,5399.592745466984,1667.9
2026-04-30,202201,NRP-M,118136.81,-7856.71,-1479.1,1469.33,0.0112614565789034,0.012437528997100903,1330.392556185161,1469.33
2026-04-30,202201,NRP-S,270390.52,-24017.48,0.0,2561.51,0.0098161062560049,0.009473372069405392,2654.182074936418,2561.51
2026-04-30,202201,PRIME,66630.15,-6349.33,-635.82,557.72,0.0089101128641964,0.0083703848783171,593.6821566583357,557.72
2026-04-30,202301,NON PRIME,3600024.87,-293182.94,-49773.39,47354.54,0.0154482859353957,0.013153948017031339,55614.21356629573,47354.54
2026-04-30,202301,NRP-L,1005387.18,-17388.57,-5495.4,7374.92,0.0103461565484954,0.007335402864396977,10401.893156130325,7374.92
2026-04-30,202301,NRP-M,8531053.19,-386845.33,-123430.56,116290.45,0.013627184982623,0.013631429485906184,116254.23991672604,116290.45
2026-04-30,202301,NRP-S,3073958.86,-243957.69,0.0,44736.2,0.0150574820476038,0.014553285205645205,46286.08034952264,44736.2
2026-04-30,202404,NON PRIME,800790.49,-62022.81,-16174.03,13792.76,0.0203782482127001,0.017223930818658948,16318.707371589737,13792.76
2026-04-30,202404,NRP-L,217684.34,-14792.22,-3297.59,2731.06,0.0130320640429038,0.012545964491520152,2836.8762600172454,2731.06
2026-04-30,202404,NRP-M,2221635.23,-101045.77,-33443.31,31159.05,0.0144491601159043,0.014025277227891276,32100.763157403875,31159.05
2026-04-30,202404,NRP-S,885142.0,-44523.64,0.0,12971.29,0.0157142983056292,0.014654473519503086,13909.385430841241,12971.29
2026-04-30,202405,NON PRIME,1023451.58,-64010.02,-20521.49,17932.73,0.0204444422858944,0.017521815736509978,20923.896759717434,17932.73
2026-04-30,202405,NRP-L,385050.42,-9851.22,-4934.46,4392.26,0.0128960340264595,0.01140697366334518,4965.623318222521,4392.26
2026-04-30,202405,NRP-M,2256107.84,-50162.55,-32368.91,30989.68,0.0144698485913142,0.013735903688008106,32645.538850476918,30989.68
2026-04-30,202405,NRP-S,778775.31,-40559.06,0.0,11911.54,0.0162944280018955,0.015295220389049057,12689.69821844885,11911.54
2026-04-30,202405,PRIME,4762.99,15.15,-49.77,47.99,0.0100747872586797,0.01007560376990084,47.98611096521882,47.99
2026-04-30,202406,NON PRIME,1472461.38,-84953.32,-31408.74,28245.48,0.0220533267365067,0.01918249292215732,32472.67192002755,28245.48
2026-04-30,202406,NRP-L,231246.22,-3553.18,-3465.77,3445.69,0.0150910573642255,0.014900524644251482,3489.74997128031,3445.69
2026-04-30,202406,NRP-M,2008460.69,-63304.35,-27785.59,26902.73,0.0142058423371304,0.013394700794467628,28531.875902464133,26902.73
2026-04-30,202406,NRP-S,932240.9,-48619.07,0.0,14410.46,0.0165934440272594,0.015457871457903208,15469.087194071926,14410.46
2026-04-30,202407,NON PRIME,1535728.4,-87672.33,-35759.58,30864.6,0.0227911208357712,0.020097694357934646,35000.97153532557,30864.6
2026-04-30,202407,NRP-L,355977.29,-17670.54,-5444.17,5049.98,0.0146100311036824,0.014186242049317246,5200.83927910457,5049.98
2026-04-30,202407,NRP-M,3527080.77,-102504.99,-52452.54,48450.21,0.014383807167615,0.013736631837892388,50732.849660283035,48450.21
2026-04-30,202407,NRP-S,827592.56,-62288.34,0.0,13129.09,0.0168481486882262,0.015864195299194087,13943.402504149763,13129.09
2026-04-30,202407,PRIME,2144.4,-132.57,-22.48,21.44,0.0100326772519103,0.009998134676366349,21.514073098996448,21.44
2026-04-30,202408,NON PRIME,1489025.53,-106150.08,-32545.03,27325.2,0.0219488944329521,0.018351062120472845,32682.464165940553,27325.2
2026-04-30,202408,NRP-L,413266.97,-28233.95,-6794.95,6243.16,0.0152851171799328,0.015106844856243895,6316.834063045772,6243.16
2026-04-30,202408,NRP-M,2442056.89,-64121.18,-37898.79,36108.03,0.015367199085322,0.014785908611654006,37527.57440631229,36108.03
2026-04-30,202408,NRP-S,1046243.6,-52531.25,0.0,17229.93,0.0172865882822319,0.01646837313986915,18085.98235612012,17229.93
2026-04-30,202409,NON PRIME,1454701.32,-111631.02,-35984.73,28744.03,0.0228671292520501,0.019759403256745512,33264.8431075679,28744.03
2026-04-30,202409,NRP-L,507006.24,-18805.86,-7673.17,7495.26,0.0152260554162157,0.014783368346709106,7719.705106607156,7495.26
2026-04-30,202409,NRP-M,2377994.48,-81890.08,-37760.54,34695.67,0.0153020232471114,0.014590307207105038,36388.12681446259,34695.67
2026-04-30,202409,NRP-S,845639.5,-65863.7,0.0,13525.89,0.0168704099210221,0.01599486542433271,14266.285010408166,13525.89
2026-04-30,202409,PRIME,7585.25,-376.03,-79.3,76.14,0.0100584740845944,0.01003790250815728,76.29604055016968,76.14
2026-04-30,202410,NON PRIME,1953952.22,-137801.82,-51119.62,38795.23,0.0232185452759837,0.019854748546512566,45367.928087178865,38795.23
2026-04-30,202410,NRP-L,419400.88,-5082.81,-7460.27,6530.48,0.0162671837927962,0.015570973527761791,6822.471197820464,6530.48
2026-04-30,202410,NRP-M,2337531.54,-90819.29,-36816.14,32984.86,0.014701083133057,0.014110979653348335,34364.24549568276,32984.86
2026-04-30,202410,NRP-S,910934.66,-44856.56,0.0,14807.39,0.0170353264329407,0.016255161484359373,15518.06929217985,14807.39
2026-04-30,202411,NON PRIME,2073862.11,-156592.5,-55551.64,44803.55,0.0247877337506715,0.02160391946212856,51406.341818285815,44803.55
2026-04-30,202411,NRP-L,487476.6,-21494.65,-7187.27,6777.86,0.0141298462448368,0.013903969954660388,6887.9694059558105,6777.86
2026-04-30,202411,NRP-M,2596596.29,-103543.29,-43838.6,38920.52,0.0156001288306386,0.014989053227061337,40507.23664515823,38920.52
2026-04-30,202411,NRP-S,1008289.72,-54789.42,0.0,17456.17,0.018017105117717,0.01731265295454961,18166.46187435344,17456.17
2026-04-30,202412,NON PRIME,2337479.36,-167522.85,-66060.78,52686.07,0.0248657154375268,0.02253969421146033,58123.09660685226,52686.07
2026-04-30,202412,NRP-L,47044.05,-604.07,-602.36,522.11,0.0123839943284755,0.011098321679362214,582.5932483885178,522.11
2026-04-30,202412,NRP-M,2259698.51,-46508.85,-36080.57,33664.26,0.0151591788725611,0.014897677655237293,34255.173911149795,33664.26
2026-04-30,202412,NRP-S,1092876.05,-56443.2,0.0,18661.72,0.0177565367675234,0.01707578823783356,19405.69376417074,18661.72
2026-04-30,202501,NON PRIME,2651092.71,-186342.15,-72795.71,62009.3,0.0257099652366611,0.02339009109945461,68159.50141326567,62009.3
2026-04-30,202501,NRP-L,53495.12,-1009.36,-876.37,846.39,0.0171340457193648,0.015821817018075668,916.5878318429064,846.39
2026-04-30,202501,NRP-M,4054068.56,-126552.79,-66892.82,60438.02,0.0156697457214691,0.01490799159055169,63526.22347260239,60438.02
2026-04-30,202501,NRP-S,1728486.07,-94784.91,0.0,29608.91,0.0178913780974928,0.017129967382381043,30924.99781461941,29608.91
2026-04-30,202502,NON PRIME,3665323.44,-267281.8,-100897.57,91245.71,0.0272493175761933,0.02489431328330468,99877.56243602528,91245.71
2026-04-30,202502,NRP-L,112881.93,-2108.68,-1932.09,1765.47,0.0154953262642354,0.015639970011143502,1749.1423346865818,1765.47
2026-04-30,202502,NRP-M,4267320.46,-142069.99,-69750.24,66343.11,0.0157584011264097,0.015546784128792615,67246.14754361517,66343.11
2026-04-30,202502,NRP-S,1907815.97,-105220.07,0.0,33121.25,0.0178644610048735,0.017360820184349333,34082.10400053991,33121.25
2026-04-30,202503,NON PRIME,4905525.16,-320905.62,-142661.26,140110.95,0.0347631873764749,0.028561865535309986,170531.69031709203,140110.95
2026-04-30,202503,NRP-L,70975.95,-1255.98,-996.87,1114.55,0.0178243636566151,0.015703206508683575,1265.1011436737303,1114.55
2026-04-30,202503,NRP-M,5170618.72,-137929.07,-82440.33,82547.55,0.0168296385885087,0.015964733520324237,87019.64433657746,82547.55
2026-04-30,202503,NRP-S,2145167.2,-105757.21,0.0,40738.79,0.0213043809831144,0.018990962569258002,45701.45930128077,40738.79
2026-04-30,202504,NON PRIME,6098699.52,-443306.47,-170926.47,160575.77,0.0356338912627711,0.026329510000190993,217320.39553999426,160575.77
2026-04-30,202504,NRP-L,53091.38,-721.77,-716.82,786.9,0.0166366017843202,0.014821615109646802,883.2601472400218,786.9
2026-04-30,202504,NRP-M,6537389.5,-174582.28,-98271.11,102005.05,0.0164275860246004,0.015603330656678786,107393.52838756939,102005.05
2026-04-30,202504,NRP-S,1927565.63,-103692.01,0.0,34323.57,0.020487502908049,0.017806693305690454,39491.0064500803,34323.57
2026-04-30,202504,PRIME,3107.11,-47.85,-31.47,31.52,0.011135166842726,0.010144475091000962,34.598188248702385,31.52
2026-04-30,202505,NON PRIME,6626223.72,-459948.88,-154993.48,163738.69,0.0343489874306925,0.024710709586485257,227604.07527123648,163738.69
2026-04-30,202505,NRP-L,13957.9,-265.78,-219.27,210.83,0.0157966823854198,0.015104707728239923,220.488513067451,210.83
2026-04-30,202505,NRP-M,6171046.9,-190836.4,-100118.41,97073.42,0.016636899719721,0.015730462200830138,102667.08844099517,97073.42
2026-04-30,202505,NRP-S,1977552.92,-108369.23,0.0,35931.87,0.0204843399464785,0.018169865208967458,40508.8662754312,35931.87
2026-04-30,202506,NON PRIME,7576256.56,-563360.2,-219310.81,206662.91,0.035520772510527,0.027277707448703403,269114.48574914783,206662.91
2026-04-30,202506,NRP-L,26078.25,-1049.26,-359.61,399.81,0.0158719014754618,0.015331166776911794,413.91141465246164,399.81
2026-04-30,202506,NRP-M,6130420.97,-224941.38,-89413.17,95376.09,0.0167330498622469,0.015557836968576075,102580.639767574,95376.09
2026-04-30,202506,NRP-S,2262696.37,-114120.98,0.0,40190.87,0.0206818517867955,0.017762378785272016,46796.7509628602,40190.87
2026-04-30,202507,NON PRIME,9485591.01,-624794.0,-286613.35,266507.76,0.0377833333333333,0.028096062724930832,358397.2469944997,266507.76
2026-04-30,202507,NRP-L,99317.97,-1178.33,-1465.96,1574.99,0.01685,0.015858056704139242,1673.5077945,1574.99
2026-04-30,202507,NRP-M,7447216.6,-172378.47,-119363.77,115799.97,0.0155583333333333,0.015549429568088568,115866.27826833309,115799.97
2026-04-30,202507,NRP-S,2583076.85,-147550.38,0.0,49125.28,0.0212333333333333,0.019018125612484196,54847.33178166658,49125.28
2026-04-30,202507,PRIME,6496.29,-90.57,-67.96,65.98,0.0113,0.010156566286295717,73.40807699999999,65.98
2026-04-30,202508,NON PRIME,7497154.08,-445718.08,-208414.13,201464.12,0.0379333333333333,0.02687207943844206,284392.04476799973,201464.12
2026-04-30,202508,NRP-L,40975.52,-745.61,-649.7,646.19,0.0153166666666666,0.015770147639371023,627.6083813333305,646.19
2026-04-30,202508,NRP-M,6524387.13,-190463.67,-107357.91,104011.59,0.01575,0.01594197093574366,102759.0972975,104011.59
2026-04-30,202508,NRP-S,2731016.1,-137711.69,0.0,51426.06,0.0205083333333333,0.01883037599082627,56008.588517499906,51426.06
2026-04-30,202508,PRIME,19774.05,-269.09,-206.85,200.82,0.0112416666666666,0.010155734409491227,222.29327874999868,200.82
2026-04-30,202509,NON PRIME,8309080.63,-469654.91,-239265.81,233195.95,0.0379333333333333,0.028065192815441484,315191.125231333,233195.95
2026-04-30,202509,NRP-L,14239.39,-891.44,-243.91,227.4,0.0153166666666666,0.015969785222541135,218.09999016666572,227.4
2026-04-30,202509,NRP-M,7596513.59,-160387.94,-118622.17,119433.33,0.01575,0.015722124180389967,119645.0890425,119433.33
2026-04-30,202509,NRP-S,2813323.4,-134587.77,0.0,51583.07,0.0205083333333333,0.018335279193284357,57696.574061666564,51583.07
2026-04-30,202509,PRIME,16454.17,-224.1,-166.63,167.14,0.0112416666666666,0.010157911337976938,184.97229441666553,167.14
2026-05-31,201912,NON PRIME,273963.89,9529.21,3228.57,0.0,0.0,0.0,0.0,0.0
2026-05-31,201912,NRP-S,57212.1,-409.42,0.0,0.0,0.0083333333333333,0.0,476.7674999999981,0.0
2026-05-31,202001,NON PRIME,69272.42,3192.61,753.98,0.0,0.0083333333333333,0.0,577.2701666666644,0.0
2026-05-31,202001,NRP-S,63.79,-31.89,0.0,0.0,0.0083333333333333,0.0,0.5315833333333312,0.0
2026-05-31,202101,NON PRIME,781206.66,4057.43,5510.62,0.0,0.0083333333333333,0.0,6510.055499999974,0.0
2026-05-31,202101,NRP-M,854177.71,-160361.34,-10056.6,10828.58,0.010208119025845,0.012677198050508718,8719.547732903713,10828.58
2026-05-31,202101,NRP-S,1089351.08,-115267.08,0.0,9997.25,0.0106469523176989,0.009177252571319799,11598.2690059938,9997.25
2026-05-31,202101,PRIME,1341000.01,-181323.06,-14908.9,14127.31,0.0083333333333333,0.010534906707420532,11175.000083333289,14127.31
2026-05-31,202201,NON PRIME,461799.6,-56349.58,-3000.58,1059.24,0.01019598375111,0.0022937222119724663,4708.501217869097,1059.24
2026-05-31,202201,NRP-M,110269.89,-7279.71,-1384.62,1373.22,0.0112614565789034,0.012453263533680863,1241.7995781954544,1373.22
2026-05-31,202201,NRP-S,248756.01,-22091.54,0.0,2349.31,0.0098161062560049,0.009444234131267822,2441.8154259798175,2349.31
2026-05-31,202201,PRIME,60202.24,-5802.43,-574.96,502.68,0.0089101128641964,0.008349855420662088,536.4087530774391,502.68
2026-05-31,202301,NON PRIME,3303776.71,-268429.62,-44428.94,42568.72,0.0154482859353957,0.012884865938775868,51037.68728278088,42568.72
2026-05-31,202301,NRP-L,989875.13,-15646.75,-5152.88,6931.62,0.0103461565484954,0.007002519600628819,10241.403058442236,6931.62
2026-05-31,202301,NRP-M,8137052.19,-368198.98,-117830.16,110902.95,0.013627184982623,0.013629376758366347,110885.1154063876,110902.95
2026-05-31,202301,NRP-S,2874621.14,-228750.93,0.0,41664.46,0.0150574820476038,0.014493896054768455,43284.55620921237,41664.46
2026-05-31,202404,NON PRIME,736280.19,-57385.4,-14730.77,12451.89,0.0203782482127001,0.016911890567095116,15004.100465913987,12451.89
2026-05-31,202404,NRP-L,202324.11,-14219.12,-3069.48,2529.77,0.0130320640429038,0.01250355185054317,2636.700758943513,2529.77
2026-05-31,202404,NRP-M,2118290.68,-97970.51,-32007.73,29624.2,0.0144491601159043,0.0139849550770813,30607.5212073478,29624.2
2026-05-31,202404,NRP-S,853577.08,-43107.36,0.0,12417.35,0.0157142983056292,0.014547426695196644,13413.36486196792,12417.35
2026-05-31,202405,NON PRIME,956686.95,-59892.73,-19017.29,16497.5,0.0204444422858944,0.01724440790166522,19558.93113494334,16497.5
2026-05-31,202405,NRP-L,374654.26,-9037.32,-4790.26,4214.12,0.0128960340264595,0.011248023711247805,4831.554085118005,4214.12
2026-05-31,202405,NRP-M,2204541.89,-47610.01,-31551.25,30119.5,0.0144698485913142,0.013662475699202975,31899.387361509645,30119.5
2026-05-31,202405,NRP-S,750095.04,-39094.71,0.0,11399.49,0.0162944280018955,0.015197394186208723,12222.369623858925,11399.49
2026-05-31,202405,PRIME,4746.06,18.67,-49.61,47.8,0.0100747872586797,0.01007151194885863,47.815544816929375,47.8
2026-05-31,202406,NON PRIME,1384256.64,-79608.49,-29270.92,26181.28,0.0220533267365067,0.018913602610567938,30527.463969098928,26181.28
2026-05-31,202406,NRP-L,227672.96,-3248.55,-3405.37,3390.42,0.0150910573642255,0.014891623493628757,3435.8256996430177,3390.42
2026-05-31,202406,NRP-M,1944258.6,-60523.89,-26885.69,25881.51,0.0142058423371304,0.013311763157431834,27619.83113420988,25881.51
2026-05-31,202406,NRP-S,898019.07,-46714.14,0.0,13781.23,0.0165934440272594,0.015346255397449412,14901.229173456539,13781.23
2026-05-31,202407,NON PRIME,1443037.51,-81396.83,-33456.37,28664.15,0.0227911208357712,0.019863759466654474,32888.44226096039,28664.15
2026-05-31,202407,NRP-L,337912.27,-17066.37,-5171.06,4781.68,0.0146100311036824,0.014150655138980305,4936.908775015925,4781.68
2026-05-31,202407,NRP-M,3420531.49,-99467.27,-50876.73,46772.57,0.014383807167615,0.013674065020813475,49200.26536291482,46772.57
2026-05-31,202407,NRP-S,778418.21,-59502.38,0.0,12278.52,0.0168481486882262,0.01577368032024842,13114.905743702884,12278.52
2026-05-31,202407,PRIME,2010.79,-125.81,-21.09,20.09,0.0100326772519103,0.009991098026148927,20.173607091368712,20.09
2026-05-31,202408,NON PRIME,1377465.88,-98323.15,-29856.0,24852.45,0.0219488944329521,0.018042152884396673,30233.853185113465,24852.45
2026-05-31,202408,NRP-L,384481.22,-27465.22,-6338.51,5806.63,0.0152851171799328,0.015102506177024721,5876.840501183522,5806.63
2026-05-31,202408,NRP-M,2376133.77,-61541.95,-36874.36,35004.2,0.015367199085322,0.014731578012125133,36514.52069694671,35004.2
2026-05-31,202408,NRP-S,1010923.75,-50930.88,0.0,16576.05,0.0172865882822319,0.016396933992301594,17475.42265097993,16576.05
2026-05-31,202409,NON PRIME,1335395.79,-103145.96,-33097.69,26053.92,0.0228671292520501,0.019510260699563832,30536.66813257355,26053.92
2026-05-31,202409,NRP-L,488022.46,-18873.55,-7376.15,7198.25,0.0152260554162157,0.014749833440042902,7430.65702031791,7198.25
2026-05-31,202409,NRP-M,2293010.4,-79042.13,-36485.88,33313.65,0.0153020232471114,0.014528346666024717,35087.69844666821,33313.65
2026-05-31,202409,NRP-S,793286.38,-63108.54,0.0,12629.8,0.0168704099210221,0.015920858240374678,13383.066415363706,12629.8
2026-05-31,202409,PRIME,7206.06,-360.37,-75.37,72.32,0.0100584740845944,0.010035997479898862,72.48196776203233,72.32
2026-05-31,202410,NON PRIME,1803645.74,-127561.26,-47186.27,35200.85,0.0232185452759837,0.01951649884416881,41878.03027602513,35200.85
2026-05-31,202410,NRP-L,413385.32,-4653.7,-7416.89,6433.62,0.0162671837927962,0.015563252221922152,6724.614977683871,6433.62
2026-05-31,202410,NRP-M,2242836.74,-89029.24,-35429.3,31485.46,0.014701083133057,0.014038230887906712,32972.12936861455,31485.46
2026-05-31,202410,NRP-S,880873.0,-43183.26,0.0,14247.44,0.0170353264329407,0.016174227158739115,15005.959100963773,14247.44
2026-05-31,202411,NON PRIME,1906405.55,-144819.7,-51267.61,40678.97,0.0247877337506715,0.021338046356400926,47255.47319420247,40678.97
2026-05-31,202411,NRP-L,465572.54,-21464.36,-6864.97,6449.67,0.0141298462448368,0.013853201050044749,6578.468406018131,6449.67
2026-05-31,202411,NRP-M,2488114.13,-100566.76,-42229.83,37171.18,0.0156001288306386,0.014939499579948931,38814.900973332275,37171.18
2026-05-31,202411,NRP-S,970950.2,-52836.1,0.0,16767.8,0.018017105117717,0.01726947478871728,17493.711817468346,16767.8
2026-05-31,202412,NON PRIME,2156457.98,-154689.37,-61293.65,48048.58,0.0248657154375268,0.02228125029359487,53621.87048366386,48048.58
2026-05-31,202412,NRP-L,46359.73,-567.65,-589.2,500.01,0.0123839943284755,0.01078543813779761,574.1186333896555,500.01
2026-05-31,202412,NRP-M,2210747.19,-43569.87,-35410.14,32818.64,0.0151591788725611,0.014845044312823484,33513.11209522182,32818.64
2026-05-31,202412,NRP-S,1055078.08,-54313.91,0.0,17946.17,0.0177565367675234,0.017009328826166115,18734.532720127994,17946.17
2026-05-31,202501,NON PRIME,2453714.31,-172417.42,-67593.83,56857.04,0.0257099652366611,0.023171825574102797,63084.909610797884,56857.04
2026-05-31,202501,NRP-L,52455.78,-978.93,-884.52,833.5,0.0171340457193648,0.01588957403740827,898.7797327649417,833.5
2026-05-31,202501,NRP-M,3920049.47,-123157.6,-65166.27,58223.77,0.0156697457214691,0.01485281511000931,61426.17841047971,58223.77
2026-05-31,202501,NRP-S,1663260.13,-91488.86,0.0,28382.32,0.0178913780974928,0.01706427003694245,29758.015860315027,28382.32
2026-05-31,202502,NON PRIME,3387991.16,-248059.89,-93589.54,83946.29,0.0272493175761933,0.024777600069062752,92320.44706417553,83946.29
2026-05-31,202502,NRP-L,110606.64,-2034.05,-1919.08,1735.12,0.0154953262642354,0.01568730412568359,1713.8859737908297,1735.12
2026-05-31,202502,NRP-M,4121834.38,-139104.02,-67874.75,64075.3,0.0157584011264097,0.01554533590939673,64953.51953666623,64075.3
2026-05-31,202502,NRP-S,1835177.92,-101609.95,0.0,31712.98,0.0178644610048735,0.017280602417012514,32784.464388844855,31712.98
2026-05-31,202503,NON PRIME,4582026.33,-296346.64,-135242.01,133237.71,0.0347631873764749,0.02907833792391149,159285.83987373163,133237.71
2026-05-31,202503,NRP-L,69837.65,-1145.69,-983.86,1104.58,0.0178243636566151,0.015816397029396034,1244.8116705234054,1104.58
2026-05-31,202503,NRP-M,5032795.66,-132203.59,-80709.74,80717.99,0.0168296385885087,0.016038400017218263,84700.13204761512,80717.99
2026-05-31,202503,NRP-S,2080141.99,-101143.63,0.0,39903.59,0.0213043809831144,0.019183108745379443,44316.13745393374,39903.59
2026-05-31,202504,NON PRIME,5645029.46,-367629.58,-175996.94,166443.57,0.0356338912627711,0.02948497809965371,201154.36595277945,166443.57
2026-05-31,202504,NRP-L,52439.69,-1132.94,-814.94,839.35,0.0166366017843202,0.01600600613771744,872.4182402231982,839.35
2026-05-31,202504,NRP-M,6366541.15,-166589.67,-102385.61,101326.86,0.0164275860246004,0.0159155273817715,104586.90242078336,101326.86
2026-05-31,202504,NRP-S,1858196.09,-105294.28,0.0,35431.87,0.020487502908049,0.0190678853489569,38069.79779760028,35431.87
2026-05-31,202504,PRIME,3059.32,-21.29,-31.28,31.67,0.011135166842726,0.010351973641201313,34.066038625288506,31.67
2026-05-31,202505,NON PRIME,6175011.44,-448853.48,-173065.24,162585.02,0.0343489874306925,0.026329509115856794,212105.39033694242,162585.02
2026-05-31,202505,NRP-L,13683.69,-186.03,-184.75,202.81,0.0157966823854198,0.0148212945484734,216.15690479054507,202.81
2026-05-31,202505,NRP-M,5977165.51,-159621.39,-89849.73,93263.69,0.016636899719721,0.015603330683074896,99441.50319804503,93263.69
2026-05-31,202505,NRP-S,1905115.55,-102484.32,0.0,33923.81,0.0204843399464785,0.017806694192381137,39025.03456352236,33923.81
2026-05-31,202506,NON PRIME,7000243.26,-485910.86,-163742.14,172980.98,0.035520772510527,0.024710709838960655,248654.04835680992,172980.98
2026-05-31,202506,NRP-L,25069.18,-477.35,-393.83,378.67,0.0158719014754618,0.01510500144001519,397.89555503061746,378.67
2026-05-31,202506,NRP-M,5911442.51,-182808.27,-95906.61,92989.72,0.0167330498622469,0.015730461700793907,98916.46227763596,92989.72
2026-05-31,202506,NRP-S,2188764.09,-119943.53,0.0,39769.55,0.0206818517867955,0.018169865899070013,45267.69450564033,39769.55
2026-05-31,202507,NON PRIME,8840576.32,-657373.31,-255909.23,241150.66,0.0377833333333333,0.027277708066887656,334026.44195733307,241150.66
2026-05-31,202507,NRP-L,98248.67,-3953.06,-1354.82,1506.28,0.01685,0.01533130168581417,1655.4900895,1506.28
2026-05-31,202507,NRP-M,7271274.32,-266802.31,-106052.7,113125.3,0.0155583333333333,0.015557836910215759,113128.90962866643,113125.3
2026-05-31,202507,NRP-S,2484651.39,-125315.46,0.0,44133.32,0.0212333333333333,0.017762379131987607,52757.43118099992,44133.32
2026-05-31,202507,PRIME,6403.73,-98.09,-60.57,65.0,0.0113,0.010150334258315076,72.36214899999999,65.0
2026-05-31,202508,NON PRIME,7044400.19,-463998.39,-212851.17,197919.91,0.0379333333333333,0.02809606278203226,267217.5805406664,197919.91
2026-05-31,202508,NRP-L,40226.4,-477.25,-593.75,637.91,0.0153166666666666,0.015857993755344746,616.1343599999973,637.91
2026-05-31,202508,NRP-M,6330345.86,-146526.6,-101462.6,98433.26,0.01575,0.015549428447816276,99702.947295,98433.26
2026-05-31,202508,NRP-S,2644730.47,-151072.16,0.0,50297.82,0.0205083333333333,0.019018127015415675,54239.01405558325,50297.82
2026-05-31,202508,PRIME,19498.94,-271.85,-203.99,198.04,0.0112416666666666,0.01015644953007702,219.20058383333202,198.04
2026-05-31,202509,NON PRIME,7833312.67,-465703.26,-217759.04,210497.4,0.0379333333333333,0.026872079395753264,297143.66061533306,210497.4
2026-05-31,202509,NRP-L,13331.44,-242.59,-211.38,210.24,0.0153166666666666,0.015770239373991107,204.19322266666578,210.24
2026-05-31,202509,NRP-M,7436936.82,-217103.35,-122373.79,118559.43,0.01575,0.015941970850305003,117131.75491500001,118559.43
2026-05-31,202509,NRP-S,2730315.91,-137676.39,0.0,51412.88,0.0205083333333333,0.018830377763868356,55994.22878758324,51412.88
2026-05-31,202509,PRIME,16230.58,-220.87,-169.78,164.84,0.0112416666666666,0.01015613736539298,182.45877016666557,164.84
2026-06-30,201912,NON PRIME,261068.85,9050.13,3093.08,0.0,0.0,0.0,0.0,0.0
2026-06-30,201912,NRP-S,56799.08,-401.6,0.0,0.0,0.0083333333333333,0.0,473.3256666666648,0.0
2026-06-30,202001,NON PRIME,65302.15,3120.58,725.64,0.0,0.0083333333333333,0.0,544.1845833333311,0.0
2026-06-30,202001,NRP-S,31.89,-15.95,0.0,0.0,0.0083333333333333,0.0,0.26574999999999893,0.0
2026-06-30,202101,NON PRIME,771361.01,4854.42,5656.82,0.0,0.0083333333333333,0.0,6428.008416666641,0.0
2026-06-30,202101,NRP-M,694580.04,-131516.18,-8243.43,8881.81,0.010208119025845,0.01278730958062083,7090.355721296181,8881.81
2026-06-30,202101,NRP-S,984040.68,-103912.78,0.0,9001.52,0.0106469523176989,0.009147508007494162,10477.034198636002,9001.52
2026-06-30,202101,PRIME,1158869.25,-157456.33,-13022.62,12362.12,0.0083333333333333,0.010667398414445806,9657.243749999961,12362.12
2026-06-30,202201,NON PRIME,401933.39,-49561.25,-2322.69,599.29,0.01019598375111,0.001491018200801879,4098.106313468558,599.29
2026-06-30,202201,NRP-M,102978.44,-6747.64,-1296.51,1283.47,0.0112614565789034,0.012463482647435716,1159.6872306232092,1283.47
2026-06-30,202201,NRP-S,228839.98,-20323.71,0.0,2157.42,0.0098161062560049,0.009427635852791107,2246.317559302036,2157.42
2026-06-30,202201,PRIME,54327.22,-5276.67,-519.15,452.83,0.0089101128641964,0.008335232320004594,484.06166179802796,452.83
2026-06-30,202301,NON PRIME,3032918.2,-245906.48,-39719.89,38316.64,0.0154482859353957,0.012633588337463239,46853.387572265645,38316.64
2026-06-30,202301,NRP-L,976004.63,-14095.13,-4896.86,6536.68,0.0103461565484954,0.0066973862613746,10097.89669403633,6536.68
2026-06-30,202301,NRP-M,7761913.6,-350569.64,-112483.25,105771.95,0.013627184982623,0.013627045526505217,105773.03244633722,105771.95
2026-06-30,202301,NRP-S,2687440.27,-214399.33,0.0,38801.85,0.0150574820476038,0.014438218565505085,40466.08361953251,38801.85
2026-06-30,202404,NON PRIME,676520.9,-53021.19,-13422.08,11254.01,0.0203782482127001,0.016635125389326478,13786.310821279263,11254.01
2026-06-30,202404,NRP-L,187564.13,-13574.37,-2848.73,2338.16,0.0130320640429038,0.012465922988579958,2444.347754311534,2338.16
2026-06-30,202404,NRP-M,2017924.56,-94718.51,-30597.01,28148.75,0.0144491601159043,0.01394935695713025,29157.315069255732,28148.75
2026-06-30,202404,NRP-S,822876.35,-41705.78,0.0,11892.56,0.0157142983056292,0.01445242654014786,12930.924432547341,11892.56
2026-06-30,202405,NON PRIME,894120.34,-56022.54,-17640.63,15201.8,0.0204444422858944,0.017001961950669862,18279.791687774275,15201.8
2026-06-30,202405,NRP-L,365038.48,-8317.84,-4661.29,4054.35,0.0128960340264595,0.011106637305743768,4707.5486590470555,4054.35
2026-06-30,202405,NRP-M,2155479.6,-45304.82,-30783.33,29309.39,0.0144698485913142,0.013597618831558415,31189.463453666496,29309.39
2026-06-30,202405,NRP-S,722377.35,-37675.51,0.0,10916.31,0.0162944280018955,0.01511164490414878,11770.725719775066,10916.31
2026-06-30,202405,PRIME,4725.58,21.64,-49.4,47.58,0.0100747872586797,0.01006860533521811,47.60921317387161,47.58
2026-06-30,202406,NON PRIME,1301483.29,-74628.69,-27315.86,24313.67,0.0220533267365067,0.018681507620432067,28702.036236473705,24313.67
2026-06-30,202406,NRP-L,224409.47,-2981.96,-3351.32,3340.02,0.0150910573642255,0.014883596489934226,3386.5761848454413,3340.02
2026-06-30,202406,NRP-M,1882717.9,-57938.2,-26029.47,24926.15,0.0142058423371304,0.013239450264960036,26745.59365269324,24926.15
2026-06-30,202406,NRP-S,865075.07,-44889.78,0.0,13191.77,0.0165934440272594,0.015249277730313048,14354.574753422505,13191.77
2026-06-30,202407,NON PRIME,1356743.03,-75692.18,-31346.27,26681.1,0.0227911208357712,0.019665551552529442,30921.69433982035,26681.1
2026-06-30,202407,NRP-L,320456.33,-16425.8,-4906.37,4524.45,0.0146100311036824,0.014118772439289932,4681.876948671912,4524.45
2026-06-30,202407,NRP-M,3316921.84,-96490.44,-49349.61,45178.76,0.014383807167615,0.01362068875279859,47709.96413661073,45178.76
2026-06-30,202407,NRP-S,731181.41,-56642.49,0.0,11477.01,0.0168481486882262,0.01569652871781847,12319.053113746882,11477.01
2026-06-30,202407,PRIME,1883.98,-119.08,-19.77,18.82,0.0100326772519103,0.009989490334292295,18.90136328905397,18.82
2026-06-30,202408,NON PRIME,1273962.44,-91013.09,-27424.22,22656.13,0.0219488944329521,0.017783985844983,27962.067107106075,22656.13
2026-06-30,202408,NRP-L,356484.11,-26440.79,-5888.74,5382.59,0.0152851171799328,0.015099102173165587,5448.901394134054,5382.59
2026-06-30,202408,NRP-M,2312712.39,-59152.91,-35895.81,33965.0,0.015367199085322,0.01468621872173219,35539.91172422086,33965.0
2026-06-30,202408,NRP-S,976553.05,-49345.89,0.0,15954.81,0.0172865882822319,0.016337883538431422,16881.270511107825,15954.81
2026-06-30,202409,NON PRIME,1224798.32,-95114.67,-30429.39,23650.66,0.0228671292520501,0.01930984033354977,28007.62149113382,23650.66
2026-06-30,202409,NRP-L,468971.02,-18795.08,-7082.08,6904.16,0.0152260554162157,0.01472193313778749,7140.578739119202,6904.16
2026-06-30,202409,NRP-M,2210769.37,-76258.87,-35247.93,32005.4,0.0153020232471114,0.014477041537806361,33829.244293741824,32005.4
2026-06-30,202409,NRP-S,742795.29,-60168.54,0.0,11781.92,0.0168704099210221,0.015861597614599845,12531.261029704487,11781.92
2026-06-30,202409,PRIME,6842.65,-344.66,-71.58,68.66,0.0100584740845944,0.010034124206265116,68.82661769494987,68.66
2026-06-30,202410,NON PRIME,1663934.9,-117928.05,-43558.19,32019.71,0.0232185452759837,0.019243367033169388,38634.14781193941,32019.71
2026-06-30,202410,NRP-L,407745.85,-4284.89,-7350.83,6343.21,0.0162671837927962,0.01555677390707962,6632.876682699911,6343.21
2026-06-30,202410,NRP-M,2149828.12,-86933.4,-34056.93,30053.66,0.014701083133057,0.013979564096500885,31604.80191390364,30053.66
2026-06-30,202410,NRP-S,851926.93,-41597.99,0.0,13724.94,0.0170353264329407,0.016110466187516808,14512.853349563024,13724.94
2026-06-30,202411,NON PRIME,1750903.4,-133642.22,-47284.51,37004.18,0.0247877337506715,0.021134335566428165,43400.92730234548,37004.18
2026-06-30,202411,NRP-L,443692.89,-21227.09,-6555.07,6128.42,0.0141298462448368,0.013812301567419753,6269.312315627288,6128.42
2026-06-30,202411,NRP-M,2382471.23,-97376.47,-40629.92,35501.91,0.0156001288306386,0.014901296415654935,37166.85812329,35501.91
2026-06-30,202411,NRP-S,934876.82,-50925.31,0.0,16116.42,0.018017105117717,0.017239083968302905,16843.773938056995,16116.42
2026-06-30,202412,NON PRIME,1988416.11,-142672.12,-56841.49,43925.09,0.0248657154375268,0.02209049191418993,49443.38916265399,43925.09
2026-06-30,202412,NRP-L,45702.88,-535.05,-576.32,480.99,0.0123839943284755,0.010524282058373566,565.9842067149963,480.99
2026-06-30,202412,NRP-M,2164564.66,-41034.23,-34773.21,32048.16,0.0151591788725611,0.014805822432673366,32813.022862164406,32048.16
2026-06-30,202412,NRP-S,1018696.92,-52286.45,0.0,17278.92,0.0177565367675234,0.016961786828608452,18088.529314942843,17278.92
2026-06-30,202501,NON PRIME,2270334.63,-159373.59,-62782.71,52269.53,0.0257099652366611,0.023022830779795663,58370.224412887845,52269.53
2026-06-30,202501,NRP-L,51425.83,-949.32,-875.15,820.57,0.0171340457193648,0.01595637834138992,881.1325223762819,820.57
2026-06-30,202501,NRP-M,3789113.41,-119665.48,-63416.18,56131.39,0.0156697457214691,0.014813858527396254,59374.44364450869,56131.39
2026-06-30,202501,NRP-S,1600109.39,-88215.63,0.0,27235.96,0.0178913780974928,0.01702131127422482,28628.162093838564,27235.96
2026-06-30,202502,NON PRIME,3129916.47,-229700.5,-86833.94,77374.71,0.0272493175761933,0.024721014359849674,85288.0878779879,77374.71
2026-06-30,202502,NRP-L,108388.63,-1962.27,-1950.12,1705.13,0.0154953262642354,0.01573163162962757,1679.517185183493,1705.13
2026-06-30,202502,NRP-M,3978923.76,-135818.93,-65972.6,61881.08,0.0157584011264097,0.015552215556902253,62701.47666148232,61881.08
2026-06-30,202502,NRP-S,1764733.07,-97998.09,0.0,30402.45,0.0178644610048735,0.01722778958293109,31526.005113025694,30402.45
2026-06-30,202503,NON PRIME,4283636.47,-273963.25,-128226.4,126687.49,0.0347631873764749,0.029574752873462208,148912.8572593115,126687.49
2026-06-30,202503,NRP-L,68812.68,-1050.35,-950.82,1095.96,0.0178243636566151,0.015926715832023985,1226.5422325062846,1095.96
2026-06-30,202503,NRP-M,4900599.32,-126891.1,-79016.66,78935.49,0.0168296385885087,0.01610731358465764,82475.3154226915,78935.49
2026-06-30,202503,NRP-S,2018896.41,-96964.98,0.0,39094.8,0.0213043809831144,0.019364440793671035,43011.33828408193,39094.8
2026-06-30,202504,NON PRIME,5267834.99,-338403.28,-168364.33,158946.62,0.0356338912627711,0.030173044581261646,187713.45922388087,158946.62
2026-06-30,202504,NRP-L,51331.15,-1090.37,-812.69,828.05,0.0166366017843202,0.016131530269631596,853.9759016812078,828.05
2026-06-30,202504,NRP-M,6198892.72,-159743.7,-100304.39,98962.6,0.0164275860246004,0.015964560844989106,101832.84341506915,98962.6
2026-06-30,202504,NRP-S,1788332.78,-102213.25,0.0,34433.9,0.020487502908049,0.019254749666893653,36638.47303080935,34433.9
2026-06-30,202504,PRIME,3038.43,-10.9,-31.45,31.54,0.011135166842726,0.010380360910075269,33.83342498994396,31.54
2026-06-30,202505,NON PRIME,5715670.11,-354307.83,-174950.07,171543.84,0.0343489874306925,0.030012900797033577,196327.48076637482,171543.84
2026-06-30,202505,NRP-L,13515.72,-240.31,-210.0,216.16,0.0157966823854198,0.015993228625630008,213.5035360502661,216.16
2026-06-30,202505,NRP-M,5820958.08,-167283.37,-92404.11,91887.3,0.016636899719721,0.015785597274048744,96842.6958496597,91887.3
2026-06-30,202505,NRP-S,1836555.04,-96720.18,0.0,34487.65,0.0204843399464785,0.018778446193477544,37620.61776977842,34487.65
2026-06-30,202506,NON PRIME,6523568.2,-474189.62,-182834.14,171762.35,0.035520772510527,0.026329509362682833,231722.18198910812,171762.35
2026-06-30,202506,NRP-L,24576.68,-334.12,-331.83,364.27,0.0158719014754618,0.014821774137108836,390.0786435539525,364.27
2026-06-30,202506,NRP-M,5725717.35,-152906.42,-86069.92,89340.26,0.0167330498622469,0.015603330471770493,95808.71391468217,89340.26
2026-06-30,202506,NRP-S,2108588.78,-113430.02,0.0,37546.99,0.0206818517867955,0.017806691544664296,43609.52062725994,37546.99
2026-06-30,202507,NON PRIME,8168334.7,-566992.09,-191064.87,201845.35,0.0377833333333333,0.02471071000555352,308626.91274833307,201845.35
2026-06-30,202507,NRP-L,94447.07,-1798.39,-1483.72,1426.62,0.01685,0.015104968317174897,1591.4331295000002,1426.62
2026-06-30,202507,NRP-M,7011544.62,-216828.35,-113754.55,110294.84,0.0155583333333333,0.015730462541077003,109087.94837949978,110294.84
2026-06-30,202507,NRP-S,2403468.98,-131709.29,0.0,43670.71,0.0212333333333333,0.018169866290514803,51033.658008666585,43670.71
2026-06-30,202507,PRIME,6310.07,-92.62,-66.01,64.04,0.0113,0.010148857302692365,71.30379099999999,64.04
2026-06-30,202508,NON PRIME,6565389.93,-488193.53,-190049.13,179088.79,0.0379333333333333,0.027277708088847667,249047.12467799976,179088.79
2026-06-30,202508,NRP-L,39793.3,-1601.09,-548.74,610.08,0.0153166666666666,0.015331224100539538,609.5007116666641,610.08
2026-06-30,202508,NRP-M,6180565.53,-226781.31,-90144.53,96156.23,0.01575,0.015557836824682933,97343.9070975,96156.23
2026-06-30,202508,NRP-S,2543956.13,-128306.55,0.0,45186.71,0.0205083333333333,0.01776237784414938,52172.30029941657,45186.71
2026-06-30,202508,PRIME,19221.13,-294.42,-181.81,195.11,0.0112416666666666,0.010150807990997407,216.0775364166654,195.11
2026-06-30,202509,NON PRIME,7360311.11,-484806.72,-222396.62,206795.76,0.0379333333333333,0.02809606236875495,279201.13477266644,206795.76
2026-06-30,202509,NRP-L,13087.72,-155.28,-193.18,207.55,0.0153166666666666,0.015858377165770664,200.46024466666577,207.55
2026-06-30,202509,NRP-M,7216019.11,-167027.01,-115658.14,112204.98,0.01575,0.015549429441574746,113652.3009825,112204.98
2026-06-30,202509,NRP-S,2644049.97,-151033.29,0.0,50284.88,0.0205083333333333,0.019018127709590903,54225.05813474991,50284.88
2026-06-30,202509,PRIME,16004.77,-223.14,-167.44,162.55,0.0112416666666666,0.010156347139009184,179.9202894166656,162.55
2026-07-31,201912,NON PRIME,248814.57,8602.87,2964.63,0.0,0.0,0.0,0.0,0.0
2026-07-31,201912,NRP-S,56394.59,-395.33,0.0,0.0,0.0083333333333333,0.0,469.95491666666476,0.0
2026-07-31,202001,NON PRIME,61437.15,3036.58,696.51,0.0,0.0083333333333333,0.0,511.976249999998,0.0
2026-07-31,202001,NRP-S,15.94,-7.97,0.0,0.0,0.0083333333333333,0.0,0.1328333333333328,0.0
2026-07-31,202101,NON PRIME,760602.39,5592.08,5786.09,0.0,0.0083333333333333,0.0,6338.353249999975,0.0
2026-07-31,202101,NRP-M,563698.39,-107309.5,-6740.22,7249.18,0.010208119025845,0.012860033181929081,5754.3002597971945,7249.18
2026-07-31,202101,NRP-S,889106.43,-93778.7,0.0,8115.64,0.0106469523176989,0.00912786110432246,9466.273765569495,8115.64
2026-07-31,202101,PRIME,1000734.78,-136377.92,-11330.2,10769.13,0.0083333333333333,0.010761222868660564,8339.456499999967,10769.13
2026-07-31,202201,NON PRIME,336014.91,-41841.14,-1714.41,247.02,0.01019598375111,0.0007351459493270702,3426.0025624906884,247.02
2026-07-31,202201,NRP-M,95561.9,-6228.13,-1206.1,1191.71,0.0112614565789034,0.01247055573403208,1076.1661874475087,1191.71
2026-07-31,202201,NRP-S,204714.78,-18182.52,0.0,1927.59,0.0098161062560049,0.009415978660651664,2009.5020326546667,1927.59
2026-07-31,202201,PRIME,48919.28,-4775.44,-467.73,407.26,0.0089101128641964,0.008325142970215424,435.87630603522564,407.26
2026-07-31,202301,NON PRIME,2534414.96,-205091.86,-32360.91,31424.62,0.0154482859353957,0.012399161343334242,39152.366981024454,31424.62
2026-07-31,202301,NRP-L,963547.44,-12701.26,-4708.22,6182.7,0.0103461565484954,0.006416601553110867,9969.012656141978,6182.7
2026-07-31,202301,NRP-M,7175075.51,-290827.04,-104051.42,101022.92,0.013627184982623,0.014079701301986717,97776.08123905807,101022.92
2026-07-31,202301,NRP-S,2423180.39,-180982.11,0.0,36823.49,0.0150574820476038,0.015196346979351379,36486.995220530574,36823.49
2026-07-31,202404,NON PRIME,589455.85,-46424.67,-11608.87,9661.3,0.0203782482127001,0.016390201233900722,12012.077621728116,9661.3
2026-07-31,202404,NRP-L,173478.35,-12882.58,-2636.7,2156.78,0.0130320640429038,0.012432560028383947,2260.7809672572803,2156.78
2026-07-31,202404,NRP-M,1889272.78,-89850.63,-28739.0,26295.0,0.0144491601159043,0.013918053696830374,27298.40490083964,26295.0
2026-07-31,202404,NRP-S,777427.1,-39529.34,0.0,11170.3,0.0157142983056292,0.01436829253829716,12216.721360280222,11170.3
2026-07-31,202405,NON PRIME,776965.9,-48716.41,-15231.02,13046.09,0.0204444422858944,0.016791071525790256,15884.634500658,13046.09
2026-07-31,202405,NRP-L,356111.83,-7676.74,-4543.06,3910.36,0.0128960340264595,0.010980707942221408,4592.430276904761,3910.36
2026-07-31,202405,NRP-M,2074056.8,-42501.01,-29566.33,28083.56,0.0144698485913142,0.01354040062933667,30011.287865785638,28083.56
2026-07-31,202405,NRP-S,681480.27,-35564.24,0.0,10247.26,0.0162944280018955,0.015036766948513417,11104.331194227307,10247.26
2026-07-31,202405,PRIME,4702.11,24.1,-49.17,47.33,0.0100747872586797,0.010065693911882112,47.372757916910395,47.33
2026-07-31,202406,NON PRIME,1161678.07,-66431.99,-24228.01,21470.52,0.0220533267365067,0.018482332200693088,25618.866040344503,21470.52
2026-07-31,202406,NRP-L,221416.22,-2747.44,-3303.24,3293.85,0.0150910573642255,0.014876281421478517,3341.4048773899735,3293.85
2026-07-31,202406,NRP-M,1788939.19,-54465.91,-24733.59,23572.09,0.0142058423371304,0.013176574213235275,25413.388083853763,23572.09
2026-07-31,202406,NRP-S,814817.22,-42180.99,0.0,12356.95,0.0165934440272594,0.015165302962055713,13520.623932517106,12356.95
2026-07-31,202407,NON PRIME,1219616.62,-67356.93,-28101.42,23781.32,0.0227911208357712,0.019499012730738285,27796.42975973485,23781.32
2026-07-31,202407,NRP-L,303648.5,-15762.43,-4650.62,4278.42,0.0146100311036824,0.01409004161061227,4436.314029586505,4278.42
2026-07-31,202407,NRP-M,3155045.55,-91797.38,-46959.47,42831.1,0.014383807167615,0.013575429996565342,45381.56679624181,42831.1
2026-07-31,202407,NRP-S,671879.22,-52651.18,0.0,10502.27,0.0168481486882262,0.01563118740299782,11319.920999089441,10502.27
2026-07-31,202407,PRIME,1763.96,-112.47,-18.51,17.62,0.0100326772519103,0.009988888636930543,17.697241365279694,17.62
2026-07-31,202408,NON PRIME,1093612.94,-78166.35,-23412.91,19214.95,0.0219488944329521,0.01757015603710761,24003.59497057038,19214.95
2026-07-31,202408,NRP-L,329537.17,-25235.93,-5452.46,4974.86,0.0152851171799328,0.015096506412311545,5037.014258593435,4974.86
2026-07-31,202408,NRP-M,2216647.56,-56045.29,-34416.24,32471.01,0.015367199085322,0.014648702205054194,34063.66435651324,32471.01
2026-07-31,202408,NRP-S,924060.78,-46815.38,0.0,15052.65,0.0172865882822319,0.016289675231103303,15973.85825161807,15052.65
2026-07-31,202409,NON PRIME,1073407.67,-83728.12,-26742.67,20557.23,0.0228671292520501,0.01915137237653612,24545.75193003194,20557.23
2026-07-31,202409,NRP-L,449998.02,-18597.69,-6792.31,6614.45,0.0152260554162157,0.014698842452684569,6851.6947897073405,6614.45
2026-07-31,202409,NRP-M,2092661.93,-72214.03,-33430.57,30207.39,0.0153020232471114,0.014434911615179047,32021.96150120501,30207.39
2026-07-31,202409,NRP-S,682400.27,-56138.03,0.0,10792.19,0.0168704099210221,0.01581504356673247,11512.372285116158,10792.19
2026-07-31,202409,PRIME,6495.08,-329.06,-67.96,65.17,0.0100584740845944,0.010033748622033909,65.3305938573674,65.17
2026-07-31,202410,NON PRIME,1451330.44,-103014.32,-38036.44,27612.11,0.0232185452759837,0.019025377845723404,33697.781531553344,27612.11
2026-07-31,202410,NRP-L,402451.25,-3966.69,-7285.16,6258.67,0.0162671837927962,0.015551374234767565,6546.748451390572,6258.67
2026-07-31,202410,NRP-M,2026564.26,-83280.24,-32192.54,28235.78,0.014701083133057,0.013932832309990505,29792.68966074214,28235.78
2026-07-31,202410,NRP-S,807393.63,-39282.57,0.0,12967.74,0.0170353264329407,0.01606123645042877,13754.214046926943,12967.74
2026-07-31,202411,NON PRIME,1506589.55,-115422.67,-40865.86,31611.4,0.0247877337506715,0.020982091638694828,37344.94063694399,31611.4
2026-07-31,202411,NRP-L,422039.15,-20827.88,-6236.73,5815.54,0.0141298462448368,0.01377962210377876,5963.348298801615,5815.54
2026-07-31,202411,NRP-M,2245544.87,-92629.4,-38460.29,33396.86,0.0156001288306386,0.014872497292828532,35030.789266979606,33396.86
2026-07-31,202411,NRP-S,886810.55,-48340.42,0.0,15270.18,0.018017105117717,0.017219213280671955,15977.75889885043,15270.18
2026-07-31,202412,NON PRIME,1751119.5,-125614.75,-50342.11,38444.83,0.0248657154375268,0.021954429723385526,43542.83918410421,38444.83
2026-07-31,202412,NRP-L,45072.51,-505.78,-566.16,464.54,0.0123839943284755,0.010306503897830407,558.1777082101553,464.54
2026-07-31,202412,NRP-M,2080862.92,-38100.47,-33521.77,30749.86,0.0151591788725611,0.014777455883542777,31544.1732135598,30749.86
2026-07-31,202412,NRP-S,968305.55,-49566.82,0.0,16392.89,0.0177565367675234,0.01692945992099291,17193.753100771966,16392.89
2026-07-31,202501,NON PRIME,1997703.75,-140025.35,-55477.61,45803.39,0.0257099652366611,0.02292801923208083,51360.89396564752,45803.39
2026-07-31,202501,NRP-L,50421.93,-920.93,-864.21,807.81,0.0171340457193648,0.016021005145975174,863.9316538786117,807.81
2026-07-31,202501,NRP-M,3615224.54,-114657.34,-60876.63,53460.67,0.0156697457214691,0.014787648570232376,56649.64926781509,53460.67
2026-07-31,202501,NRP-S,1516406.46,-83738.56,0.0,25772.93,0.0178913780974928,0.016996056584987117,27130.601325340594,25772.93
2026-07-31,202502,NON PRIME,2746780.73,-201797.5,-76571.34,67869.99,0.0272493175761933,0.024708921705592427,74847.90042393806,67869.99
2026-07-31,202502,NRP-L,106181.36,-1892.89,-1934.32,1674.78,0.0154953262642354,0.015772824910134885,1645.314816380234,1674.78
2026-07-31,202502,NRP-M,3796479.64,-130840.44,-63346.18,59092.08,0.0157584011264097,0.015564966917615289,59826.4490353675,59092.08
2026-07-31,202502,NRP-S,1665429.08,-92687.66,0.0,28638.38,0.0178644610048735,0.017195796773285598,29751.992856042347,28638.38
2026-07-31,202503,NON PRIME,3836323.55,-242716.75,-116359.55,115262.43,0.0347631873764749,0.030045023183719734,133362.83440543336,115262.43
2026-07-31,202503,NRP-L,67907.47,-968.0,-941.88,1088.73,0.0178243636566151,0.01603255135259788,1210.40744028068,1088.73
2026-07-31,202503,NRP-M,4716849.4,-120509.58,-76436.2,76277.28,0.0168296385885087,0.016171234977313455,79382.87067842412,76277.28
2026-07-31,202503,NRP-S,1932400.63,-91799.74,0.0,37747.14,0.0213043809831144,0.01953380650678012,41168.59923353029,37747.14
2026-07-31,202504,NON PRIME,4745705.22,-300870.9,-155023.79,146203.2,0.0356338912627711,0.030807476069910644,169107.9437746452,146203.2
2026-07-31,202504,NRP-L,50256.15,-1052.13,-796.7,816.32,0.0166366017843202,0.01624318615731607,836.0915547630636,816.32
2026-07-31,202504,NRP-M,5990852.59,-152341.22,-97475.26,95909.51,0.0164275860246004,0.016009325644248576,98415.2462829251,95909.51
2026-07-31,202504,NRP-S,1703118.3,-98012.89,0.0,33085.31,0.020487502908049,0.0194263134862681,34892.641124001464,33085.31
2026-07-31,202504,PRIME,3027.62,-2.67,-31.28,31.49,0.011135166842726,0.010400908964797432,33.713053836374094,31.49
2026-07-31,202505,NON PRIME,5166423.99,-312436.73,-161625.13,158997.07,0.0343489874306925,0.0307750719468148,177461.4326941382,158997.07
2026-07-31,202505,NRP-L,13281.57,-220.11,-210.24,214.14,0.0157966823854198,0.016123093881220366,209.80474286972003,214.14
2026-07-31,202505,NRP-M,5622755.81,-161545.42,-89615.89,88896.6,0.016636899719721,0.01581014772896567,93545.22455944863,88896.6
2026-07-31,202505,NRP-S,1765841.87,-92577.25,0.0,33390.24,0.0204843399464785,0.01890896380206456,36172.1051568053,33390.24
2026-07-31,202506,NON PRIME,5972199.18,-364686.99,-186743.02,184337.48,0.035520772510527,0.030865929692586044,212137.1284603359,184337.48
2026-07-31,202506,NRP-L,24275.0,-477.29,-379.56,382.0,0.0158719014754618,0.015736354273944386,385.29040831683517,382.0
2026-07-31,202506,NRP-M,5546176.62,-147135.48,-86976.4,88081.65,0.0167330498622469,0.015881508295709484,92804.44992728798,88081.65
2026-07-31,202506,NRP-S,2028109.7,-109089.86,0.0,39091.45,0.0206818517867955,0.01927482029201872,41945.06422276229,39091.45
2026-07-31,202507,NON PRIME,7529247.88,-547291.16,-211020.03,198241.4,0.0377833333333333,0.02632950902394782,284480.08239933307,198241.4
2026-07-31,202507,NRP-L,92591.58,-1258.77,-1250.14,1372.35,0.01685,0.014821542088384277,1560.1681230000002,1372.35
2026-07-31,202507,NRP-M,6767633.33,-180730.99,-101732.17,105597.62,0.0155583333333333,0.01560333056637393,105293.09522591645,105597.62
2026-07-31,202507,NRP-S,2310192.64,-124275.16,0.0,41136.89,0.0212333333333333,0.017806692518940757,49053.09038933326,41136.89
2026-07-31,202507,PRIME,6215.48,-95.71,-62.94,63.05,0.0113,0.01014402749264739,70.23492399999999,63.05
2026-07-31,202508,NON PRIME,5999631.92,-416455.0,-140336.92,148255.16,0.0379333333333333,0.024710709252976974,227586.03749866644,148255.16
2026-07-31,202508,NRP-L,38253.56,-728.4,-600.95,577.82,0.0153166666666666,0.015104999377835686,585.9170273333308,577.82
2026-07-31,202508,NRP-M,5959576.83,-184296.8,-96687.54,93746.9,0.01575,0.015730462526816688,93863.3350725,93746.9
2026-07-31,202508,NRP-S,2455292.59,-134549.21,0.0,44612.34,0.0205083333333333,0.018169867078855966,50353.95886658324,44612.34
2026-07-31,202508,PRIME,18940.0,-278.01,-198.13,192.21,0.0112416666666666,0.010148363252375925,212.9171666666654,192.21
2026-07-31,202509,NON PRIME,6859871.96,-510090.81,-198573.54,187121.58,0.0379333333333333,0.027277707381582087,260217.8096826664,187121.58
2026-07-31,202509,NRP-L,12946.81,-520.92,-178.53,198.49,0.0153166666666666,0.015331189690742354,198.3019731666658,198.49
2026-07-31,202509,NRP-M,7045538.93,-258519.48,-102760.31,109613.35,0.01575,0.015557837532238291,110967.2381475,109613.35
2026-07-31,202509,NRP-S,2543299.39,-128273.42,0.0,45175.05,0.0205083333333333,0.017762379913911747,52158.83165658325,45175.05
2026-07-31,202509,PRIME,15776.74,-241.66,-149.23,160.15,0.0112416666666666,0.010151019792428601,177.35685216666562,160.15
2026-08-31,201912,NON PRIME,237156.96,8183.64,2842.41,0.0,0.0,0.0,0.0,0.0
2026-08-31,201912,NRP-S,55996.71,-389.48,0.0,0.0,0.0083333333333333,0.0,466.6392499999981,0.0
2026-08-31,202001,NON PRIME,57690.4,2942.75,666.82,0.0,0.0083333333333333,0.0,480.75333333333145,0.0
2026-08-31,202001,NRP-S,7.97,-3.99,0.0,0.0,0.0083333333333333,0.0,0.0664166666666664,0.0
2026-08-31,202101,NON PRIME,749012.92,6271.56,5898.27,0.0,0.0083333333333333,0.0,6241.774333333309,0.0
2026-08-31,202101,NRP-M,456894.91,-87368.15,-5501.45,5900.62,0.010208119025845,0.012914610933179362,4664.037623582739,5900.62
2026-08-31,202101,NRP-S,803423.91,-84680.69,0.0,7320.9,0.0106469523176989,0.009112126125297913,8554.016060669212,7320.9
2026-08-31,202101,PRIME,863785.68,-118034.2,-9831.93,9352.69,0.0083333333333333,0.010827558521229479,7198.213999999972,9352.69
2026-08-31,202201,NON PRIME,291444.64,-36626.28,-1300.79,6.18,0.01019598375111,2.1204713183265264e-05,2971.5648137881035,6.18
2026-08-31,202201,NRP-M,89319.22,-5801.45,-1129.89,1114.35,0.0112614565789034,0.012476038192003915,1005.8645176915202,1114.35
2026-08-31,202201,NRP-S,188303.32,-16724.68,0.0,1771.26,0.0098161062560049,0.009406419387613559,1848.4053974784927,1771.26
2026-08-31,202201,PRIME,44083.23,-4320.44,-421.63,366.67,0.0089101128641964,0.00831767545164,392.78655471832866,366.67
2026-08-31,202301,NON PRIME,2327993.58,-188045.93,-29013.88,28356.57,0.0154482859353957,0.012180690807575164,35963.51047960548,28356.57
2026-08-31,202301,NRP-L,952319.45,-11440.68,-4561.36,5863.89,0.0103461565484954,0.006157482134802561,9852.846113877038,5863.89
2026-08-31,202301,NRP-M,6881212.78,-273396.5,-99855.14,97399.53,0.013627184982623,0.014154413344561625,93771.55945784948,97399.53
2026-08-31,202301,NRP-S,2278967.42,-168435.51,0.0,34876.24,0.0150574820476038,0.015303527243930498,34315.511013723946,34876.24
2026-08-31,202404,NON PRIME,541015.13,-42794.28,-10586.73,8750.44,0.0203782482127001,0.01617411328219231,11024.940605966212,8750.44
2026-08-31,202404,NRP-L,160115.37,-12163.56,-2434.94,1985.93,0.0130320640429038,0.012403119075951298,2086.633756093238,1985.93
2026-08-31,202404,NRP-M,1796971.23,-86464.1,-27418.05,24961.12,0.0144491601159043,0.01389066201132224,25964.72502594349,24961.12
2026-08-31,202404,NRP-S,749061.66,-38197.89,0.0,10707.08,0.0157142983056292,0.0142939901636402,11770.978374549797,10707.08
2026-08-31,202405,NON PRIME,725942.23,-45543.96,-14153.75,12056.91,0.0204444422858944,0.016608635648596996,14841.484024128476,12056.91
2026-08-31,202405,NRP-L,347801.02,-7102.04,-4433.69,3780.09,0.0128960340264595,0.010868542018651929,4485.253788357321,3780.09
2026-08-31,202405,NRP-M,2030061.26,-40620.84,-28894.22,27385.57,0.0144698485913142,0.013490021478465137,29374.67906329253,27385.57
2026-08-31,202405,NRP-S,656149.69,-34261.29,0.0,9823.67,0.0162944280018955,0.014971690377541747,10691.583882171051,9823.67
2026-08-31,202405,PRIME,4676.17,26.09,-48.9,47.05,0.0100747872586797,0.01006165301945823,47.11141793542025,47.05
2026-08-31,202406,NON PRIME,1092442.53,-62316.2,-22664.26,20005.42,0.0220533267365067,0.018312560570119873,24091.992054946026,20005.42
2026-08-31,202406,NRP-L,218659.38,-2540.34,-3259.61,3251.38,0.0150910573642255,0.014869611356256475,3299.801246805982,3251.38
2026-08-31,202406,NRP-M,1733304.46,-52245.96,-23970.05,22744.59,0.0142058423371304,0.013122097430015267,24623.049881004947,22744.59
2026-08-31,202406,NRP-S,784986.61,-40542.07,0.0,11847.75,0.0165934440272594,0.015092932604289901,13025.631375183102,11847.75
2026-08-31,202407,NON PRIME,1147874.53,-62805.39,-26394.35,22223.37,0.0227911208357712,0.01936045222642931,26161.347117534075,22223.37
2026-08-31,202407,NRP-L,287513.78,-15087.26,-4404.57,4043.62,0.0146100311036824,0.014064091119389128,4200.585268537299,4043.62
2026-08-31,202407,NRP-M,3059091.16,-89005.14,-45553.4,41411.98,0.014383807167615,0.013537347478066002,44001.377353595686,41411.98
2026-08-31,202407,NRP-S,629721.88,-49840.37,0.0,9808.73,0.0168481486882262,0.015576289011904746,10609.647866469335,9808.73
2026-08-31,202407,PRIME,1650.6,-106.02,-17.32,16.48,0.0100326772519103,0.009984248152187084,16.55993707200314,16.48
2026-08-31,202408,NON PRIME,1011109.34,-72280.48,-21553.78,17588.26,0.0219488944329521,0.017395012887528066,22192.73216383187,17588.26
2026-08-31,202408,NRP-L,303823.63,-23911.81,-5032.27,4586.1,0.0152851171799328,0.015094612621144709,4643.979786582547,4586.1
2026-08-31,202408,NRP-M,2158651.93,-54000.58,-33532.07,31555.24,0.015367199085322,0.014618030615060762,33172.43396422457,31555.24
2026-08-31,202408,NRP-S,892287.91,-45309.3,0.0,14500.5,0.0172865882822319,0.01625092062493596,15424.613729383193,14500.5
2026-08-31,202409,NON PRIME,983154.91,-76965.6,-24570.42,18708.38,0.0228671292520501,0.019028923936310303,22481.930401757683,18708.38
2026-08-31,202409,NRP-L,431222.47,-18303.92,-6506.02,6330.3,0.0152260554162157,0.01467989365210955,6565.817224937412,6330.3
2026-08-31,202409,NRP-M,2017203.27,-69622.04,-32287.34,29049.08,0.0153020232471114,0.014400670686995269,30867.291331689135,29049.08
2026-08-31,202409,NRP-S,637047.43,-53108.26,0.0,10052.21,0.0168704099210221,0.01577937454358775,10747.251283233632,10052.21
2026-08-31,202409,PRIME,6163.23,-313.72,-64.49,61.83,0.0100584740845944,0.010032077336072157,61.992689232394746,61.83
2026-08-31,202410,NON PRIME,1337763.81,-95047.73,-35115.6,25222.3,0.0232185452759837,0.018854075593508542,31060.92959105746,25222.3
2026-08-31,202410,NRP-L,397456.42,-3691.18,-7215.55,6179.2,0.0162671837927962,0.015546861716310936,6465.496633766799,6179.2
2026-08-31,202410,NRP-M,1939307.47,-80824.64,-30888.16,26948.99,0.014701083133057,0.013896192541350858,28509.92033702844,26948.99
2026-08-31,202410,NRP-S,781072.71,-37879.63,0.0,12516.11,0.0170353264329407,0.016024257203916394,13305.828582711625,12516.11
2026-08-31,202411,NON PRIME,1381856.64,-106169.25,-37651.59,28842.68,0.0247877337506715,0.020872411193103218,34253.09447391752,28842.68
2026-08-31,202411,NRP-L,400790.08,-20304.9,-5924.97,5512.39,0.0141298462448368,0.013753808477495251,5663.10220685584,5512.39
2026-08-31,202411,NRP-M,2147840.26,-89275.6,-36931.1,31898.61,0.0156001288306386,0.01485148155291586,33506.5847636323,31898.61
2026-08-31,202411,NRP-S,853737.27,-46557.03,0.0,14691.06,0.018017105117717,0.017207940330401645,15381.874136502742,14691.06
2026-08-31,202412,NON PRIME,1613530.17,-115671.15,-46644.37,35275.89,0.0248657154375268,0.021862553707316178,40121.58205708424,35275.89
2026-08-31,202412,NRP-L,44465.12,-479.4,-556.73,450.21,0.0123839943284755,0.010125014843094991,550.6557938949825,450.21
2026-08-31,202412,NRP-M,2039978.13,-36211.17,-32949.17,30105.74,0.0151591788725611,0.014757873899363816,30924.3933687827,30105.74
2026-08-31,202412,NRP-S,935123.4,-47751.44,0.0,15812.34,0.0177565367675234,0.016909361908813317,16604.553034271492,15812.34
2026-08-31,202501,NON PRIME,1847828.94,-129279.13,-51544.55,42270.19,0.0257099652366611,0.02287559691537248,47507.617810696334,42270.19
2026-08-31,202501,NRP-L,49444.6,-893.79,-853.7,795.24,0.0171340457193648,0.016083455018343764,847.1860369757048,795.24
2026-08-31,202501,NRP-M,3492604.27,-111148.66,-59138.24,51590.89,0.0156697457214691,0.014771467366957093,54728.220816617206,51590.89
2026-08-31,202501,NRP-S,1458406.65,-80627.95,0.0,24770.38,0.0178913780974928,0.016984549542475004,26092.90479504785,24770.38
2026-08-31,202502,NON PRIME,2535976.87,-186331.99,-71053.83,62713.91,0.0272493175761933,0.024729685330292465,69103.63909651067,62713.91
2026-08-31,202502,NRP-L,104028.93,-1826.9,-1914.2,1644.81,0.0154953262642354,0.015811082551747867,1611.9622112693057,1644.81
2026-08-31,202502,NRP-M,3661380.83,-127213.09,-61446.92,57050.87,0.0157584011264097,0.015581790763896037,57697.507795686884,57050.87
2026-08-31,202502,NRP-S,1600839.17,-89237.47,0.0,27501.86,0.0178644610048735,0.017179652094594863,28598.128927539055,27501.86
2026-08-31,202503,NON PRIME,3592478.57,-224954.36,-110304.87,109522.55,0.0347631873764749,0.03048662583949666,124886.0056748806,109522.55
2026-08-31,202503,NRP-L,67086.32,-896.32,-928.54,1082.29,0.0178243636566151,0.01613279726775891,1195.7709640640508,1082.29
2026-08-31,202503,NRP-M,4596180.24,-115980.4,-74825.48,74597.08,0.0168296385885087,0.01623023382564301,77352.05232684518,74597.08
2026-08-31,202503,NRP-S,1878344.39,-88365.7,0.0,36986.54,0.0213043809831144,0.019691032271243934,40016.96450205561,36986.54
2026-08-31,202504,NON PRIME,4436004.57,-277732.38,-147719.51,139242.94,0.0356338912627711,0.03138926883477038,158072.10448853567,139242.94
2026-08-31,202504,NRP-L,49223.63,-1017.72,-799.62,804.42,0.0166366017843202,0.016342151117258112,818.9139306887173,804.42
2026-08-31,202504,NRP-M,5836945.62,-146712.84,-95443.21,93683.22,0.0164275860246004,0.016050041596926853,95886.92629346451,93683.22
2026-08-31,202504,NRP-S,1638190.11,-94795.12,0.0,32080.83,0.020487502908049,0.01958309344206699,33562.42464256211,32080.83
2026-08-31,202504,PRIME,3025.16,3.92,-31.36,31.53,0.011135166842726,0.010422589218421506,33.685661325940984,31.53
2026-08-31,202505,NON PRIME,4851353.27,-286661.39,-154735.75,152650.43,0.0343489874306925,0.031465535800900356,166639.07249307894,152650.43
2026-08-31,202505,NRP-L,13065.36,-202.65,-207.07,212.15,0.0157966823854198,0.01623759314706981,206.38934217116844,212.15
2026-08-31,202505,NRP-M,5460491.1,-156787.36,-87352.62,86461.83,0.016636899719721,0.01583407580318188,90845.64285112901,86461.83
2026-08-31,202505,NRP-S,1706654.86,-89091.24,0.0,32478.51,0.0204843399464785,0.019030508605588827,34959.698323549674,32478.51
2026-08-31,202506,NON PRIME,5605104.77,-333305.8,-179655.14,177937.73,0.035520772510527,0.03174565637958628,199097.65143283975,177937.73
2026-08-31,202506,NRP-L,23800.15,-449.1,-379.46,376.47,0.0158719014754618,0.015817967533818065,377.75363590121214,376.47
2026-08-31,202506,NRP-M,5400146.39,-140316.27,-84823.5,86009.01,0.0167330498622469,0.015927162670862336,90360.91880730259,86009.01
2026-08-31,202506,NRP-S,1958110.4,-105528.34,0.0,38170.98,0.0206818517867955,0.019493783394439867,40497.34907498285,38170.98
2026-08-31,202507,NON PRIME,6969082.28,-416721.71,-228782.58,216360.81,0.0377833333333333,0.03104581081226666,263315.1588126664,216360.81
2026-08-31,202507,NRP-L,91455.02,-1721.58,-1501.77,1473.7,0.01685,0.016113932291524292,1541.0170870000002,1473.7
2026-08-31,202507,NRP-M,6590767.79,-154844.21,-105742.45,102081.54,0.0155583333333333,0.015488565710794067,102541.36219941646,102081.54
2026-08-31,202507,NRP-S,2227054.21,-105164.75,0.0,43168.59,0.0212333333333333,0.01938371765095022,47287.784392333255,43168.59
2026-08-31,202507,PRIME,6119.88,-77.67,-66.0,66.18,0.0113,0.010813937528186829,69.15464399999999,66.18
2026-08-31,202508,NON PRIME,5591026.51,-406404.39,-156698.07,147208.99,0.0379333333333333,0.026329510285223096,212086.27227933312,147208.99
2026-08-31,202508,NRP-L,37502.03,-509.84,-506.34,555.84,0.0153166666666666,0.014821597657513475,574.4060928333308,555.84
2026-08-31,202508,NRP-M,5772128.13,-154145.82,-86767.58,90064.42,0.01575,0.015603329997457975,90911.0180475,90064.42
2026-08-31,202508,NRP-S,2365355.72,-127242.61,0.0,42119.16,0.0205083333333333,0.017806691671728766,48509.50355766659,42119.16
2026-08-31,202508,PRIME,18656.07,-287.28,-188.93,189.26,0.0112416666666666,0.010144687493132262,209.72532024999873,189.26
2026-08-31,202509,NON PRIME,6338306.21,-439963.54,-148258.82,156624.04,0.0379333333333333,0.024710708951374567,240433.08223266643,156624.04
2026-08-31,202509,NRP-L,12445.85,-236.99,-195.52,187.99,0.0153166666666666,0.015104633271331408,190.62893583333252,187.99
2026-08-31,202509,NRP-M,6793872.49,-210096.96,-110223.06,106870.76,0.01575,0.01573046302492498,107003.4917175,106870.76
2026-08-31,202509,NRP-S,2460199.39,-134818.1,0.0,44701.49,0.0205083333333333,0.01816986467913887,50454.58915658325,44701.49
2026-08-31,202509,PRIME,15545.99,-228.19,-162.63,157.77,0.0112416666666666,0.01014859780560775,174.7628375833323,157.77
2026-09-30,201912,NON PRIME,226063.17,7789.56,2725.86,0.0,0.0,0.0,0.0,0.0
2026-09-30,201912,NRP-S,55604.99,-384.9,0.0,0.0,0.0083333333333333,0.0,463.37491666666483,0.0
2026-09-30,202001,NON PRIME,54069.1,2840.86,636.76,0.0,0.0083333333333333,0.0,450.57583333333156,0.0
2026-09-30,202001,NRP-S,3.99,-1.99,0.0,0.0,0.0083333333333333,0.0,0.03324999999999987,0.0
2026-09-30,202101,NON PRIME,736674.16,6894.09,5993.42,0.0,0.0083333333333333,0.0,6138.951333333309,0.0
2026-09-30,202101,NRP-M,369923.75,-70952.18,-4483.59,4792.06,0.010208119025845,0.012954183125576555,3776.225670486929,4792.06
2026-09-30,202101,NRP-S,726048.06,-76475.33,0.0,6607.96,0.0106469523176989,0.009101270789154094,7730.19907517779,6607.96
2026-09-30,202101,PRIME,745264.18,-102016.48,-8515.74,8105.75,0.0083333333333333,0.010876344546708255,6210.5348333333095,8105.75
2026-09-30,202201,NON PRIME,252387.99,-31993.11,-973.82,0.0,0.01019598375111,0.0,2573.343845015313,0.0
2026-09-30,202201,NRP-M,83502.08,-5408.79,-1058.58,1042.09,0.0112614565789034,0.012479808886197803,940.3550481681181,1042.09
2026-09-30,202201,NRP-S,173200.9,-15383.59,0.0,1628.11,0.0098161062560049,0.00940012436424984,1700.158438035679,1628.11
2026-09-30,202201,PRIME,39707.7,-3902.36,-379.88,330.06,0.0089101128641964,0.008312241706268559,353.80008857765137,330.06
2026-09-30,202301,NON PRIME,2138949.43,-172475.95,-26048.14,25618.9,0.0154482859353957,0.011977328514961664,33043.10239599165,25618.9
2026-09-30,202301,NRP-L,942180.2,-10294.56,-4447.49,5575.74,0.0103461565484954,0.005917912518221036,9747.943846092705,5575.74
2026-09-30,202301,NRP-M,6605355.61,-256360.84,-95912.01,94072.94,0.013627184982623,0.014241919066034963,90012.4027734766,94072.94
2026-09-30,202301,NRP-S,2145366.46,-156534.82,0.0,33121.16,0.0150574820476038,0.015438462667119353,32303.816956981314,33121.16
2026-09-30,202404,NON PRIME,496324.77,-39409.13,-9658.62,7933.32,0.0203782482127001,0.01598413071344394,10114.229357171287,7933.32
2026-09-30,202404,NRP-L,147502.37,-11433.22,-2244.02,1825.66,0.0130320640429038,0.012377157058561161,1922.2603323200922,1825.66
2026-09-30,202404,NRP-M,1708045.27,-83044.64,-26136.12,23685.15,0.0144491601159043,0.01386681630516737,24679.81959144299,23685.15
2026-09-30,202404,NRP-S,721565.97,-36892.54,0.0,10266.86,0.0157142983056292,0.014228581206511168,11338.90289977069,10266.86
2026-09-30,202405,NON PRIME,678188.72,-42568.53,-13163.16,11157.43,0.0204444422858944,0.016451807101716467,13865.190144984595,11157.43
2026-09-30,202405,NRP-L,340044.36,-6584.43,-4332.66,3661.84,0.0128960340264595,0.010768712646785262,4385.223637065644,3661.84
2026-09-30,202405,NRP-M,1987922.85,-38897.97,-28257.6,26729.18,0.0144698485913142,0.013445783371321476,28764.94265071381,26729.18
2026-09-30,202405,NRP-S,631701.57,-33001.32,0.0,9422.08,0.0162944280018955,0.014915397471625725,10293.21575104935,9422.08
2026-09-30,202405,PRIME,4648.23,27.67,-48.61,46.76,0.0100747872586797,0.01005974317105651,46.829928379412735,46.76
2026-09-30,202406,NON PRIME,1027429.92,-58471.24,-21223.53,18667.39,0.0220533267365067,0.01816901536213779,22658.247724622943,18667.39
2026-09-30,202406,NRP-L,216110.81,-2356.88,-3219.81,3212.15,0.0150910573642255,0.014863439732607545,3261.340630739238,3212.15
2026-09-30,202406,NRP-M,1679827.59,-50160.11,-23240.4,21963.92,0.0142058423371304,0.013075103737282942,23863.36589710173,21963.92
2026-09-30,202406,NRP-S,756287.49,-38970.68,0.0,11367.68,0.0165934440272594,0.015030897840185086,12549.414133831502,11367.68
2026-09-30,202407,NON PRIME,1080845.18,-58629.09,-24817.2,20802.59,0.0227911208357712,0.01924659552073869,24633.67310214087,20802.59
2026-09-30,202407,NRP-L,272065.49,-14409.2,-4168.66,3819.96,0.0146100311036824,0.014040590006472339,3974.885271138593,3819.96
2026-09-30,202407,NRP-M,2965918.37,-86280.29,-44191.13,40056.48,0.014383807167615,0.013505590850094772,42661.197908967,40056.48
2026-09-30,202407,NRP-S,589683.41,-47073.37,0.0,9158.14,0.0168481486882262,0.015530604803686099,9935.073770660252,9158.14
2026-09-30,202407,PRIME,1543.74,-99.77,-16.2,15.41,0.0100326772519103,0.009982250897171804,15.487845180864007,15.41
2026-09-30,202408,NON PRIME,934736.25,-66812.28,-19861.13,16127.54,0.0219488944329521,0.017253572866142722,20516.427273903522,16127.54
2026-09-30,202408,NRP-L,279465.65,-22517.88,-4632.42,4218.07,0.0152851171799328,0.01509333973602838,4271.6652080160875,4218.07
2026-09-30,202408,NRP-M,2102670.46,-52084.4,-32682.58,30684.94,0.015367199085322,0.014593318631584333,32312.155569645587,30684.94
2026-09-30,202408,NRP-S,861471.45,-43832.52,0.0,13973.41,0.0172865882822319,0.01622039824999424,14891.902273047323,13973.41
2026-09-30,202409,NON PRIME,900013.14,-70662.33,-22568.33,17043.84,0.0228671292520501,0.018937323515076678,20580.716800923463,17043.84
2026-09-30,202409,NRP-L,412742.83,-17932.84,-6225.35,6052.68,0.0152260554162157,0.014664530938066205,6284.4452022256955,6052.68
2026-09-30,202409,NRP-M,1944324.41,-67105.04,-31179.64,27946.21,0.0153020232471114,0.014373223859283853,29752.097321746158,27946.21
2026-09-30,202409,NRP-S,593986.52,-50088.39,0.0,9357.09,0.0168704099210221,0.0157530342607775,10020.796079961392,9357.09
2026-09-30,202409,PRIME,5846.85,-298.73,-61.19,58.65,0.0100584740845944,0.010031042356140486,58.81038920151077,58.65
2026-09-30,202410,NON PRIME,1232706.48,-87633.5,-32420.2,23079.09,0.0232185452759837,0.018722291457411663,28621.651217878498,23079.09
2026-09-30,202410,NRP-L,392727.73,-3452.0,-7143.61,6104.22,0.0162671837927962,0.01554313468010013,6388.574164437642,6104.22
2026-09-30,202410,NRP-M,1854528.88,-78251.86,-29613.27,25718.8,0.014701083133057,0.01386810433494031,27263.583237535087,25718.8
2026-09-30,202410,NRP-S,755704.45,-36542.91,0.0,12089.45,0.0170353264329407,0.015997590063152337,12873.671992575913,12089.45
2026-09-30,202411,NON PRIME,1266834.58,-97540.48,-34674.67,26347.49,0.0247877337506715,0.02079789296563092,31401.958275183755,26347.49
2026-09-30,202411,NRP-L,380072.6,-19689.22,-5621.11,5219.82,0.0141298462448368,0.013733744553014345,5370.367399875358,5219.82
2026-09-30,202411,NRP-M,2053522.83,-85892.03,-35435.27,30467.93,0.0156001288306386,0.014836908338632885,32035.220704657568,30467.93
2026-09-30,202411,NRP-S,821869.04,-44827.89,0.0,14139.18,0.018017105117717,0.017203689775198247,14807.70088667716,14139.18
2026-09-30,202412,NON PRIME,1486422.41,-106459.12,-43201.81,32413.47,0.0248657154375268,0.02180636525790808,36960.95666702279,32413.47
2026-09-30,202412,NRP-L,43879.2,-455.56,-548.01,437.64,0.0123839943284755,0.009973746102937156,543.399763938042,437.64
2026-09-30,202412,NRP-M,2000913.98,-34549.74,-32397.57,29504.28,0.0151591788725611,0.014745401498968986,30332.212931428145,29504.28
2026-09-30,202412,NRP-S,903177.93,-46017.56,0.0,15262.87,0.0177565367675234,0.01689907325348395,16037.312121660676,15262.87
2026-09-30,202501,NON PRIME,1709117.0,-119321.5,-47893.09,39064.11,0.0257099652366611,0.02285631118290907,43941.33865538651,39064.11
2026-09-30,202501,NRP-L,48492.34,-867.87,-840.53,782.82,0.0171340457193648,0.016143168178726786,830.8699705989825,782.82
2026-09-30,202501,NRP-M,3373479.62,-107655.68,-57408.68,49803.28,0.0156697457214691,0.014763177967560983,52861.567841958204,49803.28
2026-09-30,202501,NRP-S,1402518.96,-77596.24,0.0,23820.01,0.0178913780974928,0.016983734751079584,25092.997002262382,23820.01
2026-09-30,202502,NON PRIME,2341021.9,-171905.49,-65931.61,57997.93,0.0272493175761933,0.02477462086108635,63791.24920592343,57997.93
2026-09-30,202502,NRP-L,101932.65,-1764.33,-1893.46,1615.27,0.0154953262642354,0.015846443705721375,1579.4796687281143,1615.27
2026-09-30,202502,NRP-M,3529768.6,-123489.28,-59553.58,55069.27,0.0157584011264097,0.015601382481559838,55623.50948220559,55069.27
2026-09-30,202502,NRP-S,1538565.11,-85865.65,0.0,26425.77,0.0178644610048735,0.017175594213234172,27485.636411053907,26425.77
2026-09-30,202503,NON PRIME,3366713.35,-208762.7,-104548.67,104028.52,0.0347631873764749,0.03089913193827446,117037.68702892953,104028.52
2026-09-30,202503,NRP-L,66343.75,-833.77,-915.53,1076.57,0.0178243636566151,0.016227150259067357,1182.535126343558,1076.57
2026-09-30,202503,NRP-M,4479970.91,-111760.97,-73243.62,72954.33,0.0168296385885087,0.016284554401269538,75396.29130233244,72954.33
2026-09-30,202503,NRP-S,1826962.35,-85204.29,0.0,36240.53,0.0213043809831144,0.019836495262203952,38922.301946206,36240.53
2026-09-30,202504,NON PRIME,4149787.25,-256754.1,-140554.24,132467.43,0.0356338912627711,0.03192149910817717,147873.0676301339,132467.43
2026-09-30,202504,NRP-L,48210.71,-986.1,-788.82,792.11,0.0166366017843202,0.016430166657989482,802.0623840093436,792.11
2026-09-30,202504,NRP-M,5688472.79,-141534.57,-93430.46,91510.64,0.0164275860246004,0.01608703133130395,93447.87610632365,91510.64
2026-09-30,202504,NRP-S,1575475.32,-91568.7,0.0,31077.97,0.020487502908049,0.019726091297958256,32277.55520005943,31077.97
2026-09-30,202504,PRIME,3021.41,9.22,-31.39,31.54,0.011135166842726,0.010438834848630275,33.643904450280765,31.54
2026-09-30,202505,NON PRIME,4562601.14,-263831.23,-148052.0,146415.53,0.0343489874306925,0.03209036369986091,156720.72920912327,146415.53
2026-09-30,202505,NRP-L,12867.79,-187.52,-208.98,210.25,0.0157966823854198,0.016339247065735453,203.26839163228107,210.25
2026-09-30,202505,NRP-M,5302812.95,-152131.57,-85119.84,84086.82,0.016636899719721,0.015857021696380976,88222.3672815879,84086.82
2026-09-30,202505,NRP-S,1650042.13,-85788.77,0.0,31586.8,0.0204843399464785,0.019143026366241933,33800.02391693147,31586.8
2026-09-30,202506,NON PRIME,5270080.04,-305720.38,-172638.17,171464.31,0.035520772510527,0.03253542805774919,187197.31421310906,171464.31
2026-09-30,202506,NRP-L,23348.06,-424.24,-373.16,371.02,0.0158719014754618,0.015890827760422062,370.5781079631706,371.02
2026-09-30,202506,NRP-M,5261015.63,-134047.53,-82775.24,84018.9,0.0167330498622469,0.015970091311057366,88032.83686285028,84018.9
2026-09-30,202506,NRP-S,1890752.3,-102060.56,0.0,37233.24,0.0206818517867955,0.01969228861972031,39104.2588341427,37233.24
2026-09-30,202507,NON PRIME,6539849.5,-380093.72,-221228.28,208524.19,0.0377833333333333,0.03188516647057398,247097.31360833312,208524.19
2026-09-30,202507,NRP-L,89705.37,-1602.64,-1512.37,1458.28,0.01685,0.016256328913196613,1511.5354845,1458.28
2026-09-30,202507,NRP-M,6432262.67,-145038.52,-103804.19,99446.67,0.0155583333333333,0.015460604627329375,100075.28670741645,99446.67
2026-09-30,202507,NRP-S,2165057.91,-99791.91,0.0,42444.99,0.0212333333333333,0.019604551824666895,45971.39628899993,42444.99
2026-09-30,202507,PRIME,6042.39,-60.02,-66.5,66.01,0.0113,0.010924485178877895,68.279007,66.01
2026-09-30,202508,NON PRIME,5175069.07,-323801.09,-148534.02,161055.77,0.0379333333333333,0.031121472548771213,196307.62005533316,161055.77
2026-09-30,202508,NRP-L,37041.7,-763.85,-545.84,568.06,0.0153166666666666,0.015335689236725096,567.3553716666642,568.06
2026-09-30,202508,NRP-M,5621074.55,-141981.13,-76076.03,87608.98,0.01575,0.015585806454034665,88531.9241625,87608.98
2026-09-30,202508,NRP-S,2280232.27,-107833.24,0.0,43360.79,0.0205083333333333,0.01901595314235247,46763.76347058325,43360.79
2026-09-30,202508,PRIME,18369.12,-195.79,-128.02,198.1,0.0112416666666666,0.010784403390037193,206.49952399999876,198.1
2026-09-30,202509,NON PRIME,5906691.73,-429349.68,-165545.13,155520.3,0.0379333333333333,0.026329510174047964,224060.50629133315,155520.3
2026-09-30,202509,NRP-L,12201.34,-165.88,-164.74,180.84,0.0153166666666666,0.01482132290387777,186.88385766666585,180.84
2026-09-30,202509,NRP-M,6580423.23,-175731.5,-98918.0,102676.51,0.01575,0.015603329210179083,103641.6658725,102676.51
2026-09-30,202509,NRP-S,2370081.59,-127496.84,0.0,42203.31,0.0205083333333333,0.01780669078147643,48606.42327491658,42203.31
2026-09-30,202509,PRIME,15312.95,-235.8,-155.07,155.34,0.0112416666666666,0.010144354941405804,172.1430795833323,155.34
2026-10-31,201912,NON PRIME,215493.03,7417.88,2614.38,0.0,0.0,0.0,0.0,0.0
2026-10-31,201912,NRP-S,55218.13,-380.85,0.0,0.0,0.0083333333333333,0.0,460.1510833333315,0.0
2026-10-31,202001,NON PRIME,50581.76,2732.69,606.54,0.0,0.0083333333333333,0.0,421.514666666665,0.0
2026-10-31,202001,NRP-S,1.99,-1.0,0.0,0.0,0.0083333333333333,0.0,0.016583333333333266,0.0
2026-10-31,202101,NON PRIME,723666.86,7461.04,6071.73,0.0,0.0083333333333333,0.0,6030.557166666643,0.0
2026-10-31,202101,NRP-M,299278.47,-57524.76,-3649.91,3885.23,0.010208119025845,0.01298198964997382,3055.0702436327815,3885.23
2026-10-31,202101,NRP-S,656167.89,-69085.58,0.0,5966.9,0.0106469523176989,0.009093556833450048,6986.1882372350965,5966.9
2026-10-31,202101,PRIME,642831.43,-88103.66,-7365.56,7014.04,0.0083333333333333,0.010911165311254304,5356.928583333312,7014.04
2026-10-31,202201,NON PRIME,207620.13,-26533.09,-681.98,0.0,0.01019598375111,0.0,2116.8914718833457,0.0
2026-10-31,202201,NRP-M,76638.62,-4954.63,-973.54,956.65,0.0112614565789034,0.01248260994261118,863.0624913970777,956.65
2026-10-31,202201,NRP-S,154921.64,-13760.23,0.0,1455.57,0.0098161062560049,0.009395524085595788,1520.727279594539,1455.57
2026-10-31,202201,PRIME,35583.44,-3503.86,-340.48,295.64,0.0089101128641964,0.00830835916932146,317.05246649636075,295.64
2026-10-31,202301,NON PRIME,1823614.1,-146801.37,-21723.08,21497.28,0.0154482859353957,0.0117882834970403,28171.71205261929,21497.28
2026-10-31,202301,NRP-L,933012.89,-9247.91,-4358.06,5314.53,0.0103461565484954,0.0056960949381953336,9653.097421704118,5314.53
2026-10-31,202301,NRP-M,6172033.76,-233006.66,-89674.37,88534.11,0.013627184982623,0.01434439820692102,84107.44576651417,88534.11
2026-10-31,202301,NRP-S,1963751.02,-141053.2,0.0,30644.67,0.0150574820476038,0.015605170761413531,29569.14572961365,30644.67
2026-10-31,202404,NON PRIME,422155.38,-33632.3,-8176.56,6677.55,0.0203782482127001,0.01581775411697939,8602.78711796673,6677.55
2026-10-31,202404,NRP-L,135650.43,-10704.24,-2064.29,1675.88,0.0130320640429038,0.012354402415090024,1767.8050912074389,1675.88
2026-10-31,202404,NRP-M,1585793.77,-77819.82,-24331.62,21957.21,0.0144491601159043,0.013846195145539007,22913.388093533515,21957.21
2026-10-31,202404,NRP-S,676676.25,-34679.72,0.0,9589.33,0.0157142983056292,0.014171222944502633,10633.49244883452,9589.33
2026-10-31,202405,NON PRIME,587863.84,-36913.29,-11368.11,9592.77,0.0204444422858944,0.01631801336853786,12018.548348844259,9592.77
2026-10-31,202405,NRP-L,332788.22,-6116.42,-4238.66,3554.15,0.0128960340264595,0.010679915292674725,4291.64820872489,3554.15
2026-10-31,202405,NRP-M,1906882.91,-36535.95,-27076.45,25565.68,0.0144698485913142,0.01340705287457844,27592.30698906462,25565.68
2026-10-31,202405,NRP-S,591556.28,-30918.21,0.0,8794.69,0.0162944280018955,0.014867038517450951,9639.071213529136,8794.69
2026-10-31,202405,PRIME,4618.71,28.88,-48.31,46.46,0.0100747872586797,0.010059085762041783,46.532520659536516,46.46
2026-10-31,202406,NON PRIME,898097.13,-51000.0,-18487.64,16209.59,0.0220533267365067,0.01804881616757867,19806.029449008933,16209.59
2026-10-31,202406,NRP-L,213746.27,-2193.98,-3183.33,3175.8,0.0150910573642255,0.014857803132658175,3225.6572219592317,3175.8
2026-10-31,202406,NRP-M,1594898.1,-47204.73,-22078.48,20789.14,0.0142058423371304,0.013034776328343484,22656.870952388836,20789.14
2026-10-31,202406,NRP-S,711221.66,-36566.39,0.0,10652.73,0.0165934440272594,0.01497807308062018,11801.616806184515,10652.73
2026-10-31,202407,NON PRIME,967363.1,-52054.95,-22191.23,18529.32,0.0227911208357712,0.019154462269648283,22047.289304166217,18529.32
2026-10-31,202407,NRP-L,257307.52,-13735.36,-3943.03,3607.27,0.0146100311036824,0.014019294888855173,3759.270870411381,3607.27
2026-10-31,202407,NRP-M,2829216.18,-82278.99,-42181.37,38136.18,0.014383807167615,0.013479415348176045,40694.89996861633,38136.18
2026-10-31,202407,NRP-S,540563.7,-43472.33,0.0,8374.97,0.0168481486882262,0.015493030701099612,9107.4975930577,8374.97
2026-10-31,202407,PRIME,1443.17,-93.76,-15.15,14.41,0.0100326772519103,0.009984963656395295,14.478858829639389,14.41
2026-10-31,202408,NON PRIME,802863.33,-57365.23,-17019.4,13762.24,0.0219488944329521,0.017141447972222123,17621.962474258384,13762.24
2026-10-31,202408,NRP-L,256533.43,-21093.46,-4254.74,3871.76,0.0152851171799328,0.01509261385543397,3921.143538120088,3871.76
2026-10-31,202408,NRP-M,2014805.59,-49454.56,-31339.54,29363.35,0.015367199085322,0.014573788233335206,30961.918619749653,29363.35
2026-10-31,202408,NRP-S,814767.79,-41529.47,0.0,13196.8,0.0172865882822319,0.01619700749338655,14084.555331353982,13196.8
2026-10-31,202409,NON PRIME,780583.87,-61427.57,-19643.2,14731.22,0.0228671292520501,0.018872052787870186,17849.712247355474,14731.22
2026-10-31,202409,NRP-L,394637.31,-17500.63,-5951.06,5782.33,0.0152260554162157,0.014652263872364223,6008.769551366294,5782.33
2026-10-31,202409,NRP-M,1838104.84,-63427.06,-29530.63,26379.78,0.0153020232471114,0.014351618811906289,28126.722992307983,26379.78
2026-10-31,202409,NRP-S,540513.46,-46031.14,0.0,8504.79,0.0168704099210221,0.015734649790219844,9118.683638029981,8504.79
2026-10-31,202409,PRIME,5545.59,-284.16,-58.04,55.63,0.0100584740845944,0.010031394315122467,55.78017329878586,55.63
2026-10-31,202410,NON PRIME,1084124.41,-77087.85,-28574.96,20190.65,0.0232185452759837,0.01862392342959975,25171.791698384117,20190.65
2026-10-31,202410,NRP-L,388235.3,-3243.86,-7072.36,6033.2,0.0162671837927962,0.015540060370605145,6315.494979951371,6033.2
2026-10-31,202410,NRP-M,1738162.71,-74143.07,-27823.21,24068.74,0.014701083133057,0.013847230677270716,25552.874498489644,24068.74
2026-10-31,202410,NRP-S,716647.16,-34563.32,0.0,11451.74,0.0170353264329407,0.015979607035629638,12208.318307839883,11451.74
2026-10-31,202411,NON PRIME,1076997.88,-83052.34,-29612.44,22350.27,0.0247877337506715,0.02075238068249494,26696.33669947765,22350.27
2026-10-31,202411,NRP-L,359982.09,-19006.49,-5324.92,4938.41,0.0141298462448368,0.01371848805033606,5086.491582595003,4938.41
2026-10-31,202411,NRP-M,1931601.01,-81209.4,-33439.7,28641.12,0.0156001288306386,0.014827658430350478,30133.22460539164,28641.12
2026-10-31,202411,NRP-S,775113.94,-42278.24,0.0,13335.92,0.018017105117717,0.01720510922561914,13965.309335187787,13335.92
2026-10-31,202412,NON PRIME,1309506.94,-93678.95,-38258.15,28519.72,0.0248657154375268,0.021778975833453774,32561.82693350648,28519.72
2026-10-31,202412,NRP-L,43313.26,-433.97,-540.07,426.56,0.0123839943284755,0.009848254322117523,536.3911661877847,426.56
2026-10-31,202412,NRP-M,1928543.29,-32491.95,-31297.61,28424.18,0.0151591788725611,0.014738678746485386,29235.132696587476,28424.18
2026-10-31,202412,NRP-S,857828.41,-43618.22,0.0,14494.44,0.0177565367675234,0.01689666584952578,15232.061702391138,14494.44
2026-10-31,202501,NON PRIME,1495577.19,-104174.34,-42101.55,34193.28,0.0257099652366611,0.022862932270316317,38451.23756364329,34193.28
2026-10-31,202501,NRP-L,47566.77,-843.18,-826.98,770.59,0.0171340457193648,0.016200175038162148,815.01121190251,770.59
2026-10-31,202501,NRP-M,3207177.69,-102577.45,-54828.08,47341.49,0.0156697457214691,0.014761106048976038,50255.658885868645,47341.49
2026-10-31,202501,NRP-S,1321300.27,-73134.31,0.0,22450.47,0.0178913780974928,0.016991194590462017,23639.882710889324,22450.47
2026-10-31,202502,NON PRIME,2026790.44,-148663.68,-57377.58,50339.88,0.0272493175761933,0.024837239709893242,55228.65635995255,50339.88
2026-10-31,202502,NRP-L,99890.12,-1705.08,-1865.24,1586.17,0.0154953262642354,0.015879148007831006,1547.8299999736257,1586.17
2026-10-31,202502,NRP-M,3350815.92,-117920.24,-56810.18,52349.09,0.0157584011264097,0.015622788971349999,52803.501368119556,52349.09
2026-10-31,202502,NRP-S,1456780.28,-81366.07,0.0,25028.59,0.0178644610048735,0.017180758377646353,26024.5945047287,25028.59
2026-10-31,202503,NON PRIME,3019217.09,-185491.5,-94740.75,94451.08,0.0347631873764749,0.031283301990053324,104957.60942992527,94451.08
2026-10-31,202503,NRP-L,65671.01,-778.98,-906.05,1071.46,0.0178243636566151,0.016315570599568976,1170.5439639372066,1071.46
2026-10-31,202503,NRP-M,4285286.47,-105780.34,-70333.96,69998.07,0.0168296385885087,0.01633451357103788,72119.82253832623,69998.07
2026-10-31,202503,NRP-S,1750425.82,-81003.36,0.0,34957.49,0.0213043809831144,0.019970849150294182,37291.73855196043,34957.49
2026-10-31,202504,NON PRIME,3697512.27,-226237.17,-127133.61,119829.21,0.0356338912627711,0.0324080628405866,131756.75017194194,119829.21
2026-10-31,202504,NRP-L,47227.91,-957.04,-776.91,779.68,0.0166366017843202,0.016508882141936833,785.7119317757139,779.68
2026-10-31,202504,NRP-M,5475581.28,-135027.88,-90294.52,88269.89,0.0164275860246004,0.016120642811460556,89950.58251189157,88269.89
2026-10-31,202504,NRP-S,1492649.34,-87062.94,0.0,29638.77,0.020487502908049,0.019856485515881445,30580.657693947418,29638.77
2026-10-31,202504,PRIME,3012.34,13.47,-31.32,31.49,0.011135166842726,0.010453667248716943,33.54290848701724,31.49
2026-10-31,202505,NON PRIME,4087752.8,-231660.57,-134693.38,133490.09,0.0343489874306925,0.03265610630858109,140410.16954697805,133490.09
2026-10-31,202505,NRP-L,12681.54,-174.29,-207.44,208.35,0.0157966823854198,0.016429392644741882,200.3262595379966,208.35
2026-10-31,202505,NRP-M,5092970.15,-145966.5,-82007.77,80870.34,0.016636899719721,0.01587881680398225,84731.23366108243,80870.34
2026-10-31,202505,NRP-S,1566707.69,-81148.59,0.0,30154.26,0.0204843399464785,0.019246896017980228,32092.972918722055,30154.26
2026-10-31,202506,NON PRIME,4751852.64,-269377.53,-158689.42,157977.75,0.035520772510527,0.03324550695662987,168789.47662898715,157977.75
2026-10-31,202506,NRP-L,22921.68,-402.29,-375.82,365.75,0.0158719014754618,0.015956509296002737,363.81064661206324,365.75
2026-10-31,202506,NRP-M,5067259.25,-126754.28,-79858.44,81127.87,0.0167330498622469,0.016010207095679976,84790.70169518182,81127.87
2026-10-31,202506,NRP-S,1799119.97,-97242.69,0.0,35752.6,0.0206818517867955,0.019872271219356204,37209.13256620397,35752.6
2026-10-31,202507,NON PRIME,5930581.5,-335670.11,-205927.13,193572.18,0.0377833333333333,0.03263966273796254,224077.1376749998,193572.18
2026-10-31,202507,NRP-L,88048.64,-1497.79,-1501.31,1442.44,0.01685,0.016382308687561783,1483.619584,1442.44
2026-10-31,202507,NRP-M,6234144.29,-135321.43,-101148.86,96251.69,0.0155583333333333,0.01543943892257906,96992.89491191646,96251.69
2026-10-31,202507,NRP-S,2086603.81,-94094.04,0.0,41324.89,0.0212333333333333,0.019804856965156218,44305.55423233326,41324.89
2026-10-31,202507,PRIME,5981.89,-45.62,-66.37,65.94,0.0113,0.011023271909045469,67.59535699999999,65.94
2026-10-31,202508,NON PRIME,4690320.13,-287974.34,-135789.95,149971.04,0.0379333333333333,0.031974585069527016,177919.47693133316,149971.04
2026-10-31,202508,NRP-L,36300.07,-725.61,-540.63,556.71,0.0153166666666666,0.015336334062165722,555.9960721666642,556.71
2026-10-31,202508,NRP-M,5461068.98,-134528.22,-71931.8,85059.01,0.01575,0.015575523823542691,86011.836435,85059.01
2026-10-31,202508,NRP-S,2205230.43,-101823.38,0.0,42274.1,0.0205083333333333,0.01916992411536784,45225.60073524993,42274.1
2026-10-31,202508,PRIME,18243.41,-137.39,-119.57,198.68,0.0112416666666666,0.010890507860098524,205.0863340833321,198.68
2026-10-31,202509,NON PRIME,5407450.19,-1316516.61,-297445.49,225310.42,0.0379333333333333,0.04166666581907063,205122.6105406665,225310.42
2026-10-31,202509,NRP-L,12051.57,-157.76,-86.37,91.24,0.0153166666666666,0.007570797829660368,184.5898804999992,91.24
2026-10-31,202509,NRP-M,6374081.56,-944809.31,-151466.07,265586.73,0.01575,0.04166666640519109,100391.78456999999,265586.73
2026-10-31,202509,NRP-S,2279622.28,-354873.18,0.0,94984.26,0.0205083333333333,0.04166666593555139,46751.25359233325,94984.26
2026-10-31,202509,PRIME,15077.41,-103.25,-75.5,76.69,0.0112416666666666,0.005086417362133152,169.49521741666564,76.69
2026-11-30,201912,NON PRIME,205418.06,7066.52,2507.58,0.0,0.0,0.0,0.0,0.0
2026-11-30,201912,NRP-S,54835.67,-377.18,0.0,0.0,0.0083333333333333,0.0,456.96391666666483,0.0
2026-11-30,202001,NON PRIME,47234.92,2619.82,576.35,0.0,0.0083333333333333,0.0,393.6243333333318,0.0
2026-11-30,202001,NRP-S,1.0,-0.5,0.0,0.0,0.0083333333333333,0.0,0.0083333333333333,0.0
2026-11-30,202101,NON PRIME,710028.95,7973.46,6133.21,0.0,0.0083333333333333,0.0,5916.907916666642,0.0
2026-11-30,202101,NRP-M,241987.96,-46587.26,-2968.61,3146.4,0.010208119025845,0.013002299783840486,2470.2418985014187,3146.4
2026-11-30,202101,NRP-S,593039.55,-62420.36,0.0,5389.45,0.0106469523176989,0.009087842455026819,6314.063811359613,5389.45
2026-11-30,202101,PRIME,554371.6,-76051.61,-6364.56,6062.69,0.0083333333333333,0.010936148244246277,4619.763333333315,6062.69
2026-11-30,202201,NON PRIME,179553.73,-23122.8,-491.94,0.0,0.01019598375111,0.0,1830.7269135311922,0.0
2026-11-30,202201,NRP-M,71667.0,-4626.95,-912.14,894.73,0.0112614565789034,0.012484546583504263,807.07480864027,894.73
2026-11-30,202201,NRP-S,142488.96,-12656.0,0.0,1338.28,0.0098161062560049,0.009392166242212731,1398.6867716676318,1338.28
2026-11-30,202201,PRIME,32034.67,-3158.95,-306.57,266.07,0.0089101128641964,0.008305688805285025,285.43252526728645,266.07
2026-11-30,202301,NON PRIME,1676341.09,-134723.68,-19552.99,19466.99,0.0154482859353957,0.011612785796475346,25896.596483572896,19466.99
2026-11-30,202301,NRP-L,924720.6,-8288.58,-4286.14,5077.22,0.0103461565484954,0.005490544927840907,9567.304091218595,5077.22
2026-11-30,202301,NRP-M,5937883.24,-221414.85,-86323.66,85437.32,0.013627184982623,0.014388514651898074,80916.63331669681,85437.32
2026-11-30,202301,NRP-S,1853317.44,-132237.7,0.0,29047.62,0.0150574820476038,0.01567331066608859,27906.294081311033,29047.62
2026-11-30,202404,NON PRIME,386978.75,-30920.33,-7465.47,6065.04,0.0203782482127001,0.015672798570980966,7885.949020540418,6065.04
2026-11-30,202404,NRP-L,124557.5,-9986.59,-1895.87,1536.36,0.0130320640429038,0.012334544286775183,1623.24131702399,1536.36
2026-11-30,202404,NRP-M,1505596.1,-74499.24,-23161.04,20820.11,0.0144491601159043,0.013828482951038461,21754.59911878106,20820.11
2026-11-30,202404,NRP-S,651582.31,-33465.57,0.0,9201.09,0.0157142983056292,0.014121147641347106,10239.15879001096,9201.09
2026-11-30,202405,NON PRIME,549084.47,-34488.64,-10587.18,8897.86,0.0204444422858944,0.016204901952517434,11225.725756995913,8897.86
2026-11-30,202405,NRP-L,325986.52,-5691.91,-4150.91,3455.8,0.0128960340264595,0.010601051847174539,4203.933254087121,3455.8
2026-11-30,202405,NRP-M,1868829.56,-35105.78,-26512.93,24992.37,0.0144698485913142,0.013373274125651136,27041.680776172336,24992.37
2026-11-30,202405,NRP-S,569425.49,-29773.95,0.0,8442.17,0.0162944280018955,0.014825767634673326,9278.462649249066,8442.17
2026-11-30,202405,PRIME,4587.98,29.76,-47.99,46.14,0.0100747872586797,0.010056713412002668,46.22292244707728,46.14
2026-11-30,202406,NON PRIME,844792.71,-47875.86,-17343.32,15163.51,0.0220533267365067,0.01794938547705981,18630.489658248953,15163.51
2026-11-30,202406,NRP-L,211544.77,-2049.03,-3149.64,3141.99,0.0150910573642255,0.01485260070480589,3192.4342591718896,3141.99
2026-11-30,202406,NRP-M,1546400.14,-45389.59,-21422.91,20103.81,0.0142058423371304,0.013000393287600196,21967.916578956378,20103.81
2026-11-30,202406,NRP-S,685304.67,-35156.45,0.0,10233.97,0.0165934440272594,0.014933460179105447,11371.564683264474,10233.97
2026-11-30,202407,NON PRIME,911608.46,-48691.77,-20902.73,17394.8,0.0227911208357712,0.019081437660198985,20776.578566771295,17394.8
2026-11-30,202407,NRP-L,243236.34,-13071.35,-3727.74,3405.29,0.0146100311036824,0.013999922873366702,3553.6904929458674,3405.29
2026-11-30,202407,NRP-M,2742868.71,-79734.7,-40922.7,36913.93,0.014383807167615,0.013458146890304494,39452.89461072491,36913.93
2026-11-30,202407,NRP-S,505461.43,-40908.63,0.0,7815.75,0.0168481486882262,0.015462604139746133,8516.089328803439,7815.75
2026-11-30,202407,PRIME,1348.67,-88.01,-14.16,13.46,0.0100326772519103,0.009980202718233518,13.530770829333866,13.46
2026-11-30,202408,NON PRIME,742140.85,-52996.24,-15708.04,12657.06,0.0219488944329521,0.01705479492201514,16289.17117103134,12657.06
2026-11-30,202408,NRP-L,235056.99,-19669.39,-3900.09,3547.56,0.0152851171799328,0.015092339947006043,3592.8736361122924,3547.56
2026-11-30,202408,NRP-M,1963371.89,-47786.13,-30564.34,28584.26,0.015367199085322,0.014558759930091491,30171.526712154922,28584.26
2026-11-30,202408,NRP-S,786430.15,-40147.26,0.0,12724.3,0.0172865882822319,0.01617982220035689,13594.694215783875,12724.3
2026-11-30,202409,NON PRIME,713992.94,-56288.54,-18033.79,13443.96,0.0228671292520501,0.01882926181314902,16326.968844031251,13443.96
2026-11-30,202409,NRP-L,376967.96,-17021.06,-5683.71,5519.8,0.0152260554162157,0.014642623739163403,5739.735049097783,5519.8
2026-11-30,202409,NRP-M,1771510.51,-61109.19,-28511.82,25394.66,0.0153020232471114,0.014335032085132817,27107.69500652217,25394.66
2026-11-30,202409,NRP-S,502983.89,-43201.12,0.0,7908.44,0.0168704099210221,0.01572304830677579,8485.544407970288,7908.44
2026-11-30,202409,PRIME,5259.02,-270.07,-55.04,52.75,0.0100584740845944,0.010030385889386234,52.89771638036365,52.75
2026-11-30,202410,NON PRIME,998558.34,-70998.75,-26382.62,18527.08,0.0232185452759837,0.01855382831212446,23185.072028001126,18527.08
2026-11-30,202410,NRP-L,383951.38,-3062.33,-7001.66,5965.67,0.0162671837927962,0.015537566240808928,6245.8076659577355,5965.67
2026-11-30,202410,NRP-M,1660254.76,-71501.81,-26638.65,22965.43,0.014701083133057,0.013832473517498,24407.543248813596,22965.43
2026-11-30,202410,NRP-S,693532.03,-33369.12,0.0,11074.94,0.0170353264329407,0.01596889476034726,11814.544522750024,11074.94
2026-11-30,202411,NON PRIME,986655.68,-76166.01,-27250.18,20454.14,0.0247877337506715,0.020730778137313312,24456.95829942774,20454.14
2026-11-30,202411,NRP-L,340589.09,-18277.82,-5038.88,4668.55,0.0141298462448368,0.013707279936653284,4812.471474368883,4668.55
2026-11-30,202411,NRP-M,1845585.8,-77919.96,-32045.35,27356.74,0.0156001288306386,0.014822795017170159,28791.376247997203,27356.74
2026-11-30,202411,NRP-S,746170.06,-40694.05,0.0,12842.44,0.018017105117717,0.017211143529398645,13443.824406713204,12842.44
2026-11-30,202412,NON PRIME,1206036.22,-86161.6,-35411.55,26261.22,0.0248657154375268,0.021774818670039612,29988.95345387047,26261.22
2026-11-30,202412,NRP-L,42765.78,-414.37,-532.59,416.72,0.0123839943284755,0.009744239436296966,529.6111769728309,416.72
2026-11-30,202412,NRP-M,1893170.89,-31208.24,-30789.72,27898.92,0.0151591788725611,0.014736609435189445,28698.916157835694,27898.92
2026-11-30,202412,NRP-S,828700.01,-42058.94,0.0,14005.48,0.0177565367675234,0.016900542815246253,14714.84219681201,14005.48
2026-11-30,202501,NON PRIME,1383365.85,-96127.03,-39119.76,31664.93,0.0257099652366611,0.022889772795822595,35566.28791308414,31664.93
2026-11-30,202501,NRP-L,46667.2,-819.67,-813.26,758.53,0.0171340457193648,0.01625402852538828,799.5979383947409,758.53
2026-11-30,202501,NRP-M,3096840.04,-99225.67,-53161.89,45721.52,0.0156697457214691,0.01476392690918579,48526.695966864194,45721.52
2026-11-30,202501,NRP-S,1270590.61,-70340.2,0.0,21606.47,0.0178913780974928,0.017005060347486747,22732.61701063402,21606.47
2026-11-30,202502,NON PRIME,1870856.64,-137017.68,-53233.75,46608.0,0.0272493175761933,0.024912651778599134,50979.56672288994,46608.0
2026-11-30,202502,NRP-L,97905.97,-1649.11,-1835.63,1557.62,0.0154953262642354,0.015909346488268285,1517.084948366443,1557.62
2026-11-30,202502,NRP-M,3228432.36,-114186.37,-54980.15,50509.85,0.0157584011264097,0.015645317716986334,50874.932138361524,50509.85
2026-11-30,202502,NRP-S,1399927.37,-78230.2,0.0,24068.88,0.0178644610048735,0.0171929490884945,25008.947911020117,24068.88
2026-11-30,202503,NON PRIME,2833412.83,-172566.19,-89769.09,89650.71,0.0347631873764749,0.03164053929973911,98498.46112419803,89650.71
2026-11-30,202503,NRP-L,65057.44,-730.77,-896.79,1066.83,0.0178243636566151,0.016398278198465847,1159.6074691284175,1066.83
2026-11-30,202503,NRP-M,4179169.9,-102159.65,-68837.77,68456.71,0.0168296385885087,0.016380456319806478,70333.91901697405,68456.71
2026-11-30,202503,NRP-S,1704378.1,-78326.39,0.0,34249.27,0.0213043809831144,0.020094878008582718,36310.720381676656,34249.27
2026-11-30,202504,NON PRIME,3463964.05,-209743.74,-120707.44,113801.81,0.0356338912627711,0.032853057467498836,123434.51829584817,113801.81
2026-11-30,202504,NRP-L,46273.64,-930.16,-765.82,767.17,0.0166366017843202,0.01657898535753833,769.8361217909905,767.17
2026-11-30,202504,NRP-M,5338528.77,-130619.47,-88352.51,86223.73,0.0164275860246004,0.01615121575901894,87699.14061397915,86223.73
2026-11-30,202504,NRP-S,1435224.88,-83952.78,0.0,28669.28,0.020487502908049,0.01997546196384221,29404.17390270427,28669.28
2026-11-30,202504,PRIME,2999.04,16.85,-31.21,31.39,0.011135166842726,0.010466682671788305,33.39481076800898,31.39
2026-11-30,202505,NON PRIME,3854884.64,-214408.21,-128773.36,127862.98,0.0343489874306925,0.03316908077436009,132411.3840461296,127862.98
2026-11-30,202505,NRP-L,12508.17,-162.69,-205.7,206.51,0.0157966823854198,0.016510009058079637,197.58758871283638,206.51
2026-11-30,202505,NRP-M,4945866.22,-141596.67,-79868.23,78636.32,0.016636899719721,0.015899402956354128,82283.88032929557,78636.32
2026-11-30,202505,NRP-S,1515713.36,-78230.54,0.0,29317.98,0.0204843399464785,0.01934269418856346,31048.387727659152,29317.98
2026-11-30,202506,NON PRIME,4481762.53,-248677.76,-152250.69,151866.11,0.035520772510527,0.03388535402834027,159195.66727433394,151866.11
2026-11-30,202506,NRP-L,22509.31,-382.65,-371.91,360.49,0.0158719014754618,0.016015151064159672,357.265550600627,360.49
2026-11-30,202506,NRP-M,4941774.41,-121498.76,-78006.69,79303.49,0.0167330498622469,0.016047573891581183,82690.95761050575,79303.49
2026-11-30,202506,NRP-S,1737629.4,-94022.61,0.0,34814.56,0.0206818517867955,0.02003566468200872,35937.393711178396,34814.56
2026-11-30,202507,NON PRIME,5582479.56,-308267.69,-198326.91,186004.15,0.0377833333333333,0.033319271123314245,210924.6860419998,186004.15
2026-11-30,202507,NRP-L,86491.97,-1405.21,-1525.94,1426.62,0.01685,0.01649424796313461,1457.3896945000001,1426.62
2026-11-30,202507,NRP-M,6093925.68,-127693.12,-99362.59,93989.77,0.0155583333333333,0.015423517603516295,94811.3270379998,93989.77
2026-11-30,202507,NRP-S,2033834.57,-89915.02,0.0,40649.64,0.0212333333333333,0.019986699311537418,43185.087369666595,40649.64
2026-11-30,202507,PRIME,5935.83,-33.76,-66.82,65.94,0.0113,0.011108808709144298,67.074879,65.94
2026-11-30,202508,NON PRIME,4416473.2,-266397.56,-128916.09,144600.27,0.0379333333333333,0.032741117958102854,167531.5500533332,144600.27
2026-11-30,202508,NRP-L,35590.54,-691.19,-525.22,545.91,0.0153166666666666,0.01533862650018797,545.1284376666644,545.91
2026-11-30,202508,NRP-M,5339474.39,-128535.43,-68662.22,83134.7,0.01575,0.015569828400281925,84096.7216425,83134.7
2026-11-30,202508,NRP-S,2145681.14,-96956.63,0.0,41436.79,0.0205083333333333,0.01931171842243065,44004.344046166596,41436.79
2026-11-30,202508,PRIME,18185.13,-89.13,-107.35,199.73,0.0112416666666666,0.010983149419333267,204.4311697499988,199.73
2026-11-30,202509,NON PRIME,4018788.5,-1105896.11,-241282.25,167449.52,0.0379333333333333,0.041666666459307326,152446.04376666652,167449.52
2026-11-30,202509,NRP-L,11898.68,-131.95,-72.14,73.3,0.0153166666666666,0.006160347198176604,182.24811533333255,73.3
2026-11-30,202509,NRP-M,5543392.92,-942154.43,-140027.47,230974.7,0.01575,0.041666665764692,87308.43849,230974.7
2026-11-30,202509,NRP-S,2019732.55,-351960.13,0.0,84155.52,0.0205083333333333,0.04166666522258108,41421.348379583265,84155.52
2026-11-30,202509,PRIME,14975.35,-45.33,-63.88,62.24,0.0112416666666666,0.004156163295014808,168.34789291666567,62.24
2026-12-31,201912,NON PRIME,195809.47,6733.65,2405.09,0.0,0.0,0.0,0.0,0.0
2026-12-31,201912,NRP-S,54457.28,-373.88,0.0,0.0,0.0083333333333333,0.0,453.8106666666649,0.0
2026-12-31,202001,NON PRIME,44033.29,2503.7,546.38,0.0,0.0083333333333333,0.0,366.9440833333319,0.0
2026-12-31,202001,NRP-S,0.5,-0.25,0.0,0.0,0.0083333333333333,0.0,0.00416666666666665,0.0
2026-12-31,202101,NON PRIME,695834.28,8432.88,6178.29,0.0,0.0083333333333333,0.0,5798.618999999977,0.0
2026-12-31,202101,NRP-M,195577.82,-37694.72,-2412.72,2545.82,0.010208119025845,0.013016915721833897,1996.4816653752887,2545.82
2026-12-31,202101,NRP-S,536001.98,-56403.94,0.0,4868.93,0.0106469523176989,0.009083791071070298,5706.787523252199,4868.93
2026-12-31,202101,PRIME,478014.9,-65619.44,-5495.77,5236.29,0.0083333333333333,0.01095424012933488,3983.4574999999845,5236.29
2026-12-31,202201,NON PRIME,155189.53,-20130.19,-344.74,0.0,0.01019598375111,0.0,1582.3099262223977,0.0
2026-12-31,202201,NRP-M,67022.56,-4322.74,-854.59,836.84,0.0112614565789034,0.012485945031046263,754.7716492469478,836.84
2026-12-31,202201,NRP-S,131051.53,-11640.18,0.0,1230.54,0.0098161062560049,0.009389741577225386,1286.4157434920137,1230.54
2026-12-31,202201,PRIME,28835.16,-2846.35,-275.97,239.43,0.0089101128641964,0.008303404593558697,256.92453005716146,239.43
2026-12-31,202301,NON PRIME,1541311.69,-123670.44,-17621.56,17648.19,0.0154482859353957,0.011450111041459758,23810.623702687975,17648.19
2026-12-31,202301,NRP-L,917222.42,-8410.75,-4227.74,6013.34,0.0103461565484954,0.00655603250518015,9489.726747109798,6013.34
2026-12-31,202301,NRP-M,5715579.21,-210798.89,-83140.69,82461.7,0.013627184982623,0.01442753165868556,77887.25517750424,82461.7
2026-12-31,202301,NRP-S,1750107.59,-124127.7,0.0,27537.84,0.0150574820476038,0.01573494118724438,26352.213617800153,27537.84
2026-12-31,202404,NON PRIME,354617.25,-28407.11,-6818.61,5513.29,0.0203782482127001,0.015547156828947266,7226.478341005124,5513.29
2026-12-31,202404,NRP-L,114211.19,-9287.95,-1738.65,1406.76,0.0130320640429038,0.012317181880339395,1488.407542496254,1406.76
2026-12-31,202404,NRP-M,1428753.2,-71222.28,-22033.32,19735.95,0.0144491601159043,0.01381340738204471,20644.283752910636,19735.95
2026-12-31,202404,NRP-S,627314.9,-32282.02,0.0,8831.13,0.0157142983056292,0.014077666575431252,9857.813470165951,8831.13
2026-12-31,202405,NON PRIME,512822.11,-32218.2,-9865.79,8261.73,0.0204444422858944,0.016110323324398004,10484.362030825589,8261.73
2026-12-31,202405,NRP-L,319598.88,-5305.8,-4068.8,3365.75,0.0128960340264595,0.01053116957105732,4121.558031298347,3365.75
2026-12-31,202405,NRP-M,1832197.86,-33783.5,-25975.26,24448.76,0.0144698485913142,0.013343951837166756,26511.625623529893,24448.76
2026-12-31,202405,NRP-S,548088.12,-28669.18,0.0,8106.7,0.0162944280018955,0.01479086976014003,8930.782410034262,8106.7
2026-12-31,202405,PRIME,4556.37,30.35,-47.66,45.82,0.0100747872586797,0.010056250919043011,45.90445842183042,45.82
2026-12-31,202406,NON PRIME,794714.38,-44952.56,-16282.17,14200.27,0.0220533267365067,0.017868394428700283,17526.095884340346,14200.27
2026-12-31,202406,NRP-L,209488.08,-1919.87,-3118.38,3110.44,0.0150910573642255,0.014847813775370896,3161.3966324014605,3110.44
2026-12-31,202406,NRP-M,1499688.31,-43674.08,-20793.72,19452.91,0.0142058423371304,0.0129713020167504,21304.33568669754,19452.91
2026-12-31,202406,NRP-S,660379.51,-33804.73,0.0,9837.1,0.0165934440272594,0.014896131468403677,10957.970435933988,9837.1
2026-12-31,202407,NON PRIME,859376.29,-45586.55,-19704.03,16349.79,0.0227911208357712,0.019025181623291004,19586.148868786753,16349.79
2026-12-31,202407,NRP-L,229842.49,-12421.58,-3522.71,3213.73,0.0146100311036824,0.013982314584218088,3358.005927847811,3213.73
2026-12-31,202407,NRP-M,2659103.5,-77259.83,-39702.75,35741.53,0.014383807167615,0.01344119550066404,38248.031982730135,35741.53
2026-12-31,202407,NRP-S,472364.35,-38439.02,0.0,7292.58,0.0168481486882262,0.015438463973837146,7958.464803817321,7292.58
2026-12-31,202407,PRIME,1259.96,-82.52,-13.23,12.57,0.0100326772519103,0.009976507190704467,12.640772030316903,12.57
2026-12-31,202408,NON PRIME,686001.27,-48950.93,-14507.5,11655.34,0.0219488944329521,0.01699026009091791,15056.969456101071,11655.34
2026-12-31,202408,NRP-L,215035.06,-18269.3,-3568.93,3245.4,0.0152851171799328,0.015092422603086214,3286.8360898938804,3245.4
2026-12-31,202408,NRP-M,1913603.32,-46210.76,-29815.93,27838.4,0.015367199085322,0.014547633623461733,29406.723188773143,27838.4
2026-12-31,202408,NRP-S,759003.14,-38799.83,0.0,12271.54,0.0172865882822319,0.016167970003391555,13120.574786101219,12271.54
2026-12-31,202409,NON PRIME,652883.2,-51541.06,-16552.65,12277.84,0.0228671292520501,0.018805568898081618,14929.564520892074,12277.84
2026-12-31,202409,NRP-L,359782.99,-16505.86,-5424.01,5265.53,0.0152260554162157,0.014635294459029316,5478.075743551779,5265.53
2026-12-31,202409,NRP-M,1707268.82,-58867.28,-27525.78,24452.8,0.0153020232471114,0.014322759083715943,26124.66717270845,24452.8
2026-12-31,202409,NRP-S,467688.72,-40465.5,0.0,7350.76,0.0168704099210221,0.015717206093830958,7890.100421838126,7350.76
2026-12-31,202409,PRIME,4986.66,-256.5,-52.19,50.02,0.0100584740845944,0.010030762073211328,50.158190378683514,50.02
2026-12-31,202410,NON PRIME,919618.02,-65365.88,-24358.69,17019.94,0.0232185452759837,0.01850761906557681,21352.192633980485,17019.94
2026-12-31,202410,NRP-L,379852.31,-2903.71,-6932.07,5901.21,0.0162671837927962,0.015535538009496376,6179.127340888198,5901.21
2026-12-31,202410,NRP-M,1585071.56,-68844.59,-25489.65,21910.23,0.014701083133057,0.013822864880624064,23302.268775404347,21910.23
2026-12-31,202410,NRP-S,671234.94,-32226.89,0.0,10715.78,0.0170353264329407,0.015964276233892117,11434.706316095364,10715.78
2026-12-31,202411,NON PRIME,903670.75,-69805.05,-25068.21,18732.08,0.0247877337506715,0.020728877193380443,22399.949949269627,18732.08
2026-12-31,202411,NRP-L,321940.93,-17520.34,-4763.6,4410.4,0.0141298462448368,0.013699407527958622,4548.975840819767,4410.4
2026-12-31,202411,NRP-M,1762970.97,-74685.95,-30693.86,26129.99,0.0156001288306386,0.014821565666506694,27502.574256675896,26129.99
2026-12-31,202411,NRP-S,718317.22,-39165.11,0.0,12370.06,0.018017105117717,0.01722088745136863,12941.996860606248,12370.06
2026-12-31,202412,NON PRIME,1110676.4,-79232.86,-32767.9,24200.95,0.0248657154375268,0.021789379876983074,27617.76330557669,24200.95
2026-12-31,202412,NRP-L,42235.54,-396.53,-525.51,407.94,0.0123839943284755,0.009658690287847627,523.0446878201001,407.94
2026-12-31,202412,NRP-M,1859066.2,-30060.26,-30296.0,27399.47,0.0151591788725611,0.014738297108516093,28181.91706173245,27399.47
2026-12-31,202412,NRP-S,800642.76,-40565.99,0.0,13538.43,0.0177565367675234,0.016909451601111087,14216.642605591413,13538.43
2026-12-31,202501,NON PRIME,1279665.84,-88701.99,-36348.72,29345.74,0.0257099652366611,0.022932346150616945,32900.16426094273,29345.74
2026-12-31,202501,NRP-L,45792.8,-797.3,-799.25,746.67,0.0171340457193648,0.016305401722541534,784.6159288177286,746.67
2026-12-31,202501,NRP-M,2989952.17,-95936.75,-51521.36,44163.37,0.0156697457214691,0.014770594139638028,46851.79022325474,44163.37
2026-12-31,202501,NRP-S,1221833.06,-67639.53,0.0,20800.31,0.0178913780974928,0.017023855943135144,21860.27724847661,20800.31
2026-12-31,202502,NON PRIME,1726997.76,-126252.72,-49385.45,43170.08,0.0272493175761933,0.024997183551645142,47059.51041561446,43170.08
2026-12-31,202502,NRP-L,95978.86,-1596.23,-1805.07,1529.64,0.0154953262642354,0.01593725951735622,1487.2237501693724,1529.64
2026-12-31,202502,NRP-M,3109773.94,-110464.87,-53176.82,48725.38,0.0157584011264097,0.01566846366974186,49005.06515897553,48725.38
2026-12-31,202502,NRP-S,1345262.44,-75196.0,0.0,23152.63,0.0178644610048735,0.017210493143627797,24032.388400700973,23152.63
2026-12-31,202503,NON PRIME,2660706.84,-160725.33,-85047.44,85069.55,0.0347631873764749,0.031972537793754086,92494.65043278842,85069.55
2026-12-31,202503,NRP-L,64496.71,-688.19,-888.46,1062.61,0.0178243636566151,0.016475414017242118,1149.6128136952436,1062.61
2026-12-31,202503,NRP-M,4076628.92,-98759.83,-67369.44,66949.38,0.0168296385885087,0.016422730965662678,68608.19138306256,66949.38
2026-12-31,202503,NRP-S,1660299.48,-75827.1,0.0,33553.65,0.0213043809831144,0.020209396198811073,35371.652667986724,33553.65
2026-12-31,202504,NON PRIME,3247308.55,-194708.89,-114517.13,108006.93,0.0356338912627711,0.03326044579287053,115714.23976736687,108006.93
2026-12-31,202504,NRP-L,45344.83,-905.12,-752.75,754.63,0.0166366017843202,0.016642029532363448,754.3838796876962,754.63
2026-12-31,202504,NRP-M,5205780.51,-126493.61,-86436.56,84224.66,0.0164275860246004,0.016179064760454144,85518.40715321313,84224.66
2026-12-31,202504,NRP-S,1379941.14,-80904.31,0.0,27714.96,0.020487502908049,0.020084160980953145,28271.54811868645,27714.96
2026-12-31,202504,PRIME,2982.36,19.51,-31.06,31.25,0.011135166842726,0.010478278946874286,33.20907618507231,31.25
2026-12-31,202505,NON PRIME,3639562.07,-198933.82,-123084.4,122416.99,0.0343489874306925,0.03363508786099642,125015.27179565516,122416.99
2026-12-31,202505,NRP-L,12346.29,-152.48,-204.27,204.72,0.0157966823854198,0.016581499381595602,195.03042176828464,204.72
2026-12-31,202505,NRP-M,4803037.64,-137350.96,-77766.71,76458.52,0.016636899719721,0.015918784263368797,79907.65556672541,76458.52
2026-12-31,202505,NRP-S,1466800.79,-75457.06,0.0,28501.48,0.0204843399464785,0.019431050347334486,30046.446016123224,28501.48
2026-12-31,202506,NON PRIME,4232699.51,-230220.85,-145998.07,145873.14,0.035520772510527,0.0344633819753484,150348.7564001291,145873.14
2026-12-31,202506,NRP-L,22115.24,-365.07,-367.54,355.36,0.0158719014754618,0.016068557248304787,351.0109103861918,355.36
2026-12-31,202506,NRP-M,4821572.44,-116641.19,-76228.33,77542.13,0.0167330498622469,0.016082332260883753,80679.61205295545,77542.13
2026-12-31,202506,NRP-S,1678420.99,-90902.67,0.0,33877.7,0.0206818517867955,0.020184268548738775,34712.85415102657,33877.7
2026-12-31,202507,NON PRIME,5261816.35,-283962.68,-190742.65,178548.95,0.0377833333333333,0.03393294978833688,198808.96109083315,178548.95
2026-12-31,202507,NRP-L,84987.44,-1322.51,-1516.7,1410.28,0.01685,0.016593981416548137,1432.038364,1410.28
2026-12-31,202507,NRP-M,5960859.74,-120885.25,-97633.87,91866.92,0.0155583333333333,0.015411689589596012,92741.04278816648,91866.92
2026-12-31,202507,NRP-S,1984569.13,-86173.9,0.0,39993.14,0.0212333333333333,0.02015205184613549,42139.01786033326,39993.14
2026-12-31,202507,PRIME,5901.19,-23.88,-66.9,66.0,0.0113,0.011184184884743587,66.68344699999999,66.0
2026-12-31,202508,NON PRIME,4165709.28,-247141.93,-122540.41,139265.11,0.0379333333333333,0.033431308005248024,158019.23868799984,139265.11
2026-12-31,202508,NRP-L,34920.04,-660.26,-522.64,535.73,0.0153166666666666,0.015341620456333957,534.8586126666644,535.73
2026-12-31,202508,NRP-M,5225222.16,-123143.55,-65777.83,81343.68,0.01575,0.01556750651153175,82297.24902,81343.68
2026-12-31,202508,NRP-S,2090161.31,-92618.77,0.0,40637.18,0.0205083333333333,0.01944212621560773,42865.72486591659,40637.18
2026-12-31,202508,PRIME,18188.38,-48.69,-94.57,201.26,0.0112416666666666,0.011065306530873007,204.46770516666547,201.26
2026-12-31,202509,NON PRIME,2839053.34,-859896.87,-183011.4,118293.89,0.0379333333333333,0.04166666696019174,107694.75669733323,118293.89
2026-12-31,202509,NRP-L,11767.88,-109.71,-52.43,57.98,0.0153166666666666,0.004926970703304248,180.24469533333254,57.98
2026-12-31,202509,NRP-M,4692185.72,-886642.97,-124695.6,195507.74,0.01575,0.04166666702186716,73901.92508999999,195507.74
2026-12-31,202509,NRP-S,1751927.34,-333771.17,0.0,72996.97,0.0205083333333333,0.04166666523966685,35929.109864499944,72996.97
2026-12-31,202509,PRIME,14928.37,3.12,-48.27,49.9,0.0112416666666666,0.00334262883355651,167.81975941666568,49.9
2027-01-31,201912,NON PRIME,186643.29,6417.79,2306.63,0.0,0.0,0.0,0.0,0.0
2027-01-31,201912,NRP-S,54082.39,-370.8,0.0,0.0,0.0083333333333333,0.0,450.68658333333155,0.0
2027-01-31,202001,NON PRIME,40978.95,2385.57,516.77,0.0,0.0083333333333333,0.0,341.4912499999986,0.0
2027-01-31,202001,NRP-S,0.25,-0.12,0.0,0.0,0.0083333333333333,0.0,0.002083333333333325,0.0
2027-01-31,202101,NON PRIME,681150.29,8840.89,6207.44,0.0,0.0083333333333333,0.0,5676.252416666644,0.0
2027-01-31,202101,NRP-M,158015.78,-30479.77,-1959.76,2058.53,0.010208119025845,0.01302736979813029,1613.0438902017377,2058.53
2027-01-31,202101,NRP-S,484462.11,-50972.27,0.0,4399.34,0.0106469523176989,0.009080875282485973,5158.044984901799,4399.34
2027-01-31,202101,PRIME,412133.75,-56602.3,-4743.18,4519.97,0.0083333333333333,0.010967240610602749,3434.447916666653,4519.97
2027-01-31,202201,NON PRIME,127669.51,-16673.9,-220.59,0.0,0.01019598375111,0.0,1301.7162494721756,0.0
2027-01-31,202201,NRP-M,62039.74,-3998.49,-792.44,774.69,0.0112614565789034,0.012486996238217633,698.6578381764564,774.69
2027-01-31,202201,NRP-S,117213.87,-10411.14,0.0,1100.41,0.0098161062560049,0.009388052796140935,1150.583802597545,1100.41
2027-01-31,202201,PRIME,25858.98,-2554.44,-247.51,214.68,0.0089101128641964,0.008301951585097325,230.4064303529974,214.68
2027-01-31,202301,NON PRIME,1351431.45,-108260.22,-15159.44,15270.58,0.0154482859353957,0.011299559441213242,20877.299461686416,15270.58
2027-01-31,202301,NRP-L,910596.73,-8083.41,-4180.33,6066.74,0.0103461565484954,0.006662378416403933,9421.176321127998,6066.74
2027-01-31,202301,NRP-M,5382400.75,-196779.8,-78339.94,77821.26,0.013627184982623,0.014458466326573693,73346.97067085878,77821.26
2027-01-31,202301,NRP-S,1613658.64,-113901.74,0.0,25470.56,0.0150574820476038,0.015784354490240887,24297.636002760762,25470.56
2027-01-31,202404,NON PRIME,297968.77,-23922.25,-5714.0,4600.35,0.0203782482127001,0.015439034097432426,6072.081554692947,4600.35
2027-01-31,202404,NRP-L,104591.21,-8614.09,-1592.37,1286.71,0.0130320640429038,0.012302276644471366,1363.0393470448005,1286.71
2027-01-31,202404,NRP-M,1324164.11,-66446.47,-20468.65,18274.4,0.0144491601159043,0.01380070631879609,19133.059245123914,18274.4
2027-01-31,202404,NRP-S,586328.22,-30226.09,0.0,8232.14,0.0157142983056292,0.014040156552587559,9213.736554088584,8232.14
2027-01-31,202405,NON PRIME,439054.42,-27588.06,-8432.8,7039.06,0.0204444422858944,0.01603231781609214,8976.222750056839,7039.06
2027-01-31,202405,NRP-L,313589.53,-4953.78,-3991.75,3283.08,0.0128960340264595,0.01046935463693574,4044.0612492214427,3283.08
2027-01-31,202405,NRP-M,1757460.57,-31843.62,-24902.51,23406.97,0.0144698485913142,0.013318631666370756,25430.18835310475,23406.97
2027-01-31,202405,NRP-S,511744.36,-26777.42,0.0,7554.21,0.0162944280018955,0.014761686870374107,8338.581629396092,7554.21
2027-01-31,202405,PRIME,4524.18,30.68,-47.32,45.49,0.0100747872586797,0.010054860770349543,45.58015101997353,45.49
2027-01-31,202406,NON PRIME,691184.42,-39027.17,-14140.87,12305.68,0.0220533267365067,0.017803757787248735,15242.915849442878,12305.68
2027-01-31,202406,NRP-L,207560.28,-1804.6,-3089.22,3080.9,0.0150910573642255,0.014843398746619536,3132.304092014707,3080.9
2027-01-31,202406,NRP-M,1422065.9,-41107.7,-19736.56,18411.38,0.0142058423371304,0.012946924611580942,20201.643968409444,18411.38
2027-01-31,202406,NRP-S,617952.22,-31566.05,0.0,9186.04,0.0165934440272594,0.01486529168873283,10253.955574090685,9186.04
2027-01-31,202407,NON PRIME,753301.71,-39704.66,-17276.98,14300.39,0.0227911208357712,0.01898361547592929,17168.590298403073,14300.39
2027-01-31,202407,NRP-L,217111.91,-11789.37,-3327.75,3032.26,0.0146100311036824,0.013966345743077846,3172.011758079894,3032.26
2027-01-31,202407,NRP-M,2520646.71,-73193.08,-37665.2,33847.35,0.014383807167615,0.013428042044019727,36256.49621432317,33847.35
2027-01-31,202407,NRP-S,429260.77,-35094.59,0.0,6619.13,0.0168481486882262,0.015419834428382542,7232.249278982468,6619.13
2027-01-31,202407,PRIME,1176.79,-77.3,-12.35,11.74,0.0100326772519103,0.009976291436874889,11.806354263275521,11.74
2027-01-31,202408,NON PRIME,587941.69,-41916.57,-12430.57,9962.6,0.0219488944329521,0.01694487764594479,12904.67008654145,9962.6
2027-01-31,202408,NRP-L,196442.24,-16910.85,-3261.03,2964.87,0.0152851171799328,0.015092833394691488,3002.642657488482,2964.87
2027-01-31,202408,NRP-M,1826325.56,-43783.08,-28482.83,26554.59,0.015367199085322,0.01453989944706244,28065.50847513219,26554.59
2027-01-31,202408,NRP-S,712578.0,-36470.01,0.0,11515.8,0.0172865882822319,0.016160757138165924,12318.042504976243,11515.8
2027-01-31,202409,NON PRIME,553470.41,-43736.18,-14085.99,10404.2,0.0228671292520501,0.01879811424787822,12656.279402655162,10404.2
2027-01-31,202409,NRP-L,343118.66,-15964.98,-5172.37,5019.8,0.0152260554162157,0.014629924236705753,5224.343731497673,5019.8
2027-01-31,202409,NRP-M,1611278.96,-55527.96,-26022.05,23064.16,0.0153020232471114,0.014314194234870417,24655.82810350148,23064.16
2027-01-31,202409,NRP-S,423775.55,-36898.61,0.0,6660.17,0.0168704099210221,0.015716267727102235,7149.267243006596,6660.17
2027-01-31,202409,PRIME,4727.99,-243.46,-49.49,47.42,0.0100584740845944,0.010029632042368957,47.55636488722148,47.42
2027-01-31,202410,NON PRIME,803618.22,-57091.83,-21342.42,14852.14,0.0232185452759837,0.018481586940624618,18658.84602567543,14852.14
2027-01-31,202410,NRP-L,375917.14,-2764.85,-6864.0,5839.48,0.0162671837927962,0.015533955168950262,6115.113207242301,5839.48
2027-01-31,202410,NRP-M,1487917.36,-65111.38,-23978.87,20559.47,0.014701083133057,0.013817615515958493,21873.996804478702,20559.47
2027-01-31,202410,NRP-S,636973.92,-30522.42,0.0,10169.15,0.0170353264329407,0.015964782357180338,10851.058656469855,10169.15
2027-01-31,202411,NON PRIME,768334.97,-59369.12,-21405.67,15937.7,0.0247877337506715,0.020743166226053725,19045.282667690175,15937.7
2027-01-31,202411,NRP-L,304067.39,-16747.9,-4499.49,4164.02,0.0141298462448368,0.013694398468707875,4296.425468768827,4164.02
2027-01-31,202411,NRP-M,1655393.69,-70320.28,-28892.4,24538.43,0.0156001288306386,0.014823319762684369,25824.354829426215,24538.43
2027-01-31,202411,NRP-S,677480.74,-36925.65,0.0,11675.43,0.018017105117717,0.017233596928526707,12206.241707808702,11675.43
2027-01-31,202412,NON PRIME,969827.12,-69077.56,-28743.45,21160.67,0.0248657154375268,0.021819012444197268,24115.445189516155,21160.67
2027-01-31,202412,NRP-L,41721.44,-380.26,-518.79,400.06,0.0123839943284755,0.009588834901192288,516.6780763358308,400.06
2027-01-31,202412,NRP-M,1791814.12,-28483.1,-29255.12,26416.76,0.0151591788725611,0.014743024795451438,27162.430751460663,26416.76
2027-01-31,202412,NRP-S,756442.78,-38266.95,0.0,12800.8,0.0177565367675234,0.01692236390966677,13431.804035597614,12800.8
2027-01-31,202501,NON PRIME,1130390.17,-78159.23,-32248.21,25984.41,0.0257099652366611,0.022987116032688076,29062.29197456343,25984.41
2027-01-31,202501,NRP-L,44942.93,-775.99,-785.32,734.99,0.0171340457193648,0.01635385142891218,770.0542173822118,734.99
2027-01-31,202501,NRP-M,2831328.4,-90947.8,-48956.6,41847.82,0.0156697457214691,0.014780277695798198,44366.19608197395,41847.82
2027-01-31,202501,NRP-S,1151366.8,-63726.96,0.0,19626.68,0.0178913780974928,0.017046418222238124,20599.538747700375,19626.68
2027-01-31,202502,NON PRIME,1479910.19,-107970.2,-42524.37,37128.06,0.0272493175761933,0.025088049430891476,40326.54275155457,37128.06
2027-01-31,202502,NRP-L,94107.21,-1546.26,-1773.5,1502.25,0.0154953262642354,0.015963176466500282,1458.2219227669164,1502.25
2027-01-31,202502,NRP-M,2947828.99,-105100.8,-50597.72,46256.9,0.0157584011264097,0.015691853278096704,46453.07167647917,46256.9
2027-01-31,202502,NRP-S,1266433.34,-70795.88,0.0,21823.28,0.0178644610048735,0.01723207950289748,22624.149017701704,21823.28
2027-01-31,202503,NON PRIME,2393288.49,-143462.44,-77127.18,77257.99,0.0347631873764749,0.03228110205803062,83198.33622383069,77257.99
2027-01-31,202503,NRP-L,63982.68,-650.45,-881.11,1058.76,0.0178243636566151,0.01654760319511468,1140.4505560448338,1058.76
2027-01-31,202503,NRP-M,3906304.87,-93849.77,-64749.73,64304.29,0.0168296385885087,0.01646166700757281,65741.69917863146,64304.29
2027-01-31,202503,NRP-S,1591205.41,-72266.36,0.0,32325.66,0.0213043809831144,0.020315202422545812,33899.64627703275,32325.66
2027-01-31,202504,NON PRIME,2884124.93,-171353.18,-102803.31,97004.44,0.0356338912627711,0.0336339244500064,102772.5941438673,97004.44
2027-01-31,202504,NRP-L,44441.58,-881.7,-739.53,742.11,0.0166366017843202,0.016698551221626234,739.356869126009,742.11
2027-01-31,202504,NRP-M,4998862.42,-120725.73,-83245.95,81003.97,0.0164275860246004,0.016204480778648837,82119.24242969212,81003.97
2027-01-31,202504,NRP-S,1299778.84,-76344.41,0.0,26234.23,0.020487502908049,0.020183610621019185,26629.222764320555,26234.23
2027-01-31,202504,PRIME,2963.04,21.58,-30.87,31.07,0.011135166842726,0.010485852367838437,32.993944761670846,31.07
2027-01-31,202505,NON PRIME,3231432.51,-173783.63,-110497.92,110060.38,0.0343489874306925,0.034059315693398165,110996.43466912111,110060.38
2027-01-31,202505,NRP-L,12194.27,-143.44,-202.37,202.99,0.0157966823854198,0.016646342913515938,192.6290101120531,202.99
2027-01-31,202505,NRP-M,4595013.73,-131248.88,-74579.3,73230.74,0.016636899719721,0.015937001346022092,76446.78263675116,73230.74
2027-01-31,202505,NRP-S,1399050.99,-71751.11,0.0,27299.13,0.0204843399464785,0.019512605469797783,28658.636081617293,27299.13
2027-01-31,202506,NON PRIME,3828621.47,-204413.21,-133874.3,133951.79,0.035520772510527,0.034986950538100595,135995.59226478948,133951.79
2027-01-31,202506,NRP-L,21737.99,-349.27,-363.57,350.34,0.0158719014754618,0.016116485470827797,345.0232355545739,350.34
2027-01-31,202506,NRP-M,4617310.37,-110020.34,-73108.73,74406.35,0.0167330498622469,0.016114652045796957,77261.68465067967,74406.35
2027-01-31,202506,NRP-S,1596066.77,-86509.42,0.0,32431.6,0.0206818517867955,0.020319701286682385,33009.616378969426,32431.6
2027-01-31,202507,NON PRIME,4727939.57,-249750.68,-174479.01,163059.88,0.0377833333333333,0.034488571096521016,178637.31675316652,163059.88
2027-01-31,202507,NRP-L,83558.52,-1248.73,-1504.94,1394.04,0.01685,0.01668339745605834,1407.961062,1394.04
2027-01-31,202507,NRP-M,5761445.5,-113347.54,-94760.88,88744.08,0.0155583333333333,0.015403092852305901,89638.48957083315,88744.08
2027-01-31,202507,NRP-S,1910253.91,-81602.59,0.0,38783.35,0.0212333333333333,0.020302719861989445,40561.058022333265,38783.35
2027-01-31,202507,PRIME,5876.42,-15.59,-66.94,66.12,0.0113,0.011251748513550769,66.40354599999999,66.12
2027-01-31,202508,NON PRIME,3744081.88,-218715.57,-110939.08,127502.21,0.0379333333333333,0.0340543327006513,142025.5059813332,127502.21
2027-01-31,202508,NRP-L,34272.88,-632.13,-514.27,525.93,0.0153166666666666,0.015345369283235023,524.9462786666644,525.93
2027-01-31,202508,NRP-M,5061610.34,-116977.58,-62523.61,78797.58,0.01575,0.01556768986685767,79720.362855,78797.58
2027-01-31,202508,NRP-S,2001276.68,-87120.92,0.0,39149.1,0.0205083333333333,0.019562062752862337,41042.8492456666,39149.1
2027-01-31,202508,PRIME,18246.38,-14.33,-89.49,203.22,0.0112416666666666,0.01113755166778287,205.1197218333321,203.22
2027-01-31,202509,NON PRIME,1800588.25,-589134.54,-123102.15,75024.51,0.0379333333333333,0.041666666435260805,68302.31428333327,75024.51
2027-01-31,202509,NRP-L,11663.72,-90.47,-34.38,44.84,0.0153166666666666,0.0038443995569166617,178.64931133333255,44.84
2027-01-31,202509,NRP-M,3821992.67,-786009.61,-106002.65,159249.69,0.01575,0.04166666546746674,60196.3845525,159249.69
2027-01-31,202509,NRP-S,1466316.36,-300301.17,0.0,61096.52,0.0205083333333333,0.04166667007657201,30071.704682999953,61096.52
2027-01-31,202509,PRIME,14926.88,44.27,-31.12,39.22,0.0112416666666666,0.002627474730151244,167.8030093333323,39.22
2027-02-28,201912,NON PRIME,177897.16,6117.63,2211.95,0.0,0.0,0.0,0.0,0.0
2027-02-28,201912,NRP-S,53710.74,-367.88,0.0,0.0,0.0083333333333333,0.0,447.5894999999982,0.0
2027-02-28,202001,NON PRIME,38073.31,2266.54,487.67,0.0,0.0083333333333333,0.0,317.2775833333321,0.0
2027-02-28,202001,NRP-S,0.12,-0.06,0.0,0.0,0.0083333333333333,0.0,0.000999999999999996,0.0
2027-02-28,202101,NON PRIME,666042.93,9199.23,6221.25,0.0,0.0083333333333333,0.0,5550.357749999978,0.0
2027-02-28,202101,NRP-M,127634.49,-24633.95,-1591.04,1663.71,0.010208119025845,0.013034956303738902,1302.9080657230234,1663.71
2027-02-28,202101,NRP-S,437885.37,-46066.46,0.0,3975.46,0.0106469523176989,0.009078768719767916,4662.14465500794,3975.46
2027-02-28,202101,PRIME,355306.68,-48814.51,-4092.17,3900.05,0.0083333333333333,0.010976573815049018,2960.8889999999883,3900.05
2027-02-28,202201,NON PRIME,110227.16,-14489.04,-138.62,0.0,0.01019598375111,0.0,1123.874332291002,0.0
2027-02-28,202201,NRP-M,58023.44,-3737.72,-742.38,724.58,0.0112614565789034,0.012487711862654127,653.4284501186067,724.58
2027-02-28,202201,NRP-S,107802.12,-9575.2,0.0,1011.91,0.0098161062560049,0.009386735622638961,1058.1970645425909,1011.91
2027-02-28,202201,PRIME,23271.69,-2300.08,-222.75,193.18,0.0089101128641964,0.00830107310642244,207.3533844405907,193.18
2027-02-28,202301,NON PRIME,1243113.94,-99423.26,-13694.89,13873.73,0.0154482859353957,0.011160465306985456,19203.979595396333,13873.73
2027-02-28,202301,NRP-L,904399.31,-7872.41,-4139.79,6171.11,0.0103461565484954,0.006823435104124526,9357.056843611223,6171.11
2027-02-28,202301,NRP-M,5185100.54,-188536.3,-75512.31,75067.18,0.013627184982623,0.014477478193701524,70658.32421207841,75067.18
2027-02-28,202301,NRP-S,1525215.69,-107343.08,0.0,24120.09,0.0150574820476038,0.015814215758559368,22965.90787089864,24120.09
2027-02-28,202404,NON PRIME,272902.59,-21951.87,-5222.2,4188.15,0.0203782482127001,0.015346684690680287,5561.276716908728,4188.15
2027-02-28,202404,NRP-L,95671.35,-7969.16,-1456.68,1175.75,0.0130320640429038,0.012289468059142052,1246.7951602710646,1175.75
2027-02-28,202404,NRP-M,1255521.79,-63374.94,-19451.41,17313.83,0.0144491601159043,0.013790146963518652,18141.235372716772,17313.83
2027-02-28,202404,NRP-S,564332.35,-29138.67,0.0,7905.17,0.0157142983056292,0.014008004325819706,8868.086891416744,7905.17
2027-02-28,202405,NON PRIME,410005.65,-25765.27,-7866.24,6547.46,0.0204444422858944,0.015969194570855303,8382.33684831562,6547.46
2027-02-28,202405,NRP-L,307926.69,-4632.14,-3919.28,3207.01,0.0128960340264595,0.010414849066834707,3971.0330718950463,3207.01
2027-02-28,202405,NRP-M,1724118.09,-30730.03,-24420.68,22925.44,0.0144698485913142,0.013296908218160392,24947.72771584583,22925.44
2027-02-28,202405,NRP-S,492517.73,-25779.53,0.0,7258.54,0.0162944280018955,0.014737621729881684,8025.294691142008,7258.54
2027-02-28,202405,PRIME,4491.66,30.8,-46.98,45.16,0.0100747872586797,0.010054189319761514,45.25251893832126,45.16
2027-02-28,202406,NON PRIME,650306.44,-36658.08,-13292.68,11545.3,0.0220533267365067,0.017753630119363418,14341.42040017449,11545.3
2027-02-28,202406,NRP-L,205747.36,-1701.62,-3061.91,3053.15,0.0150910573642255,0.014839315556709939,3104.945212297955,3053.15
2027-02-28,202406,NRP-M,1379631.1,-39602.88,-19167.88,17834.14,0.0142058423371304,0.012926745417669984,19598.821890001786,17834.14
2027-02-28,202406,NRP-S,595570.61,-30359.84,0.0,8838.41,0.0165934440272594,0.014840238674638427,9882.567581315736,8838.41
2027-02-28,202407,NON PRIME,710597.96,-37231.66,-16307.2,13469.32,0.0227911208357712,0.01895490946807672,16195.32397201251,13469.32
2027-02-28,202407,NRP-L,205027.02,-11177.22,-3142.63,2860.49,0.0146100311036824,0.013951770844642818,2995.451139295313,2860.49
2027-02-28,202407,NRP-M,2443617.03,-70908.78,-36544.14,32788.98,0.014383807167615,0.013418215537645032,35148.51615102008,32788.98
2027-02-28,202407,NRP-S,400782.29,-32896.39,0.0,6174.47,0.0168481486882262,0.0154060450126177,6752.439613527791,6174.47
2027-02-28,202407,PRIME,1098.89,-72.35,-11.54,10.96,0.0100326772519103,0.009973700734377417,11.024808705351711,10.96
2027-02-28,202408,NON PRIME,543484.38,-38708.17,-11493.53,9193.63,0.0219488944329521,0.016916088738373674,11928.881282578424,9193.63
2027-02-28,202408,NRP-L,179235.24,-15606.76,-2975.83,2705.3,0.0152851171799328,0.015093572000684688,2739.6316461733786,2705.3
2027-02-28,202408,NRP-M,1780612.78,-42399.49,-27797.25,25881.36,0.015367199085322,0.014535086061777003,27363.031084128663,25881.36
2027-02-28,202408,NRP-S,687621.3,-35229.39,0.0,11110.26,0.0172865882822319,0.016157527406437236,11886.626307193066,11110.26
2027-02-28,202409,NON PRIME,505871.63,-40001.39,-12924.15,9512.64,0.0228671292520501,0.018804454402789893,11567.831948155264,9512.64
2027-02-28,202409,NRP-L,327001.1,-15406.82,-4929.12,4782.79,0.0152260554162157,0.014626219911798462,4978.936869763491,4782.79
2027-02-28,202409,NRP-M,1552779.91,-53479.43,-25118.29,22218.43,0.0153020232471114,0.01430880825860247,23760.67428046755,22218.43
2027-02-28,202409,NRP-S,393535.7,-34452.51,0.0,6186.16,0.0168704099210221,0.01571943790614168,6639.108577556376,6186.16
2027-02-28,202409,PRIME,4482.47,-230.97,-46.92,44.96,0.0100584740845944,0.010030184251093704,45.086808329971866,44.96
2027-02-28,202410,NON PRIME,739967.47,-52534.78,-19705.34,13669.14,0.0232185452759837,0.018472622857326416,17180.96820495011,13669.14
2027-02-28,202410,NRP-L,372127.29,-2643.1,-6797.44,5780.15,0.0162671837927962,0.015532722687443858,6053.463020745172,5780.15
2027-02-28,202410,NRP-M,1419381.73,-62526.66,-22921.48,19610.24,0.014701083133057,0.013816043693897625,20866.448810272264,19610.24
2027-02-28,202410,NRP-S,616618.69,-29494.85,0.0,9847.12,0.0170353264329407,0.015969545133314077,10504.300668802267,9847.12
2027-02-28,202411,NON PRIME,703483.13,-54359.32,-19680.95,14611.87,0.0247877337506715,0.020770746840794888,17437.752524529027,14611.87
2027-02-28,202411,NRP-L,286984.03,-15971.58,-4246.95,3929.32,0.0141298462448368,0.01369177232614651,4055.040218623632,3929.32
2027-02-28,202411,NRP-M,1580714.75,-67292.79,-27651.73,23438.1,0.0156001288306386,0.014827532924583641,24659.353744490687,23438.1
2027-02-28,202411,NRP-S,652229.77,-35534.19,0.0,11250.11,0.018017105117717,0.017248691362248002,11751.292326994382,11250.11
2027-02-28,202412,NON PRIME,893129.73,-63511.86,-26585.86,19524.47,0.0248657154375268,0.02186073237087293,22208.30971497514,19524.47
2027-02-28,202412,NRP-L,41222.45,-365.37,-512.35,392.95,0.0123839943284755,0.009532427111925663,510.4985870058648,392.95
2027-02-28,202412,NRP-M,1760489.1,-27567.91,-28794.43,25967.56,0.0151591788725611,0.01475019640848671,26687.569170094106,25967.56
2027-02-28,202412,NRP-S,730974.11,-36925.85,0.0,12381.57,0.0177565367675234,0.01693845217035115,12979.568660322693,12381.57
2027-02-28,202501,NON PRIME,1045871.67,-72134.59,-29962.89,24108.69,0.0257099652366611,0.023051288883271882,26889.324277708693,24108.69
2027-02-28,202501,NRP-L,44116.61,-755.68,-771.52,723.5,0.0171340457193648,0.01639971883605744,755.8960127233864,723.5
2027-02-28,202501,NRP-M,2733131.05,-87868.07,-47407.9,40429.35,0.0156697457214691,0.014792320331657716,42827.46857695184,40429.35
2027-02-28,202501,NRP-S,1107246.29,-61265.86,0.0,18902.73,0.0178913780974928,0.0170718386421507,19810.162021436165,18902.73
2027-02-28,202502,NON PRIME,1366371.93,-99469.49,-39445.16,34409.54,0.0272493175761933,0.025183143216356913,37232.70264776616,34409.54
2027-02-28,202502,NRP-L,92289.7,-1499.03,-1741.9,1475.44,0.0154953262642354,0.01598704947572698,1430.0590123284057,1475.44
2027-02-28,202502,NRP-M,2838386.3,-101521.53,-48888.27,44605.87,0.0157584011264097,0.01571522170889847,44728.42986710586,44605.87
2027-02-28,202502,NRP-S,1216993.13,-68027.83,0.0,21001.28,0.0178644610048735,0.01725669560681908,21740.926314083943,21001.28
2027-02-28,202503,NON PRIME,2249939.13,-133897.4,-73056.52,73276.07,0.0347631873764749,0.03256802329581246,78215.05556185292,73276.07
2027-02-28,202503,NRP-L,63509.87,-616.89,-874.33,1055.21,0.0178243636566151,0.016614897810371836,1132.0230186643496,1055.21
2027-02-28,202503,NRP-M,3812009.48,-90882.74,-63362.44,62888.89,0.0168296385885087,0.016497569150851116,64154.74184436899,62888.89
2027-02-28,202503,NRP-S,1551263.74,-70098.95,0.0,31666.02,0.0213043809831144,0.020413047235926497,33048.71372225092,31666.02
2027-02-28,202504,NON PRIME,2706967.89,-159451.73,-97421.01,91974.24,0.0356338912627711,0.03397684927840056,96459.79944407292,91974.24
2027-02-28,202504,NRP-L,43562.47,-859.67,-726.28,729.65,0.0166366017843202,0.01674950938273243,724.7314661313952,729.65
2027-02-28,202504,NRP-M,4875894.71,-117120.53,-81415.68,79124.64,0.0164275860246004,0.016227717107533686,80099.17979541901,79124.64
2027-02-28,202504,NRP-S,1249668.5,-73508.11,0.0,25336.74,0.020487502908049,0.020274768868703982,25602.58702784723,25336.74
2027-02-28,202504,PRIME,2941.66,23.16,-30.66,30.88,0.011135166842726,0.010497474215239016,32.75587489457337,30.88
2027-02-28,202505,NON PRIME,3057208.1,-161948.6,-105590.0,105309.66,0.0343489874306925,0.03444634992299019,105012.0025999113,105309.66
2027-02-28,202505,NRP-L,12051.45,-135.42,-200.48,201.32,0.0157966823854198,0.01670504379141099,190.37292793376744,201.32
2027-02-28,202505,NRP-M,4462416.29,-127311.66,-72589.17,71193.88,0.016636899719721,0.015954109920121327,74240.77232437943,71193.88
2027-02-28,202505,NRP-S,1354599.02,-69272.69,0.0,26533.84,0.0204843399464785,0.019587966334125947,27748.06681684663,26533.84
2027-02-28,202506,NON PRIME,3624285.35,-190187.17,-128292.69,128526.01,0.035520772510527,0.03546244227155017,128737.41543058574,128526.01
2027-02-28,202506,NRP-L,21375.48,-334.99,-358.68,345.42,0.0158719014754618,0.016159637116920884,339.2695125507042,345.42
2027-02-28,202506,NRP-M,4508587.64,-105916.04,-71489.96,72789.86,0.0167330498622469,0.016144714445431075,75442.42178843006,72789.86
2027-02-28,202506,NRP-S,1541988.71,-83632.87,0.0,31523.49,0.0206818517867955,0.020443398706855645,31891.18195713199,31523.49
2027-02-28,202507,NON PRIME,4466707.72,-231293.27,-167481.84,156303.42,0.0377833333333333,0.034992981363016075,168767.10668733317,156303.42
2027-02-28,202507,NRP-L,82198.89,-1182.64,-1493.6,1377.95,0.01685,0.016763608365027802,1385.0512965,1377.95
2027-02-28,202507,NRP-M,5642081.16,-107913.09,-93153.33,86871.49,0.0155583333333333,0.01539706493693898,87781.37938099982,86871.49
2027-02-28,202507,NRP-S,1867434.62,-78595.0,0.0,38170.92,0.0212333333333333,0.020440297931287144,39651.8617646666,38170.92
2027-02-28,202507,PRIME,5860.02,-8.59,-67.04,66.29,0.0113,0.01131224808106457,66.218226,66.29
2027-02-28,202508,NON PRIME,3541886.59,-203934.16,-105661.99,122613.88,0.0379333333333333,0.03461823999282823,134355.5646473332,122613.88
2027-02-28,202508,NRP-L,33652.4,-606.55,-505.59,516.55,0.0153166666666666,0.01534957387883182,515.4425933333312,516.55
2027-02-28,202508,NRP-M,4960727.3,-112596.61,-60252.55,77237.23,0.01575,0.015569739138855707,78131.454975,77237.23
2027-02-28,202508,NRP-S,1953304.86,-83672.64,0.0,38426.3,0.0205083333333333,0.019672453996761163,40059.02717049993,38426.3
2027-02-28,202508,PRIME,18345.78,15.24,-84.93,205.51,0.0112416666666666,0.011202031202816124,206.23714349999875,205.51
2027-02-28,202509,NON PRIME,1163374.14,-405574.76,-83565.72,48473.92,0.0379333333333333,0.041666664517744915,44130.659043999956,48473.92
2027-02-28,202509,NRP-L,11583.71,-73.71,-26.0,33.47,0.0153166666666666,0.0028894024453305547,177.42382483333256,33.47
2027-02-28,202509,NRP-M,3089230.1,-680819.17,-88852.97,128717.92,0.01575,0.04166666639691229,48655.374075,128717.92
2027-02-28,202509,NRP-S,1227111.41,-266781.23,0.0,51129.64,0.0205083333333333,0.041666664968912644,25166.00983341662,51129.64
2027-02-28,202509,PRIME,14890.71,79.34,-23.79,29.72,0.0112416666666666,0.001995875280627989,167.39639824999898,29.72
2027-03-31,201912,NON PRIME,169550.53,5832.07,2120.86,0.0,0.0,0.0,0.0,0.0
2027-03-31,201912,NRP-S,53342.14,-365.1,0.0,0.0,0.0083333333333333,0.0,444.51783333333157,0.0
2027-03-31,202001,NON PRIME,35316.48,2147.62,459.2,0.0,0.0083333333333333,0.0,294.30399999999884,0.0
2027-03-31,202001,NRP-S,0.06,-0.03,0.0,0.0,0.0083333333333333,0.0,0.000499999999999998,0.0
2027-03-31,202101,NON PRIME,650575.34,9509.75,6220.35,0.0,0.0083333333333333,0.0,5421.461166666645,0.0
2027-03-31,202101,NRP-M,103073.0,-19901.82,-1291.16,1344.11,0.010208119025845,0.01304036944689686,1052.1814523509217,1344.11
2027-03-31,202101,NRP-S,395791.43,-41634.6,0.0,3592.7,0.0106469523176989,0.009077255664681774,4213.972482963862,3592.7
2027-03-31,202101,PRIME,306298.89,-42091.77,-3529.61,3364.18,0.0083333333333333,0.010983324164184858,2552.49074999999,3364.18
2027-03-31,202201,NON PRIME,95121.57,-12579.94,-76.97,0.0,0.01019598375111,0.0,969.8579821000725,0.0
2027-03-31,202201,NRP-M,54267.88,-3494.49,-695.45,677.71,0.0112614565789034,0.012488234292550218,611.1353742491402,677.71
2027-03-31,202201,NRP-S,99145.06,-8806.28,0.0,930.56,0.0098161062560049,0.00938584332895658,973.2184437179811,930.56
2027-03-31,202201,PRIME,20942.02,-2070.61,-200.46,173.83,0.0089101128641964,0.008300536433448158,186.5957618042583,173.83
2027-03-31,202301,NON PRIME,1143717.75,-91326.94,-12386.23,12617.71,0.0154482859353957,0.01103218866717772,17668.478831387416,12617.71
2027-03-31,202301,NRP-L,898557.84,-7782.81,-4104.41,6330.86,0.0103461565484954,0.007045578724236606,9296.620080517881,6330.86
2027-03-31,202301,NRP-M,4996117.74,-180892.47,-72802.6,72405.26,0.013627184982623,0.014492304578874874,68083.02063794437,72405.26
2027-03-31,202301,NRP-S,1441983.51,-101251.46,0.0,22837.7,0.0150574820476038,0.015837698449131365,21712.640814765713,22837.7
2027-03-31,202404,NON PRIME,249889.27,-20133.8,-4774.06,3815.46,0.0203782482127001,0.015268602769538685,5092.305569750432,3815.46
2027-03-31,202404,NRP-L,87421.17,-7356.01,-1331.13,1073.41,0.0130320640429038,0.01227860482764072,1139.2782861455803,1073.41
2027-03-31,202404,NRP-M,1190008.0,-60385.04,-18476.24,16400.12,0.0144491601159043,0.013781520796498846,17194.616131207044,16400.12
2027-03-31,202404,NRP-S,543097.25,-28082.76,0.0,7592.9,0.0157142983056292,0.013980737335716576,8534.392195466879,7592.9
2027-03-31,202405,NON PRIME,382859.21,-24060.41,-7340.92,6094.86,0.0204444422858944,0.01591932449528901,7827.343022468124,6094.86
2027-03-31,202405,NRP-L,302581.96,-4337.68,-3850.98,3136.84,0.0128960340264595,0.010366910175345549,3902.1072519528075,3136.84
2027-03-31,202405,NRP-M,1691890.1,-29693.2,-23958.09,22465.63,0.0144698485913142,0.013278421571235625,24481.39358014344,22465.63
2027-03-31,202405,NRP-S,473993.98,-24817.13,0.0,6976.31,0.0162944280018955,0.014718140513092594,7723.460780441896,6976.31
2027-03-31,202405,PRIME,4459.04,30.73,-46.64,44.83,0.0100747872586797,0.010053733539057735,44.92387937794312,44.83
2027-03-31,202406,NON PRIME,611887.2,-34438.7,-12502.08,10840.4,0.0220533267365067,0.017716337259547184,13494.148347486222,10840.4
2027-03-31,202406,NRP-L,204036.98,-1609.55,-3036.22,3027.0,0.0150910573642255,0.014835545987791037,3079.133769603331,3027.0
2027-03-31,202406,NRP-M,1338692.95,-38174.51,-18620.15,17282.93,0.0142058423371304,0.01291030179848187,19017.260985527988,17282.93
2027-03-31,202406,NRP-S,574047.89,-29203.51,0.0,8507.56,0.0165934440272594,0.014820296613232042,9525.43153168136,8507.56
2027-03-31,202407,NON PRIME,670508.58,-34937.4,-15400.22,12697.72,0.0227911208357712,0.01893744596079591,15281.64206820136,12697.72
2027-03-31,202407,NRP-L,193567.64,-10586.88,-2967.05,2698.04,0.0146100311036824,0.013938486825587168,2828.029241066398,2698.04
2027-03-31,202407,NRP-M,2368935.24,-68691.58,-35457.16,31770.53,0.014383807167615,0.013411312164025217,34074.30768472776,31770.53
2027-03-31,202407,NRP-S,374057.74,-30805.78,0.0,5759.18,0.0168481486882262,0.01539650001628091,6302.1804215018565,5759.18
2027-03-31,202407,PRIME,1025.96,-67.68,-10.77,10.24,0.0100326772519103,0.009980895941362236,10.293125553369892,10.24
2027-03-31,202408,NON PRIME,502409.2,-35743.34,-10632.18,8491.55,0.0219488944329521,0.01690166103646191,11027.32649294392,8491.55
2027-03-31,202408,NRP-L,163357.95,-14365.77,-2712.52,2465.81,0.0152851171799328,0.015094520958422897,2496.9454080236037,2465.81
2027-03-31,202408,NRP-M,1736296.22,-41085.33,-27133.0,25233.27,0.015367199085322,0.014532813991842936,26682.009683832046,25233.27
2027-03-31,202408,NRP-S,663500.19,-34024.48,0.0,10720.65,0.0172865882822319,0.016157719562974054,11469.654609712637,10720.65
2027-03-31,202409,NON PRIME,462292.99,-36569.59,-11856.19,8701.48,0.0228671292520501,0.01882243552946801,10571.313554646704,8701.48
2027-03-31,202409,NRP-L,311447.95,-14838.46,-4694.49,4554.62,0.0152260554162157,0.014624016629423952,4742.123745966776,4554.62
2027-03-31,202409,NRP-M,1496388.17,-51502.74,-24244.31,21407.55,0.0153020232471114,0.014306147582014098,22897.766564042486,21407.55
2027-03-31,202409,NRP-S,365268.28,-32127.46,0.0,5744.25,0.0168704099210221,0.015726112324891718,6162.225614746678,5744.25
2027-03-31,202409,PRIME,4249.54,-219.03,-44.48,42.62,0.0100584740845944,0.010029320820606464,42.743887961447285,42.62
2027-03-31,202410,NON PRIME,681333.45,-48333.29,-18193.91,12589.7,0.0232185452759837,0.018478030104055514,15819.571556867177,12589.7
2027-03-31,202410,NRP-L,368466.51,-2536.18,-6732.45,5722.95,0.0162671837927962,0.015531805047899739,5993.912439660179,5722.95
2027-03-31,202410,NRP-M,1353539.96,-59979.2,-21901.2,18702.64,0.014701083133057,0.013817575064425878,19898.503475874644,18702.64
2027-03-31,202410,NRP-S,596969.3,-28509.18,0.0,9538.3,0.0170353264329407,0.015977873569042827,10169.566895944108,9538.3
2027-03-31,202411,NON PRIME,644042.27,-49755.67,-18091.16,13402.02,0.0247877337506715,0.02080922421442928,15964.348312938087,13402.02
2027-03-31,202411,NRP-L,270694.83,-15200.14,-4006.08,3706.13,0.0141298462448368,0.013691173931914399,3824.876327172236,3706.13
2027-03-31,202411,NRP-M,1509204.18,-64355.47,-26455.88,22387.19,0.0156001288306386,0.014833771531165517,23543.779639738284,22387.19
2027-03-31,202411,NRP-S,627945.08,-34194.43,0.0,10841.88,0.018017105117717,0.017265650046975445,11313.752514513211,10841.88
2027-03-31,202412,NON PRIME,822522.8,-58393.99,-24585.87,18023.22,0.0248657154375268,0.021912122071266596,20452.61788567777,18023.22
2027-03-31,202412,NRP-L,40737.68,-351.73,-506.16,386.49,0.0123839943284755,0.009487285481156512,504.4951980752498,386.49
2027-03-31,202412,NRP-M,1730091.4,-26736.64,-28344.06,25535.0,0.0151591788725611,0.014759335836245415,26226.764998479655,25535.0
2027-03-31,202412,NRP-S,706427.7,-35639.19,0.0,11978.92,0.0177565367675234,0.016957036084513676,12543.70942864699,11978.92
2027-03-31,202501,NON PRIME,967794.84,-66583.75,-27839.11,22377.96,0.0257099652366611,0.023122627932176204,24881.97169261999,22377.96
2027-03-31,202501,NRP-L,43312.91,-736.32,-757.91,712.19,0.0171340457193648,0.016442903513063427,742.1253801787329,712.19
2027-03-31,202501,NRP-M,2638171.66,-84868.75,-45893.05,39061.28,0.0156697457214691,0.014806193468092973,41339.479081786034,39061.28
2027-03-31,202501,NRP-S,1064864.16,-58896.38,0.0,18208.52,0.0178913780974928,0.017099382892180354,19051.88730902907,18208.52
2027-03-31,202502,NON PRIME,1261707.67,-91639.99,-36587.17,31897.03,0.0272493175761933,0.02528084021237661,34380.67298814889,31897.03
2027-03-31,202502,NRP-L,90524.22,-1454.32,-1710.47,1449.23,0.0154953262642354,0.016009306680576756,1402.7023237154235,1449.23
2027-03-31,202502,NRP-M,2732581.5,-98005.32,-47216.38,43006.39,0.0157584011264097,0.015738374134495164,43061.11538760631,43006.39
2027-03-31,202502,NRP-S,1169512.71,-65361.78,0.0,20213.35,0.0178644610048735,0.017283565904982767,20892.71420249893,20213.35
2027-03-31,202503,NON PRIME,2116244.74,-125087.9,-69196.23,69486.95,0.0347631873764749,0.03283502549898836,73567.41243109942,69486.95
2027-03-31,202503,NRP-L,63073.86,-586.95,-868.14,1051.93,0.0178243636566151,0.016677748912148394,1124.2514178664287,1051.93
2027-03-31,202503,NRP-M,3720653.04,-88075.66,-62002.48,61505.05,0.0168296385885087,0.01653071365127881,62617.24597643621,61505.05
2027-03-31,202503,NRP-S,1512830.03,-68053.13,0.0,31018.52,0.0213043809831144,0.02050363846888999,32229.907321816387,31018.52
2027-03-31,202504,NON PRIME,2542064.76,-148537.38,-92283.2,87173.12,0.0356338912627711,0.03429224989531738,90583.6592407623,87173.12
2027-03-31,202504,NRP-L,42706.17,-838.88,-712.88,717.28,0.0166366017843202,0.016795699544117394,710.4855440234818,717.28
2027-03-31,202504,NRP-M,4756483.14,-113705.17,-79615.29,77288.1,0.0164275860246004,0.016249001147515894,78137.53595691142,77288.1
2027-03-31,202504,NRP-S,1201497.02,-70755.42,0.0,24460.64,0.020487502908049,0.020358469137110303,24615.673691262207,24460.64
2027-03-31,202504,PRIME,2918.72,24.33,-30.43,30.66,0.011135166842726,0.010504604758250193,32.50043416720123,30.66
2027-03-31,202505,NON PRIME,2894976.14,-151210.35,-100895.76,100745.83,0.0343489874306925,0.03480022809445331,99439.4990450147,100745.83
2027-03-31,202505,NRP-L,11916.87,-128.26,-198.62,199.69,0.0157966823854198,0.01675691687498479,188.24701041833765,199.69
2027-03-31,202505,NRP-M,4333709.33,-123494.95,-70640.92,69210.09,0.016636899719721,0.015970173523382102,72099.48753762929,69210.09
2027-03-31,202505,NRP-S,1311860.17,-66908.02,0.0,25788.15,0.0204843399464785,0.019657697207165002,26872.589684525075,25788.15
2027-03-31,202506,NON PRIME,3434331.17,-177338.15,-122920.63,123276.62,0.035520772510527,0.03589537930321379,121990.09621538203,123276.62
2027-03-31,202506,NRP-L,21027.23,-322.03,-353.74,340.62,0.0158719014754618,0.016198995302757424,333.7421228618746,340.62
2027-03-31,202506,NRP-M,4403971.5,-102091.67,-69927.01,71224.11,0.0167330498622469,0.016172700027690914,73691.87470141427,71224.11
2027-03-31,202506,NRP-S,1489879.14,-80851.08,0.0,30626.91,0.0206818517867955,0.02055664058763854,30813.45955371834,30626.91
2027-03-31,202507,NON PRIME,4224177.26,-214703.94,-160658.03,149755.94,0.0377833333333333,0.03545209653441485,159603.49747366653,149755.94
2027-03-31,202507,NRP-L,80900.59,-1123.18,-1477.13,1362.03,0.01685,0.016835847550679173,1363.1749415,1362.03
2027-03-31,202507,NRP-M,5527886.23,-102993.28,-91590.22,85091.3,0.0155583333333333,0.015393099000157968,86004.69659508317,85091.3
2027-03-31,202507,NRP-S,1827010.51,-75856.54,0.0,37574.68,0.0212333333333333,0.02056620900336255,38793.52316233327,37574.68
2027-03-31,202507,PRIME,5850.68,-2.64,-67.11,66.5,0.0113,0.011366200168185578,66.112684,66.5
2027-03-31,202508,NON PRIME,3354863.79,-190574.21,-100718.74,117856.44,0.0379333333333333,0.035130022372681785,127261.16643399988,117856.44
2027-03-31,202508,NRP-L,33056.81,-583.2,-498.11,507.55,0.0153166666666666,0.015353871108555243,506.3201398333311,507.55
2027-03-31,202508,NRP-M,4864939.52,-108598.13,-58205.67,75762.63,0.01575,0.015573190517279033,76622.79744,75762.63
2027-03-31,202508,NRP-S,1908058.51,-80543.22,0.0,37730.3,0.0205083333333333,0.019774183968813412,39131.09994258327,37730.3
2027-03-31,202508,PRIME,18451.12,40.89,-81.5,207.74,0.0112416666666666,0.011258937126851921,207.42134066666543,207.74
2027-03-31,202509,NON PRIME,722706.56,-265659.75,-54139.86,30112.77,0.0379333333333333,0.04166666205437515,27414.668842666644,30112.77
2027-03-31,202509,NRP-L,11517.47,-58.95,-18.52,23.53,0.0153166666666666,0.0020429833982636815,176.40924883333255,23.53
2027-03-31,202509,NRP-M,2448275.89,-571519.34,-72654.27,102011.5,0.01575,0.04166666853873237,38560.3452675,102011.5
2027-03-31,202509,NRP-S,1011459.62,-231197.62,0.0,42144.15,0.0205083333333333,0.04166666584277482,20743.35104016663,42144.15
2027-03-31,202509,PRIME,14817.3,109.08,-17.08,21.28,0.0112416666666666,0.0014361590843136064,166.571147499999,21.28
2027-04-30,201912,NON PRIME,161584.03,5560.12,2033.17,0.0,0.0,0.0,0.0,0.0
2027-04-30,201912,NRP-S,52976.44,-362.41,0.0,0.0,0.0083333333333333,0.0,441.4703333333316,0.0
2027-04-30,202001,NON PRIME,32707.63,2029.67,431.47,0.0,0.0083333333333333,0.0,272.56358333333225,0.0
2027-04-30,202001,NRP-S,0.03,-0.02,0.0,0.0,0.0083333333333333,0.0,0.000249999999999999,0.0
2027-04-30,202101,NON PRIME,634807.63,9774.36,6205.44,0.0,0.0083333333333333,0.0,5290.063583333313,0.0
2027-04-30,202101,NRP-M,83224.0,-16074.13,-1047.42,1085.6,0.010208119025845,0.013044314140151878,849.5604978069242,1085.6
2027-04-30,202101,NRP-S,357747.32,-37630.38,0.0,3246.98,0.0106469523176989,0.00907618259725887,3808.91865782457,3246.98
2027-04-30,202101,PRIME,264040.84,-36291.06,-3043.81,2901.32,0.0083333333333333,0.01098814865154951,2200.340333333325,2901.32
2027-04-30,202201,NON PRIME,80151.4,-10661.43,-30.57,0.0,0.01019598375111,0.0,817.2223720287179,0.0
2027-04-30,202201,NRP-M,50755.61,-3267.45,-651.45,633.87,0.0112614565789034,0.012488668740263392,571.5820981507552,633.87
2027-04-30,202201,NRP-S,89380.16,-7938.95,0.0,838.85,0.0098161062560049,0.009385192418541206,877.3651477387189,838.85
2027-04-30,202201,PRIME,18844.76,-1863.76,-180.39,156.41,0.0089101128641964,0.00829991997775509,167.90893849869374,156.41
2027-04-30,202301,NON PRIME,1014954.52,-80915.05,-10815.45,11077.33,0.0154482859353957,0.01091411465412263,15679.307636382293,11077.33
2027-04-30,202301,NRP-L,893001.16,-7659.02,-4072.86,6364.57,0.0103461565484954,0.007127168793375363,9239.12979934799,6364.57
2027-04-30,202301,NRP-M,4783017.5,-172638.86,-69738.16,69368.59,0.013627184982623,0.014503101859861478,65179.064247623006,69368.59
2027-04-30,202301,NRP-S,1327072.06,-93025.94,0.0,21040.5,0.0150574820476038,0.015854828561457316,19982.363719326593,21040.5
2027-04-30,202404,NON PRIME,210287.85,-16966.8,-4012.78,3197.09,0.0203782482127001,0.01520339857961361,4285.298003415047,3197.09
2027-04-30,202404,NRP-L,79807.37,-6776.37,-1215.25,979.19,0.0130320640429038,0.01226941822540951,1040.0547569357193,979.19
2027-04-30,202404,NRP-M,1101671.73,-56165.33,-17140.09,15175.12,0.0144491601159043,0.0137746295804468,15918.23122193529,15175.12
2027-04-30,202404,NRP-S,506972.84,-26249.1,0.0,7076.26,0.0157142983056292,0.013957868038847998,7966.722440612024,7076.26
2027-04-30,202405,NON PRIME,327071.96,-20554.44,-6270.11,5194.32,0.0204444422858944,0.015881275790196138,6686.803809554362,5194.32
2027-04-30,202405,NRP-L,297529.87,-4067.64,-3786.48,3071.97,0.0128960340264595,0.010324912923868786,3836.9553274080718,3071.97
2027-04-30,202405,NRP-M,1623913.1,-28089.42,-22992.28,21537.7,0.0144698485913142,0.013262840234492843,23497.776682451677,21537.7
2027-04-30,202405,NRP-S,440679.82,-23078.97,0.0,6479.21,0.0162944280018955,0.014702760838923825,7180.625598878269,6479.21
2027-04-30,202405,PRIME,4426.49,30.49,-46.3,44.5,0.0100747872586797,0.010053112059442131,44.5959450526731,44.5
2027-04-30,202406,NON PRIME,526592.9,-29594.84,-10759.24,9315.64,0.0220533267365067,0.01769040182653431,11613.1252808246,9315.64
2027-04-30,202406,NRP-L,202418.2,-1527.16,-3011.97,3002.28,0.0150910573642255,0.014832065496086814,3054.70466776327,3002.28
2027-04-30,202406,NRP-M,1265719.25,-35868.77,-17626.12,16324.22,0.0142058423371304,0.012897188693306198,17980.608108570937,16324.22
2027-04-30,202406,NRP-S,535064.76,-27166.55,0.0,7921.59,0.0165934440272594,0.014804918193453817,8878.567146018984,7921.59
2027-04-30,202407,NON PRIME,581989.7,-30169.46,-13381.33,11016.96,0.0227911208357712,0.018929819548352832,13264.197577874229,11016.96
2027-04-30,202407,NRP-L,182711.73,-10019.55,-2800.7,2544.52,0.0146100311036824,0.013926418407838401,2669.4240583076207,2544.52
2027-04-30,202407,NRP-M,2245029.01,-65048.13,-33631.48,30099.05,0.014383807167615,0.01340697597488952,32292.064365541606,30099.05
2027-04-30,202407,NRP-S,338553.93,-27960.17,0.0,5210.58,0.0168481486882262,0.015390694179801724,5704.006951623324,5210.58
2027-04-30,202407,PRIME,957.75,-63.27,-10.05,9.55,0.0100326772519103,0.00997128687026886,9.60879663801709,9.55
2027-04-30,202408,NON PRIME,425405.9,-30229.35,-9012.11,7189.22,0.0219488944329521,0.0168996715842446,9337.18919025498,7189.22
2027-04-30,202408,NRP-L,148745.47,-13193.35,-2470.07,2245.41,0.0152851171799328,0.015095652997029085,2273.591938934179,2245.41
2027-04-30,202408,NRP-M,1655950.65,-38956.09,-25904.37,24065.49,0.015367199085322,0.014532733810636207,25447.32331401837,24065.49
2027-04-30,202408,NRP-S,621095.77,-31875.16,0.0,10037.45,0.0172865882822319,0.016160873225718474,10736.6268598258,10037.45
2027-04-30,202409,NON PRIME,389564.3,-30821.0,-10029.08,7343.4,0.0228671292520501,0.018850289926464002,8908.21720008442,7343.4
2027-04-30,202409,NRP-L,296469.62,-14265.77,-4468.59,4335.29,0.0152260554162157,0.014623049741150543,4514.06286334441,4335.29
2027-04-30,202409,NRP-M,1409503.55,-48477.48,-22871.41,20164.11,0.0153020232471114,0.014305824203138758,21568.256088986047,20164.11
2027-04-30,202409,NRP-S,328675.01,-29024.56,0.0,5171.95,0.0168704099210221,0.01573575672820395,5544.8821494960375,5171.95
2027-04-30,202409,PRIME,4028.65,-207.64,-42.17,40.41,0.0100584740845944,0.010030655430479192,40.52207162090123,40.41
2027-04-30,202410,NON PRIME,582063.16,-41253.62,-15586.15,10765.6,0.0232185452759837,0.018495587317362602,13514.659833942145,10765.6
2027-04-30,202410,NRP-L,364920.49,-2442.17,-6669.01,5667.63,0.0162671837927962,0.01553113665938572,5936.228680587248,5667.63
2027-04-30,202410,NRP-M,1261235.22,-56182.79,-20445.96,17432.44,0.014701083133057,0.013821719948480348,18541.523819559432,17432.44
2027-04-30,202410,NRP-S,562890.22,-26842.54,0.0,9000.15,0.0170353264329407,0.015989174585410278,9589.018643609807,9000.15
2027-04-30,202411,NON PRIME,546239.53,-42182.65,-15404.13,11392.7,0.0247877337506715,0.02085660113247388,13540.040033731939,11392.7
2027-04-30,202411,NRP-L,255194.73,-14440.43,-3776.8,3494.18,0.0141298462448368,0.01369221065027479,3605.8622973926413,3494.18
2027-04-30,202411,NRP-M,1409948.99,-60197.85,-24763.37,20925.99,0.0156001288306386,0.01484166459100056,21995.385888628774,20925.99
2027-04-30,202411,NRP-S,588133.48,-32009.32,0.0,10165.34,0.018017105117717,0.017284069595901938,10596.462732408709,10165.34
2027-04-30,202412,NON PRIME,702878.53,-49816.15,-21092.72,15443.08,0.0248657154375268,0.021971193230215753,17477.577514127144,15443.08
2027-04-30,202412,NRP-L,40266.28,-339.2,-500.18,380.6,0.0123839943284755,0.009452077519949696,498.6573831488064,380.6
2027-04-30,202412,NRP-M,1666053.04,-25450.97,-27337.23,24607.68,0.0151591788725611,0.014770045976447424,25255.996044534193,24607.68
2027-04-30,202412,NRP-S,666457.82,-33582.3,0.0,11314.84,0.0177565367675234,0.016977578566037384,11833.98278483349,11314.84
2027-04-30,202501,NON PRIME,850188.27,-58348.88,-24552.19,19723.83,0.0257099652366611,0.023199367358949802,21858.310866317042,19723.83
2027-04-30,202501,NRP-L,42530.87,-717.83,-744.55,701.08,0.0171340457193648,0.016484026778666883,728.7258710643608,701.08
2027-04-30,202501,NRP-M,2505230.19,-80628.16,-43695.95,37131.21,0.0156697457214691,0.014821476345053946,39256.32005104772,37131.21
2027-04-30,202501,NRP-S,1003935.35,-55498.94,0.0,17195.9,0.0178913780974928,0.017128493383563,17961.78693228877,17195.9
2027-04-30,202502,NON PRIME,1082608.96,-78446.17,-31528.87,27476.54,0.0272493175761933,0.025379930348996927,29500.35536187235,27476.54
2027-04-30,202502,NRP-L,88808.65,-1411.97,-1679.36,1423.59,0.0154953262642354,0.016029857451948657,1376.119006836289,1423.59
2027-04-30,202502,NRP-M,2586466.73,-92983.79,-44823.51,40765.76,0.0157584011264097,0.015761177024689585,40758.58023145321,40765.76
2027-04-30,202502,NRP-S,1101064.9,-61519.11,0.0,19061.71,0.0178644610048735,0.017312067617449255,19669.930969884936,19061.71
2027-04-30,202503,NON PRIME,1890435.68,-111029.1,-62213.12,62542.64,0.0347631873764749,0.033083717505797396,65717.56976701375,62542.64
2027-04-30,202503,NRP-L,62670.7,-560.15,-862.47,1048.89,0.0178243636566151,0.016736529191472255,1117.0653474146277,1048.89
2027-04-30,202503,NRP-M,3563451.8,-83800.03,-59523.38,59015.61,0.0168296385885087,0.016561360532503906,59971.60592157079,59015.61
2027-04-30,202503,NRP-S,1443353.06,-64662.81,0.0,29715.19,0.0213043809831144,0.020587610075112183,30749.74348338398,29715.19
2027-04-30,202504,NON PRIME,2282210.15,-132350.68,-83502.34,78925.28,0.0356338912627711,0.03458282752795574,81324.02832389252,78925.28
2027-04-30,202504,NRP-L,41871.69,-819.16,-699.59,705.01,0.0166366017843202,0.016837390609263682,696.6026325665023,705.01
2027-04-30,202504,NRP-M,4552716.68,-108370.98,-76373.84,74066.03,0.0164275860246004,0.016268534856423354,74790.14490633312,74066.03
2027-04-30,202504,NRP-S,1131990.09,-66721.06,0.0,23132.73,0.020487502908049,0.020435452752064286,23191.650260757648,23132.73
2027-04-30,202504,PRIME,2894.62,25.17,-30.18,30.43,0.011135166842726,0.010512606145193497,32.23207664629153,30.43
2027-04-30,202505,NON PRIME,2551810.44,-131546.63,-89669.97,89631.0,0.0343489874306925,0.035124474214471825,87652.10472906989,89631.0
2027-04-30,202505,NRP-L,11789.68,-121.86,-196.74,198.12,0.0157966823854198,0.016804527349342815,186.23783038573612,198.12
2027-04-30,202505,NRP-M,4143247.48,-117930.9,-67665.0,66230.89,0.016636899719721,0.0159852604315106,68930.79283874674,66230.89
2027-04-30,202505,NRP-S,1245098.28,-63344.71,0.0,24556.22,0.0204843399464785,0.019722314611180732,25505.016434295674,24556.22
2027-04-30,202506,NON PRIME,3119630.94,-158683.74,-112780.32,113213.07,0.035520772510527,0.03629053313594845,110811.70093654151,113213.07
2027-04-30,202506,NRP-L,20692.08,-310.22,-348.81,335.94,0.0158719014754618,0.01623519723488407,328.42265508237364,335.94
2027-04-30,202506,NRP-M,4226320.31,-96759.13,-67194.0,68461.21,0.0167330498622469,0.016198774578919696,70719.22848105677,68461.21
2027-04-30,202506,NRP-S,1415588.26,-76855.2,0.0,29246.8,0.0206818517867955,0.020660527376795284,29276.986584447735,29246.8
2027-04-30,202507,NON PRIME,3787835.53,-189211.3,-145915.98,135873.61,0.0377833333333333,0.035871042690177206,143117.0524418332,135873.61
2027-04-30,202507,NRP-L,79662.31,-1069.54,-1459.99,1346.38,0.01685,0.01690109162036602,1342.3099235,1346.38
2027-04-30,202507,NRP-M,5335342.07,-97010.34,-88688.11,82115.14,0.0155583333333333,0.015390791990962258,83009.0303724165,82115.14
2027-04-30,202507,NRP-S,1753017.32,-71886.53,0.0,36255.38,0.0212333333333333,0.020681700965738316,37222.40109466661,36255.38
2027-04-30,202507,PRIME,5847.43,2.44,-67.21,66.75,0.0113,0.011415271324325387,66.075959,66.75
2027-04-30,202508,NON PRIME,2989175.73,-167670.66,-90272.75,106401.88,0.0379333333333333,0.03559572591605379,113389.3993579999,106401.88
2027-04-30,202508,NRP-L,32483.05,-561.79,-490.01,498.89,0.0153166666666666,0.015358471572096832,497.5320491666645,498.89
2027-04-30,202508,NRP-M,4703467.16,-103388.5,-55520.28,73269.15,0.01575,0.015577689289107313,74079.60777,73269.15
2027-04-30,202508,NRP-S,1838195.86,-76561.74,0.0,36521.43,0.0205083333333333,0.01986808413331972,37698.33342883327,36521.43
2027-04-30,202508,PRIME,18536.48,63.16,-79.46,209.66,0.0112416666666666,0.011310669555384841,208.3809293333321,209.66
2027-04-30,202509,NON PRIME,403355.61,-155069.62,-31327.05,16806.48,0.0379333333333333,0.04166665736965949,15300.622805999985,16806.48
2027-04-30,202509,NRP-L,11463.53,-45.89,-12.99,14.79,0.0153166666666666,0.0012901785052248302,175.5830678333326,14.79
2027-04-30,202509,NRP-M,1860954.92,-456023.06,-56742.49,77539.79,0.01575,0.04166666756226421,29310.039989999997,77539.79
2027-04-30,202509,NRP-S,807142.14,-192517.58,0.0,33630.92,0.0205083333333333,0.04166666356931878,16553.14005449997,33630.92
2027-04-30,202509,PRIME,14712.42,134.16,-11.85,13.8,0.0112416666666666,0.0009379830102729532,165.392121499999,13.8
2027-05-31,201912,NON PRIME,153979.99,5300.93,1948.74,0.0,0.0,0.0,0.0,0.0
2027-05-31,201912,NRP-S,52613.55,-359.79,0.0,0.0,0.0083333333333333,0.0,438.44624999999826,0.0
2027-05-31,202001,NON PRIME,30244.94,1913.46,404.58,0.0,0.0083333333333333,0.0,252.04116666666565,0.0
2027-05-31,202001,NRP-S,0.02,-0.01,0.0,0.0,0.0083333333333333,0.0,0.000166666666666666,0.0
2027-05-31,202101,NON PRIME,618796.67,9995.07,6177.26,0.0,0.0083333333333333,0.0,5156.638916666647,0.0
2027-05-31,202101,NRP-M,67187.96,-12979.7,-849.42,876.61,0.010208119025845,0.013047129277328854,685.8626927837129,876.61
2027-05-31,202101,NRP-S,323362.27,-34012.06,0.0,2934.64,0.0106469523176989,0.00907539398458577,3442.8226700328773,2934.64
2027-05-31,202101,PRIME,227606.69,-31287.36,-2624.52,2501.77,0.0083333333333333,0.010991636493637335,1896.7224166666592,2501.77
2027-05-31,202201,NON PRIME,69106.54,-9242.58,1.86,0.0,0.01019598375111,0.0,704.6091589354331,0.0
2027-05-31,202201,NRP-M,47470.54,-3055.38,-610.2,592.86,0.0112614565789034,0.012489008972722872,534.587424987097,592.86
2027-05-31,202201,NRP-S,82201.25,-7301.31,0.0,771.44,0.0098161062560049,0.009384772129377595,806.8962043764227,771.44
2027-05-31,202201,PRIME,16957.01,-1677.39,-162.32,140.73,0.0089101128641964,0.008299222563411828,151.08887293930698,140.73
2027-05-31,202301,NON PRIME,934181.06,-74355.9,-9803.97,10094.46,0.0154482859353957,0.010805678291101297,14431.496130311047,10094.46
2027-05-31,202301,NRP-L,887633.59,-7568.56,-4043.95,6395.08,0.0103461565484954,0.007204639472915846,9183.59607984298,6395.08
2027-05-31,202301,NRP-M,4610008.16,-166036.41,-67255.11,66893.71,0.013627184982623,0.01451054047591968,62821.433967721496,66893.71
2027-05-31,202301,NRP-S,1255081.03,-87877.51,0.0,19913.83,0.0150574820476038,0.015866569188763852,18898.360077513087,19913.83
2027-05-31,202404,NON PRIME,192484.59,-15548.66,-3670.25,2916.11,0.0203782482127001,0.015149836150519895,3922.498752139811,2916.11
2027-05-31,202404,NRP-L,72794.89,-5373.93,-1108.5,921.71,0.0130320640429038,0.012661740405130085,948.6676684761374,921.71
2027-05-31,202404,NRP-M,1043540.63,-48821.21,-16267.81,14838.67,0.0144491601159043,0.014219542175372702,15078.285650321646,14838.67
2027-05-31,202404,NRP-S,487798.85,-24819.95,0.0,7295.85,0.0157142983056292,0.014956677327140072,7665.416642042872,7295.85
2027-05-31,202405,NON PRIME,305392.14,-19191.13,-5855.64,4841.64,0.0204444422858944,0.015853846140244474,6243.571980795782,4841.64
2027-05-31,202405,NRP-L,292747.5,-3819.56,-3725.48,3011.88,0.0128960340264595,0.010288320139369252,3775.2817211609527,3011.88
2027-05-31,202405,NRP-M,1594367.27,-27204.94,-22573.09,21125.16,0.0144698485913142,0.013249870589729304,23070.252995846968,21125.16
2027-05-31,202405,NRP-S,424078.33,-22214.88,0.0,6230.15,0.0162944280018955,0.014691035969699276,6910.113815349081,6230.15
2027-05-31,202405,PRIME,4394.19,30.12,-45.97,44.17,0.0100747872586797,0.010051909453164294,44.27052942421774,44.17
2027-05-31,202406,NON PRIME,495544.38,-27811.74,-10128.42,8758.5,0.0220533267365067,0.01767450172676764,10928.402124579636,8758.5
2027-05-31,202406,NRP-L,200881.35,-1453.4,-2988.98,2978.83,0.0150910573642255,0.014828803171623448,3031.5119762530603,2978.83
2027-05-31,202406,NRP-M,1228547.57,-34610.35,-17129.69,15832.32,0.0142058423371304,0.012887022356000427,17452.553083084673,15832.32
2027-05-31,202406,NRP-S,515818.98,-26138.91,0.0,7630.8,0.0165934440272594,0.014793561880952889,8559.213372828035,7630.8
2027-05-31,202407,NON PRIME,549441.26,-28346.24,-12648.71,10401.34,0.0227911208357712,0.01893075885855387,12522.382148818382,10401.34
2027-05-31,202407,NRP-L,172435.99,-9475.93,-2643.22,2399.52,0.0146100311036824,0.013915424500418968,2519.295177294267,2399.52
2027-05-31,202407,NRP-M,2176432.52,-63009.15,-32632.27,29174.82,0.014383807167615,0.013404881489273096,31305.385681006377,29174.82
2027-05-31,202407,NRP-S,315802.34,-26141.9,0.0,4859.61,0.0168481486882262,0.01538813803596262,5320.684780409764,4859.61
2027-05-31,202407,PRIME,893.99,-59.11,-9.38,8.92,0.0100326772519103,0.009977740243179455,8.96911313643529,8.92
2027-05-31,202408,NON PRIME,393301.28,-27913.28,-8343.4,6650.09,0.0219488944329521,0.01690838636477359,8632.528275064937,6650.09
2027-05-31,202408,NRP-L,135327.46,-12092.47,-2247.38,2043.04,0.0152851171799328,0.015097009875157637,2068.4960837626686,2043.04
2027-05-31,202408,NRP-M,1615154.91,-37790.77,-25292.86,23475.53,0.015367199085322,0.014534537742884365,24820.407055605334,23475.53
2027-05-31,202408,NRP-S,599256.8,-30775.46,0.0,9687.92,0.0172865882822319,0.016166558310226932,10359.105576927786,9687.92
2027-05-31,202409,NON PRIME,355929.53,-28158.37,-9197.74,6722.25,0.0228671292520501,0.018886463283897797,8139.086567131444,6722.25
2027-05-31,202409,NRP-L,282070.55,-13693.65,-4251.46,4124.76,0.0152260554162157,0.014623150130348596,4294.821825582441,4124.76
2027-05-31,202409,NRP-M,1358307.74,-46681.31,-22073.06,19434.0,0.0153020232471114,0.014307508841847578,20784.85661421135,19434.0
2027-05-31,202409,NRP-S,304821.76,-27009.86,0.0,4800.29,0.0168704099210221,0.015747858683054648,5142.468044047417,4800.29
2027-05-31,202409,PRIME,3819.26,-196.78,-39.98,38.31,0.0100584740845944,0.01003073893895676,38.415927732328015,38.31
2027-05-31,202410,NON PRIME,535939.58,-37946.79,-14390.86,9927.4,0.0232185452759837,0.018523356681363224,12443.737403421688,9927.4
2027-05-31,202410,NRP-L,361476.67,-2359.4,-6607.03,5613.99,0.0162671837927962,0.015530711843727011,5880.20742769794,5613.99
2027-05-31,202410,NRP-M,1202036.46,-53795.96,-19521.19,16621.83,0.014701083133057,0.01382805809401156,17671.237927425544,16621.83
2027-05-31,202410,NRP-S,545046.62,-25957.24,0.0,8722.35,0.0170353264329407,0.016002943014305823,9285.047092870986,8722.35
2027-05-31,202411,NON PRIME,500036.98,-38592.62,-14154.68,10456.37,0.0247877337506715,0.020911193408135537,12394.78352572985,10456.37
2027-05-31,202411,NRP-L,240471.68,-13697.71,-3558.99,3293.18,0.0141298462448368,0.013694668744361082,3397.8278646375966,3293.18
2027-05-31,202411,NRP-M,1345910.42,-57514.52,-23680.36,19987.99,0.0156001288306386,0.014850906645035114,20996.375946498905,19987.99
2027-05-31,202411,NRP-S,566289.13,-30802.71,0.0,9798.86,0.018017105117717,0.01730363427601021,10202.890782230508,9798.86
2027-05-31,202412,NON PRIME,647386.77,-45805.65,-19500.56,14266.04,0.0248657154375268,0.02203634776163251,16097.735200839612,14266.04
2027-05-31,202412,NRP-L,39807.49,-327.67,-494.4,375.19,0.0123839943284755,0.009425110701528783,492.9757303908451,375.19
2027-05-31,202412,NRP-M,1637870.56,-24769.13,-26913.86,24211.01,0.0151591788725611,0.014782004507120512,24828.772789141818,24211.01
2027-05-31,202412,NRP-S,644188.84,-32424.28,0.0,10950.97,0.0177565367675234,0.01699962700378355,11438.562822688247,10950.97
2027-05-31,202501,NON PRIME,786939.73,-53877.64,-22811.56,18320.03,0.0257099652366611,0.023280092873186106,20232.193101647474,18320.03
2027-05-31,202501,NRP-L,41769.57,-700.17,-731.44,690.14,0.0171340457193648,0.01652255457741126,715.6817220582084,690.14
2027-05-31,202501,NRP-M,2417965.84,-77842.4,-42276.56,35877.36,0.0156697457214691,0.014837827485602527,37888.90987599843,35877.36
2027-05-31,202501,NRP-S,965615.66,-53350.63,0.0,16568.72,0.0178913780974928,0.017158710951311624,17276.194869920055,16568.72
2027-05-31,202502,NON PRIME,999983.64,-72284.86,-29242.75,25479.06,0.0272493175761933,0.025479476844241174,27248.871777357755,25479.06
2027-05-31,202502,NRP-L,87140.91,-1371.8,-1648.75,1398.52,0.0154953262642354,0.01604894876585521,1350.2768314123732,1398.52
2027-05-31,202502,NRP-M,2489424.64,-89676.69,-43259.39,39291.91,0.0157584011264097,0.015783530607297275,39229.35205108806,39291.91
2027-05-31,202502,NRP-S,1058190.81,-59102.42,0.0,18350.85,0.0178644610048735,0.017341721196766014,18904.008460960504,18350.85
2027-05-31,202503,NON PRIME,1779722.37,-103900.63,-58921.21,59292.52,0.0347631873764749,0.03331560079227413,61868.822226414,59292.52
2027-05-31,202503,NRP-L,62296.96,-536.12,-857.24,1046.06,0.0178243636566151,0.016791509569648342,1110.4036697416045,1046.06
2027-05-31,202503,NRP-M,3479143.91,-81318.59,-58242.32,57718.08,0.0168296385885087,0.016589736295214073,58552.73460271105,57718.08
2027-05-31,202503,NRP-S,1408404.94,-62864.36,0.0,29105.47,0.0213043809831144,0.020665555177618165,30005.195420260377,29105.47
2027-05-31,202504,NON PRIME,2145278.56,-123531.65,-79052.78,74765.07,0.0356338912627711,0.034850984573304086,76444.62293539416,74765.07
2027-05-31,202504,NRP-L,41057.95,-800.41,-686.45,692.86,0.0166366017843202,0.016875172774091257,683.0647642305295,692.86
2027-05-31,202504,NRP-M,4442037.89,-105336.1,-74668.36,72345.23,0.0164275860246004,0.016286495476066278,72971.95956250944,72345.23
2027-05-31,202504,NRP-S,1088401.69,-64194.5,0.0,22319.19,0.020487502908049,0.02050639043017289,22298.632789000443,22319.19
2027-05-31,202504,PRIME,2869.7,25.73,-29.92,30.18,0.011135166842726,0.010516778757361397,31.9545882885708,30.18
2027-05-31,202505,NON PRIME,2420222.36,-123242.13,-85685.47,85729.55,0.0343489874306925,0.03542217914225039,83132.18742312094,85729.55
2027-05-31,202505,NRP-L,11669.21,-116.11,-194.9,196.6,0.0157966823854198,0.016847755760672746,184.33480405876458,196.6
2027-05-31,202505,NRP-M,4023882.47,-114403.19,-65831.45,64379.86,0.016636899719721,0.015999438472664933,66944.92913733325,64379.86
2027-05-31,202505,NRP-S,1206309.79,-61228.31,0.0,23863.55,0.0204843399464785,0.01978227334124512,24710.45981912509,23863.55
2027-05-31,202506,NON PRIME,2961379.77,-148533.09,-108036.87,108540.62,0.035520772510527,0.036652043449327674,105190.49712744678,108540.62
2027-05-31,202506,NRP-L,20368.99,-299.43,-343.81,331.36,0.0158719014754618,0.016267866006120086,323.2946024346667,331.36
2027-05-31,202506,NRP-M,4130828.39,-93472.38,-65757.52,67014.84,0.0167330498622469,0.01622309950280941,69121.35742225508,67014.84
2027-05-31,202506,NRP-S,1367979.74,-74299.48,0.0,28393.84,0.0206818517867955,0.020756038389866796,28292.354230019046,28393.84
2027-05-31,202507,NON PRIME,3588531.82,-176369.77,-139840.96,130099.51,0.0377833333333333,0.03625424450047095,135586.6939323332,130099.51
2027-05-31,202507,NRP-L,78479.16,-1020.97,-1442.45,1331.02,0.01685,0.016960171337205954,1322.3738460000002,1331.02
2027-05-31,202507,NRP-M,5231758.76,-92990.15,-87228.33,80515.9,0.0155583333333333,0.015389834220872981,81397.44670766649,80515.9
2027-05-31,202507,NRP-S,1717386.14,-69629.57,0.0,35700.77,0.0212333333333333,0.02078785263749712,36465.832372666606,35700.77
2027-05-31,202507,PRIME,5844.53,6.79,-67.27,66.97,0.0113,0.011458577507515574,66.043189,66.97
2027-05-31,202508,NON PRIME,2837600.01,-157299.23,-86170.29,102211.98,0.0379333333333333,0.03602057359733376,107639.62704599989,102211.98
2027-05-31,202508,NRP-L,31930.14,-542.09,-482.09,490.54,0.0153166666666666,0.015362914161979874,489.06331099999784,490.54
2027-05-31,202508,NRP-M,4617660.79,-100064.61,-53852.77,71956.86,0.01575,0.015582967929526067,72728.1574425,71956.86
2027-05-31,202508,NRP-S,1798155.55,-73982.75,0.0,35881.99,0.0205083333333333,0.019954886550276475,36877.17340458327,35881.99
2027-05-31,202508,PRIME,18603.52,82.49,-77.83,211.27,0.0112416666666666,0.011356452972340718,209.1345706666654,211.27
2027-05-31,202509,NON PRIME,233765.17,-93385.34,-18732.58,9740.22,0.0379333333333333,0.041666686273237365,8867.492115333325,9740.22
2027-05-31,202509,NRP-L,11419.45,-34.25,-9.49,7.07,0.0153166666666666,0.0006191191344591902,174.90790916666592,7.07
2027-05-31,202509,NRP-M,1425729.16,-364147.43,-44513.13,59405.38,0.01575,0.041666665497674185,22455.234269999997,59405.38
2027-05-31,202509,NRP-S,648255.39,-160372.46,0.0,27010.64,0.0205083333333333,0.04166666473841428,13294.637623249977,27010.64
2027-05-31,202509,PRIME,14580.21,155.16,-8.64,7.19,0.0112416666666666,0.0004931341866818105,163.90586074999902,7.19
2027-06-30,201912,NON PRIME,146721.76,5053.75,1867.43,0.0,0.0,0.0,0.0,0.0
2027-06-30,201912,NRP-S,52253.36,-357.24,0.0,0.0,0.0083333333333333,0.0,435.44466666666494,0.0
2027-06-30,202001,NON PRIME,27925.73,1799.62,378.6,0.0,0.0083333333333333,0.0,232.71441666666573,0.0
2027-06-30,202001,NRP-S,0.01,0.0,0.0,0.0,0.0083333333333333,0.0,8.3333333333333e-05,0.0
2027-06-30,202101,NON PRIME,602598.92,10174.01,6136.58,0.0,0.0083333333333333,0.0,5021.657666666647,0.0
2027-06-30,202101,NRP-M,54235.39,-10479.1,-688.65,707.73,0.010208119025845,0.013049228557220663,553.6413165331236,707.73
2027-06-30,202101,NRP-S,292283.63,-30742.17,0.0,2652.42,0.0106469523176989,0.009074815445531452,3111.9298718539476,2652.42
2027-06-30,202101,PRIME,196196.15,-26972.06,-2262.78,2157.01,0.0083333333333333,0.010994150496836969,1634.9679166666601,2157.01
2027-06-30,202201,NON PRIME,59556.13,-8006.51,24.81,0.0,0.01019598375111,0.0,607.2333337589947,0.0
2027-06-30,202201,NRP-M,44397.79,-2857.21,-571.53,554.49,0.0112614565789034,0.012489135157403105,499.9837842842716,554.49
2027-06-30,202201,NRP-S,75598.52,-6714.84,0.0,709.45,0.0098161062560049,0.009384442975867782,742.0831051167115,709.45
2027-06-30,202201,PRIME,15258.02,-1509.54,-146.06,126.63,0.0089101128641964,0.00829924197241844,135.95068028416597,126.63
2027-06-30,202301,NON PRIME,860006.21,-68341.77,-8896.73,9207.5,0.0154482859353957,0.0107063180392616,13285.62183829596,9207.5
2027-06-30,202301,NRP-L,882415.95,-7497.9,-4017.02,6413.55,0.0103461565484954,0.007268170979910325,9129.61355958929,6413.55
2027-06-30,202301,NRP-M,4443609.62,-159788.06,-64865.76,64503.66,0.013627184982623,0.014516050129534106,60553.8902823031,64503.66
2027-06-30,202301,NRP-S,1187112.96,-83047.03,0.0,18845.77,0.0150574820476038,0.01587529631552502,17874.932083677806,18845.77
2027-06-30,202404,NON PRIME,176162.91,-14244.15,-3357.7,2661.24,0.0203782482127001,0.015106698680215943,3589.8915058515486,2661.24
2027-06-30,202404,NRP-L,67234.13,-4857.25,-1023.84,855.47,0.0130320640429038,0.012723746109304901,876.1994880289197,855.47
2027-06-30,202404,NRP-M,993289.65,-45858.93,-15513.82,14195.21,0.0144491601159043,0.014291108338841544,14352.201194320542,14195.21
2027-06-30,202404,NRP-S,470273.76,-23869.28,0.0,7108.08,0.0157142983056292,0.015114770596598883,7390.022149949874,7108.08
2027-06-30,202405,NON PRIME,285140.77,-17917.05,-5470.24,4515.43,0.0204444422858944,0.01583579226499248,5829.5440156204895,4515.43
2027-06-30,202405,NRP-L,288214.15,-3650.46,-3667.7,3255.93,0.0128960340264595,0.011296912382684888,3716.8194853071027,3255.93
2027-06-30,202405,NRP-M,1565712.91,-28454.47,-22168.55,21682.86,0.0144698485913142,0.01384855413882996,22655.628745165955,21682.86
2027-06-30,202405,NRP-S,408092.23,-21325.66,0.0,6397.07,0.0162944280018955,0.01567554961779106,6649.629459867979,6397.07
2027-06-30,202405,PRIME,4362.28,-21.54,-45.63,44.02,0.0100747872586797,0.010091053302401497,43.94904296279328,44.02
2027-06-30,202406,NON PRIME,466353.64,-26139.78,-9538.16,8239.28,0.0220533267365067,0.01766745082122657,10284.64919767922,8239.28
2027-06-30,202406,NRP-L,199417.79,-1387.35,-2967.12,2956.53,0.0150910573642255,0.014825808670329763,3009.4253083370745,2956.53
2027-06-30,202406,NRP-M,1192639.05,-33411.62,-16650.26,15360.58,0.0142058423371304,0.012879487720949602,16942.44230940498,15360.58
2027-06-30,202406,NRP-S,497310.22,-25153.61,0.0,7353.13,0.0165934440272594,0.014785801104188047,8252.089299754058,7353.13
2027-06-30,202407,NON PRIME,518834.5,-26648.3,-11960.85,9826.29,0.0227911208357712,0.018939160753573638,11824.819783266932,9826.29
2027-06-30,202407,NRP-L,162716.36,-8956.33,-2494.26,2262.64,0.0146100311036824,0.013905424138052253,2377.2910806779823,2262.64
2027-06-30,202407,NRP-M,2109950.67,-61032.74,-31663.21,28283.36,0.014383807167615,0.013404749410563235,30349.12357046007,28283.36
2027-06-30,202407,NRP-S,294518.26,-24426.4,0.0,4532.17,0.0168481486882262,0.015388417682489363,4962.087435877663,4532.17
2027-06-30,202407,PRIME,834.41,-55.21,-8.76,8.32,0.0100326772519103,0.009971117316427176,8.371366225766474,8.32
2027-06-30,202408,NON PRIME,363646.33,-25775.26,-7726.91,6155.22,0.0219488944329521,0.016926391089936203,7981.634908100463,6155.22
2027-06-30,202408,NRP-L,123030.65,-11064.1,-2043.25,1857.57,0.0152851171799328,0.015098432788902603,1880.5379019732993,1857.57
2027-06-30,202408,NRP-M,1575546.17,-36678.52,-24698.87,22905.25,0.015367199085322,0.014537974472687145,24211.73166250658,22905.25
2027-06-30,202408,NRP-S,578168.26,-29710.0,0.0,9351.53,0.0172865882822319,0.016174409159022324,9994.556668474406,9351.53
2027-06-30,202409,NON PRIME,325178.43,-25719.64,-8434.33,6155.49,0.0228671292520501,0.018929576601990482,7435.8971887887255,6155.49
2027-06-30,202409,NRP-L,268250.19,-13126.12,-4043.09,3922.94,0.0152260554162157,0.014624183490792681,4084.3922583503904,3922.94
2027-06-30,202409,NRP-M,1308976.89,-44950.52,-21301.51,18732.66,0.0153020232471114,0.014310917284414396,20029.99480071158,18732.66
2027-06-30,202409,NRP-S,282611.7,-25114.09,0.0,4454.54,0.0168704099210221,0.015762050898812753,4767.775227476921,4454.54
2027-06-30,202409,PRIME,3620.8,-186.46,-37.9,36.32,0.0100584740845944,0.010030932390631905,36.41972296549941,36.32
2027-06-30,202410,NON PRIME,493483.92,-34903.5,-13287.37,9158.92,0.0232185452759837,0.0185597131513424,11457.978739489918,9158.92
2027-06-30,202410,NRP-L,358124.0,-2286.44,-6546.43,5561.84,0.0162671837927962,0.015530486647083133,5825.668928611347,5561.84
2027-06-30,202410,NRP-M,1145339.23,-51471.47,-18632.21,15847.2,0.014701083133057,0.013836250068898803,16837.72723578149,15847.2
2027-06-30,202410,NRP-S,527810.67,-25106.17,0.0,8454.86,0.0170353264329407,0.016018736415465036,8991.427058239142,8454.86
2027-06-30,202411,NON PRIME,457738.72,-35303.03,-13004.71,9599.53,0.0247877337506715,0.020971636395540234,11346.30551873317,9599.53
2027-06-30,202411,NRP-L,226508.16,-12975.94,-3352.38,3102.78,0.0141298462448368,0.013698314444830597,3200.525474000893,3102.78
2027-06-30,202411,NRP-M,1284700.52,-54930.37,-22640.16,19092.25,0.0156001288306386,0.01486124563878903,20041.493620788402,19092.25
2027-06-30,202411,NRP-S,545284.97,-29642.28,0.0,9446.55,0.018017105117717,0.017324060848403725,9824.456623601161,9446.55
2027-06-30,202412,NON PRIME,596322.88,-42121.36,-18026.69,13182.46,0.0248657154375268,0.022106245529267633,14827.99504296644,13182.46
2027-06-30,202412,NRP-L,39360.61,-317.03,-488.79,370.21,0.0123839943284755,0.009405596102296179,487.441571005336,370.21
2027-06-30,202412,NRP-M,1610396.99,-24140.85,-26498.51,23825.74,0.0151591788725611,0.014794948169891948,24412.29602724399,23825.74
2027-06-30,202412,NRP-S,622714.21,-31311.47,0.0,10600.36,0.0177565367675234,0.017022832994288025,11057.247765524286,10600.36
2027-06-30,202501,NON PRIME,728504.7,-49758.76,-21194.35,17020.53,0.0257099652366611,0.023363651600325983,18729.830511744225,17020.53
2027-06-30,202501,NRP-L,41028.1,-683.28,-718.62,679.39,0.0171340457193648,0.016559138736621973,702.9773411786709,679.39
2027-06-30,202501,NRP-M,2333666.74,-75140.6,-40894.0,34666.57,0.0156697457214691,0.014854978821868968,36567.96441444974,34666.57
2027-06-30,202501,NRP-S,928817.97,-51286.14,0.0,15966.07,0.0178913780974928,0.017189665268857793,16617.833485015726,15966.07
2027-06-30,202502,NON PRIME,923817.73,-66617.01,-27122.11,23630.12,0.0272493175761933,0.02557876866035035,25173.402707287994,23630.12
2027-06-30,202502,NRP-L,85518.87,-1333.65,-1618.73,1374.01,0.0154953262642354,0.01606674643853456,1325.1427923987328,1374.01
2027-06-30,202502,NRP-M,2395780.02,-86453.65,-41737.15,37866.19,0.0157584011264097,0.015805370144125336,37753.66256579786,37866.19
2027-06-30,202502,NRP-S,1017036.6,-56779.91,0.0,17668.1,0.0178644610048735,0.0173721378365341,18168.810681229126,17668.1
2027-06-30,202503,NON PRIME,1676180.18,-97304.23,-55802.51,56205.75,0.0347631873764749,0.03353204546303608,58269.36567407342,56205.75
2027-06-30,202503,NRP-L,61949.66,-514.49,-852.39,1043.41,0.0178243636566151,0.01684286887127387,1104.2132682436622,1043.41
2027-06-30,202503,NRP-M,3397301.01,-78956.07,-56987.52,56449.7,0.0168296385885087,0.016616043098282893,57175.34817467558,56449.7
2027-06-30,202503,NRP-S,1374645.63,-61152.65,0.0,28507.39,0.0213043809831144,0.020737991943421814,29285.97421829331,28507.39
2027-06-30,202504,NON PRIME,2017455.6,-115401.21,-74825.22,70810.4,0.0356338912627711,0.035098864133614634,71889.79347786863,70810.4
2027-06-30,202504,NRP-L,40263.95,-782.51,-673.49,680.85,0.0166366017843202,0.016909667332688425,669.8553024137792,680.85
2027-06-30,202504,NRP-M,4334378.65,-102436.51,-72994.01,70663.54,0.0164275860246004,0.016303038037528167,71203.37813606636,70663.54
2027-06-30,202504,NRP-S,1046526.31,-61754.29,0.0,21528.99,0.020487502908049,0.020571857385983924,21440.71081947479,21528.99
2027-06-30,202504,PRIME,2844.23,26.06,-29.66,29.93,0.011135166842726,0.010523058964992282,31.670975589086574,29.93
2027-06-30,202505,NON PRIME,2297021.98,-115635.11,-81882.1,81994.61,0.0343489874306925,0.035696049369105295,78900.3791190444,81994.61
2027-06-30,202505,NRP-L,11554.79,-110.93,-193.12,195.12,0.0157966823854198,0.0168865033462313,182.52734766022485,195.12
2027-06-30,202505,NRP-M,3908027.68,-110985.76,-64040.52,62578.35,0.016636899719721,0.01601277041108368,65017.46461405392,62578.35
2027-06-30,202505,NRP-S,1168945.02,-59202.39,0.0,23189.53,0.0204843399464785,0.019837998882103112,23945.06716842311,23189.53
2027-06-30,202506,NON PRIME,2813350.27,-139267.38,-103489.73,104047.52,0.035520772510527,0.03698349299392429,99932.37493309972,104047.52
2027-06-30,202506,NRP-L,20057.11,-289.52,-338.87,326.89,0.0158719014754618,0.016297961171873713,318.34447380249964,326.89
2027-06-30,202506,NRP-M,4038613.33,-90386.45,-64365.68,65610.58,0.0167330498622469,0.016245818710255187,67578.318225225,65610.58
2027-06-30,202506,NRP-S,1322074.01,-71829.78,0.0,27557.34,0.0206818517867955,0.020844022189045228,27342.938725994394,27557.34
2027-06-30,202507,NON PRIME,3402373.13,-164700.65,-133976.71,124545.73,0.0377833333333333,0.036605547140563036,128552.99809516655,124545.73
2027-06-30,202507,NRP-L,77346.76,-976.84,-1424.34,1315.97,0.01685,0.017013899483313846,1303.292906,1315.97
2027-06-30,202507,NRP-M,5132056.18,-89306.71,-85804.83,78982.19,0.0155583333333333,0.01538996987363455,79846.24073383317,78982.19
2027-06-30,202507,NRP-S,1683457.32,-67546.38,0.0,35160.07,0.0212333333333333,0.020885631956502466,35745.410427999945,35160.07
2027-06-30,202507,PRIME,5837.44,10.5,-67.26,67.12,0.0113,0.011498190987830283,65.963072,67.12
2027-06-30,202508,NON PRIME,2696309.99,-147822.77,-82304.09,98170.16,0.0379333333333333,0.03640907772625951,102280.02562066658,98170.16
2027-06-30,202508,NRP-L,31396.5,-523.91,-474.43,482.49,0.0153166666666666,0.015367636519994267,480.8897249999979,482.49
2027-06-30,202508,NRP-M,4535536.58,-96993.47,-52324.35,70703.68,0.01575,0.0155888236712226,71434.701135,70703.68
2027-06-30,202508,NRP-S,1760054.8,-71608.06,0.0,35263.17,0.0205083333333333,0.020035268220057693,36095.79052333327,35263.17
2027-06-30,202508,PRIME,18654.48,99.25,-76.66,212.63,0.0112416666666666,0.011398334341134141,209.70744599999875,212.63
2027-06-30,202509,NON PRIME,131387.35,-54254.32,-10820.18,5474.47,0.0379333333333333,0.04166664446767516,4983.960143333329,5474.47
2027-06-30,202509,NRP-L,11382.77,-23.84,-6.78,0.2,0.0153166666666666,1.75704156369671e-05,174.3460938333326,0.2
2027-06-30,202509,NRP-M,1076473.98,-284933.18,-34315.14,44853.08,0.01575,0.04166666434426961,16954.465185,44853.08
2027-06-30,202509,NRP-S,514893.51,-131471.64,0.0,21453.9,0.0205083333333333,0.041666673949726035,10559.607734249983,21453.9
2027-06-30,202509,PRIME,14423.6,172.59,-6.13,1.37,0.0112416666666666,9.498322194181758e-05,162.14530333333238,1.37
2027-07-31,201912,NON PRIME,139793.81,4817.9,1789.11,0.0,0.0,0.0,0.0,0.0
2027-07-31,201912,NRP-S,51895.79,-354.72,0.0,0.0,0.0083333333333333,0.0,432.464916666665,0.0
2027-07-31,202001,NON PRIME,25746.61,1688.71,353.59,0.0,0.0083333333333333,0.0,214.55508333333248,0.0
2027-07-31,202001,NRP-S,0.0,0.0,0.0,0.0,0.0083333333333333,,0.0,0.0
2027-07-31,202101,NON PRIME,586267.74,10313.32,6084.23,0.0,0.0083333333333333,0.0,4885.56449999998,0.0
2027-07-31,202101,NRP-M,43775.32,-8459.01,-558.17,571.3,0.010208119025845,0.013050732695957447,446.8636769544531,571.3
2027-07-31,202101,NRP-S,264192.96,-27787.0,0.0,2397.4,0.0106469523176989,0.009074428024122973,2812.849847791733,2397.4
2027-07-31,202101,PRIME,169118.02,-23251.03,-1950.75,1859.62,0.0083333333333333,0.010995989664495836,1409.3168333333276,1859.62
2027-07-31,202201,NON PRIME,50541.64,-6827.93,39.86,0.0,0.01019598375111,0.0,515.3217401944512,0.0
2027-07-31,202201,NRP-M,41523.51,-2671.97,-535.28,518.6,0.0112614565789034,0.012489310272662403,467.6152048686612,518.6
2027-07-31,202201,NRP-S,68650.12,-6097.67,0.0,644.23,0.0098161062560049,0.00938425162257546,673.876872407487,644.23
2027-07-31,202201,PRIME,13729.05,-1358.41,-131.43,113.94,0.0089101128641964,0.008299190402831952,122.32738501819557,113.94
2027-07-31,202301,NON PRIME,755115.78,-59909.68,-7706.82,8015.94,0.0154482859353957,0.01061551117366399,11665.244483769353,8015.94
2027-07-31,202301,NRP-L,877314.4,-7430.51,-3991.53,6409.02,0.0103461565484954,0.007305271633521575,9076.832124649314,6409.02
2027-07-31,202301,NRP-M,4206932.01,-151103.8,-61447.19,61084.69,0.013627184982623,0.014520008846066424,57328.64070958799,61084.69
2027-07-31,202301,NRP-S,1092867.46,-76406.59,0.0,17356.44,0.0150574820476038,0.015881559873692278,16455.832159360365,17356.44
2027-07-31,202404,NON PRIME,148971.29,-12055.11,-2839.22,2245.45,0.0203782482127001,0.015073038570049302,3035.773924186128,2245.45
2027-07-31,202404,NRP-L,62208.48,-4370.79,-947.32,796.14,0.0130320640429038,0.012797933657919305,810.7048953717002,796.14
2027-07-31,202404,NRP-M,924516.29,-41978.86,-14465.92,13290.89,0.0144491601159043,0.014376047392307169,13358.483903971814,13290.89
2027-07-31,202404,NRP-S,439558.47,-22240.52,0.0,6726.91,0.0157142983056292,0.015303788822451767,6907.352920345963,6726.91
2027-07-31,202405,NON PRIME,245134.11,-15401.44,-4706.62,3879.53,0.0204444422858944,0.015826153284012576,5011.6301641990885,3879.53
2027-07-31,202405,NRP-L,284151.78,-3519.92,-3615.93,3254.08,0.0128960340264595,0.011451907850093354,3664.4310235590347,3254.08
2027-07-31,202405,NRP-M,1494910.88,-27323.02,-21168.87,20844.41,0.0144698485913142,0.013943580369152175,21631.13409110827,20844.41
2027-07-31,202405,NRP-S,380011.23,-19851.86,0.0,6017.52,0.0162944280018955,0.015835110978167675,6192.0656271467515,6017.52
2027-07-31,202405,PRIME,4339.13,-29.98,-45.39,43.82,0.0100747872586797,0.010098798607094048,43.71581163775485,43.82
2027-07-31,202406,NON PRIME,400358.74,-22413.54,-8196.12,7073.64,0.0220533267365067,0.017668254226197236,8829.242105036135,7073.64
2027-07-31,202406,NRP-L,198019.85,-2246.63,-2946.26,2938.58,0.0150910573642255,0.014839825401342339,2988.328915605329,2938.58
2027-07-31,202406,NRP-M,1122666.52,-31304.01,-15693.86,15271.74,0.0142058423371304,0.013603095601354531,15948.423580294853,15271.74
2027-07-31,202406,NRP-S,463115.82,-22847.71,0.0,7330.43,0.0165934440272594,0.01582850268427453,7684.686437308339,7330.43
2027-07-31,202407,NON PRIME,451661.86,-23102.27,-10428.25,8560.84,0.0227911208357712,0.018954091009588458,10293.880028169175,8560.84
2027-07-31,202407,NRP-L,153528.41,-8460.76,-2353.43,2133.48,0.0146100311036824,0.013896320557218041,2243.054845398904,2133.48
2027-07-31,202407,NRP-M,1999647.29,-57791.7,-30034.3,26807.96,0.014383807167615,0.013406344275844766,28762.541022603913,26807.96
2027-07-31,202407,NRP-S,266144.65,-22106.85,0.0,4096.28,0.0168481486882262,0.015391179195223348,4484.044635775921,4096.28
2027-07-31,202407,PRIME,778.76,-51.55,-8.17,7.77,0.0100326772519103,0.009977399969181776,7.813047736697666,7.77
2027-07-31,202408,NON PRIME,307358.76,-21756.59,-6543.01,5210.45,0.0219488944329521,0.01695233934441953,6746.184976283062,5210.45
2027-07-31,202408,NRP-L,111780.88,-10107.68,-1856.47,1687.9,0.0152851171799328,0.015100077938194798,1708.5838492760067,1687.9
2027-07-31,202408,NRP-M,1502814.29,-34821.58,-23583.85,21855.15,0.015367199085322,0.014542814867697327,23094.04638269683,21855.15
2027-07-31,202408,NRP-S,538937.64,-27708.15,0.0,8722.23,0.0172865882822319,0.01618411733127417,9316.393092477714,8722.23
2027-07-31,202409,NON PRIME,270935.86,-21421.2,-7053.07,5141.98,0.0228671292520501,0.01897858777350477,6195.52532963535,5141.98
2027-07-31,202409,NRP-L,255003.92,-12566.43,-3843.4,3729.69,0.0152260554162157,0.014626010455054964,3882.703817272235,3729.69
2027-07-31,202409,NRP-M,1228729.55,-42160.62,-20022.86,17590.23,0.0153020232471114,0.014315786578096049,18802.04813851273,17590.23
2027-07-31,202409,NRP-S,252949.26,-22532.64,0.0,3991.03,0.0168704099210221,0.015777986462581467,4267.357705419198,3991.03
2027-07-31,202409,PRIME,3432.77,-176.64,-35.93,34.43,0.0100584740845944,0.01002980100618451,34.52842808337312,34.43
2027-07-31,202410,NON PRIME,416977.09,-29459.18,-11258.02,7757.14,0.0232185452759837,0.01860327626153274,9681.60144321293,7757.14
2027-07-31,202410,NRP-L,354852.78,-2222.07,-6487.13,5511.02,0.0162671837927962,0.015530440539313232,5772.455391644677,5511.02
2027-07-31,202410,NRP-M,1066176.57,-48090.87,-17372.68,14762.27,0.014701083133057,0.013845989881394597,15673.950390087566,14762.27
2027-07-31,202410,NRP-S,496406.18,-23586.54,0.0,7960.47,0.0170353264329407,0.016036202450179005,8456.441319629119,7960.47
2027-07-31,202411,NON PRIME,383439.42,-29548.43,-10932.19,8066.33,0.0247877337506715,0.02103677811738814,9504.594252471905,8066.33
2027-07-31,202411,NRP-L,213282.63,-12277.99,-3156.68,2922.61,0.0141298462448368,0.01370299119060938,3013.6507685944166,2922.61
2027-07-31,202411,NRP-M,1198576.83,-51263.72,-21154.08,17825.8,0.0156001288306386,0.014872471712973125,18697.95296141842,17825.8
2027-07-31,202411,NRP-S,509392.85,-27673.79,0.0,8835.47,0.018017105117717,0.017345100152073196,9177.784524663448,8835.47
2027-07-31,202412,NON PRIME,506958.18,-35748.91,-15377.37,11244.24,0.0248657154375268,0.022179817672534647,12605.87784260649,11244.24
2027-07-31,202412,NRP-L,38925.0,-307.19,-483.34,365.59,0.0123839943284755,0.009392164418754014,482.0469792359088,365.59
2027-07-31,202412,NRP-M,1548570.12,-23038.42,-25513.81,22932.26,0.0151591788725611,0.01480866749514707,23475.05144578341,22932.26
2027-07-31,202412,NRP-S,584597.16,-29367.26,0.0,9965.56,0.0177565367675234,0.01704688404575896,10380.42096572976,9965.56
2027-07-31,202501,NON PRIME,626101.86,-42665.32,-18278.63,14681.56,0.0257099652366611,0.023449155701278382,16097.057055208856,14681.56
2027-07-31,202501,NRP-L,40305.6,-667.1,-706.08,668.82,0.0171340457193648,0.01659372394902942,690.5979931464299,668.82
2027-07-31,202501,NRP-M,2202039.48,-70905.85,-38667.01,32750.28,0.0156697457214691,0.014872703372239266,34505.39872023604,32750.28
2027-07-31,202501,NRP-S,869978.47,-48005.91,0.0,14981.96,0.0178913780974928,0.017221069850153876,15565.113743448297,14981.96
2027-07-31,202502,NON PRIME,791422.59,-56931.01,-23322.91,20321.57,0.0272493175761933,0.02567726806989424,21565.725491883422,20321.57
2027-07-31,202502,NRP-L,83940.5,-1297.37,-1589.31,1350.04,0.0154953262642354,0.016083297097348716,1300.6854342830516,1350.04
2027-07-31,202502,NRP-M,2256518.42,-81549.76,-39403.0,35713.12,0.0157584011264097,0.015826646786246932,35559.12241149224,35713.12
2027-07-31,202502,NRP-S,950879.34,-53061.37,0.0,16548.17,0.0178644610048735,0.017403017716212027,16986.94688976985,16548.17
2027-07-31,202503,NON PRIME,1467884.33,-84760.09,-49121.25,49518.06,0.0347631873764749,0.03373430657169015,51028.33801078132,49518.06
2027-07-31,202503,NRP-L,61626.19,-495.0,-847.89,1040.94,0.0178243636566151,0.01689119512337206,1098.4476213316568,1040.94
2027-07-31,202503,NRP-M,3250080.17,-75136.93,-54620.5,54082.86,0.0168296385885087,0.016640469518018074,54697.67464477892,54082.86
2027-07-31,202503,NRP-S,1310266.53,-58112.32,0.0,27260.63,0.0213043809831144,0.02080540819431601,27914.417344543293,27260.63
2027-07-31,202504,NON PRIME,1803228.37,-102504.53,-67275.5,63705.1,0.0356338912627711,0.03532835943569366,64256.04365852397,63705.1
2027-07-31,202504,NRP-L,39488.79,-765.39,-660.75,668.98,0.0166366017843202,0.016941010347493554,656.9592741746457,668.98
2027-07-31,202504,NRP-M,4162004.33,-98067.0,-70210.53,67916.83,0.0164275860246004,0.016318298736608956,68371.68416583435,67916.83
2027-07-31,202504,NRP-S,986426.24,-58226.75,0.0,20352.33,0.020487502908049,0.02063238909784071,20209.41046057584,20352.33
2027-07-31,202504,PRIME,2818.45,26.19,-29.39,29.67,0.011135166842726,0.010527062747254698,31.383910987881094,29.67
2027-07-31,202505,NON PRIME,2031079.96,-101156.32,-72857.19,73014.2,0.0343489874306925,0.03594846162531189,69765.54001677143,73014.2
2027-07-31,202505,NRP-L,11445.85,-106.26,-191.39,193.69,0.0157966823854198,0.01692229061188116,180.80645708115722,193.69
2027-07-31,202505,NRP-M,3732797.52,-105894.34,-61261.83,59819.26,0.016636899719721,0.016025316047681044,62102.17801426325,59819.26
2027-07-31,202505,NRP-S,1110083.6,-56106.41,0.0,22079.41,0.0204843399464785,0.019889862349105957,22739.32983141066,22079.41
2027-07-31,202506,NON PRIME,2540375.22,-124218.27,-94157.55,94725.53,0.035520772510527,0.037288007399158926,90236.090281,94725.53
2027-07-31,202506,NRP-L,19755.61,-280.4,-334.02,322.52,0.0158719014754618,0.01632548931670548,313.5590955076479,322.52
2027-07-31,202506,NRP-M,3874978.91,-85832.34,-61827.25,63034.54,0.0167330498622469,0.016267066599337954,64840.21531618514,63034.54
2027-07-31,202506,NRP-S,1249450.41,-67902.75,0.0,26145.03,0.0206818517867955,0.020925224235189936,25840.94819457087,26145.03
2027-07-31,202507,NON PRIME,3086051.49,-147279.4,-122676.85,113962.6,0.0377833333333333,0.036928288581471465,116601.31213049991,113962.6
2027-07-31,202507,NRP-L,76261.56,-936.64,-1406.34,1301.24,0.01685,0.01706285578212667,1285.007286,1301.24
2027-07-31,202507,NRP-M,4941265.22,-84304.79,-82828.89,76051.02,0.0155583333333333,0.0153910014164348,76877.8513811665,76051.02
2027-07-31,202507,NRP-S,1618547.83,-64323.46,0.0,33950.44,0.0212333333333333,0.020975864519246244,34367.16559033328,33950.44
2027-07-31,202507,PRIME,5826.8,13.67,-67.19,67.2,0.0113,0.011532916866890917,65.84284,67.2
2027-07-31,202508,NON PRIME,2385682.2,-129443.87,-73175.45,87709.98,0.0379333333333333,0.03676515673378457,90496.87811999992,87709.98
2027-07-31,202508,NRP-L,30880.65,-507.07,-466.85,474.7,0.0153166666666666,0.015372085755966923,472.988622499998,474.7
2027-07-31,202508,NRP-M,4388173.47,-92696.72,-50133.09,68434.0,0.01575,0.015595099069773102,69113.7321525,68434.0
2027-07-31,202508,NRP-S,1689307.34,-68027.0,0.0,33971.68,0.0205083333333333,0.020109827972451713,34644.87803116661,33971.68
2027-07-31,202508,PRIME,18691.19,113.77,-75.85,213.74,0.0112416666666666,0.011435333972850311,210.12012758333205,213.74
2027-07-31,202509,NON PRIME,66518.59,-28270.55,-5611.13,2771.61,0.0379333333333333,0.041666697986232126,2523.2718473333307,2771.61
2027-07-31,202509,NRP-L,11352.36,-14.49,-4.84,0.0,0.0153166666666666,0.0,173.88031399999926,0.0
2027-07-31,202509,NRP-M,783292.47,-213858.11,-25432.26,32637.19,0.01575,0.041666671454150456,12336.8564025,32637.19
2027-07-31,202509,NRP-S,396558.46,-104086.62,0.0,16523.27,0.0205083333333333,0.04166666876808025,8132.75308383332,16523.27
2027-07-31,202509,PRIME,14246.25,186.9,-4.33,0.0,0.0112416666666666,0.0,160.15159374999905,0.0
2027-08-31,201912,NON PRIME,133181.43,4592.79,1713.69,0.0,0.0,0.0,0.0,0.0
2027-08-31,201912,NRP-S,51540.79,-352.25,0.0,0.0,0.0083333333333333,0.0,429.50658333333166,0.0
2027-08-31,202001,NON PRIME,23703.61,1581.16,329.61,0.0,0.0083333333333333,0.0,197.53008333333256,0.0
2027-08-31,202001,NRP-S,0.0,0.0,0.0,0.0,0.0083333333333333,,0.0,0.0
2027-08-31,202101,NON PRIME,569853.61,10415.21,6021.02,0.0,0.0083333333333333,0.0,4748.780083333314,0.0
2027-08-31,202101,NRP-M,35329.4,-6827.5,-452.31,461.11,0.010208119025845,0.013051735947964018,360.64672031168834,461.11
2027-08-31,202101,NRP-S,238802.66,-25116.12,0.0,2166.92,0.0106469523176989,0.009074103278414068,2542.520534359662,2166.92
2027-08-31,202101,PRIME,145775.63,-20042.78,-1681.67,1603.13,0.0083333333333333,0.0109972428176095,1214.796916666662,1603.13
2027-08-31,202201,NON PRIME,43448.11,-5896.85,49.71,0.0,0.01019598375111,0.0,442.9962235764399,0.0
2027-08-31,202201,NRP-M,38834.84,-2498.78,-501.3,485.02,0.0112614565789034,0.012489300844293423,437.3368644086609,485.02
2027-08-31,202201,NRP-S,63135.34,-5607.84,0.0,592.46,0.0098161062560049,0.009383967837981075,619.7432059489963,592.46
2027-08-31,202201,PRIME,12353.14,-1222.36,-118.25,102.52,0.0089101128641964,0.008299104519174882,110.0678716272191,102.52
2027-08-31,202301,NON PRIME,695428.35,-55085.02,-7008.26,7324.77,0.0154482859353957,0.010532745753031208,10743.175998380437,7324.77
2027-08-31,202301,NRP-L,872301.23,-7372.48,-3967.1,6398.29,0.0103461565484954,0.00733495469219962,9024.965083025092,6398.29
2027-08-31,202301,NRP-M,4055465.27,-145544.26,-59269.99,58896.82,0.013627184982623,0.014522826871600851,55264.57542489313,58896.82
2027-08-31,202301,NRP-S,1033814.68,-72246.15,0.0,16423.2,0.0150574820476038,0.015886019339559,15566.645984649267,16423.2
2027-08-31,202404,NON PRIME,136307.96,-11037.39,-2598.45,2051.15,0.0203782482127001,0.015047910628256781,2777.7174422467965,2051.15
2027-08-31,202404,NRP-L,57686.47,-3912.23,-878.47,743.35,0.0130320640429038,0.012886037228487027,751.7737714490488,743.35
2027-08-31,202404,NRP-M,881362.0,-39200.36,-13814.72,12758.84,0.0144491601159043,0.014476276490250317,12734.940658073645,12758.84
2027-08-31,202404,NRP-S,424044.14,-21372.23,0.0,6584.6,0.0157142983056292,0.015528100447278908,6663.556110713992,6584.6
2027-08-31,202405,NON PRIME,228868.56,-14377.46,-4399.07,3621.62,0.0204444422858944,0.01582401706901114,4679.090065975759,3621.62
2027-08-31,202405,NRP-L,280269.88,-3411.87,-3566.48,3262.26,0.0128960340264595,0.011639709554233942,3614.369909071721,3262.26
2027-08-31,202405,NRP-M,1467262.45,-27057.32,-20781.54,20625.36,0.0144698485913142,0.014057035263186897,21231.06549522072,20625.36
2027-08-31,202405,NRP-S,366176.04,-19121.11,0.0,5867.54,0.0162944280018955,0.016023822858535475,5966.629119799207,5867.54
2027-08-31,202405,PRIME,4307.58,-39.67,-45.06,43.53,0.0100747872586797,0.010105442034738763,43.3979520997435,43.53
2027-08-31,202406,NON PRIME,376815.91,-21071.55,-7723.28,6660.58,0.0220533267365067,0.017675952164546344,8310.044382744101,6660.58
2027-08-31,202406,NRP-L,195765.54,-2345.07,-2912.68,2905.38,0.0150910573642255,0.014841120658927,2954.3089940785817,2905.38
2027-08-31,202406,NRP-M,1090939.88,-30336.63,-15270.59,14968.51,0.0142058423371304,0.013720746921452722,15497.719934567956,14968.51
2027-08-31,202406,NRP-S,447598.13,-21974.9,0.0,7161.17,0.0165934440272594,0.01599910616248553,7427.194516860975,7161.17
2027-08-31,202407,NON PRIME,426682.17,-21740.55,-9867.65,8096.15,0.0227911208357712,0.01897466210036384,9724.564894939069,8096.15
2027-08-31,202407,NRP-L,144847.68,-7060.31,-2220.37,2027.17,0.0146100311036824,0.013995184458598164,2116.229110096235,2027.17
2027-08-31,202407,NRP-M,1938615.52,-54476.83,-29143.17,27195.56,0.014383807167615,0.014028341215384472,27884.67181182568,27195.56
2027-08-31,202407,NRP-S,248132.69,-18696.61,0.0,4045.36,0.0168481486882262,0.016303212607738222,4180.576455529538,4045.36
2027-08-31,202407,PRIME,726.8,-43.53,-7.63,7.27,0.0100326772519103,0.01000275178866263,7.291749826688406,7.27
2027-08-31,202408,NON PRIME,284231.87,-20092.16,-6063.05,4827.72,0.0219488944329521,0.016985146669161344,6238.575309110565,4827.72
2027-08-31,202408,NRP-L,101504.62,-9221.56,-1685.84,1532.89,0.0152851171799328,0.01510167714533585,1551.5100110045505,1532.89
2027-08-31,202408,NRP-M,1466263.62,-33826.7,-23034.79,21332.47,0.015367199085322,0.014548864003050147,22532.364960104926,21332.47
2027-08-31,202408,NRP-S,519951.1,-26743.59,0.0,8420.82,0.0172865882822319,0.01619540760659993,8988.180592593586,8420.82
2027-08-31,202409,NON PRIME,247514.11,-19559.39,-6466.41,4710.8,0.0228671292520501,0.01903245031162062,5659.9371450761455,4710.8
2027-08-31,202409,NRP-L,242323.78,-12017.23,-3652.26,3544.84,0.0152260554162157,0.014628527171373772,3689.6353029468614,3544.84
2027-08-31,202409,NRP-M,1184126.98,-40596.6,-19321.34,16958.97,0.0153020232471114,0.014321918414526794,18119.538575491817,16958.97
2027-08-31,202409,NRP-S,234407.37,-20923.03,0.0,3702.54,0.0168704099210221,0.015795322476422135,3954.548420408698,3702.54
2027-08-31,202409,PRIME,3254.62,-167.32,-34.07,32.65,0.0100584740845944,0.010031893124235702,32.73651092520263,32.65
2027-08-31,202410,NON PRIME,383981.79,-27096.47,-10395.1,7162.37,0.0232185452759837,0.01865288976334008,8915.498576268265,7162.37
2027-08-31,202410,NRP-L,351654.45,-2165.22,-6429.0,5461.38,0.0162671837927962,0.015530530041636043,5720.427569704662,5461.38
2027-08-31,202410,NRP-M,1015474.12,-45954.24,-16572.25,14071.44,0.014701083133057,0.013857014888769396,14928.569457587899,14071.44
2027-08-31,202410,NRP-S,480779.32,-22821.31,0.0,7718.93,0.0170353264329407,0.016055037475405556,8190.232658407256,7718.93
2027-08-31,202411,NON PRIME,351020.01,-27025.4,-10041.81,7408.49,0.0247877337506715,0.02110560591688206,8700.990549038048,7408.49
2027-08-31,202411,NRP-L,200770.56,-11605.9,-2971.52,2752.25,0.0141298462448368,0.013708434144926427,2836.8571432897816,2752.25
2027-08-31,202411,NRP-M,1143982.35,-48932.5,-20218.47,17027.49,0.0156001288306386,0.014884399221718763,17846.2720399767,17027.49
2027-08-31,202411,NRP-S,490554.34,-26633.21,0.0,8519.26,0.018017105117717,0.017366597959361647,8838.369109732286,8519.26
2027-08-31,202412,NON PRIME,467057.8,-32880.45,-14212.94,10394.9,0.0248657154375268,0.022256131896309192,11613.726347677304,10394.9
2027-08-31,202412,NRP-L,38500.06,-298.07,-478.03,361.29,0.0123839943284755,0.009384141219520178,476.7845246859664,361.29
2027-08-31,202412,NRP-M,1522949.11,-22509.74,-25121.9,22574.62,0.0151591788725611,0.014822964110731184,23086.657972297733,22574.62
2027-08-31,202412,NRP-S,565194.5,-28367.96,0.0,9648.74,0.0177565367675234,0.017071539089640823,10035.896920052004,9648.74
2027-08-31,202501,NON PRIME,579787.23,-39419.92,-16983.09,13645.79,0.0257099652366611,0.02353585814575461,14906.309527960035,13645.79
2027-08-31,202501,NRP-L,39601.25,-651.59,-693.82,658.43,0.0171340457193648,0.01662649537577728,678.5296280439953,658.43
2027-08-31,202501,NRP-M,2125180.65,-68427.83,-37388.38,31645.71,0.0156697457214691,0.014890832927544301,33301.04039768642,31645.71
2027-08-31,202501,NRP-S,836940.62,-46151.35,0.0,14439.49,0.0178913780974928,0.017252705454778857,14974.021077570045,14439.49
2027-08-31,202502,NON PRIME,731397.1,-52485.37,-21631.8,18851.45,0.0272493175761933,0.02577457580840832,19930.07185220681,18851.45
2027-08-31,202502,NRP-L,82403.85,-1262.83,-1560.55,1326.59,0.0154953262642354,0.016098641022233788,1276.8745411791142,1326.59
2027-08-31,202502,NRP-M,2171278.52,-78569.15,-37996.85,34409.0,0.0157584011264097,0.015847345093249483,34215.87787531719,34409.0
2027-08-31,202502,NRP-S,914001.3,-50977.37,0.0,15934.81,0.0178644610048735,0.01743412181142412,16328.140582253685,15934.81
2027-08-31,202503,NON PRIME,1383510.5,-79488.46,-46521.16,46933.55,0.0347631873764749,0.03392352280665741,48095.234748820476,46933.55
2027-08-31,202503,NRP-L,61324.24,-477.38,-843.71,1038.61,0.0178243636566151,0.01693636969655066,1093.065554725542,1038.61
2027-08-31,202503,NRP-M,3174405.55,-73027.93,-53441.9,52895.69,0.0168296385885087,0.016663179662094532,53424.098139856185,52895.69
2027-08-31,202503,NRP-S,1279414.57,-56588.27,0.0,26699.1,0.0213043809831144,0.020868216312402942,27257.13543462749,26699.1
2027-08-31,202504,NON PRIME,1697150.43,-95909.16,-63660.14,60318.7,0.0356338912627711,0.0355411629598444,60476.073879185205,60318.7
2027-08-31,202504,NRP-L,38731.63,-748.95,-648.24,657.26,0.0166366017843202,0.016969593069023948,644.3627047676298,657.26
2027-08-31,202504,NRP-M,4061643.63,-95445.66,-68624.79,66336.4,0.0164275860246004,0.01633240285041945,66723.00013309524,66336.4
2027-08-31,202504,NRP-S,948551.78,-56001.89,0.0,19624.05,0.020487502908049,0.020688433055283496,19433.457351185054,19624.05
2027-08-31,202504,PRIME,2792.53,26.17,-29.12,29.41,0.011135166842726,0.010531668415379601,31.09528746331764,29.41
2027-08-31,202505,NON PRIME,1930078.7,-95165.29,-69633.54,69833.14,0.0343489874306925,0.036181498712979945,66296.24900654732,69833.14
2027-08-31,202505,NRP-L,11341.9,-102.02,-189.72,192.3,0.0157966823854198,0.01695483120112151,179.16439194719283,192.3
2027-08-31,202505,NRP-M,3625460.61,-102740.78,-59584.18,58142.0,0.016636899719721,0.016037134658042802,60316.42460636853,58142.0
2027-08-31,202505,NRP-S,1076056.61,-54282.36,0.0,21454.64,0.0204843399464785,0.019938207526089168,22042.30940089524,21454.64
2027-08-31,202506,NON PRIME,2416724.85,-116819.18,-90196.82,90792.28,0.035520772510527,0.03756831482077904,85843.93361738749,90792.28
2027-08-31,202506,NRP-L,19463.71,-271.97,-329.25,318.25,0.0158719014754618,0.016350942343468948,308.92608746696055,318.25
2027-08-31,202506,NRP-M,3790353.86,-83145.13,-60541.75,61733.34,0.0167330498622469,0.016286959550525976,63424.18013494,61733.34
2027-08-31,202506,NRP-S,1207692.63,-65648.43,0.0,25361.91,0.0206818517867955,0.021000302038772897,24977.319977665255,25361.91
2027-08-31,202507,NON PRIME,2930016.92,-137981.79,-117482.59,109070.99,0.0377833333333333,0.03722537888962089,110705.80596066656,109070.99
2027-08-31,202507,NRP-L,75219.82,-899.89,-1388.56,1286.82,0.01685,0.01710745917764759,1267.4539670000001,1286.82
2027-08-31,202507,NRP-M,4850182.56,-81238.91,-81497.82,74657.7,0.0155583333333333,0.015392760803626329,75460.75699599984,74657.7
2027-08-31,202507,NRP-S,1588174.81,-62563.42,0.0,33445.85,0.0212333333333333,0.021059300140895697,33722.24513233328,33445.85
2027-08-31,202507,PRIME,5813.14,16.35,-67.07,67.23,0.0113,0.011565178199733708,65.688482,67.23
2027-08-31,202508,NON PRIME,2270745.57,-122014.91,-69966.45,84226.97,0.0379333333333333,0.03709220932224477,86136.94862199991,84226.97
2027-08-31,202508,NRP-L,30381.43,-491.42,-459.47,467.16,0.0153166666666666,0.01537649807793774,465.34223616666463,467.16
2027-08-31,202508,NRP-M,4313622.11,-90087.67,-48850.86,67299.73,0.01575,0.015601674945977128,67939.5482325,67299.73
2027-08-31,202508,NRP-S,1655252.01,-66029.59,0.0,33401.49,0.0205083333333333,0.02017909647486246,33946.459971749944,33401.49
2027-08-31,202508,PRIME,18715.32,126.31,-75.23,214.65,0.0112416666666666,0.011469213457210458,210.39138899999875,214.65
2027-08-31,202509,NON PRIME,35408.5,-15433.08,-3050.91,1475.35,0.0379333333333333,0.04166654899247356,1343.162433333332,1475.35
2027-08-31,202509,NRP-L,11333.02,-6.06,-3.5,0.0,0.0153166666666666,0.0,173.58408966666593,0.0
2027-08-31,202509,NRP-M,576639.28,-161763.23,-19030.42,24026.64,0.01575,0.041666672447288014,9082.06866,24026.64
2027-08-31,202509,NRP-S,308995.08,-83089.37,0.0,12874.8,0.0205083333333333,0.041666682848154085,6336.97409899999,12874.8
2027-08-31,202509,PRIME,14055.02,198.54,-3.1,0.0,0.0112416666666666,0.0,158.0018498333324,0.0
2027-09-30,201912,NON PRIME,126870.72,4377.85,1641.06,0.0,0.0,0.0,0.0,0.0
2027-09-30,201912,NRP-S,51188.32,-349.8,0.0,0.0,0.0083333333333333,0.0,426.56933333333166,0.0
2027-09-30,202001,NON PRIME,21792.3,1477.35,306.68,0.0,0.0083333333333333,0.0,181.60249999999928,0.0
2027-09-30,202001,NRP-S,0.0,0.0,0.0,0.0,0.0083333333333333,,0.0,0.0
2027-09-30,202101,NON PRIME,553404.03,10481.89,5947.8,0.0,0.0083333333333333,0.0,4611.700249999982,0.0
2027-09-30,202101,NRP-M,28510.68,-5510.08,-366.45,372.13,0.010208119025845,0.013052301804095869,291.0404149477785,372.13
2027-09-30,202101,NRP-S,215852.94,-22702.12,0.0,1958.63,0.0106469523176989,0.009073909301397516,2298.1759598151216,1958.63
2027-09-30,202101,PRIME,125654.16,-17276.85,-1449.66,1381.97,0.0083333333333333,0.010998203322516342,1047.1179999999958,1381.97
2027-09-30,202201,NON PRIME,37306.87,-5085.58,55.34,0.0,0.01019598375111,0.0,380.3802403247731,0.0
2027-09-30,202201,NRP-M,36319.76,-2336.83,-469.46,453.61,0.0112614565789034,0.01248934464324654,409.0134001961926,453.61
2027-09-30,202201,NRP-S,58063.39,-5157.34,0.0,544.86,0.0098161062560049,0.009383881995178029,569.9564058238523,544.86
2027-09-30,202201,PRIME,11115.04,-1099.91,-106.4,92.24,0.0089101128641964,0.008298665591846721,99.03626089005756,92.24
2027-09-30,202301,NON PRIME,640580.4,-50658.39,-6379.42,6698.91,0.0154482859353957,0.010457563172398031,9895.869183810151,6698.91
2027-09-30,202301,NRP-L,867359.82,-7319.89,-3943.47,6380.88,0.0103461565484954,0.007356670038047186,8973.84048159479,6380.88
2027-09-30,202301,NRP-M,3909547.47,-140224.05,-57171.4,56785.68,0.013627184982623,0.014524872874864977,53276.12657203575,56785.68
2027-09-30,202301,NRP-S,977989.66,-68323.03,0.0,15539.53,0.0150574820476038,0.015889257970273428,14726.061748192145,15539.53
2027-09-30,202404,NON PRIME,124710.11,-10103.22,-2378.5,1874.45,0.0203782482127001,0.01503045743444537,2541.3735762131328,1874.45
2027-09-30,202404,NRP-L,53639.1,-3584.07,-816.84,693.2,0.0130320640429038,0.012923408483736678,699.0281864037212,693.2
2027-09-30,202404,NRP-M,841105.44,-37086.44,-13205.77,12212.07,0.0144491601159043,0.014519071473369618,12153.267176918136,12212.07
2027-09-30,202404,NRP-S,409255.87,-20594.1,0.0,6393.94,0.0157142983056292,0.015623331193759053,6431.168824509804,6393.94
2027-09-30,202405,NON PRIME,213679.11,-13421.02,-4112.49,3382.23,0.0204444422858944,0.01582854776959713,4368.5502320962805,3382.23
2027-09-30,202405,NRP-L,276553.69,-3326.35,-3519.16,3281.3,0.0128960340264595,0.011864965533455729,3566.4457963829323,3281.3
2027-09-30,202405,NRP-M,1440048.16,-26886.09,-20401.47,20436.53,0.0144698485913142,0.014191560093379098,20837.278839400602,20436.53
2027-09-30,202405,NRP-S,352921.79,-18419.26,0.0,5733.56,0.0162944280018955,0.016245979031218223,5750.658697455083,5733.56
2027-09-30,202405,PRIME,4266.38,-50.71,-44.63,43.15,0.0100747872586797,0.010113960781740023,42.98287086468589,43.15
2027-09-30,202406,NON PRIME,354675.42,-19812.25,-7279.6,6274.11,0.0220533267365067,0.01768972318408758,7821.772922667743,6274.11
2027-09-30,202406,NRP-L,193413.17,-2469.81,-2877.65,2870.86,0.0150910573642255,0.014843146410350443,2918.8092434666987,2870.86
2027-09-30,202406,NRP-M,1060300.76,-29420.3,-14861.63,14695.45,0.0142058423371304,0.013859699581843176,15062.465426499539,14695.45
2027-09-30,202406,NRP-S,432784.07,-21133.68,0.0,7011.11,0.0165934440272594,0.01620001863746972,7181.378241434513,7011.11
2027-09-30,202407,NON PRIME,403160.94,-20468.45,-9339.8,7660.12,0.0227911208357712,0.019000154131995028,9188.489699803104,7660.12
2027-09-30,202407,NRP-L,137594.16,-6564.34,-2109.19,1927.48,0.0146100311036824,0.014008443381608638,2010.2549572850528,1927.48
2027-09-30,202407,NRP-M,1882177.87,-52624.32,-28319.45,26599.41,0.014383807167615,0.014132250954581671,27072.883537232337,26599.41
2027-09-30,202407,NRP-S,233480.18,-17303.42,0.0,3842.09,0.0168481486882262,0.016455743695246425,3933.7087883938166,3842.09
2027-09-30,202407,PRIME,682.91,-40.2,-7.17,6.84,0.0100326772519103,0.010015961107613009,6.851415622102063,6.84
2027-09-30,202408,NON PRIME,262869.52,-18556.39,-5619.67,4475.05,0.0219488944329521,0.017023845138074586,5769.695344120792,4475.05
2027-09-30,202408,NRP-L,92130.12,-7039.63,-1530.16,1397.87,0.0152851171799328,0.015172779542672906,1408.2196800012705,1397.87
2027-09-30,202408,NRP-M,1430734.27,-33690.93,-22500.48,21609.06,0.015367199085322,0.015103475504224835,21986.37836528284,21609.06
2027-09-30,202408,NRP-S,501627.83,-25391.31,0.0,8527.62,0.0172865882822319,0.016999894124694,8671.433768119416,8527.62
2027-09-30,202409,NON PRIME,226117.32,-17857.43,-5928.09,4316.66,0.0228671292520501,0.01909035539603954,5170.653982567173,4316.66
2027-09-30,202409,NRP-L,230199.13,-11480.59,-3469.5,3368.19,0.0152260554162157,0.014631636531380462,3505.024710144642,3368.19
2027-09-30,202409,NRP-M,1141159.08,-39090.69,-18643.73,16351.8,0.0153020232471114,0.014329115271115397,17462.04277081226,16351.8
2027-09-30,202409,NRP-S,217186.66,-19418.02,0.0,3434.56,0.0168704099210221,0.015813862600953483,3664.0279835776532,3434.56
2027-09-30,202409,PRIME,3085.88,-158.48,-32.3,30.96,0.0100584740845944,0.010032794535108299,31.03924400816817,30.96
2027-09-30,202410,NON PRIME,353620.18,-24924.02,-9598.53,6615.36,0.0232185452759837,0.018707529643811616,8210.546159831507,6615.36
2027-09-30,202410,NRP-L,348521.48,-2114.96,-6371.97,5412.8,0.0162671837927962,0.015530750070268266,5669.462970897345,5412.8
2027-09-30,202410,NRP-M,967018.14,-43889.0,-15804.89,13411.7,0.014701083133057,0.013869129693885578,14216.214067314153,13411.7
2027-09-30,202410,NRP-S,465676.24,-22084.4,0.0,7485.74,0.0170353264329407,0.016074988064669136,7932.946760464438,7485.74
2027-09-30,202411,NON PRIME,321356.78,-24717.07,-9223.21,6805.49,0.0247877337506715,0.02117736554368014,7965.706301613117,6805.49
2027-09-30,202411,NRP-L,188945.4,-10960.97,-2796.52,2591.31,0.0141298462448368,0.01371459691529934,2669.769450669187,2591.31
2027-09-30,202411,NRP-M,1091856.57,-46697.26,-19321.9,16265.27,0.0156001288306386,0.014896892546976202,17033.103156579175,16265.27
2027-09-30,202411,NRP-S,472440.23,-25632.98,0.0,8214.97,0.018017105117717,0.01738837947818288,8512.005285748397,8214.97
2027-09-30,202412,NON PRIME,430342.5,-30245.91,-13136.0,9611.48,0.0248657154375268,0.022334489389265525,10700.774145673877,9611.48
2027-09-30,202412,NRP-L,38085.25,-289.61,-472.86,357.26,0.0123839943284755,0.009380534458878436,471.6475199985715,357.26
2027-09-30,202412,NRP-M,1497891.25,-22016.2,-24736.54,22225.27,0.0151591788725611,0.014837706008363425,22706.801390394136,22225.27
2027-09-30,202412,NRP-S,546474.42,-27406.42,0.0,9342.85,0.0177565367675234,0.017096591639184134,9703.493131241024,9342.85
2027-09-30,202501,NON PRIME,536981.69,-36429.13,-15779.65,12685.21,0.0257099652366611,0.023623170466017192,13805.780582623527,12685.21
2027-09-30,202501,NRP-L,38914.27,-636.7,-681.84,648.22,0.0171340457193648,0.016657642556316746,666.758881315706,648.22
2027-09-30,202501,NRP-M,2050981.06,-66030.3,-36146.38,30578.51,0.0156697457214691,0.014909211302029282,32138.351689749157,30578.51
2027-09-30,202501,NRP-S,805215.5,-44370.61,0.0,13917.65,0.0178913780974928,0.01728437915067457,14406.414960461714,13917.65
2027-09-30,202502,NON PRIME,676045.2,-48396.37,-20063.72,17489.56,0.0272493175761933,0.025870400381512955,18421.770350661114,17489.56
2027-09-30,202502,NRP-L,80907.07,-1229.89,-1532.43,1303.66,0.0154953262642354,0.016113054149655893,1253.681446733332,1303.66
2027-09-30,202502,NRP-M,2089121.3,-75678.04,-36632.87,33149.0,0.0157584011264097,0.015867436706523456,32921.2114471265,33149.0
2027-09-30,202502,NRP-S,878606.96,-48976.65,0.0,15345.11,0.0178644610048735,0.01746527252640931,15695.83977553045,15345.11
2027-09-30,202503,NON PRIME,1304424.52,-74591.07,-44059.22,44481.85,0.0347631873764749,0.03410074658823494,45345.954007228334,44481.85
2027-09-30,202503,NRP-L,61041.77,-461.44,-839.8,1036.42,0.0178243636566151,0.016978865455572475,1088.0307067234578,1036.42
2027-09-30,202503,NRP-M,3100831.36,-71009.78,-52288.07,51735.26,0.0168296385885087,0.016684319136916884,52185.87111271391,51735.26
2027-09-30,202503,NRP-S,1249525.19,-55128.57,0.0,26148.59,0.0213043809831144,0.02092682101110743,26620.360695758405,26148.59
2027-09-30,202504,NON PRIME,1597897.02,-89801.93,-60233.68,57106.87,0.0356338912627711,0.035738767445726884,56939.288659785976,57106.87
2027-09-30,202504,NRP-L,37991.69,-733.15,-635.97,645.69,0.0166366017843202,0.01699555876561427,632.0526176433399,645.69
2027-09-30,202504,NRP-M,3963909.58,-92926.16,-67070.03,64791.91,0.0164275860246004,0.016345456093879922,65117.46561918764,64791.91
2027-09-30,202504,NRP-S,912173.92,-53858.52,0.0,18918.86,0.020487502908049,0.020740408802742354,18688.165838646455,18918.86
2027-09-30,202504,PRIME,2766.65,26.03,-28.85,29.15,0.011135166842726,0.010536208049446081,30.80710934542789,29.15
2027-09-30,202505,NON PRIME,1835111.19,-89634.86,-66558.51,66792.56,0.0343489874306925,0.036397009818244314,63034.211199233156,66792.56
2027-09-30,202505,NRP-L,11242.46,-98.17,-188.1,190.95,0.0157966823854198,0.01698471686801643,177.59356985078668,190.95
2027-09-30,202505,NRP-M,3521277.64,-99686.06,-57947.97,56510.43,0.016636899719721,0.016048274455291178,58583.142981975834,56510.43
2027-09-30,202505,NRP-S,1043228.89,-52531.63,0.0,20847.19,0.0204843399464785,0.0199833327085104,21369.855224747425,20847.19
2027-09-30,202506,NON PRIME,2300501.05,-110007.02,-86406.42,87020.59,0.035520772510527,0.03782679864458223,81715.57445727849,87020.59
2027-09-30,202506,NRP-L,19180.74,-264.15,-324.58,314.07,0.0158719014754618,0.01637423790740086,304.4348155064492,314.07
2027-09-30,202506,NRP-M,3708400.32,-80605.52,-59293.04,60467.73,0.0167330498622469,0.016305610177490226,62052.84746373235,60467.73
2027-09-30,202506,NRP-S,1167406.06,-63470.55,0.0,24597.06,0.0206818517867955,0.02106984094291921,24144.119107926897,24597.06
2027-09-30,202507,NON PRIME,2783584.65,-129457.45,-112493.05,104382.66,0.0377833333333333,0.03749936615004685,105173.1066924999,104382.66
2027-09-30,202507,NRP-L,74218.18,-866.21,-1371.06,1272.71,0.01685,0.017148224329941803,1250.576333,1272.71
2027-09-30,202507,NRP-M,4762103.52,-78401.51,-80197.17,73313.15,0.0155583333333333,0.015395118920052372,74090.39393199983,73313.15
2027-09-30,202507,NRP-S,1559057.22,-60920.83,0.0,32953.13,0.0212333333333333,0.02113657508991235,33103.98163799995,32953.13
2027-09-30,202507,PRIME,5796.96,18.62,-66.9,67.21,0.0113,0.011594007893792608,65.505648,67.21
2027-09-30,202508,NON PRIME,2162965.19,-115166.63,-66929.45,80880.2,0.0379333333333333,0.037393204649770626,82048.4795406666,80880.2
2027-09-30,202508,NRP-L,29897.7,-476.85,-452.28,459.86,0.0153166666666666,0.015381116273158135,457.933104999998,459.86
2027-09-30,202508,NRP-M,4241830.4,-87652.28,-47659.69,66208.4,0.01575,0.015608450540596812,66808.8288,66208.4
2027-09-30,202508,NRP-S,1622623.9,-64168.84,0.0,32847.67,0.0205083333333333,0.020243551201236467,33277.31181583327,32847.67
2027-09-30,202508,PRIME,18728.42,137.12,-74.78,215.38,0.0112416666666666,0.01150016926147534,210.53865483333206,215.38
2027-09-30,202509,NON PRIME,18399.86,-8199.83,-1615.55,766.66,0.0379333333333333,0.04166662137646699,697.968022666666,766.66
2027-09-30,202509,NRP-L,11323.47,1.59,-2.51,0.0,0.0153166666666666,0.0,173.43781549999923,0.0
2027-09-30,202509,NRP-M,419872.26,-120628.82,-14059.71,17494.68,0.01575,0.04166667262085855,6612.988095000001,17494.68
2027-09-30,202509,NRP-S,238780.49,-65593.73,0.0,9949.19,0.0205083333333333,0.04166667888151164,4896.9898824166585,9949.19
2027-09-30,202509,PRIME,13853.38,207.88,-2.19,0.0,0.0112416666666666,0.0,155.73508016666574,0.0
2027-10-31,201912,NON PRIME,120848.44,4172.59,1571.13,0.0,0.0,0.0,0.0,0.0
2027-10-31,201912,NRP-S,50838.33,-347.39,0.0,0.0,0.0083333333333333,0.0,423.6527499999983,0.0
2027-10-31,202001,NON PRIME,20007.85,1377.56,284.83,0.0,0.0083333333333333,0.0,166.73208333333267,0.0
2027-10-31,202001,NRP-S,0.0,0.0,0.0,0.0,0.0083333333333333,,0.0,0.0
2027-10-31,202101,NON PRIME,536963.56,10515.62,5865.39,0.0,0.0083333333333333,0.0,4474.696333333316,0.0
2027-10-31,202101,NRP-M,23006.27,-4446.47,-296.82,300.3,0.010208119025845,0.01305296338780689,234.85074250072705,300.3
2027-10-31,202101,NRP-S,195109.06,-20520.23,0.0,1770.37,0.0106469523176989,0.009073745729695996,2077.3168585710537,1770.37
2027-10-31,202101,PRIME,108309.5,-14892.41,-1249.62,1191.28,0.0083333333333333,0.010998850516344364,902.5791666666631,1191.28
2027-10-31,202201,NON PRIME,31821.31,-4355.82,57.52,0.0,0.01019598375111,0.0,324.4495596990341,0.0
2027-10-31,202201,NRP-M,33967.07,-2185.37,-439.61,424.23,0.0112614565789034,0.0124894493401992,382.51868391757233,424.23
2027-10-31,202201,NRP-S,53171.96,-4722.87,0.0,498.96,0.0098161062560049,0.009383893315198462,521.9416092000423,498.96
2027-10-31,202201,PRIME,10000.97,-989.7,-95.74,82.99,0.0089101128641964,0.008298195075077718,89.10977145144226,82.99
2027-10-31,202301,NON PRIME,563803.03,-44514.46,-5552.97,5857.63,0.0154482859353957,0.010389497197274729,8709.79041868248,5857.63
2027-10-31,202301,NRP-L,862477.24,-7270.38,-3920.44,6357.68,0.0103461565484954,0.007371417708367586,8923.32454455424,6357.68
2027-10-31,202301,NRP-M,3731472.46,-133779.81,-54599.82,54204.65,0.013627184982623,0.01452634330845363,50849.465469983305,54204.65
2027-10-31,202301,NRP-S,900455.76,-62891.98,0.0,14309.67,0.0150574820476038,0.01589158583426686,13558.596440861436,14309.67
2027-10-31,202404,NON PRIME,108760.29,-8814.22,-2075.78,1633.56,0.0203782482127001,0.015019820193565134,2216.344185305244,1633.56
2027-10-31,202404,NRP-L,49931.37,-3291.18,-760.38,646.94,0.0130320640429038,0.012956584207483192,650.7088115899255,646.94
2027-10-31,202404,NRP-M,787713.98,-34459.7,-12387.33,11466.8,0.0144491601159043,0.014557060419316158,11381.805422556237,11466.8
2027-10-31,202404,NRP-S,384698.62,-19330.45,0.0,6042.89,0.0157142983056292,0.015708114575508487,6045.268872443891,6042.89
2027-10-31,202405,NON PRIME,185317.57,-11637.46,-3572.01,2935.24,0.0204444422858944,0.015838973066612083,3788.7143644271955,2935.24
2027-10-31,202405,NRP-L,272989.39,-3254.46,-3473.78,3264.85,0.0128960340264595,0.011959622313526543,3520.480462302423,3264.85
2027-10-31,202405,NRP-M,1382534.43,-25926.76,-19592.89,19699.36,0.0144698485913142,0.014248730138315615,20005.06387437888,19699.36
2027-10-31,202405,NRP-S,328388.8,-17135.24,0.0,5366.21,0.0162944280018955,0.01634102624693656,5350.907658228861,5366.21
2027-10-31,202405,PRIME,4214.2,-54.97,-44.08,42.64,0.0100747872586797,0.010118171895021594,42.457168465527985,42.64
2027-10-31,202406,NON PRIME,310283.65,-17315.08,-6378.47,5494.77,0.0220533267365067,0.01770886090839785,6842.786714445888,5494.77
2027-10-31,202406,NRP-L,190936.57,-2623.16,-2840.78,2834.65,0.0150910573642255,0.014846029757421535,2881.4347307984576,2834.65
2027-10-31,202406,NRP-M,1002603.85,-27774.64,-14071.9,14059.58,0.0142058423371304,0.014023066039493066,14242.832219699936,14059.58
2027-10-31,202406,NRP-S,406926.47,-19752.49,0.0,6688.13,0.0165934440272594,0.016435721175867474,6752.31160315525,6688.13
2027-10-31,202407,NON PRIME,353006.34,-17862.27,-8192.62,6717.67,0.0227911208357712,0.019029884845694272,8045.4101507333335,6717.67
2027-10-31,202407,NRP-L,130848.11,-6082.54,-2005.79,1835.23,0.0146100311036824,0.01402565157418017,1911.694956958056,1835.23
2027-10-31,202407,NRP-M,1786899.95,-49672.47,-26909.19,25469.58,0.014383807167615,0.014253500874517346,25702.424308620884,25469.58
2027-10-31,202407,NRP-S,213090.22,-15478.85,0.0,3544.46,0.0168481486882262,0.01663361181005867,3590.175710566832,3544.46
2027-10-31,202407,PRIME,642.38,-37.03,-6.74,6.44,0.0100326772519103,0.010025218717892836,6.444791213082139,6.44
2027-10-31,202408,NON PRIME,223691.98,-15768.74,-4793.23,3817.88,0.0219488944329521,0.01706757658455167,4909.791654518033,3817.88
2027-10-31,202408,NRP-L,84958.19,-6300.19,-1411.06,1290.1,0.0152851171799328,0.015185116349583246,1298.595889544995,1290.1
2027-10-31,202408,NRP-M,1357899.75,-32036.5,-21377.54,20636.99,0.015367199085322,0.015197727225445032,20867.11579615897,20636.99
2027-10-31,202408,NRP-S,468598.12,-23659.39,0.0,8030.59,0.0172865882822319,0.017137478059024224,8100.462770267897,8030.59
2027-10-31,202409,NON PRIME,187883.18,-14827.28,-4942.56,3598.26,0.0228671292520501,0.019151581317710293,4296.348961346194,3598.26
2027-10-31,202409,NRP-L,218617.23,-9910.04,-3294.93,3259.65,0.0152260554162157,0.014910306932349293,3328.6780589195737,3259.65
2027-10-31,202409,NRP-M,1066019.76,-35663.41,-17437.28,15855.8,0.0153020232471114,0.014873833107934133,16312.259149400115,15855.8
2027-10-31,202409,NRP-S,194043.66,-15840.34,0.0,3233.76,0.0168704099210221,0.016665115469374263,3273.596086775439,3233.76
2027-10-31,202409,PRIME,2926.06,-138.84,-30.63,29.41,0.0100584740845944,0.010051058419854686,29.431698679968292,29.41
2027-10-31,202410,NON PRIME,299526.08,-21085.51,-8151.38,5621.0,0.0232185452759837,0.018766312435965507,6954.559849817917,5621.0
2027-10-31,202410,NRP-L,345447.24,-2070.5,-6315.95,5365.17,0.0162671837927962,0.015531083704706976,5619.45374379418,5365.17
2027-10-31,202410,NRP-M,899709.54,-40939.76,-14725.64,12489.88,0.014701083133057,0.013882124668812558,13226.704743144472,12489.88
2027-10-31,202410,NRP-S,437672.35,-20739.25,0.0,7044.69,0.0170353264329407,0.016095807742938298,7455.891352922274,7044.69
2027-10-31,202411,NON PRIME,268682.44,-20643.85,-7735.61,5709.87,0.0247877337506715,0.021251370204915514,6660.02878620077,5709.87
2027-10-31,202411,NRP-L,177779.22,-10343.97,-2631.26,2439.37,0.0141298462448368,0.01372134493558921,2511.9930441270153,2439.37
2027-10-31,202411,NRP-M,1018358.82,-43541.16,-18042.58,15183.54,0.0156001288306386,0.014909813419203265,15886.528787817102,15183.54
2027-10-31,202411,NRP-S,439601.72,-23835.5,0.0,7653.61,0.018017105117717,0.017410327693895285,7920.350399169196,7653.61
2027-10-31,202412,NON PRIME,361967.01,-25399.05,-11081.25,8113.22,0.0248657154375268,0.022414252613794833,9000.568668432417,8113.22
2027-10-31,202412,NRP-L,37680.04,-281.74,-467.81,353.49,0.0123839943284755,0.009381359467771265,466.62940165672995,353.49
2027-10-31,202412,NRP-M,1435923.21,-21005.92,-23738.47,21327.43,0.0151591788725611,0.014852765002663339,21767.416787652117,21327.43
2027-10-31,202412,NRP-S,511002.3,-25608.49,0.0,8749.34,0.0177565367675234,0.017121919020716737,9073.631128239022,8749.34
2027-10-31,202501,NON PRIME,456680.77,-30915.04,-13461.18,10828.2,0.0257099652366611,0.02371065460014881,11741.246720951625,10828.2
2027-10-31,202501,NRP-L,38243.95,-622.4,-670.13,638.17,0.0171340457193648,0.01668682236013801,655.2735877891014,638.17
2027-10-31,202501,NRP-M,1934762.26,-62276.47,-34153.53,28881.61,0.0156697457214691,0.014927730707337656,30317.232645694883,28881.61
2027-10-31,202501,NRP-S,752244.17,-41421.74,0.0,13025.82,0.0178913780974928,0.017315946762339145,13458.684867104652,13025.82
2027-10-31,202502,NON PRIME,572439.04,-40881.71,-17044.93,14863.09,0.0272493175761933,0.025964493966029987,15598.57319397122,14863.09
2027-10-31,202502,NRP-L,79448.41,-1198.44,-1504.97,1281.22,0.0154953262642354,0.016126439786523103,1231.0790341247423,1281.22
2027-10-31,202502,NRP-M,1965008.02,-71247.12,-34521.22,31217.94,0.0157584011264097,0.015886927525110048,30965.384595772095,31217.94
2027-10-31,202502,NRP-S,819345.51,-45647.24,0.0,14335.52,0.0178644610048735,0.01749630628963842,14637.16591291319,14335.52
2027-10-31,202503,NON PRIME,1137548.44,-64758.93,-38584.14,38980.27,0.0347631873764749,0.03426690998758699,39544.809569536716,38980.27
2027-10-31,202503,NRP-L,60776.96,-446.98,-836.13,1034.35,0.0178243636566151,0.017018784750010528,1083.3106369835496,1034.35
2027-10-31,202503,NRP-M,2961852.93,-67538.48,-50020.12,49474.86,0.0168296385885087,0.016704023180516257,49846.91436421556,49474.86
2027-10-31,202503,NRP-S,1185620.93,-52190.73,0.0,24876.18,0.0213043809831144,0.020981562800177628,25258.91999427441,24876.18
2027-10-31,202504,NON PRIME,1398784.8,-78203.11,-52967.27,50247.88,0.0356338912627711,0.03592252360763428,49844.14546321702,50247.88
2027-10-31,202504,NRP-L,37268.26,-717.91,-623.94,634.29,0.0166366017843202,0.017019576443869394,620.0172008145091,634.29
2027-10-31,202504,NRP-M,3783414.66,-88505.53,-64101.1,61887.41,0.0164275860246004,0.016357554104312742,62152.369793884274,61887.41
2027-10-31,202504,NRP-S,854150.98,-50431.88,0.0,17756.67,0.020487502908049,0.020788678366908855,17499.420686662903,17756.67
2027-10-31,202504,PRIME,2740.92,25.77,-28.59,28.89,0.011135166842726,0.010540256556192812,30.52060150256455,28.89
2027-10-31,202505,NON PRIME,1622196.44,-78538.4,-59123.8,59366.91,0.0343489874306925,0.03659662204658765,55720.80512767412,59366.91
2027-10-31,202505,NRP-L,11147.14,-94.66,-186.54,189.63,0.0157966823854198,0.017011538385630753,176.08783008580846,189.63
2027-10-31,202505,NRP-M,3348227.8,-94692.8,-55167.68,53768.49,0.016636899719721,0.016058790862437736,55704.130147382064,53768.49
2027-10-31,202505,NRP-S,984201.24,-49475.46,0.0,19709.13,0.0204843399464785,0.020025508197896603,20160.712775905675,19709.13
2027-10-31,202506,NON PRIME,2038239.02,-96483.36,-77004.65,77586.71,0.035520772510527,0.0380655601422055,72399.82455149949,77586.71
2027-10-31,202506,NRP-L,18906.08,-256.88,-320.02,309.98,0.0158719014754618,0.01639578379018813,300.0754390471988,309.98
2027-10-31,202506,NRP-M,3555040.69,-76607.64,-56896.07,58029.34,0.0167330498622469,0.01632311555905145,59486.67312808662,58029.34
2027-10-31,202506,NRP-S,1101583.11,-59901.14,0.0,23281.25,0.0206818517867955,0.021134356353738937,22782.778611857248,23281.25
2027-10-31,202507,NON PRIME,2515168.72,-115609.19,-102380.3,94953.87,0.0377833333333333,0.03775248524878283,95031.45813733326,94953.87
2027-10-31,202507,NRP-L,73253.62,-835.26,-1353.95,1258.9,0.01685,0.017185498819034476,1234.3234969999999,1258.9
2027-10-31,202507,NRP-M,4602539.02,-74564.34,-77671.99,70869.73,0.0155583333333333,0.015397963969895904,71607.83625283318,70869.73
2027-10-31,202507,NRP-S,1501481.24,-58234.55,0.0,31843.81,0.0212333333333333,0.021208263647702986,31881.451662666615,31843.81
2027-10-31,202507,PRIME,5778.65,20.53,-66.71,67.16,0.0113,0.011622091665008263,65.298745,67.16
2027-10-31,202508,NON PRIME,1920085.87,-101360.39,-59651.6,72331.04,0.0379333333333333,0.037670731882423564,72835.25733533327,72331.04
2027-10-31,202508,NRP-L,29428.42,-463.24,-445.26,452.77,0.0153166666666666,0.015385467517454217,450.74529966666466,452.77
2027-10-31,202508,NRP-M,4104431.71,-83977.92,-45788.59,64092.17,0.01575,0.015615357868872911,64644.799432499996,64092.17
2027-10-31,202508,NRP-S,1559586.42,-61185.25,0.0,31665.25,0.0205083333333333,0.020303619981507662,31984.518163499943,31665.25
2027-10-31,202508,PRIME,18731.91,146.41,-74.43,215.94,0.0112416666666666,0.011527922139279978,210.57788824999875,215.94
2027-10-31,202509,NON PRIME,8473.01,-3850.91,-756.56,353.04,0.0379333333333333,0.04166642078789002,321.4095126666664,353.04
2027-10-31,202509,NRP-L,11319.37,8.54,-1.81,0.0,0.0153166666666666,0.0,173.3750171666659,0.0
2027-10-31,202509,NRP-M,294933.8,-86540.26,-10005.42,12288.91,0.01575,0.0416666723176523,4645.20735,12288.91
2027-10-31,202509,NRP-S,178015.43,-49835.48,0.0,7417.31,0.0205083333333333,0.04166666900728774,3650.7997769166604,7417.31
2027-10-31,202509,PRIME,13643.31,215.22,-1.55,0.0,0.0112416666666666,0.0,153.37354324999907,0.0
