Cohort,Segment,ForecastMonth,OpeningGBV,Coll_Principal,Coll_Interest,InterestRevenue,ClosingGBV,Principal_Rate,Interest_Rate,Revenue_Rate
201912,NRP-S,2025-10-01,60918.41999999999,0.0,-246.76357354376523,507.6534999999979,60671.656426456226,0.0,-0.0040507218267277,0.0083333333333333
201912,NRP-S,2025-11-01,60671.656426456226,0.0,-245.76400295037018,505.5971368871332,60425.89242350586,0.0,-0.0040507218267277,0.0083333333333333
201912,NRP-S,2025-12-01,60425.89242350586,0.0,-244.76848133939515,503.5491035292135,60181.123942166465,0.0,-0.0040507218267277,0.0083333333333333
201912,NRP-S,2026-01-01,60181.123942166465,0.0,-243.77699230953868,501.50936618471854,59937.346949856925,0.0,-0.0040507218267277,0.0083333333333333
201912,NRP-S,2026-02-01,59937.346949856925,0.0,-242.7895195259364,499.47789124880575,59694.55743033099,0.0,-0.0040507218267277,0.0083333333333333
201912,NRP-S,2026-03-01,59694.55743033099,0.0,-241.80604671989198,497.4546452527563,59452.7513836111,0.0,-0.0040507218267277,0.0083333333333333
201912,NRP-S,2026-04-01,59452.7513836111,0.0,-240.82655768860897,495.4395948634239,59211.92482592249,0.0,-0.0040507218267277,0.0083333333333333
201912,NRP-S,2026-05-01,59211.92482592249,0.0,-239.85103629492403,493.43270688268547,58972.07378962757,0.0,-0.0040507218267277,0.0083333333333333
201912,NRP-S,2026-06-01,58972.07378962757,0.0,-238.8794664670409,491.43394824689443,58733.194323160526,0.0,-0.0040507218267277,0.0083333333333333
201912,NRP-S,2026-07-01,58733.194323160526,0.0,-237.9118321982658,489.4432860263358,58495.28249096226,0.0,-0.0040507218267277,0.0083333333333333
201912,NRP-S,2026-08-01,58495.28249096226,0.0,-236.9481175467435,487.46068742468356,58258.33437341551,0.0,-0.0040507218267277,0.0083333333333333
201912,NRP-S,2026-09-01,58258.33437341551,0.0,-235.98830663519487,485.4861197784607,58022.346066780316,0.0,-0.0040507218267277,0.0083333333333333
201912,NRP-S,2026-10-01,58022.346066780316,0.0,-235.03238365065516,483.5195505565007,57787.31368312966,0.0,-0.0040507218267277,0.0083333333333333
201912,NRP-S,2026-11-01,57787.31368312966,0.0,-234.08033284421361,481.5609473594119,57553.233350285445,0.0,-0.0040507218267277,0.0083333333333333
201912,NRP-S,2026-12-01,57553.233350285445,0.0,-233.13213853075388,479.6102779190435,57320.10121175469,0.0,-0.0040507218267277,0.0083333333333333
201912,NRP-S,2027-01-01,57320.10121175469,0.0,-232.18778508869565,477.6675100979539,57087.913426666,0.0,-0.0040507218267277,0.0083333333333333
201912,NRP-S,2027-02-01,57087.913426666,0.0,-231.24725695973729,475.7326118888814,56856.66616970626,0.0,-0.0040507218267277,0.0083333333333333
201912,NRP-S,2027-03-01,56856.66616970626,0.0,-230.3105386485996,473.80555141421695,56626.35563105766,0.0,-0.0040507218267277,0.0083333333333333
201912,NRP-S,2027-04-01,56626.35563105766,0.0,-229.3776147227703,471.88629692547863,56396.97801633489,0.0,-0.0040507218267277,0.0083333333333333
201912,NRP-S,2027-05-01,56396.97801633489,0.0,-228.44846981225004,469.9748168027889,56168.529546522645,0.0,-0.0040507218267277,0.0083333333333333
201912,NRP-S,2027-06-01,56168.529546522645,0.0,-227.523088609299,468.0710795543535,55941.00645791335,0.0,-0.0040507218267277,0.0083333333333333
201912,NRP-S,2027-07-01,55941.00645791335,0.0,-226.60145586818484,466.1750538159427,55714.40500204516,0.0,-0.0040507218267277,0.0083333333333333
201912,NRP-S,2027-08-01,55714.40500204516,0.0,-225.6835564049313,464.2867083503745,55488.72144564023,0.0,-0.0040507218267277,0.0083333333333333
201912,NRP-S,2027-09-01,55488.72144564023,0.0,-224.76937509706832,462.40601204700005,55263.952070543164,0.0,-0.0040507218267277,0.0083333333333333
201912,NRP-S,2027-10-01,55263.952070543164,0.0,-223.8588968833827,460.5329339211912,55040.093173659785,0.0,-0.0040507218267277,0.0083333333333333
201912,NRP-S,2027-11-01,55040.093173659785,0.0,-222.95210676367,458.66744311382973,54817.14106689612,0.0,-0.0040507218267277,0.0083333333333333
201912,NRP-S,2027-12-01,54817.14106689612,0.0,-222.0489897984875,456.8095088907992,54595.09207709763,0.0,-0.0040507218267277,0.0083333333333333
202001,NON PRIME,2025-10-01,98748.52000000002,0.0,0.0,822.9043333333302,98748.52000000002,0.0,0.0,0.0083333333333333
202001,NON PRIME,2025-11-01,98748.52000000002,0.0,0.0,822.9043333333302,98748.52000000002,0.0,0.0,0.0083333333333333
202001,NON PRIME,2025-12-01,98748.52000000002,0.0,0.0,822.9043333333302,98748.52000000002,0.0,0.0,0.0083333333333333
202001,NON PRIME,2026-01-01,98748.52000000002,0.0,0.0,822.9043333333302,98748.52000000002,0.0,0.0,0.0083333333333333
202001,NON PRIME,2026-02-01,98748.52000000002,0.0,0.0,822.9043333333302,98748.52000000002,0.0,0.0,0.0083333333333333
202001,NON PRIME,2026-03-01,98748.52000000002,0.0,0.0,822.9043333333302,98748.52000000002,0.0,0.0,0.0083333333333333
202001,NON PRIME,2026-04-01,98748.52000000002,0.0,0.0,822.9043333333302,98748.52000000002,0.0,0.0,0.0083333333333333
202001,NON PRIME,2026-05-01,98748.52000000002,0.0,0.0,822.9043333333302,98748.52000000002,0.0,0.0,0.0083333333333333
202001,NON PRIME,2026-06-01,98748.52000000002,0.0,0.0,822.9043333333302,98748.52000000002,0.0,0.0,0.0083333333333333
202001,NON PRIME,2026-07-01,98748.52000000002,0.0,0.0,822.9043333333302,98748.52000000002,0.0,0.0,0.0083333333333333
202001,NON PRIME,2026-08-01,98748.52000000002,0.0,0.0,822.9043333333302,98748.52000000002,0.0,0.0,0.0083333333333333
202001,NON PRIME,2026-09-01,98748.52000000002,0.0,0.0,822.9043333333302,98748.52000000002,0.0,0.0,0.0083333333333333
202001,NON PRIME,2026-10-01,98748.52000000002,0.0,0.0,822.9043333333302,98748.52000000002,0.0,0.0,0.0083333333333333
202001,NON PRIME,2026-11-01,98748.52000000002,0.0,0.0,822.9043333333302,98748.52000000002,0.0,0.0,0.0083333333333333
202001,NON PRIME,2026-12-01,98748.52000000002,0.0,0.0,822.9043333333302,98748.52000000002,0.0,0.0,0.0083333333333333
202001,NON PRIME,2027-01-01,98748.52000000002,0.0,0.0,822.9043333333302,98748.52000000002,0.0,0.0,0.0083333333333333
202001,NON PRIME,2027-02-01,98748.52000000002,0.0,0.0,822.9043333333302,98748.52000000002,0.0,0.0,0.0083333333333333
202001,NON PRIME,2027-03-01,98748.52000000002,0.0,0.0,822.9043333333302,98748.52000000002,0.0,0.0,0.0083333333333333
202001,NON PRIME,2027-04-01,98748.52000000002,0.0,0.0,822.9043333333302,98748.52000000002,0.0,0.0,0.0083333333333333
202001,NON PRIME,2027-05-01,98748.52000000002,0.0,0.0,822.9043333333302,98748.52000000002,0.0,0.0,0.0083333333333333
202001,NON PRIME,2027-06-01,98748.52000000002,0.0,0.0,822.9043333333302,98748.52000000002,0.0,0.0,0.0083333333333333
202001,NON PRIME,2027-07-01,98748.52000000002,0.0,0.0,822.9043333333302,98748.52000000002,0.0,0.0,0.0083333333333333
202001,NON PRIME,2027-08-01,98748.52000000002,0.0,0.0,822.9043333333302,98748.52000000002,0.0,0.0,0.0083333333333333
202001,NON PRIME,2027-09-01,98748.52000000002,0.0,0.0,822.9043333333302,98748.52000000002,0.0,0.0,0.0083333333333333
202001,NON PRIME,2027-10-01,98748.52000000002,0.0,0.0,822.9043333333302,98748.52000000002,0.0,0.0,0.0083333333333333
202001,NON PRIME,2027-11-01,98748.52000000002,0.0,0.0,822.9043333333302,98748.52000000002,0.0,0.0,0.0083333333333333
202001,NON PRIME,2027-12-01,98748.52000000002,0.0,0.0,822.9043333333302,98748.52000000002,0.0,0.0,0.0083333333333333
202001,NRP-S,2025-10-01,4571.870000000001,0.0,0.0,38.098916666666526,4571.870000000001,0.0,0.0,0.0083333333333333
202001,NRP-S,2025-11-01,4571.870000000001,0.0,0.0,38.098916666666526,4571.870000000001,0.0,0.0,0.0083333333333333
202001,NRP-S,2025-12-01,4571.870000000001,0.0,0.0,38.098916666666526,4571.870000000001,0.0,0.0,0.0083333333333333
202001,NRP-S,2026-01-01,4571.870000000001,0.0,0.0,38.098916666666526,4571.870000000001,0.0,0.0,0.0083333333333333
202001,NRP-S,2026-02-01,4571.870000000001,0.0,0.0,38.098916666666526,4571.870000000001,0.0,0.0,0.0083333333333333
202001,NRP-S,2026-03-01,4571.870000000001,0.0,0.0,38.098916666666526,4571.870000000001,0.0,0.0,0.0083333333333333
202001,NRP-S,2026-04-01,4571.870000000001,0.0,0.0,38.098916666666526,4571.870000000001,0.0,0.0,0.0083333333333333
202001,NRP-S,2026-05-01,4571.870000000001,0.0,0.0,38.098916666666526,4571.870000000001,0.0,0.0,0.0083333333333333
202001,NRP-S,2026-06-01,4571.870000000001,0.0,0.0,38.098916666666526,4571.870000000001,0.0,0.0,0.0083333333333333
202001,NRP-S,2026-07-01,4571.870000000001,0.0,0.0,38.098916666666526,4571.870000000001,0.0,0.0,0.0083333333333333
202001,NRP-S,2026-08-01,4571.870000000001,0.0,0.0,38.098916666666526,4571.870000000001,0.0,0.0,0.0083333333333333
202001,NRP-S,2026-09-01,4571.870000000001,0.0,0.0,38.098916666666526,4571.870000000001,0.0,0.0,0.0083333333333333
202001,NRP-S,2026-10-01,4571.870000000001,0.0,0.0,38.098916666666526,4571.870000000001,0.0,0.0,0.0083333333333333
202001,NRP-S,2026-11-01,4571.870000000001,0.0,0.0,38.098916666666526,4571.870000000001,0.0,0.0,0.0083333333333333
202001,NRP-S,2026-12-01,4571.870000000001,0.0,0.0,38.098916666666526,4571.870000000001,0.0,0.0,0.0083333333333333
202001,NRP-S,2027-01-01,4571.870000000001,0.0,0.0,38.098916666666526,4571.870000000001,0.0,0.0,0.0083333333333333
202001,NRP-S,2027-02-01,4571.870000000001,0.0,0.0,38.098916666666526,4571.870000000001,0.0,0.0,0.0083333333333333
202001,NRP-S,2027-03-01,4571.870000000001,0.0,0.0,38.098916666666526,4571.870000000001,0.0,0.0,0.0083333333333333
202001,NRP-S,2027-04-01,4571.870000000001,0.0,0.0,38.098916666666526,4571.870000000001,0.0,0.0,0.0083333333333333
202001,NRP-S,2027-05-01,4571.870000000001,0.0,0.0,38.098916666666526,4571.870000000001,0.0,0.0,0.0083333333333333
202001,NRP-S,2027-06-01,4571.870000000001,0.0,0.0,38.098916666666526,4571.870000000001,0.0,0.0,0.0083333333333333
202001,NRP-S,2027-07-01,4571.870000000001,0.0,0.0,38.098916666666526,4571.870000000001,0.0,0.0,0.0083333333333333
202001,NRP-S,2027-08-01,4571.870000000001,0.0,0.0,38.098916666666526,4571.870000000001,0.0,0.0,0.0083333333333333
202001,NRP-S,2027-09-01,4571.870000000001,0.0,0.0,38.098916666666526,4571.870000000001,0.0,0.0,0.0083333333333333
202001,NRP-S,2027-10-01,4571.870000000001,0.0,0.0,38.098916666666526,4571.870000000001,0.0,0.0,0.0083333333333333
202001,NRP-S,2027-11-01,4571.870000000001,0.0,0.0,38.098916666666526,4571.870000000001,0.0,0.0,0.0083333333333333
202001,NRP-S,2027-12-01,4571.870000000001,0.0,0.0,38.098916666666526,4571.870000000001,0.0,0.0,0.0083333333333333
202101,NON PRIME,2025-10-01,832148.8999999999,0.0,0.0,6934.574166666638,832148.8999999999,0.0,0.0,0.0083333333333333
202101,NON PRIME,2025-11-01,832148.8999999999,0.0,0.0,6934.574166666638,832148.8999999999,0.0,0.0,0.0083333333333333
202101,NON PRIME,2025-12-01,832148.8999999999,0.0,0.0,6934.574166666638,832148.8999999999,0.0,0.0,0.0083333333333333
202101,NON PRIME,2026-01-01,832148.8999999999,0.0,0.0,6934.574166666638,832148.8999999999,0.0,0.0,0.0083333333333333
202101,NON PRIME,2026-02-01,832148.8999999999,0.0,0.0,6934.574166666638,832148.8999999999,0.0,0.0,0.0083333333333333
202101,NON PRIME,2026-03-01,832148.8999999999,0.0,0.0,6934.574166666638,832148.8999999999,0.0,0.0,0.0083333333333333
202101,NON PRIME,2026-04-01,832148.8999999999,0.0,0.0,6934.574166666638,832148.8999999999,0.0,0.0,0.0083333333333333
202101,NON PRIME,2026-05-01,832148.8999999999,0.0,0.0,6934.574166666638,832148.8999999999,0.0,0.0,0.0083333333333333
202101,NON PRIME,2026-06-01,832148.8999999999,0.0,0.0,6934.574166666638,832148.8999999999,0.0,0.0,0.0083333333333333
202101,NON PRIME,2026-07-01,832148.8999999999,0.0,0.0,6934.574166666638,832148.8999999999,0.0,0.0,0.0083333333333333
202101,NON PRIME,2026-08-01,832148.8999999999,0.0,0.0,6934.574166666638,832148.8999999999,0.0,0.0,0.0083333333333333
202101,NON PRIME,2026-09-01,832148.8999999999,0.0,0.0,6934.574166666638,832148.8999999999,0.0,0.0,0.0083333333333333
202101,NON PRIME,2026-10-01,832148.8999999999,0.0,0.0,6934.574166666638,832148.8999999999,0.0,0.0,0.0083333333333333
202101,NON PRIME,2026-11-01,832148.8999999999,0.0,0.0,6934.574166666638,832148.8999999999,0.0,0.0,0.0083333333333333
202101,NON PRIME,2026-12-01,832148.8999999999,0.0,0.0,6934.574166666638,832148.8999999999,0.0,0.0,0.0083333333333333
202101,NON PRIME,2027-01-01,832148.8999999999,0.0,0.0,6934.574166666638,832148.8999999999,0.0,0.0,0.0083333333333333
202101,NON PRIME,2027-02-01,832148.8999999999,0.0,0.0,6934.574166666638,832148.8999999999,0.0,0.0,0.0083333333333333
202101,NON PRIME,2027-03-01,832148.8999999999,0.0,0.0,6934.574166666638,832148.8999999999,0.0,0.0,0.0083333333333333
202101,NON PRIME,2027-04-01,832148.8999999999,0.0,0.0,6934.574166666638,832148.8999999999,0.0,0.0,0.0083333333333333
202101,NON PRIME,2027-05-01,832148.8999999999,0.0,0.0,6934.574166666638,832148.8999999999,0.0,0.0,0.0083333333333333
202101,NON PRIME,2027-06-01,832148.8999999999,0.0,0.0,6934.574166666638,832148.8999999999,0.0,0.0,0.0083333333333333
202101,NON PRIME,2027-07-01,832148.8999999999,0.0,0.0,6934.574166666638,832148.8999999999,0.0,0.0,0.0083333333333333
202101,NON PRIME,2027-08-01,832148.8999999999,0.0,0.0,6934.574166666638,832148.8999999999,0.0,0.0,0.0083333333333333
202101,NON PRIME,2027-09-01,832148.8999999999,0.0,0.0,6934.574166666638,832148.8999999999,0.0,0.0,0.0083333333333333
202101,NON PRIME,2027-10-01,832148.8999999999,0.0,0.0,6934.574166666638,832148.8999999999,0.0,0.0,0.0083333333333333
202101,NON PRIME,2027-11-01,832148.8999999999,0.0,0.0,6934.574166666638,832148.8999999999,0.0,0.0,0.0083333333333333
202101,NON PRIME,2027-12-01,832148.8999999999,0.0,0.0,6934.574166666638,832148.8999999999,0.0,0.0,0.0083333333333333
202101,NRP-M,2025-10-01,3035583.9,-222020.26904639698,0.0,30987.601764138763,2813563.630953603,-0.07313923,0.0,0.010208119025845
202101,NRP-M,2025-11-01,2813563.630953603,-205781.87752395068,0.0,28721.192431563013,2607781.753429652,-0.07313923,0.0,0.010208119025845
202101,NRP-M,2025-12-01,2607781.753429652,-190731.1494538946,0.0,26620.546532436667,2417050.6039757575,-0.07313923,0.0,0.010208119025845
202101,NRP-M,2026-01-01,2417050.6039757575,-176781.22004582183,0.0,24673.540256875076,2240269.3839299357,-0.07313923,0.0,0.010208119025845
202101,NRP-M,2026-02-01,2240269.3839299357,-163851.57773320988,0.0,22868.93652111323,2076417.806196726,-0.07313923,0.0,0.010208119025845
202101,NRP-M,2026-03-01,2076417.806196726,-151867.59950351776,0.0,21196.320113040132,1924550.206693208,-0.07313923,0.0,0.010208119025845
202101,NRP-M,2026-04-01,1924550.206693208,-140760.1202138821,0.0,19646.037581138862,1783790.086479326,-0.07313923,0.0,0.010208119025845
202101,NRP-M,2026-05-01,1783790.086479326,-130465.03340673131,0.0,18209.141519903304,1653325.0530725948,-0.07313923,0.0,0.010208119025845
202101,NRP-M,2026-06-01,1653325.0530725948,-120922.92132143871,0.0,16877.33893017655,1532402.1317511562,-0.07313923,0.0,0.010208119025845
202101,NRP-M,2026-07-01,1532402.1317511562,-112078.71196663812,0.0,15642.943356374413,1420323.419784518,-0.07313923,0.0,0.010208119025845
202101,NRP-M,2026-08-01,1420323.419784518,-103881.36127400641,0.0,14498.830524355571,1316442.0585105116,-0.07313923,0.0,0.010208119025845
202101,NRP-M,2026-09-01,1316442.0585105116,-96283.55849907377,0.0,13438.39722390371,1220158.5000114378,-0.07313923,0.0,0.010208119025845
202101,NRP-M,2026-10-01,1220158.5000114378,-89241.45316879156,0.0,12455.523198513254,1130917.0468426463,-0.07313923,0.0,0.010208119025845
202101,NRP-M,2026-11-01,1130917.0468426463,-82714.40199994508,0.0,11544.53582252686,1048202.6448427013,-0.07313923,0.0,0.010208119025845
202101,NRP-M,2026-12-01,1048202.6448427013,-76664.73432775865,0.0,10700.177361759828,971537.9105149426,-0.07313923,0.0,0.010208119025845
202101,NRP-M,2027-01-01,971537.9105149426,-71057.5346908718,0.0,9917.574628657283,900480.3758240708,-0.07313923,0.0,0.010208119025845
202101,NRP-M,2027-02-01,900480.3758240708,-65860.44131788315,0.0,9192.210856849753,834619.9345061877,-0.07313923,0.0,0.010208119025845
202101,NRP-M,2027-03-01,834619.9345061877,-61043.459352433,0.0,8519.899632782122,773576.4751537547,-0.07313923,0.0,0.010208119025845
202101,NRP-M,2027-04-01,773576.4751537547,-56578.78773885975,0.0,7896.760733963155,716997.6874148949,-0.07313923,0.0,0.010208119025845
202101,NRP-M,2027-05-01,716997.6874148949,-52440.65876930611,0.0,7319.197734386855,664557.0286455888,-0.07313923,0.0,0.010208119025845
202101,NRP-M,2027-06-01,664557.0286455888,-48605.1893662263,0.0,6783.877247876056,615951.8392793625,-0.07313923,0.0,0.010208119025845
202101,NRP-M,2027-07-01,615951.8392793625,-45050.24324197633,0.0,6287.709689551882,570901.5960373861,-0.07313923,0.0,0.010208119025845
202101,NRP-M,2027-08-01,570901.5960373861,-41755.30313994547,0.0,5827.831444394517,529146.2928974406,-0.07313923,0.0,0.010208119025845
202101,NRP-M,2027-09-01,529146.2928974406,-38701.35241987328,0.0,5401.588339981714,490444.9404775673,-0.07313923,0.0,0.010208119025845
202101,NRP-M,2027-10-01,490444.9404775673,-35870.76530392511,0.0,5006.520328018473,454574.17517364223,-0.07313923,0.0,0.010208119025845
202101,NRP-M,2027-11-01,454574.17517364223,-33247.20515008531,0.0,4640.347286247855,421326.9700235569,-0.07313923,0.0,0.010208119025845
202101,NRP-M,2027-12-01,421326.9700235569,-30815.530165756034,0.0,4300.955858799097,390511.43985780084,-0.07313923,0.0,0.010208119025845
202101,NRP-S,2025-10-01,2237190.62,-165640.8776038016,0.0,23819.26185674324,2071549.7423961984,-0.07403968,0.0,0.0106469523176989
202101,NRP-S,2025-11-01,2071549.7423961984,-153376.88003109695,0.0,22055.691331033762,1918172.8623651015,-0.07403968,0.0,0.0106469523176989
202101,NRP-S,2025-12-01,1918172.8623651015,-142020.90491419614,0.0,20422.695002705248,1776151.9574509053,-0.07403968,0.0,0.0106469523176989
202101,NRP-S,2026-01-01,1776151.9574509053,-131505.72256103865,0.0,18910.605199967355,1644646.2348898668,-0.07403968,0.0,0.0106469523176989
202101,NRP-S,2026-02-01,1644646.2348898668,-121769.08094445057,0.0,17510.470042355435,1522877.1539454162,-0.07403968,0.0,0.0106469523176989
202101,NRP-S,2026-03-01,1522877.1539454162,-112753.33715742934,0.0,16214.000443769854,1410123.8167879868,-0.07403968,0.0,0.0106469523176989
202101,NRP-S,2026-04-01,1410123.8167879868,-104405.11615536116,0.0,15013.521039393274,1305718.7006326257,-0.07403968,0.0,0.0106469523176989
202101,NRP-S,2026-05-01,1305718.7006326257,-96674.99476485541,0.0,13901.92474596333,1209043.7058677704,-0.07403968,0.0,0.0106469523176989
202101,NRP-S,2026-06-01,1209043.7058677704,-89517.20908846383,0.0,12872.630686388124,1119526.4967793066,-0.07403968,0.0,0.0106469523176989
202101,NRP-S,2026-07-01,1119526.4967793066,-82889.38357306088,0.0,11919.545229609768,1036637.1132062457,-0.07403968,0.0,0.0106469523176989
202101,NRP-S,2026-08-01,1036637.1132062457,-76752.2801379142,0.0,11037.025915063934,959884.8330683315,-0.07403968,0.0,0.0106469523176989
202101,NRP-S,2026-09-01,959884.8330683315,-71069.56587723267,0.0,10219.848048160893,888815.2671910988,-0.07403968,0.0,0.0106469523176989
202101,NRP-S,2026-10-01,888815.2671910988,-65807.59796194345,0.0,9463.173769026436,823007.6692291553,-0.07403968,0.0,0.0106469523176989
202101,NRP-S,2026-11-01,823007.6692291553,-60935.2244672725,0.0,8762.523411383325,762072.4447618828,-0.07403968,0.0,0.0106469523176989
202101,NRP-S,2026-12-01,762072.4447618828,-56423.59994698747,0.0,8113.7489820119945,705648.8448148953,-0.07403968,0.0,0.0106469523176989
202101,NRP-S,2027-01-01,705648.8448148953,-52246.014662464506,0.0,7513.009603783501,653402.8301524308,-0.07403968,0.0,0.0106469523176989
202101,NRP-S,2027-02-01,653402.8301524308,-48377.73645558033,0.0,6956.748776882444,605025.0936968505,-0.07403968,0.0,0.0106469523176989
202101,NRP-S,2027-03-01,605025.0936968505,-44795.86432928482,0.0,6441.673323601676,560229.2293675656,-0.07403968,0.0,0.0106469523176989
202101,NRP-S,2027-04-01,560229.2293675656,-41479.19286902116,0.0,5964.733892057671,518750.03649854445,-0.07403968,0.0,0.0106469523176989
202101,NRP-S,2027-05-01,518750.03649854445,-38408.08670234055,0.0,5523.106903404567,480341.9497962039,-0.07403968,0.0,0.0106469523176989
202101,NRP-S,2027-06-01,480341.9497962039,-35564.364253487,0.0,5114.177835670701,444777.5855427169,-0.07403968,0.0,0.0106469523176989
202101,NRP-S,2027-07-01,444777.5855427169,-32931.190104755384,0.0,4735.52574525455,411846.3954379615,-0.07403968,0.0,0.0106469523176989
202101,NRP-S,2027-08-01,411846.3954379615,-30492.97532738013,0.0,4384.908934444142,381353.4201105814,-0.07403968,0.0,0.0106469523176989
202101,NRP-S,2027-09-01,381353.4201105814,-28235.28519189301,0.0,4060.251680108757,353118.1349186884,-0.07403968,0.0,0.0106469523176989
202101,NRP-S,2027-10-01,353118.1349186884,-26144.75371157651,0.0,3759.631944994042,326973.3812071119,-0.07403968,0.0,0.0106469523176989
202101,NRP-S,2027-11-01,326973.3812071119,-24209.004513092576,0.0,3481.2699988689055,302764.3766940193,-0.07403968,0.0,0.0106469523176989
202101,NRP-S,2027-12-01,302764.3766940193,-22416.577565824646,0.0,3223.5178821590516,280347.79912819463,-0.07403968,0.0,0.0106469523176989
202101,PRIME,2025-10-01,3441726.03,-236122.29539272736,0.0,28681.050249999884,3205603.7346072723,-0.068605779,0.0,0.0083333333333333
202101,PRIME,2025-11-01,3205603.7346072723,-219922.9413780412,0.0,26713.364455060495,2985680.793229231,-0.068605779,0.0,0.0083333333333333
202101,PRIME,2025-12-01,2985680.793229231,-204834.95666482934,0.0,24880.67327691016,2780845.8365644016,-0.068605779,0.0,0.0083333333333333
202101,PRIME,2026-01-01,2780845.8365644016,-190782.09489640748,0.0,23173.715304703255,2590063.7416679943,-0.068605779,0.0,0.0083333333333333
202101,PRIME,2026-02-01,2590063.7416679943,-177693.34065678754,0.0,21583.864513899865,2412370.4010112067,-0.068605779,0.0,0.0083333333333333
202101,PRIME,2026-03-01,2412370.4010112067,-165502.55059791624,0.0,20103.08667509331,2246867.8504132903,-0.068605779,0.0,0.0083333333333333
202101,PRIME,2026-04-01,2246867.8504132903,-154148.11918765926,0.0,18723.898753444013,2092719.731225631,-0.068605779,0.0,0.0083333333333333
202101,PRIME,2026-05-01,2092719.731225631,-143572.66738940505,0.0,17439.331093546854,1949147.063836226,-0.068605779,0.0,0.0083333333333333
202101,PRIME,2026-06-01,1949147.063836226,-133722.752700047,0.0,16242.892198635152,1815424.311136179,-0.068605779,0.0,0.0083333333333333
202101,PRIME,2026-07-01,1815424.311136179,-124548.59908103594,0.0,15128.535926134764,1690875.712055143,-0.068605779,0.0,0.0083333333333333
202101,PRIME,2026-08-01,1690875.712055143,-116003.84541772278,0.0,14090.630933792801,1574871.8666374201,-0.068605779,0.0,0.0083333333333333
202101,PRIME,2026-09-01,1574871.8666374201,-108045.31123584433,0.0,13123.93222197845,1466826.5554015758,-0.068605779,0.0,0.0083333333333333
202101,PRIME,2026-10-01,1466826.5554015758,-100632.77849121176,0.0,12223.554628346415,1366193.776910364,-0.068605779,0.0,0.0083333333333333
202101,PRIME,2026-11-01,1366193.776910364,-93728.78832988774,0.0,11384.948140919654,1272464.9885804763,-0.068605779,0.0,0.0083333333333333
202101,PRIME,2026-12-01,1272464.9885804763,-87298.45179178969,0.0,10603.87490483726,1185166.5367886866,-0.068605779,0.0,0.0083333333333333
202101,PRIME,2027-01-01,1185166.5367886866,-81309.27350112001,0.0,9876.38780657235,1103857.2632875666,-0.068605779,0.0,0.0083333333333333
202101,PRIME,2027-02-01,1103857.2632875666,-75730.9874526516,0.0,9198.810527396352,1028126.275834915,-0.068605779,0.0,0.0083333333333333
202101,PRIME,2027-03-01,1028126.275834915,-70535.40406402323,0.0,8567.718965290924,957590.8717708918,-0.068605779,0.0,0.0083333333333333
202101,PRIME,2027-04-01,957590.8717708918,-65696.26772113115,0.0,7979.923931424067,891894.6040497606,-0.068605779,0.0,0.0083333333333333
202101,PRIME,2027-05-01,891894.6040497606,-61189.12409673039,0.0,7432.455033747976,830705.4799530302,-0.068605779,0.0,0.0083333333333333
202101,PRIME,2027-06-01,830705.4799530302,-56991.19657174653,0.0,6922.545666275225,773714.2833812837,-0.068605779,0.0,0.0083333333333333
202101,PRIME,2027-07-01,773714.2833812837,-53081.27113479973,0.0,6447.619028177339,720633.012246484,-0.068605779,0.0,0.0083333333333333
202101,PRIME,2027-08-01,720633.012246484,-49439.58917828658,0.0,6005.27510205401,671193.4230681974,-0.068605779,0.0,0.0083333333333333
202101,PRIME,2027-09-01,671193.4230681974,-46047.74764927026,0.0,5593.27852556829,625145.6754189272,-0.068605779,0.0,0.0083333333333333
202101,PRIME,2027-10-01,625145.6754189272,-42888.60605059666,0.0,5209.547295157706,582257.0693683305,-0.068605779,0.0,0.0083333333333333
202101,PRIME,2027-11-01,582257.0693683305,-39946.19982227136,0.0,4852.142244736068,542310.8695460592,-0.068605779,0.0,0.0083333333333333
202101,PRIME,2027-12-01,542310.8695460592,-37205.65966537477,0.0,4519.257246217142,505105.2098806844,-0.068605779,0.0,0.0083333333333333
202201,NON PRIME,2025-10-01,1301210.18,-123275.83919683749,-17549.27510402065,13267.117852058916,1160385.0656991417,-0.094739375,-0.0134868873405376,0.01019598375111
202201,NON PRIME,2025-11-01,1160385.0656991417,-109934.15588367062,-15649.982652726645,11831.267274899157,1034800.9271627445,-0.094739375,-0.0134868873405376,0.01019598375111
202201,NON PRIME,2025-12-01,1034800.9271627445,-98036.39308881894,-13956.243524527788,10550.813438984904,922808.2905493978,-0.094739375,-0.0134868873405376,0.01019598375111
202201,NON PRIME,2026-01-01,922808.2905493978,-87426.28069146836,-12445.811451553816,9408.938335831255,822936.1984063756,-0.094739375,-0.0134868873405376,0.01019598375111
202201,NON PRIME,2026-02-01,822936.1984063756,-77964.46110189603,-11098.847796357086,8390.64410715164,733872.8895081225,-0.094739375,-0.0134868873405376,0.01019598375111
202201,NON PRIME,2026-03-01,733872.8895081225,-69526.65888144358,-9897.660983070846,7482.5560568049605,654448.5696436081,-0.094739375,-0.0134868873405376,0.01019598375111
202201,NON PRIME,2026-04-01,654448.5696436081,-62002.048457679404,-8826.474128959317,6672.746982023408,583620.0470569693,-0.094739375,-0.0134868873405376,0.01019598375111
202201,NON PRIME,2026-05-01,583620.0470569693,-55291.798495647854,-7871.217824336597,5950.580516614912,520457.0307369848,-0.094739375,-0.0134868873405376,0.01019598375111
202201,NON PRIME,2026-06-01,520457.0307369848,-49307.77380637773,-7019.345339140428,5306.571428545254,464129.91159146663,-0.094739375,-0.0134868873405376,0.01019598375111
202201,NON PRIME,2026-07-01,464129.91159146663,-43971.3777429808,-6259.667829007786,4732.261036990714,413898.86601947807,-0.094739375,-0.0134868873405376,0.01019598375111
202201,NON PRIME,2026-08-01,413898.86601947807,-39212.51987989409,-5582.207376380967,4220.106112537453,369104.138763203,-0.094739375,-0.0134868873405376,0.01019598375111
202201,NON PRIME,2026-09-01,369104.138763203,-34968.69541633913,-4978.065936425476,3763.3798012970683,329157.3774104384,-0.094739375,-0.0134868873405376,0.01019598375111
202201,NON PRIME,2026-10-01,329157.3774104384,-31184.16421250405,-4439.308466441398,3356.0832716348114,293533.9047314929,-0.094739375,-0.0134868873405376,0.01019598375111
202201,NON PRIME,2026-11-01,293533.9047314929,-27809.21867557118,-3958.8587037417415,2992.8669230421724,261765.82735217997,-0.094739375,-0.0134868873405376,0.01019598375111
202201,NON PRIME,2026-12-01,261765.82735217997,-24799.530879703434,-3530.406223101467,2668.9601222786923,233435.89024937508,-0.094739375,-0.0134868873405376,0.01019598375111
202201,NON PRIME,2027-01-01,233435.89024937508,-22115.57034479439,-3148.3235530314214,2380.1085439085255,208171.99635154926,-0.094739375,-0.0134868873405376,0.01019598375111
202201,NON PRIME,2027-02-01,208171.99635154926,-19722.08482684806,-2807.592262248149,2122.518292236526,185642.31926245303,-0.094739375,-0.0134868873405376,0.01019598375111
202201,NON PRIME,2027-03-01,185642.31926245303,-17587.63730047526,-2503.7370455288174,1892.806070718346,165550.94491644896,-0.094739375,-0.0134868873405376,0.01019598375111
202201,NON PRIME,2027-04-01,165550.94491644896,-15684.193052043802,-2232.7669432076927,1687.95474434902,147633.9849211975,-0.094739375,-0.0134868873405376,0.01019598375111
202201,NON PRIME,2027-05-01,147633.9849211975,-13986.751460193675,-1991.1229222668173,1505.2737113681483,131656.110538737,-0.094739375,-0.0134868873405376,0.01019598375111
202201,NON PRIME,2027-06-01,131656.110538737,-12473.017627370857,-1775.631130529311,1342.3635637873044,117407.46178083683,-0.094739375,-0.0134868873405376,0.01019598375111
202201,NON PRIME,2027-07-01,117407.46178083683,-11123.109549452869,-1583.4612099766202,1197.0845725764807,104700.89102140734,-0.094739375,-0.0134868873405376,0.01019598375111
202201,NON PRIME,2027-08-01,104700.89102140734,-9919.296977311244,-1412.0891216596256,1067.528583581008,93369.50492243648,-0.094739375,-0.0134868873405376,0.01019598375111
202201,NON PRIME,2027-09-01,93369.50492243648,-8845.768540411056,-1259.2639939306716,951.9939550383474,83264.47238809476,-0.094739375,-0.0134868873405376,0.01019598375111
202201,NON PRIME,2027-10-01,83264.47238809476,-7888.424073752854,-1122.9785585675377,848.9632075137613,74253.06975577436,-0.094739375,-0.0134868873405376,0.01019598375111
202201,NON PRIME,2027-11-01,74253.06975577436,-7034.689420493465,-1001.4427864852084,757.0830926999126,66216.93754879569,-0.094739375,-0.0134868873405376,0.01019598375111
202201,NON PRIME,2027-12-01,66216.93754879569,-6273.3512777869355,-893.0603767560214,675.1468192957864,59050.52589425273,-0.094739375,-0.0134868873405376,0.01019598375111
202201,NRP-M,2025-10-01,194456.57,-13898.58246711319,-2365.652353669713,2189.8642195374896,178192.3351792171,-0.071473967,-0.0121654534669089,0.0112614565789034
202201,NRP-M,2025-11-01,178192.3351792171,-12736.113084252302,-2167.7905617825995,2006.7052453141544,163288.43153318219,-0.071473967,-0.0121654534669089,0.0112614565789034
202201,NRP-M,2025-12-01,163288.43153318219,-11670.871966884422,-1986.4778155014678,1838.865581548172,149631.0817507963,-0.071473967,-0.0121654534669089,0.0112614565789034
202201,NRP-M,2026-01-01,149631.0817507963,-10694.726999230716,-1820.3299622425538,1685.0639299909374,137116.02478932304,-0.071473967,-0.0121654534669089,0.0112614565789034
202201,NRP-M,2026-02-01,137116.02478932304,-9800.226230963257,-1668.0786191420366,1544.1261594368036,125647.71993921776,-0.071473967,-0.0121654534669089,0.0112614565789034
202201,NRP-M,2026-03-01,125647.71993921776,-8980.540988560891,-1528.5614901437552,1414.9763423337158,115138.61746051311,-0.071473967,-0.0121654534669089,0.0112614565789034
202201,NRP-M,2026-04-01,115138.61746051311,-8229.413744798338,-1400.7134929600968,1296.6285410865373,105508.49022275467,-0.071473967,-0.0121654534669089,0.0112614565789034
202201,NRP-M,2026-05-01,105508.49022275467,-7541.11034840099,-1283.5586281687347,1188.1792813492057,96683.82124618495,-0.071473967,-0.0121654534669089,0.0112614565789034
202201,NRP-M,2026-06-01,96683.82124618495,-6910.3762491837215,-1176.202528373401,1088.8006548463698,88597.24246862782,-0.071473967,-0.0121654534669089,0.0112614565789034
202201,NRP-M,2026-07-01,88597.24246862782,-6332.396384493703,-1077.8256305485368,997.7339990710285,81187.02045358557,-0.071473967,-0.0121654534669089,0.0112614565789034
202201,NRP-M,2026-08-01,81187.02045358557,-5802.758420727901,-987.6769194450764,914.2841056085962,74396.5851134126,-0.071473967,-0.0121654534669089,0.0112614565789034
202201,NRP-M,2026-09-01,74396.5851134126,-5317.419069308743,-905.0681942941484,837.813912873387,68174.09784980971,-0.071473967,-0.0121654534669089,0.0112614565789034
202201,NRP-M,2026-10-01,68174.09784980971,-4872.67321997207,-829.3688150403541,767.7396427415438,62472.055814797284,-0.071473967,-0.0121654534669089,0.0112614565789034
202201,NRP-M,2026-11-01,62472.055814797284,-4465.125655728979,-760.0008879970519,703.5263439531693,57246.92927107125,-0.071473967,-0.0121654534669089,0.0112614565789034
202201,NRP-M,2026-12-01,57246.92927107125,-4091.6651335718802,-696.4348541706423,644.6838082617229,52458.82928332873,-0.071473967,-0.0121654534669089,0.0112614565789034
202201,NRP-M,2027-01-01,52458.82928332873,-3749.440633055271,-638.1854465748536,590.7628281543126,48071.2032036986,-0.071473967,-0.0121654534669089,0.0112614565789034
202201,NRP-M,2027-02-01,48071.2032036986,-3435.839591431448,-584.8079856729173,541.3517675740939,44050.555626594236,-0.071473967,-0.0121654534669089,0.0112614565789034
202201,NRP-M,2027-03-01,44050.555626594236,-3148.4679591868608,-535.8949846668143,496.07341946545984,40366.19268274056,-0.071473967,-0.0121654534669089,0.0112614565789034
202201,NRP-M,2027-04-01,40366.19268274056,-2885.1319237218404,-491.07303871815884,454.582126152331,36989.98772030056,-0.071473967,-0.0121654534669089,0.0112614565789034
202201,NRP-M,2027-05-01,36989.98772030056,-2643.8211616511676,-449.9999743528481,416.56114056633476,33896.166584296545,-0.071473967,-0.0121654534669089,0.0112614565789034
202201,NRP-M,2027-06-01,33896.166584296545,-2422.6934918725137,-412.362237287852,381.72020818033195,31061.11085513618,-0.071473967,-0.0121654534669089,0.0112614565789034
202201,NRP-M,2027-07-01,31061.11085513618,-2220.060812243345,-377.8724987386581,349.79335118762117,28463.177544154176,-0.071473967,-0.0121654534669089,0.0112614565789034
202201,NRP-M,2027-08-01,28463.177544154176,-2034.3762125060166,-346.267461933774,320.5368380111106,26082.533869714385,-0.071473967,-0.0121654534669089,0.0112614565789034
202201,NRP-M,2027-09-01,26082.533869714385,-1864.2221650803483,-317.3058520910857,293.7273226415658,23901.005852542952,-0.071473967,-0.0121654534669089,0.0112614565789034
202201,NRP-M,2027-10-01,23901.005852542952,-1708.2997035714618,-290.7665745114286,269.1601396005285,21901.939574460062,-0.071473967,-0.0121654534669089,0.0112614565789034
202201,NRP-M,2027-11-01,21901.939574460062,-1565.4185063809525,-266.4470267281444,246.64774151154802,20070.074041350967,-0.071473967,-0.0121654534669089,0.0112614565789034
202201,NRP-M,2027-12-01,20070.074041350967,-1434.4878097190756,-244.16155182747144,226.0182673520502,18391.424679804422,-0.071473967,-0.0121654534669089,0.0112614565789034
202201,NRP-S,2025-10-01,469898.68,-939.79736,-5089.444933642157,4612.575372436444,463869.4377063578,-0.002,-0.0108309411161618,0.0098161062560049
202201,NRP-S,2025-11-01,463869.4377063578,-927.7388754127156,-5024.142565384646,4553.391689438854,457917.55626556044,-0.002,-0.0108309411161618,0.0098161062560049
202201,NRP-S,2025-12-01,457917.55626556044,-915.8351125311209,-4959.678087968993,4494.967388792843,452042.0430650603,-0.002,-0.0108309411161618,0.0098161062560049
202201,NRP-S,2026-01-01,452042.0430650603,-904.0840861301206,-4896.040750467145,4437.292726908175,446241.918228463,-0.002,-0.0108309411161618,0.0098161062560049
202201,NRP-S,2026-02-01,446241.918228463,-892.4838364569259,-4833.219939895572,4380.358085214042,440516.2144521105,-0.002,-0.0108309411161618,0.0098161062560049
202201,NRP-S,2026-03-01,440516.2144521105,-881.0324289042211,-4771.205179445313,4324.153968554958,434863.976843761,-0.002,-0.0108309411161618,0.0098161062560049
202201,NRP-S,2026-04-01,434863.976843761,-869.727953687522,-4709.986126734724,4268.671003607212,429284.26276333875,-0.002,-0.0108309411161618,0.0098161062560049
202201,NRP-S,2026-05-01,429284.26276333875,-858.5685255266775,-4649.552572084652,4213.89993731566,423776.1416657274,-0.002,-0.0108309411161618,0.0098161062560049
202201,NRP-S,2026-06-01,423776.1416657274,-847.5522833314549,-4589.894436815735,4159.831635350565,418338.6949455802,-0.002,-0.0108309411161618,0.0098161062560049
202201,NRP-S,2026-07-01,418338.6949455802,-836.6773898911605,-4531.001771567554,4106.457080584235,412971.01578412147,-0.002,-0.0108309411161618,0.0098161062560049
202201,NRP-S,2026-08-01,412971.01578412147,-825.9420315682429,-4472.864754639345,4053.767371587213,407672.20899791387,-0.002,-0.0108309411161618,0.0098161062560049
202201,NRP-S,2026-09-01,407672.20899791387,-815.3444179958277,-4415.473690352012,4001.7537211437593,402441.39088956604,-0.002,-0.0108309411161618,0.0098161062560049
202201,NRP-S,2026-10-01,402441.39088956604,-804.8827817791321,-4358.819007431144,3950.4074547863825,397277.6891003557,-0.002,-0.0108309411161618,0.0098161062560049
202201,NRP-S,2026-11-01,397277.6891003557,-794.5553782007115,-4302.891257410788,3899.720009349171,392180.2424647442,-0.002,-0.0108309411161618,0.0098161062560049
202201,NRP-S,2026-12-01,392180.2424647442,-784.3604849294884,-4247.6811130577025,3849.682931539694,387148.200866757,-0.002,-0.0108309411161618,0.0098161062560049
202201,NRP-S,2027-01-01,387148.200866757,-774.296401733514,-4193.179366815826,3800.287876529215,382180.72509820765,-0.002,-0.0108309411161618,0.0098161062560049
202201,NRP-S,2027-02-01,382180.72509820765,-764.3614501964153,-4139.3769292707075,3751.526606561005,377276.98671874055,-0.002,-0.0108309411161618,0.0098161062560049
202201,NRP-S,2027-03-01,377276.98671874055,-754.5539734374811,-4086.2648276336367,3703.3909895765064,372436.16791766946,-0.002,-0.0108309411161618,0.0098161062560049
202201,NRP-S,2027-04-01,372436.16791766946,-744.872335835339,-4033.834204245227,3655.8729978591264,367657.46137758886,-0.002,-0.0108309411161618,0.0098161062560049
202201,NRP-S,2027-05-01,367657.46137758886,-735.3149227551777,-3982.0763150981966,3608.96470669543,362940.0701397355,-0.002,-0.0108309411161618,0.0098161062560049
202201,NRP-S,2027-06-01,362940.0701397355,-725.880140279471,-3930.9825283791088,3562.658293053514,358283.20747107686,-0.002,-0.0108309411161618,0.0098161062560049
202201,NRP-S,2027-07-01,358283.20747107686,-716.5664149421538,-3880.544323028815,3516.946034278339,353686.0967331059,-0.002,-0.0108309411161618,0.0098161062560049
202201,NRP-S,2027-08-01,353686.0967331059,-707.3721934662118,-3830.753287321377,3471.8203068037947,349147.9712523183,-0.002,-0.0108309411161618,0.0098161062560049
202201,NRP-S,2027-09-01,349147.9712523183,-698.2959425046366,-3781.6011174612127,3427.2735848813004,344668.0741923524,-0.002,-0.0108309411161618,0.0098161062560049
202201,NRP-S,2027-10-01,344668.0741923524,-689.3361483847049,-3733.0796161982557,3383.2984393247116,340245.65842776943,-0.002,-0.0108309411161618,0.0098161062560049
202201,NRP-S,2027-11-01,340245.65842776943,-680.4913168555389,-3685.180691460872,3339.887536271334,335879.98641945305,-0.002,-0.0108309411161618,0.0098161062560049
202201,NRP-S,2027-12-01,335879.98641945305,-671.7599728389062,-3637.8963550063213,3297.0336359588337,331570.3300916078,-0.002,-0.0108309411161618,0.0098161062560049
202201,PRIME,2025-10-01,114921.47,-12642.569984335569,-1067.5120541728256,1023.9632682193607,101211.38796149161,-0.1100105139999999,-0.0092890567286759,0.0089101128641964
202201,PRIME,2025-11-01,101211.38796149161,-11134.316812297095,-940.1583243623205,901.8048898788591,89136.9128248322,-0.1100105139999999,-0.0092890567286759,0.0089101128641964
202201,PRIME,2025-12-01,89136.9128248322,-9805.997596232974,-827.9978398489046,794.2199536352904,78502.91738875031,-0.1100105139999999,-0.0092890567286759,0.0089101128641964
202201,PRIME,2026-01-01,78502.91738875031,-8636.146292435953,-729.2180529906593,699.4698541024514,69137.5530433237,-0.1100105139999999,-0.0092890567286759,0.0089101128641964
202201,PRIME,2026-02-01,69137.5530433237,-7605.857746998298,-642.2226523012729,616.0234007703795,60889.47264402413,-0.1100105139999999,-0.0092890567286759,0.0089101128641964
202201,PRIME,2026-03-01,60889.47264402413,-6698.482182758028,-565.6057655694995,542.5320734996542,53625.3846956966,-0.1100105139999999,-0.0092890567286759,0.0089101128641964
202201,PRIME,2026-04-01,53625.3846956966,-5899.356133821311,-498.1292405353941,477.80823002460704,47227.89932133989,-0.1100105139999999,-0.0092890567286759,0.0089101128641964
202201,PRIME,2026-05-01,47227.89932133989,-5195.565479480849,-438.7026359721203,420.805913292043,41593.63120588692,-0.1100105139999999,-0.0092890567286759,0.0089101128641964
202201,PRIME,2026-06-01,41593.63120588692,-4575.736748086057,-386.3655998231078,370.6039484762139,36631.52885797776,-0.1100105139999999,-0.0092890567286759,0.0089101128641964
202201,PRIME,2026-07-01,36631.52885797776,-4029.8533182719634,-340.2723496198837,326.3910565126493,32261.403190085915,-0.1100105139999999,-0.0092890567286759,0.0089101128641964
202201,PRIME,2026-08-01,32261.403190085915,-3549.0935473025884,-299.6780043793937,287.4527435810113,28412.63163840393,-0.1100105139999999,-0.0092890567286759,0.0089101128641964
202201,PRIME,2026-09-01,28412.63163840393,-3125.688210633476,-263.9265471001058,253.1597546670165,25023.01688067035,-0.1100105139999999,-0.0092890567286759,0.0089101128641964
202201,PRIME,2026-10-01,25023.01688067035,-2752.7949488732197,-232.44022332716153,222.95790460946458,22037.78170846997,-0.1100105139999999,-0.0092890567286759,0.0089101128641964
202201,PRIME,2026-11-01,22037.78170846997,-2424.3876931685777,-204.71020446415363,196.3591222989904,19408.68381083724,-0.1100105139999999,-0.0092890567286759,0.0089101128641964
202201,PRIME,2026-12-01,19408.68381083724,-2135.1592820936817,-180.28836494780066,172.93356330006128,17093.23616379576,-0.1100105139999999,-0.0092890567286759,0.0089101128641964
202201,PRIME,2027-01-01,17093.23616379576,-1880.435696302558,-158.78004040215322,152.3026634337837,15054.020427091047,-0.1100105139999999,-0.0092890567286759,0.0089101128641964
202201,PRIME,2027-02-01,15054.020427091047,-1656.1005249507841,-139.83764974189452,134.13302106529932,13258.08225239837,-0.1100105139999999,-0.0092890567286759,0.0089101128641964
202201,PRIME,2027-03-01,13258.08225239837,-1458.528443240621,-123.15507815597961,118.1310092316687,11676.39873100177,-0.1100105139999999,-0.0092890567286759,0.0089101128641964
202201,PRIME,2027-04-01,11676.39873100177,-1284.5266260664512,-108.46273019891471,104.03803054058538,10283.409374736404,-0.1100105139999999,-0.0092890567286759,0.0089101128641964
202201,PRIME,2027-05-01,10283.409374736404,-1131.2831509871694,-95.52317304612401,91.6263381576367,9056.60305070311,-0.1100105139999999,-0.0092890567286759,0.0089101128641964
202201,PRIME,2027-06-01,9056.60305070311,-996.3215567018163,-84.12729950708041,80.69535534799014,7976.154194494214,-0.1100105139999999,-0.0092890567286759,0.0089101128641964
202201,PRIME,2027-07-01,7976.154194494214,-877.4608226795636,-74.09094878932298,71.06843409517697,7024.602423025327,-0.1100105139999999,-0.0092890567286759,0.0089101128641964
202201,PRIME,2027-08-01,7024.602423025327,-772.780123202661,-65.25193040387644,62.59000041526316,6186.57036941879,-0.1100105139999999,-0.0092890567286759,0.0089101128641964
202201,PRIME,2027-09-01,6186.57036941879,-680.5877862369304,-57.46740311747655,55.12304023381463,5448.515180064383,-0.1100105139999999,-0.0092890567286759,0.0089101128641964
202201,PRIME,2027-10-01,5448.515180064383,-599.3939554956847,-50.61156659466983,48.546885196661016,4798.5096579740275,-0.1100105139999999,-0.0092890567286759,0.0089101128641964
202201,PRIME,2027-11-01,4798.5096579740275,-527.8865139076865,-44.57362842601993,42.75526263248505,4226.049515640321,-0.1100105139999999,-0.0092890567286759,0.0089101128641964
202201,PRIME,2027-12-01,4226.049515640321,-464.9098794050424,-39.25601368897625,37.65457815403779,3721.883622546303,-0.1100105139999999,-0.0092890567286759,0.0089101128641964
202301,NON PRIME,2025-10-01,7243912.09,-552775.528309744,0.0,111906.02525718986,6691136.561690256,-0.076308978,0.0,0.0154482859353957
202301,NON PRIME,2025-11-01,6691136.561690256,-510593.79268101737,0.0,103366.59083777152,6180542.769009239,-0.076308978,0.0,0.0154482859353957
202301,NON PRIME,2025-12-01,6180542.769009239,-471630.9021883851,0.0,95478.79193159702,5708911.866820854,-0.076308978,0.0,0.0154482859353957
202301,NON PRIME,2026-01-01,5708911.866820854,-435641.2300491715,0.0,88192.90289862221,5273270.636771683,-0.076308978,0.0,0.0154482859353957
202301,NON PRIME,2026-02-01,5273270.636771683,-402397.89300945634,0.0,81462.99261157512,4870872.743762227,-0.076308978,0.0,0.0154482859353957
202301,NON PRIME,2026-03-01,4870872.743762227,-371691.3210445514,0.0,75246.63490056427,4499181.422717676,-0.076308978,0.0,0.0154482859353957
202301,NON PRIME,2026-04-01,4499181.422717676,-343327.9362041718,0.0,69504.64109336308,4155853.486513504,-0.076308978,0.0,0.0154482859353957
202301,NON PRIME,2026-05-01,4155853.486513504,-317128.93227358226,0.0,64200.81296527174,3838724.5542399217,-0.076308978,0.0,0.0154482859353957
202301,NON PRIME,2026-06-01,3838724.5542399217,-292929.147557554,0.0,59301.71454112271,3545795.406682368,-0.076308978,0.0,0.0154482859353957
202301,NON PRIME,2026-07-01,3545795.406682368,-270576.02368102584,0.0,54776.4613108419,3275219.383001342,-0.076308978,0.0,0.0154482859353957
202301,NON PRIME,2026-08-01,3275219.383001342,-249928.643842623,0.0,50596.52552975501,3025290.739158719,-0.076308978,0.0,0.0154482859353957
202301,NON PRIME,2026-09-01,3025290.739158719,-230856.84445806642,0.0,46735.556376228495,2794433.8947006525,-0.076308978,0.0,0.0154482859353957
202301,NON PRIME,2026-10-01,2794433.8947006525,-213240.3945931664,0.0,43169.21383289711,2581193.5001074863,-0.076308978,0.0,0.0154482859353957
202301,NON PRIME,2026-11-01,2581193.5001074863,-196968.23801344517,0.0,39875.015244245275,2384225.2620940413,-0.076308978,0.0,0.0154482859353957
202301,NON PRIME,2026-12-01,2384225.2620940413,-181937.79307217844,0.0,36832.193583222506,2202287.469021863,-0.076308978,0.0,0.0154482859353957
202301,NON PRIME,2027-01-01,2202287.469021863,-168054.306023265,0.0,34021.566533388635,2034233.1629985978,-0.076308978,0.0,0.0154482859353957
202301,NON PRIME,2027-02-01,2034233.1629985978,-155230.25368213042,0.0,31425.415561266745,1879002.9093164674,-0.076308978,0.0,0.0154482859353957
202301,NON PRIME,2027-03-01,1879002.9093164674,-143384.7916689663,0.0,29027.374216561184,1735618.1176475012,-0.076308978,0.0,0.0154482859353957
202301,NON PRIME,2027-04-01,1735618.1176475012,-132443.24475596458,0.0,26812.32495607185,1603174.8728915367,-0.076308978,0.0,0.0154482859353957
202301,NON PRIME,2027-05-01,1603174.8728915367,-122336.63610563306,0.0,24766.303840870114,1480838.2367859036,-0.076308978,0.0,0.0154482859353957
202301,NON PRIME,2027-06-01,1480838.2367859036,-113001.2524324543,0.0,22876.41250593584,1367836.9843534492,-0.076308978,0.0,0.0154482859353957
202301,NON PRIME,2027-07-01,1367836.9843534492,-104378.2423466137,0.0,21130.736847301458,1263458.7420068355,-0.076308978,0.0,0.0154482859353957
202301,NON PRIME,2027-08-01,1263458.7420068355,-96413.24534770728,0.0,19518.271914096942,1167045.4966591282,-0.076308978,0.0,0.0154482859353957
202301,NON PRIME,2027-09-01,1167045.4966591282,-89056.04912956049,0.0,18028.852532006098,1077989.4475295676,-0.076308978,0.0,0.0154482859353957
202301,NON PRIME,2027-10-01,1077989.4475295676,-82260.27303576593,0.0,16653.089220776,995729.1744938017,-0.076308978,0.0,0.0154482859353957
202301,NON PRIME,2027-11-01,995729.1744938017,-75983.07567040567,0.0,15382.309001795766,919746.098823396,-0.076308978,0.0,0.0154482859353957
202301,NON PRIME,2027-12-01,919746.098823396,-70184.88482070035,0.0,14208.500722588531,849561.2140026956,-0.076308978,0.0,0.0154482859353957
202301,NRP-L,2025-10-01,1160678.27,-43145.2433508788,0.0,12008.559083856813,1117533.0266491212,-0.03717244,0.0,0.0103461565484954
202301,NRP-L,2025-11-01,1117533.0266491212,-41541.42938113286,0.0,11562.171641825691,1075991.5972679884,-0.03717244,0.0,0.0103461565484954
202301,NRP-L,2025-12-01,1075991.5972679884,-39997.233089948466,0.0,11132.377510200224,1035994.36417804,-0.03717244,0.0,0.0103461565484954
202301,NRP-L,2026-01-01,1035994.36417804,-38510.43834274634,0.0,10718.559875144956,997483.9258352936,-0.03717244,0.0,0.0103461565484954
202301,NRP-L,2026-02-01,997483.9258352936,-37078.9113840769,0.0,10320.124851299723,960405.0144512167,-0.03717244,0.0,0.0103461565484954
202301,NRP-L,2026-03-01,960405.0144512167,-35700.59777538699,0.0,9936.500629472275,924704.4166758297,-0.03717244,0.0,0.0103461565484954
202301,NRP-L,2026-04-01,924704.4166758297,-34373.519446617276,0.0,9567.136656013256,890330.8972292125,-0.03717244,0.0,0.0103461565484954
202301,NRP-L,2026-05-01,890330.8972292125,-33095.771857399064,0.0,9211.502842695802,857235.1253718134,-0.03717244,0.0,0.0103461565484954
202301,NRP-L,2026-06-01,857235.1253718134,-31865.521263776212,0.0,8869.088805965863,825369.6041080372,-0.03717244,0.0,0.0103461565484954
202301,NRP-L,2026-07-01,825369.6041080372,-30681.002086529767,0.0,8539.403134471426,794688.6020215075,-0.03717244,0.0,0.0103461565484954
202301,NRP-L,2026-08-01,794688.6020215075,-29540.514377328367,0.0,8221.972683819475,765148.0876441791,-0.03717244,0.0,0.0103461565484954
202301,NRP-L,2026-09-01,765148.0876441791,-28442.42137906799,0.0,7916.3418975485565,736705.6662651112,-0.03717244,0.0,0.0103461565484954
202301,NRP-L,2026-10-01,736705.6662651112,-27385.14717689987,0.0,7622.072153342448,709320.5190882114,-0.03717244,0.0,0.0103461565484954
202301,NRP-L,2026-11-01,709320.5190882114,-26367.17443657539,0.0,7338.741133546655,682953.344651636,-0.03717244,0.0,0.0103461565484954
202301,NRP-L,2026-12-01,682953.344651636,-25387.04222686226,0.0,7065.94221908436,657566.3024247737,-0.03717244,0.0,0.0103461565484954
202301,NRP-L,2027-01-01,657566.3024247737,-24443.343922906755,0.0,6803.28390590198,633122.9585018669,-0.03717244,0.0,0.0103461565484954
202301,NRP-L,2027-02-01,633122.9585018669,-23534.72518753314,0.0,6550.389243106872,609588.2333143337,-0.03717244,0.0,0.0103461565484954
202301,NRP-L,2027-03-01,609588.2333143337,-22659.882027583073,0.0,6306.895291990836,586928.3512867506,-0.03717244,0.0,0.0103461565484954
202301,NRP-L,2027-04-01,586928.3512867506,-21817.55892250566,0.0,6072.452605163024,565110.7923642449,-0.03717244,0.0,0.0103461565484954
202301,NRP-L,2027-05-01,565110.7923642449,-21006.547022512354,0.0,5846.724725044757,544104.2453417326,-0.03717244,0.0,0.0103461565484954
202301,NRP-L,2027-06-01,544104.2453417326,-20225.682413710838,0.0,5629.387701006515,523878.56292802177,-0.03717244,0.0,0.0103461565484954
202301,NRP-L,2027-07-01,523878.56292802177,-19473.844447728115,0.0,5420.129624454113,504404.71848029364,-0.03717244,0.0,0.0103461565484954
202301,NRP-L,2027-08-01,504404.71848029364,-18749.954133425606,0.0,5218.650181196869,485654.76434686803,-0.03717244,0.0,0.0103461565484954
202301,NRP-L,2027-09-01,485654.76434686803,-18052.97258839809,0.0,5024.660220455339,467601.79175846995,-0.03717244,0.0,0.0103461565484954
202301,NRP-L,2027-10-01,467601.79175846995,-17381.89954803422,0.0,4837.881339890077,450219.8922104357,-0.03717244,0.0,0.0103461565484954
202301,NRP-L,2027-11-01,450219.8922104357,-16735.77192999889,0.0,4658.045486055893,433484.1202804368,-0.03717244,0.0,0.0103461565484954
202301,NRP-L,2027-12-01,433484.1202804368,-16113.662452077322,0.0,4484.894569708209,417370.4578283595,-0.03717244,0.0,0.0103461565484954
202301,NRP-M,2025-10-01,11951897.25,-462241.9328599192,0.0,162870.71471905315,11489655.31714008,-0.038675193,0.0,0.013627184982623
202301,NRP-M,2025-11-01,11489655.31714008,-444364.63689386874,0.0,156571.6583932458,11045290.680246212,-0.038675193,0.0,0.013627184982623
202301,NRP-M,2025-12-01,11045290.680246212,-427178.74879962346,0.0,150516.21928655697,10618111.931446588,-0.038675193,0.0,0.013627184982623
202301,NRP-M,2026-01-01,10618111.931446588,-410657.5282442995,0.0,144694.97545601905,10207454.403202288,-0.038675193,0.0,0.013627184982623
202301,NRP-M,2026-02-01,10207454.403202288,-394775.2690825483,0.0,139098.86935412724,9812679.13411974,-0.038675193,0.0,0.013627184982623
202301,NRP-M,2026-03-01,9812679.13411974,-379507.2593591538,0.0,133719.19373577458,9433171.874760587,-0.038675193,0.0,0.013627184982623
202301,NRP-M,2026-04-01,9433171.874760587,-364829.7428585375,0.0,128547.57811023913,9068342.13190205,-0.038675193,0.0,0.013627184982623
202301,NRP-M,2026-05-01,9068342.13190205,-350719.8821413432,0.0,123575.97571714307,8717622.249760708,-0.038675193,0.0,0.013627184982623
202301,NRP-M,2026-06-01,8717622.249760708,-337155.72301058954,0.0,118796.65100611925,8380466.5267501185,-0.038675193,0.0,0.013627184982623
202301,NRP-M,2026-07-01,8380466.5267501185,-324116.16035210044,0.0,114202.16760070395,8056350.366398018,-0.038675193,0.0,0.013627184982623
202301,NRP-M,2026-08-01,8056350.366398018,-311580.90529606404,0.0,109785.37672772838,7744769.461101954,-0.038675193,0.0,0.013627184982623
202301,NRP-M,2026-09-01,7744769.461101954,-299530.453648624,0.0,105539.40609420578,7445239.00745333,-0.038675193,0.0,0.013627184982623
202301,NRP-M,2026-10-01,7445239.00745333,-287946.0555443859,0.0,101457.64919440699,7157292.951908944,-0.038675193,0.0,0.013627184982623
202301,NRP-M,2026-11-01,7157292.951908944,-276809.6862726181,0.0,97533.75503048701,6880483.265636326,-0.038675193,0.0,0.013627184982623
202301,NRP-M,2026-12-01,6880483.265636326,-266104.0182317551,0.0,93761.6182306682,6614379.247404571,-0.038675193,0.0,0.013627184982623
202301,NRP-M,2027-01-01,6614379.247404571,-255812.3939685665,0.0,90135.36954960479,6358566.853436004,-0.038675193,0.0,0.013627184982623
202301,NRP-M,2027-02-01,6358566.853436004,-245918.80026004015,0.0,86649.36673614751,6112648.053175964,-0.038675193,0.0,0.013627184982623
202301,NRP-M,2027-03-01,6112648.053175964,-236407.84319765467,0.0,83298.18575429922,5876240.209978309,-0.038675193,0.0,0.013627184982623
202301,NRP-M,2027-04-01,5876240.209978309,-227264.72423527163,0.0,80076.61234370185,5648975.485743037,-0.038675193,0.0,0.013627184982623
202301,NRP-M,2027-05-01,5648975.485743037,-218475.2171633807,0.0,76979.63390652298,5430500.268579656,-0.038675193,0.0,0.013627184982623
202301,NRP-M,2027-06-01,5430500.268579656,-210025.64597387004,0.0,74002.43170811886,5220474.622605787,-0.038675193,0.0,0.013627184982623
202301,NRP-M,2027-07-01,5220474.622605787,-201902.86358088095,0.0,71140.37337933805,5018571.759024906,-0.038675193,0.0,0.013627184982623
202301,NRP-M,2027-08-01,5018571.759024906,-194094.2313646377,0.0,68389.00570880009,4824477.527660268,-0.038675193,0.0,0.013627184982623
202301,NRP-M,2027-09-01,4824477.527660268,-186587.5995064237,0.0,65744.04771393415,4637889.928153845,-0.038675193,0.0,0.013627184982623
202301,NRP-M,2027-10-01,4637889.928153845,-179371.28808410605,0.0,63201.383979996535,4458518.640069738,-0.038675193,0.0,0.013627184982623
202301,NRP-M,2027-11-01,4458518.640069738,-172434.06889879465,0.0,60757.05825670306,4286084.571170944,-0.038675193,0.0,0.013627184982623
202301,NRP-M,2027-12-01,4286084.571170944,-165765.14800435846,0.0,58407.26730251283,4120319.423166585,-0.038675193,0.0,0.013627184982623
202301,NRP-S,2025-10-01,4875102.47,-301684.62549783074,-146253.0741,73406.76792225394,4427164.770402169,-0.061882725,-0.03,0.0150574820476038
202301,NRP-S,2025-11-01,4427164.770402169,-273965.02001648553,-132814.94311206506,66661.95405211466,4020384.8072736184,-0.061882725,-0.03,0.0150574820476038
202301,NRP-S,2025-12-01,4020384.8072736184,-248792.3674226913,-120611.54421820855,60536.87205998157,3650980.8956327187,-0.061882725,-0.03,0.0150574820476038
202301,NRP-S,2026-01-01,3650980.8956327187,-225932.64674469322,-109529.42686898155,54974.579292134105,3315518.822019044,-0.061882725,-0.03,0.0150574820476038
202301,NRP-S,2026-02-01,3315518.822019044,-205173.33949532843,-99465.56466057131,49923.365141044254,3010879.917863144,-0.061882725,-0.03,0.0150574820476038
202301,NRP-S,2026-03-01,3010879.917863144,-186321.45396514752,-90326.39753589431,45336.270310715096,2734232.066362102,-0.061882725,-0.03,0.0150574820476038
202301,NRP-S,2026-04-01,2734232.066362102,-169201.73104886772,-82026.96199086306,41170.65025322999,2483003.3733223714,-0.061882725,-0.03,0.0150574820476038
202301,NRP-S,2026-05-01,2483003.3733223714,-153655.01492538064,-74490.10119967115,37387.778717941284,2254858.2571973195,-0.061882725,-0.03,0.0150574820476038
202301,NRP-S,2026-06-01,2254858.2571973195,-139536.773444121,-67645.74771591958,33952.48772763983,2047675.7360372792,-0.061882725,-0.03,0.0150574820476038
202301,NRP-S,2026-07-01,2047675.7360372792,-126715.75446236753,-61430.272081118375,30832.84063469523,1859529.7094937933,-0.061882725,-0.03,0.0150574820476038
202301,NRP-S,2026-08-01,1859529.7094937933,-115072.7656419343,-55785.8912848138,27999.835217688702,1688671.0525670452,-0.061882725,-0.03,0.0150574820476038
202301,NRP-S,2026-09-01,1688671.0525670452,-104499.566361467,-50660.13157701136,25427.134058336494,1533511.354628567,-0.061882725,-0.03,0.0150574820476038
202301,NRP-S,2026-10-01,1533511.354628567,-94897.86144285709,-46005.34063885701,23090.81969211623,1392608.1525468526,-0.061882725,-0.03,0.0150574820476038
202301,NRP-S,2026-11-01,1392608.1525468526,-86178.38733681492,-41778.244576405574,20969.172256320926,1264651.520633632,-0.061882725,-0.03,0.0150574820476038
202301,NRP-S,2026-12-01,1264651.520633632,-78260.08227220288,-37939.54561900896,19042.467568415763,1148451.89274242,-0.061882725,-0.03,0.0150574820476038
202301,NRP-S,2027-01-01,1148451.89274242,-71069.33265430867,-34453.5567822726,17292.793757505595,1042929.0033058387,-0.061882725,-0.03,0.0150574820476038
202301,NRP-S,2027-02-01,1042929.0033058387,-64539.2887060993,-31287.870099175158,15703.88474420299,947101.8445005643,-0.061882725,-0.03,0.0150574820476038
202301,NRP-S,2027-03-01,947101.8445005643,-58609.24299022118,-28413.05533501693,14260.969020819692,860079.5461753262,-0.061882725,-0.03,0.0150574820476038
202301,NRP-S,2027-04-01,860079.5461753262,-53224.06603409252,-25802.386385259786,12950.632326046198,781053.0937559739,-0.061882725,-0.03,0.0150574820476038
202301,NRP-S,2027-05-01,781053.0937559739,-48333.693811300145,-23431.592812679213,11760.692937455984,709287.8071319945,-0.061882725,-0.03,0.0150574820476038
202301,NRP-S,2027-06-01,709287.8071319945,-43892.662314602254,-21278.634213959835,10680.088422474273,644116.5106034324,-0.061882725,-0.03,0.0150574820476038
202301,NRP-S,2027-07-01,644116.5106034324,-39859.68489363179,-19323.49531810297,9698.772794976387,584933.3303916976,-0.061882725,-0.03,0.0150574820476038
202301,NRP-S,2027-08-01,584933.3303916976,-36197.268427963565,-17547.99991175093,8807.623121418088,531188.0620519831,-0.061882725,-0.03,0.0150574820476038
202301,NRP-S,2027-09-01,531188.0620519831,-32871.3647672458,-15935.641861559492,7998.354708249189,482381.0554231778,-0.061882725,-0.03,0.0150574820476038
202301,NRP-S,2027-10-01,482381.0554231778,-29851.05419796227,-14471.431662695333,7263.444082138673,438058.5695625202,-0.061882725,-0.03,0.0150574820476038
202301,NRP-S,2027-11-01,438058.5695625202,-27108.257994130807,-13141.757086875605,6596.059046986648,397808.5544815138,-0.061882725,-0.03,0.0150574820476038
202301,NRP-S,2027-12-01,397808.5544815138,-24617.477379627035,-11934.256634445414,5989.995167488612,361256.82046744134,-0.061882725,-0.03,0.0150574820476038
202404,NON PRIME,2025-10-01,1439613.0899999996,-129378.62007927995,-31833.672638049382,29336.792878272157,1278400.7972826704,-0.089870411,-0.0221126585046885,0.0203782482127001
202404,NON PRIME,2025-11-01,1278400.7972826704,-114890.40507452127,-28268.8402624332,26051.56876233996,1135241.551945716,-0.089870411,-0.0221126585046885,0.0203782482127001
202404,NON PRIME,2025-12-01,1135241.551945716,-102024.62485763934,-25103.208758508204,23134.23412692067,1008113.7183295684,-0.089870411,-0.0221126585046885,0.0203782482127001
202404,NON PRIME,2026-01-01,1008113.7183295684,-90599.59420101655,-22292.074387313478,20543.59157874798,895222.0497412384,-0.089870411,-0.0221126585046885,0.0203782482127001
202404,NON PRIME,2026-02-01,895222.0497412384,-80453.97354650754,-19795.739471795267,18243.05713510911,794972.3367229355,-0.089870411,-0.0221126585046885,0.0203782482127001
202404,NON PRIME,2026-03-01,794972.3367229355,-71444.49063492061,-17578.95180262851,16200.143599970183,705948.8942853864,-0.089870411,-0.0221126585046885,0.0203782482127001
202404,NON PRIME,2026-04-01,705948.8942853864,-63443.91727442323,-15610.406821095194,14386.001793228786,626894.5701898681,-0.089870411,-0.0221126585046885,0.0203782482127001
202404,NON PRIME,2026-05-01,626894.5701898681,-56339.272676631794,-13862.30554905203,12775.013154523076,556692.9919641842,-0.089870411,-0.0221126585046885,0.0203782482127001
202404,NON PRIME,2026-06-01,556692.9919641842,-50030.22798864093,-12309.962023257305,11344.427968516808,494352.801952286,-0.089870411,-0.0221126585046885,0.0203782482127001
202404,NON PRIME,2026-07-01,494352.801952286,-44427.689490453544,-10931.454690406807,10074.044102827458,438993.6577714257,-0.089870411,-0.0221126585046885,0.0203782482127001
202404,NON PRIME,2026-08-01,438993.6577714257,-39452.54045031137,-9707.316840023628,8945.921721867235,389833.8004810907,-0.089870411,-0.0221126585046885,0.0203782482127001
202404,NON PRIME,2026-09-01,389833.8004810907,-35034.52387092762,-8620.26170362323,7944.129947903873,346179.0149065398,-0.089870411,-0.0221126585046885,0.0203782482127001
202404,NON PRIME,2026-10-01,346179.0149065398,-31111.25034922586,-7654.938338117785,7054.521891793476,307412.82621919614,-0.089870411,-0.0221126585046885,0.0203782482127001
202404,NON PRIME,2026-11-01,307412.82621919614,-27627.31703899073,-6797.714846146236,6264.53487646242,272987.7943340592,-0.089870411,-0.0221126585046885,0.0203782482127001
202404,NON PRIME,2026-12-01,272987.7943340592,-24533.52527478537,-6036.485872057188,5563.013031976983,242417.7831872166,-0.089870411,-0.0221126585046885,0.0203782482127001
202404,NON PRIME,2027-01-01,242417.7831872166,-21786.185808744045,-5360.5016550825385,4940.049756961617,215271.09572339003,-0.089870411,-0.0221126585046885,0.0203782482127001
202404,NON PRIME,2027-02-01,215271.09572339003,-19346.501849081404,-4760.216225661433,4386.847821671165,191164.3776486472,-0.089870411,-0.0221126585046885,0.0203782482127001
202404,NON PRIME,2027-03-01,191164.3776486472,-17180.021187843136,-4227.152601205843,3895.5951371504716,169757.20385959823,-0.089870411,-0.0221126585046885,0.0203782482127001
202404,NON PRIME,2027-04-01,169757.20385959823,-15256.149681072879,-3753.783077658084,3459.354436144824,150747.27110086725,-0.089870411,-0.0221126585046885,0.0203782482127001
202404,NON PRIME,2027-05-01,150747.27110086725,-13547.719210963362,-3333.422926367175,3071.965307880665,133866.12896353673,-0.089870411,-0.0221126585046885,0.0203782482127001
202404,NON PRIME,2027-06-01,133866.12896353673,-12030.60402893205,-2960.135995115278,2727.9572032922733,118875.38893948939,-0.089870411,-0.0221126585046885,0.0203782482127001
202404,NON PRIME,2027-07-01,118875.38893948939,-10683.380061776765,-2628.650880230953,2422.472182190179,105563.35799748167,-0.089870411,-0.0221126585046885,0.0203782482127001
202404,NON PRIME,2027-08-01,105563.35799748167,-9487.022369773815,-2334.2864860064897,2151.1963114388013,93742.04914170137,-0.089870411,-0.0221126585046885,0.0203782482127001
202404,NON PRIME,2027-09-01,93742.04914170137,-8424.636484346898,-2072.88592020017,1910.2987453767207,83244.52673715429,-0.089870411,-0.0221126585046885,0.0203782482127001
202404,NON PRIME,2027-10-01,83244.52673715429,-7481.219831368545,-1840.7577921231039,1696.37762819848,73922.54911366264,-0.089870411,-0.0221126585046885,0.0203782482127001
202404,NON PRIME,2027-11-01,73922.54911366264,-6643.449871012546,-1634.6240843464855,1506.4120543537308,65644.4751583036,-0.089870411,-0.0221126585046885,0.0203782482127001
202404,NON PRIME,2027-12-01,65644.4751583036,-5899.495962356034,-1451.573861895075,1337.7194085683363,58293.405334052484,-0.089870411,-0.0221126585046885,0.0203782482127001
202404,NRP-L,2025-10-01,312423.2,-21247.939947630402,-4559.4042925464155,4071.5191508889425,286615.85575982323,-0.068010122,-0.0145936802790139,0.0130320640429038
202404,NRP-L,2025-11-01,286615.85575982323,-19492.779317359982,-4182.780161854825,3735.196187973694,262940.29628060845,-0.068010122,-0.0145936802790139,0.0130320640429038
202404,NRP-L,2025-12-01,262940.29628060845,-17882.60162876033,-3837.2666163883873,3426.654780588989,241220.4280354597,-0.068010122,-0.0145936802790139,0.0130320640429038
202404,NRP-L,2026-01-01,241220.4280354597,-16405.430739583837,-3520.29380351638,3143.6000666147784,221294.70349235952,-0.068010122,-0.0145936802790139,0.0130320640429038
202404,NRP-L,2026-02-01,221294.70349235952,-15050.279782469199,-3229.5041502066756,2883.9267482678365,203014.91955968362,-0.068010122,-0.0145936802790139,0.0130320640429038
202404,NRP-L,2026-03-01,203014.91955968362,-13807.069447074271,-2962.734827923748,2645.7034333667602,186245.11528468563,-0.068010122,-0.0145936802790139,0.0130320640429038
202404,NRP-L,2026-04-01,186245.11528468563,-12666.553012415536,-2718.001665992787,2427.1582700680246,170860.56060627731,-0.068010122,-0.0145936802790139,0.0130320640429038
202404,NRP-L,2026-05-01,170860.56060627731,-11620.247571821315,-2493.4843937810883,2226.665768227452,156746.8286406749,-0.068010122,-0.0145936802790139,0.0130320640429038
202404,NRP-L,2026-06-01,156746.8286406749,-10660.370938965396,-2287.5131019313885,2042.734709367343,143798.94459977813,-0.068010122,-0.0145936802790139,0.0130320640429038
202404,NRP-L,2026-07-01,143798.94459977813,-9779.783765702152,-2098.5558219487943,1873.997055326284,131920.60501212717,-0.068010122,-0.0145936802790139,0.0130320640429038
202404,NRP-L,2026-08-01,131920.60501212717,-8971.936441188582,-1925.2071317610626,1719.1977730966573,121023.46143917752,-0.068010122,-0.0145936802790139,0.0130320640429038
202404,NRP-L,2026-09-01,121023.46143917752,-8230.82037734076,-1766.1777025029241,1577.18550016926,111026.46335933384,-0.068010122,-0.0145936802790139,0.0130320640429038
202404,NRP-L,2026-10-01,111026.46335933384,-7550.923318296825,-1620.2847087757696,1446.9039809559506,101855.25533226124,-0.068010122,-0.0145936802790139,0.0130320640429038
202404,NRP-L,2026-11-01,101855.25533226124,-6927.188341488238,-1486.4430310563462,1327.3842105963472,93441.62395971666,-0.068010122,-0.0145936802790139,0.0130320640429038
202404,NRP-L,2026-12-01,93441.62395971666,-6354.976245378453,-1363.6571848199496,1217.7372277159616,85722.99052951825,-0.068010122,-0.0145936802790139,0.0130320640429038
202404,NRP-L,2027-01-01,85722.99052951825,-5830.0310441173815,-1251.0139163487258,1117.1475025299178,78641.94556905214,-0.068010122,-0.0145936802790139,0.0130320640429038
202404,NRP-L,2027-02-01,78641.94556905214,-5348.448312468596,-1147.6754101543609,1024.8668711144421,72145.82184642919,-0.068010122,-0.0145936802790139,0.0130320640429038
202404,NRP-L,2027-03-01,72145.82184642919,-4906.646145565915,-1052.8730574934839,940.2089707305933,66186.30264336978,-0.068010122,-0.0145936802790139,0.0130320640429038
202404,NRP-L,2027-04-01,66186.30264336978,-4501.338517504501,-965.9017396273912,862.5441348114081,60719.062386237885,-0.068010122,-0.0145936802790139,0.0130320640429038
202404,NRP-L,2027-05-01,60719.062386237885,-4129.51084061365,-886.1145833062545,791.2947096425233,55703.43696231798,-0.068010122,-0.0145936802790139,0.0130320640429038
202404,NRP-L,2027-06-01,55703.43696231798,-3788.3975436265555,-812.9181494702739,725.9307579027826,51102.121269221156,-0.068010122,-0.0145936802790139,0.0130320640429038
202404,NRP-L,2027-07-01,51102.121269221156,-3475.461501978526,-745.7680193824095,665.9661171087265,46880.891747860216,-0.068010122,-0.0145936802790139,0.0130320640429038
202404,NRP-L,2027-08-01,46880.891747860216,-3188.375167240767,-684.1647453633332,610.9547836465546,43008.351835256115,-0.068010122,-0.0145936802790139,0.0130320640429038
202404,NRP-L,2027-09-01,43008.351835256115,-2925.0032553346928,-627.6501360110684,560.4875954967969,39455.698443910354,-0.068010122,-0.0145936802790139,0.0130320640429038
202404,NRP-L,2027-10-01,39455.698443910354,-2683.3868647655536,-575.803848275614,514.1891889785395,36196.50773086918,-0.068010122,-0.0145936802790139,0.0130320640429038
202404,NRP-L,2027-11-01,36196.50773086918,-2461.7289067503566,-528.2402610411598,471.7152068781497,33206.538563077665,-0.068010122,-0.0145936802790139,0.0130320640429038
202404,NRP-L,2027-12-01,33206.538563077665,-2258.380738872617,-484.6056069623011,432.74973719718287,30463.552217242748,-0.068010122,-0.0145936802790139,0.0130320640429038
202404,NRP-M,2025-10-01,2980564.9000000004,-137008.55967511373,-43089.04092071094,43066.65947594429,2800467.2994041755,-0.045967313,-0.0144566692443808,0.0144491601159043
202404,NRP-M,2025-11-01,2800467.2994041755,-128729.95689797646,-40485.429477190504,40464.400408445035,2631251.9130290085,-0.045967313,-0.0144566692443808,0.0144491601159043
202404,NRP-M,2025-12-01,2631251.9130290085,-120951.58026805322,-38039.138605304615,38019.38019663564,2472261.1941556507,-0.045967313,-0.0144566692443808,0.0144491601159043
202404,NRP-M,2026-01-01,2472261.1941556507,-113643.20412950657,-35740.662369626145,35722.097842691765,2322877.327656518,-0.045967313,-0.0144566692443808,0.0144491601159043
202404,NRP-M,2026-02-01,2322877.327656518,-106776.42918099073,-33581.06922120145,33563.62643691293,2182519.829254326,-0.045967313,-0.0144566692443808,0.0144491601159043
202404,NRP-M,2026-03-01,2182519.829254326,-100324.57212004016,-31551.96729083225,31535.57846903187,2050643.2898434536,-0.045967313,-0.0144566692443808,0.0144491601159043
202404,NRP-M,2026-04-01,2050643.2898434536,-94262.56195558376,-29645.47177947572,29630.07323555281,1926735.2561083941,-0.045967313,-0.0144566692443808,0.0144491601159043
202404,NRP-M,2026-05-01,1926735.2561083941,-88566.84258566971,-27854.174319046386,27839.706216468065,1810314.2392036782,-0.045967313,-0.0144566692443808,0.0144491601159043
202404,NRP-M,2026-06-01,1810314.2392036782,-83215.28126183235,-26171.114184560443,26157.52030235542,1700927.8437572853,-0.045967313,-0.0144566692443808,0.0144491601159043
202404,NRP-M,2026-07-01,1700927.8437572853,-78187.08258440623,-24589.7512457569,24576.978760048867,1598151.0099271222,-0.045967313,-0.0144566692443808,0.0144491601159043
202404,NRP-M,2026-08-01,1598151.0099271222,-73462.70769458613,-23103.940553089542,23091.93983183115,1501584.3616794464,-0.045967313,-0.0144566692443808,0.0144491601159043
202404,NRP-M,2026-09-01,1501584.3616794464,-69023.79834922432,-21707.90845933443,21696.632869444275,1410852.6548708878,-0.045967313,-0.0144566692443808,0.0144491601159043
202404,NRP-M,2026-10-01,1410852.6548708878,-64853.105583331075,-20396.230184024964,20385.635910178124,1325603.3191035318,-0.045967313,-0.0144566692443808,0.0144491601159043
202404,NRP-M,2026-11-01,1325603.3191035318,-60934.42268307093,-19163.808733533137,19153.85460790111,1245505.0876869278,-0.045967313,-0.0144566692443808,0.0144491601159043
202404,NRP-M,2026-12-01,1245505.0876869278,-57252.522208797454,-18005.85509488342,17996.502437161842,1170246.710383247,-0.045967313,-0.0144566692443808,0.0144491601159043
202404,NRP-M,2027-01-01,1170246.710383247,-53793.09682340706,-16917.86962633529,16909.08209343782,1099535.7439335044,-0.045967313,-0.0144566692443808,0.0144491601159043
202404,NRP-M,2027-02-01,1099535.7439335044,-50542.703696079254,-15895.624572420857,15887.368017255156,1033097.4156650043,-0.045967313,-0.0144566692443808,0.0144491601159043
202404,NRP-M,2027-03-01,1033097.4156650043,-47488.71226536436,-14935.147635493555,14927.389974270585,970673.5557641464,-0.045967313,-0.0144566692443808,0.0144491601159043
202404,NRP-M,2027-04-01,970673.5557641464,-44619.255158633474,-14032.706539949288,14025.417627510311,912021.5940655636,-0.045967313,-0.0144566692443808,0.0144491601159043
202404,NRP-M,2027-05-01,912021.5940655636,-41923.182077170706,-13184.794529138784,13177.946041815603,856913.6174592541,-0.045967313,-0.0144566692443808,0.0144491601159043
202404,NRP-M,2027-06-01,856913.6174592541,-39390.0164677118,-12388.116738614293,12381.682064167528,805135.484252928,-0.045967313,-0.0144566692443808,0.0144491601159043
202404,NRP-M,2027-07-01,805135.484252928,-37009.91481206092,-11639.577392758947,11633.531526966703,756485.9920481083,-0.045967313,-0.0144566692443808,0.0144491601159043
202404,NRP-M,2027-08-01,756485.9920481083,-34773.6283765909,-10936.267775046785,10930.587224541823,710776.0958964706,-0.045967313,-0.0144566692443808,0.0144491601159043
202404,NRP-M,2027-09-01,710776.0958964706,-32672.46727299108,-10275.454925187565,10270.117616165453,667828.173698292,-0.045967313,-0.0144566692443808,0.0144491601159043
202404,NRP-M,2027-10-01,667828.173698292,-30698.266690607757,-9654.571019235096,9649.55621167857,627475.3359884492,-0.045967313,-0.0144566692443808,0.0144491601159043
202404,NRP-M,2027-11-01,627475.3359884492,-28843.35516916121,-9071.203391391722,9066.491598477949,589560.7774278963,-0.045967313,-0.0144566692443808,0.0144491601159043
202404,NRP-M,2027-12-01,589560.7774278963,-27100.524788551444,-8523.085158735103,8518.65807111269,553937.1674806097,-0.045967313,-0.0144566692443808,0.0144491601159043
202404,NRP-S,2025-10-01,1135465.04,-54177.73353804196,-18420.506499495397,17843.036354173193,1062866.7999624626,-0.0477141361728248,-0.0162228741974261,0.0157142983056292
202404,NRP-S,2025-11-01,1062866.7999624626,-50713.77122698348,-17242.754384411885,16702.205953759658,994910.2743510673,-0.0477141361728248,-0.0162228741974261,0.0157142983056292
202404,NRP-S,2025-12-01,994910.2743510673,-47471.284310129304,-16140.304218524052,15634.31683848806,931298.6858224139,-0.0477141361728248,-0.0162228741974261,0.0157142983056292
202404,NRP-S,2026-01-01,931298.6858224139,-44436.11231290344,-15108.341420325276,14634.70536065386,871754.2320891852,-0.0477141361728248,-0.0162228741974261,0.0157142983056292
202404,NRP-S,2026-02-01,871754.2320891852,-41595.000139139695,-14142.359238256648,13699.006052244167,816016.8727117887,-0.0477141361728248,-0.0162228741974261,0.0157142983056292
202404,NRP-S,2026-03-01,816016.8727117887,-38935.54018389293,-13238.139068980418,12823.132560219701,763843.1934589153,-0.0477141361728248,-0.0162228741974261,0.0157142983056292
202404,NRP-S,2026-04-01,763843.1934589153,-36446.11814738405,-12391.732034044191,12003.259800737831,715005.3432774871,-0.0477141361728248,-0.0162228741974261,0.0157142983056292
202404,NRP-S,2026-05-01,715005.3432774871,-34115.862313439364,-11599.441734478138,11235.80725438124,669290.0392295696,-0.0477141361728248,-0.0162228741974261,0.0157142983056292
202404,NRP-S,2026-06-01,669290.0392295696,-31934.596070914937,-10857.808108011688,10517.423329439727,626497.635050643,-0.0477141361728248,-0.0162228741974261,0.0157142983056292
202404,NRP-S,2026-07-01,626497.635050643,-29892.793470759076,-10163.59231841155,9844.97072495702,586441.2492614724,-0.0477141361728248,-0.0162228741974261,0.0157142983056292
202404,NRP-S,2026-08-01,586441.2492614724,-27981.537624623383,-9513.762610950269,9215.512729620626,548945.9490258987,-0.0477141361728248,-0.0162228741974261,0.0157142983056292
202404,NRP-S,2026-09-01,548945.9490258987,-26192.48176334227,-8905.481072233835,8626.300396659693,513847.9861903226,-0.0477141361728248,-0.0162228741974261,0.0157142983056292
202404,NRP-S,2026-10-01,513847.9861903226,-24517.81278521685,-8336.091236566348,8074.760538741563,480994.0821685394,-0.0477141361728248,-0.0162228741974261,0.0157142983056292
202404,NRP-S,2026-11-01,480994.0821685394,-22950.21713491257,-7803.106484726648,7558.484490438751,450240.7585489002,-0.0477141361728248,-0.0162228741974261,0.0157142983056292
202404,NRP-S,2026-12-01,450240.7585489002,-21482.848863958156,-7304.199184492509,7075.217589190188,421453.7105004495,-0.0477141361728248,-0.0162228741974261,0.0157142983056292
202404,NRP-S,2027-01-01,421453.7105004495,-20109.29973336073,-6837.190525487233,6622.849328818354,394507.2202416016,-0.0477141361728248,-0.0162228741974261,0.0157142983056292
202404,NRP-S,2027-02-01,394507.2202416016,-18823.57122777036,-6400.041003955775,6199.404142601085,369283.60800987546,-0.0477141361728248,-0.0162228741974261,0.0157142983056292
202404,NRP-S,2027-03-01,369283.60800987546,-17620.04835897525,-5990.841515915823,5803.032775646224,345672.7181349844,-0.0477141361728248,-0.0162228741974261,0.0157142983056292
202404,NRP-S,2027-04-01,345672.7181349844,-16493.47514432313,-5607.805019786184,5432.004208890825,323571.43797087506,-0.0477141361728248,-0.0162228741974261,0.0157142983056292
202404,NRP-S,2027-05-01,323571.43797087506,-15438.931652979067,-5249.258732081769,5084.698099455726,302883.2475858142,-0.0477141361728248,-0.0162228741974261,0.0157142983056292
202404,NRP-S,2027-06-01,302883.2475858142,-14451.812519776948,-4913.636822092527,4759.59770434123,283517.79824394477,-0.0477141361728248,-0.0162228741974261,0.0157142983056292
202404,NRP-S,2027-07-01,283517.79824394477,-13527.80683283105,-4599.473573642751,4455.283256560543,265390.517837471,-0.0477141361728248,-0.0162228741974261,0.0157142983056292
202404,NRP-S,2027-08-01,265390.517837471,-12662.87930707358,-4305.39698406706,4170.4257647834265,248422.24154633036,-0.0477141361728248,-0.0162228741974261,0.0157142983056292
202404,NRP-S,2027-09-01,248422.24154633036,-11853.25266149998,-4030.122772448717,3903.7812094121073,232538.86611238166,-0.0477141361728248,-0.0162228741974261,0.0157142983056292
202404,NRP-S,2027-10-01,232538.86611238166,-11095.391123160452,-3772.448770953279,3654.1851097427348,217671.0262182679,-0.0477141361728248,-0.0162228741974261,0.0157142983056292
202404,NRP-S,2027-11-01,217671.0262182679,-10385.984985856952,-3531.249674763599,3420.547438486297,203753.79155764738,-0.0477141361728248,-0.0162228741974261,0.0157142983056292
202404,NRP-S,2027-12-01,203753.79155764738,-9721.936156110947,-3305.4721276882938,3201.8478614398637,190726.38327384813,-0.0477141361728248,-0.0162228741974261,0.0157142983056292
202405,NON PRIME,2025-10-01,1749500.3,-103641.37019033983,-38184.252163052544,35767.55791250493,1607674.6776466076,-0.059240555826335,-0.0218258048672827,0.0204444422858944
202405,NON PRIME,2025-11-01,1607674.6776466076,-95239.54149170898,-35088.79380438648,32868.01216163995,1477346.3423505123,-0.059240555826335,-0.0218258048672827,0.0204444422858944
202405,NON PRIME,2025-12-01,1477346.3423505123,-87518.81846884734,-32244.272989536108,30203.522032462235,1357583.2508921288,-0.059240555826335,-0.0218258048672827,0.0204444422858944
202405,NON PRIME,2026-01-01,1357583.2508921288,-80423.98636337252,-29630.347125062897,27755.032421161024,1247528.9174036933,-0.059240555826335,-0.0218258048672827,0.0204444422858944
202405,NON PRIME,2026-02-01,1247528.9174036933,-73904.30647642077,-27228.32271754545,25505.03295184413,1146396.288209727,-0.059240555826335,-0.0218258048672827,0.0204444422858944
202405,NON PRIME,2026-03-01,1146396.288209727,-67913.15331079156,-25021.02168704268,23437.432751067325,1053462.1132118928,-0.059240555826335,-0.0218258048672827,0.0204444422858944
202405,NON PRIME,2026-04-01,1053462.1132118928,-62407.681128657976,-22992.65851803805,21537.445373936895,968061.7735651967,-0.059240555826335,-0.0218258048672827,0.0204444422858944
202405,NON PRIME,2026-05-01,968061.7735651967,-57348.51754022991,-21128.727369309592,19791.483058834234,889584.5286556571,-0.059240555826335,-0.0218258048672827,0.0204444422858944
202405,NON PRIME,2026-06-01,889584.5286556571,-52699.481932069364,-19415.898335392027,18187.059554525153,817469.1483881957,-0.059240555826335,-0.0218258048672827,0.0204444422858944
202405,NON PRIME,2026-07-01,817469.1483881957,-48427.32672139744,-17841.922117744525,16712.70082472171,751199.8995490536,-0.059240555826335,-0.0218258048672827,0.0204444422858944
202405,NON PRIME,2026-08-01,751199.8995490536,-44501.49958597295,-16395.54242388001,15357.862991500297,690302.8575392007,-0.059240555826335,-0.0218258048672827,0.0204444422858944
202405,NON PRIME,2026-09-01,690302.8575392007,-40893.92496912959,-15066.415467978244,14112.856930748172,634342.5171020929,-0.059240555826335,-0.0218258048672827,0.0204444422858944
202405,NON PRIME,2026-10-01,634342.5171020929,-37578.803297404396,-13845.03599729122,12968.778980382718,582918.6778073972,-0.059240555826335,-0.0218258048672827,0.0204444422858944
202405,NON PRIME,2026-11-01,582918.6778073972,-34532.4264748625,-12722.669315318686,11917.447265803205,535663.582017216,-0.059240555826335,-0.0218258048672827,0.0204444422858944
202405,NON PRIME,2026-12-01,535663.582017216,-31733.00833462546,-11691.28881561744,10951.343187206434,492239.2848669731,-0.059240555826335,-0.0218258048672827,0.0204444422858944
202405,NON PRIME,2027-01-01,492239.2848669731,-29160.528835077137,-10743.518579517338,10063.557650312763,452335.2374523787,-0.059240555826335,-0.0218258048672827,0.0204444422858944
202405,NON PRIME,2027-02-01,452335.2374523787,-26796.590886516136,-9872.580627231602,9247.741655971495,415666.0659386309,-0.059240555826335,-0.0218258048672827,0.0204444422858944
202405,NON PRIME,2027-03-01,415666.0659386309,-24624.28878435051,-9072.246445127623,8498.060895287115,381969.53070915275,-0.059240555826335,-0.0218258048672827,0.0204444422858944
202405,NON PRIME,2027-04-01,381969.53070915275,-22628.087307934544,-8336.792442505515,7809.154025553442,351004.6509587127,-0.059240555826335,-0.0218258048672827,0.0204444422858944
202405,NON PRIME,2027-05-01,351004.6509587127,-20793.71062042285,-7660.959019333537,7176.094328605909,322549.9813189563,-0.059240555826335,-0.0218258048672827,0.0204444422858944
202405,NON PRIME,2027-06-01,322549.9813189563,-19108.04017510894,-7039.912952213221,6594.354477391718,296402.02819163416,-0.059240555826335,-0.0218258048672827,0.0204444422858944
202405,NON PRIME,2027-07-01,296402.02819163416,-17559.020898125425,-6469.212829577434,6059.774158785909,272373.7944639313,-0.059240555826335,-0.0218258048672827,0.0204444422858944
202405,NON PRIME,2027-08-01,272373.7944639313,-16135.574976571217,-5944.77728893113,5568.530321107906,250293.44219842894,-0.059240555826335,-0.0218258048672827,0.0204444422858944
202405,NON PRIME,2027-09-01,250293.44219842894,-14827.522635521582,-5462.855828983412,5117.109833563626,230003.06373392395,-0.059240555826335,-0.0218258048672827,0.0204444422858944
202405,NON PRIME,2027-10-01,230003.06373392395,-13625.50933735761,-5020.001987933811,4702.284362087099,211357.55240863253,-0.059240555826335,-0.0218258048672827,0.0204444422858944
202405,NON PRIME,2027-11-01,211357.55240863253,-12520.938882781122,-4613.04869609729,4321.087281906189,194223.56482975412,-0.059240555826335,-0.0218258048672827,0.0204444422858944
202405,NON PRIME,2027-12-01,194223.56482975412,-11505.911935086844,-4239.085626602245,3970.792461722577,178478.56726806503,-0.059240555826335,-0.0218258048672827,0.0204444422858944
202405,NRP-L,2025-10-01,474179.94,-15105.570660393138,-5878.580864053446,6115.0406409045245,453195.7884755534,-0.0318561992740417,-0.012397363043349,0.0128960340264595
202405,NRP-L,2025-11-01,453195.7884755534,-14437.09534783368,-5618.432719448236,5844.4283088288785,433140.26040827145,-0.0318561992740417,-0.012397363043349,0.0128960340264595
202405,NRP-L,2025-12-01,433140.26040827145,-13798.20244917621,-5369.7970569720665,5585.791536454597,413972.2609021232,-0.0318561992740417,-0.012397363043349,0.0128960340264595
202405,NRP-L,2026-01-01,413972.2609021232,-13187.582837223617,-5132.164408279612,5338.60036260415,395652.51365661994,-0.0318561992740417,-0.012397363043349,0.0128960340264595
202405,NRP-L,2026-02-01,395652.51365661994,-12603.98531832079,-4905.047850814715,5102.348278770003,378143.4804874844,-0.0318561992740417,-0.012397363043349,0.0128960340264595
202405,NRP-L,2026-03-01,378143.4804874844,-12046.214068589003,-4687.982010078903,4876.5511912504235,361409.28440881654,-0.0318561992740417,-0.012397363043349,0.0128960340264595
202405,NRP-L,2026-04-01,361409.28440881654,-11513.126183616072,-4480.52210605307,4660.746429214477,345415.6361191474,-0.0318561992740417,-0.012397363043349,0.0128960340264595
202405,NRP-L,2026-05-01,345415.6361191474,-11003.629336581436,-4282.243041818404,4454.4917966636785,330129.7637407476,-0.0318561992740417,-0.012397363043349,0.0128960340264595
202405,NRP-L,2026-06-01,330129.7637407476,-10516.679540017562,-4092.738532509081,4257.364666347717,315520.34566822095,-0.0318561992740417,-0.012397363043349,0.0128960340264595
202405,NRP-L,2026-07-01,315520.34566822095,-10051.279006621367,-3911.620272811904,4068.9611137776405,301557.44638878765,-0.0318561992740417,-0.012397363043349,0.0128960340264595
202405,NRP-L,2026-08-01,301557.44638878765,-9606.474104732366,-3738.5171413070534,3888.895089562042,288212.4551427482,-0.0318561992740417,-0.012397363043349,0.0128960340264595
202405,NRP-L,2026-09-01,288212.4551427482,-9181.353404288191,-3573.0744400195877,3716.797628370313,275458.0272984404,-0.0318561992740417,-0.012397363043349,0.0128960340264595
202405,NRP-L,2026-10-01,275458.0272984404,-8775.045809253535,-3414.9531676235047,3552.3160929020974,263268.0283215634,-0.0318561992740417,-0.012397363043349,0.0128960340264595
202405,NRP-L,2026-11-01,263268.0283215634,-8386.718772695778,-3263.8293248091077,3395.113451313785,251617.4802240585,-0.0318561992740417,-0.012397363043349,0.0128960340264595
202405,NRP-L,2026-12-01,251617.4802240585,-8015.576590849854,-3119.3932503903407,3244.867586621459,240482.51038281832,-0.0318561992740417,-0.012397363043349,0.0128960340264595
202405,NRP-L,2027-01-01,240482.51038281832,-7660.858772676863,-2981.3489867917438,3101.270636665225,229840.3026233497,-0.0318561992740417,-0.012397363043349,0.0128960340264595
202405,NRP-L,2027-02-01,229840.3026233497,-7321.838481575478,-2849.4136736148657,2964.0283632824667,219669.05046815934,-0.0318561992740417,-0.012397363043349,0.0128960340264595
202405,NRP-L,2027-03-01,219669.05046815934,-6997.821046053207,-2723.316968041525,2832.859549397432,209947.91245406462,-0.0318561992740417,-0.012397363043349,0.0128960340264595
202405,NRP-L,2027-04-01,209947.91245406462,-6688.142536305743,-2602.8004908862918,2707.4954227917574,200656.9694268726,-0.0318561992740417,-0.012397363043349,0.0128960340264595
202405,NRP-L,2027-05-01,200656.9694268726,-6392.168403787747,-2487.6172971631204,2587.6791053751926,191777.18372592173,-0.0318561992740417,-0.012397363043349,0.0128960340264595
202405,NRP-L,2027-06-01,191777.18372592173,-6109.29218098747,-2377.531370081293,2473.1650868280617,183290.36017485295,-0.0318561992740417,-0.012397363043349,0.0128960340264595
202405,NRP-L,2027-07-01,183290.36017485295,-5838.934238740992,-2272.317137433849,2363.718721536921,175179.1087986781,-0.0318561992740417,-0.012397363043349,0.0128960340264595
202405,NRP-L,2027-08-01,175179.1087986781,-5580.540598539721,-2171.759009387545,2259.1157477926035,167426.80919075082,-0.0318561992740417,-0.012397363043349,0.0128960340264595
202405,NRP-L,2027-09-01,167426.80919075082,-5333.5817973975145,-2075.650936727259,2159.141828265465,160017.57645662603,-0.0318561992740417,-0.012397363043349,0.0128960340264595
202405,NRP-L,2027-10-01,160017.57645662603,-5097.551802951482,-1983.7959886496485,2063.592110816234,152936.2286650249,-0.0318561992740417,-0.012397363043349,0.0128960340264595
202405,NRP-L,2027-11-01,152936.2286650249,-4871.966976573442,-1896.0059492409514,1972.2708087425517,146168.2557392105,-0.0318561992740417,-0.012397363043349,0.0128960340264595
202405,NRP-L,2027-12-01,146168.2557392105,-4656.365082367379,-1812.1009318120734,1884.9907996010927,139699.78972503103,-0.0318561992740417,-0.012397363043349,0.0128960340264595
202405,NRP-M,2025-10-01,2724042.47,-71101.77521455727,-40205.161413967595,39416.482097209555,2612735.5333714755,-0.0261015663293081,-0.0147593739292793,0.0144698485913142
202405,NRP-M,2025-11-01,2612735.5333714755,-68196.48982523575,-38562.3407153446,37805.8875770318,2505976.7028308953,-0.0261015663293081,-0.0147593739292793,0.0144698485913142
202405,NRP-M,2025-12-01,2505976.7028308953,-65409.91712864143,-36986.64721514362,36261.10346332383,2403580.13848711,-0.0261015663293081,-0.0147593739292793,0.0144698485913142
202405,NRP-M,2026-01-01,2403580.13848711,-62737.20641252885,-35475.33803292018,34779.440680998494,2305367.594041661,-0.0261015663293081,-0.0147593739292793,0.0144698485913142
202405,NRP-M,2026-02-01,2305367.594041661,-60173.70516931584,-34025.78236490383,33358.320033105134,2211168.106507441,-0.0261015663293081,-0.0147593739292793,0.0144698485913142
202405,NRP-M,2026-03-01,2211168.106507441,-57714.95099725457,-32635.4569044398,31995.267711105582,2120817.698605747,-0.0261015663293081,-0.0147593739292793,0.0144698485913142
202405,NRP-M,2026-04-01,2120817.698605747,-55356.66383252846,-31301.941449555787,30687.91098860459,2034159.0933236626,-0.0261015663293081,-0.0147593739292793,0.0144698485913142
202405,NRP-M,2026-05-01,2034159.0933236626,-53094.738498752806,-30022.914690007685,29433.97409103837,1951041.4401349023,-0.0261015663293081,-0.0147593739292793,0.0144698485913142
202405,NRP-M,2026-06-01,1951041.4401349023,-50925.237560909954,-28796.150166470616,28231.27423413164,1871320.0524075218,-0.0261015663293081,-0.0147593739292793,0.0144698485913142
202405,NRP-M,2026-07-01,1871320.0524075218,-48844.38447127924,-27619.51239484115,27077.71782422699,1794856.1555414014,-0.0261015663293081,-0.0147593739292793,0.0144698485913142
202405,NRP-M,2026-08-01,1794856.1555414014,-46848.55699543082,-26490.95314890423,25971.296813872366,1721516.6453970664,-0.0261015663293081,-0.0147593739292793,0.0144698485913142
202405,NRP-M,2026-09-01,1721516.6453970664,-44934.2809068395,-25408.50789489382,24910.08520632269,1651173.856595333,-0.0261015663293081,-0.0147593739292793,0.0144698485913142
202405,NRP-M,2026-10-01,1651173.856595333,-43098.22393914255,-24370.292371740714,23892.235702870814,1583705.3402844495,-0.0261015663293081,-0.0147593739292793,0.0144698485913142
202405,NRP-M,2026-11-01,1583705.3402844495,-41337.189985514015,-23374.499311054708,22915.976487171716,1518993.6509878808,-0.0261015663293081,-0.0147593739292793,0.0144698485913142
202405,NRP-M,2026-12-01,1518993.6509878808,-39648.11353505805,-22419.395291131306,21979.6081409622,1456926.1421616916,-0.0261015663293081,-0.0147593739292793,0.0144698485913142
202405,NRP-M,2027-01-01,1456926.1421616916,-38028.054336536356,-21503.317719506736,21081.500685807183,1397394.7701056483,-0.0261015663293081,-0.0147593739292793,0.0144698485913142
202405,NRP-M,2027-02-01,1397394.7701056483,-36474.19228014082,-20624.671938808548,20220.090745723046,1340295.905886699,-0.0261015663293081,-0.0147593739292793,0.0144698485913142
202405,NRP-M,2027-03-01,1340295.905886699,-34983.82248840176,-19781.92845086393,19393.87882573884,1285530.1549474332,-0.0261015663293081,-0.0147593739292793,0.0144698485913142
202405,NRP-M,2027-04-01,1285530.1549474332,-33554.350607686145,-18973.620254233523,18601.42670165804,1233002.1840855135,-0.0261015663293081,-0.0147593739292793,0.0144698485913142
202405,NRP-M,2027-05-01,1233002.1840855135,-32183.288292089786,-18198.340290536165,17841.3549164771,1182620.5555028876,-0.0261015663293081,-0.0147593739292793,0.0144698485913142
202405,NRP-M,2027-06-01,1182620.5555028876,-30868.24887186181,-17454.73899511912,17112.340379102672,1134297.5676359066,-0.0261015663293081,-0.0147593739292793,0.0144698485913142
202405,NRP-M,2027-07-01,1134297.5676359066,-29606.94319882146,-16741.521947810324,16413.114061187545,1087949.1024892747,-0.0261015663293081,-0.0147593739292793,0.0144698485913142
202405,NRP-M,2027-08-01,1087949.1024892747,-28397.17566153502,-16057.447619663015,15742.45878807598,1043494.4792080767,-0.0261015663293081,-0.0147593739292793,0.0144698485913142
202405,NRP-M,2027-09-01,1043494.4792080767,-27236.840363316427,-15401.325211770569,15099.207120013132,1000856.3136329897,-0.0261015663293081,-0.0147593739292793,0.0144698485913142
202405,NRP-M,2027-10-01,1000856.3136329897,-26123.91745639827,-14772.012582389334,14482.239319930239,959960.3835942021,-0.0261015663293081,-0.0147593739292793,0.0144698485913142
202405,NRP-M,2027-11-01,959960.3835942021,-25056.469625892114,-14168.414258761222,13890.481404268005,920735.4997095488,-0.0261015663293081,-0.0147593739292793,0.0144698485913142
202405,NRP-M,2027-12-01,920735.4997095488,-24032.638717417427,-13589.479530175064,13322.90327344519,883113.3814619563,-0.0261015663293081,-0.0147593739292793,0.0144698485913142
202405,NRP-S,2025-10-01,1006382.04,-51415.46645686589,-16989.57876263225,16398.41969318072,937976.9947805019,-0.0510894117872631,-0.0168818381959919,0.0162944280018955
202405,NRP-S,2025-11-01,937976.9947805019,-47920.6929333206,-15834.775857447172,15283.798608885201,874221.5259897341,-0.0510894117872631,-0.0168818381959919,0.0162944280018955
202405,NRP-S,2025-12-01,874221.5259897341,-44663.46353457906,-14758.466349211818,14244.939712946938,814799.5961059432,-0.0510894117872631,-0.0168818381959919,0.0162944280018955
202405,NRP-S,2026-01-01,814799.5961059432,-41627.63208955219,-13755.314943620084,13276.693354721825,759416.6490727708,-0.0510894117872631,-0.0168818381959919,0.0162944280018955
202405,NRP-S,2026-02-01,759416.6490727708,-38798.14990258226,-12820.348992988878,12374.259911757006,707798.1501771996,-0.0510894117872631,-0.0168818381959919,0.0162944280018955
202405,NRP-S,2026-03-01,707798.1501771996,-36160.991156666045,-11948.933846713859,11533.165997937198,659688.2251738197,-0.0510894117872631,-0.0168818381959919,0.0162944280018955
202405,NRP-S,2026-04-01,659688.2251738197,-33703.08338711402,-11136.749877185493,10749.242288793032,614848.3919095203,-0.0510894117872631,-0.0168818381959919,0.0162944280018955
202405,NRP-S,2026-05-01,614848.3919095203,-31412.242681002008,-10379.771067282336,10018.602854050905,573056.378161236,-0.0510894117872631,-0.0168818381959919,0.0162944280018955
202405,NRP-S,2026-06-01,573056.378161236,-29277.11328119695,-9674.245053299132,9337.625894975261,534105.0198267399,-0.0510894117872631,-0.0168818381959919,0.0162944280018955
202405,NRP-S,2026-07-01,534105.0198267399,-27287.11129557264,-9016.674524382068,8702.935791017782,497801.2340067852,-0.0510894117872631,-0.0168818381959919,0.0162944280018955
202405,NRP-S,2026-08-01,497801.2340067852,-25432.37223238037,-8403.799886267649,8111.386366778295,463965.0618881372,-0.0510894117872631,-0.0168818381959919,0.0162944280018955
202405,NRP-S,2026-09-01,463965.0618881372,-23703.70210170605,-7832.5831033889,7560.045296331242,432428.77668304223,-0.0510894117872631,-0.0168818381959919,0.0162944280018955
202405,NRP-S,2026-10-01,432428.77668304223,-22092.53184062238,-7300.1926392538335,7046.17956760958,403036.052203166,-0.0510894117872631,-0.0168818381959919,0.0162944280018955
202405,NRP-S,2026-11-01,403036.052203166,-20590.874836120416,-6803.989420445193,6567.241934792685,375641.18794660043,-0.0510894117872631,-0.0168818381959919,0.0162944280018955
202405,NRP-S,2026-12-01,375641.18794660043,-19191.287335260564,-6341.513754664691,6120.858291542377,350108.3868566752,-0.0510894117872631,-0.0168818381959919,0.0162944280018955
202405,NRP-S,2027-01-01,350108.3868566752,-17886.831546295092,-5910.473137974128,5704.815902495871,326311.082172406,-0.0510894117872631,-0.0168818381959919,0.0162944280018955
202405,NRP-S,2027-02-01,326311.082172406,-16671.0412478535,-5508.730890793576,5317.052434678876,304131.310033759,-0.0510894117872631,-0.0168818381959919,0.0162944280018955
202405,NRP-S,2027-03-01,304131.310033759,-15537.889735714496,-5134.295566324967,4955.645734467244,283459.12473171955,-0.0510894117872631,-0.0168818381959919,0.0162944280018955
202405,NRP-S,2027-04-01,283459.12473171955,-14481.759948275994,-4785.311078898375,4618.80429942132,264192.0537045452,-0.0510894117872631,-0.0168818381959919,0.0162944280018955
202405,NRP-S,2027-05-01,264192.0537045452,-13497.416622634239,-4460.047503306934,4304.858397761621,246234.589578604,-0.0510894117872631,-0.0168818381959919,0.0162944280018955
202405,NRP-S,2027-06-01,246234.589578604,-12579.980343249024,-4156.892499522466,4012.251791464851,229497.7167358325,-0.0510894117872631,-0.0168818381959919,0.0162944280018955
202405,NRP-S,2027-07-01,229497.7167358325,-11724.90335455361,-3874.3433202839065,3739.534021951431,213898.470060995,-0.0510894117872631,-0.0168818381959919,0.0162944280018955
202405,NRP-S,2027-08-01,213898.470060995,-10927.947017611741,-3610.999361939935,3485.3532201244834,199359.52368144333,-0.0510894117872631,-0.0168818381959919,0.0162944280018955
202405,NRP-S,2027-09-01,199359.52368144333,-10185.160799073888,-3365.5552216201418,3248.4494051194592,185808.8076607493,-0.0510894117872631,-0.0168818381959919,0.0162944280018955
202405,NRP-S,2027-10-01,185808.8076607493,-9492.862688280387,-3136.7942263189498,3027.6482385461286,173179.15074614997,-0.0510894117872631,-0.0168818381959919,0.0162944280018955
202405,NRP-S,2027-11-01,173179.15074614997,-8847.620945438568,-2923.5824018157937,2821.855203262548,161407.9473988956,-0.0510894117872631,-0.0168818381959919,0.0162944280018955
202405,NRP-S,2027-12-01,161407.9473988956,-8246.23709039908,-2724.862851535327,2630.0501778250405,150436.8474569612,-0.0510894117872631,-0.0168818381959919,0.0162944280018955
202405,PRIME,2025-10-01,4824.29,-77.89731383227966,-48.40629921510852,48.60369542417588,4697.986386952612,-0.0161468970215886,-0.0100338701062972,0.0100747872586797
202405,PRIME,2025-11-01,4697.986386952612,-75.85790239894891,-47.138985167835,47.33121339272085,4574.989499385828,-0.0161468970215886,-0.0100338701062972,0.0100747872586797
202405,PRIME,2025-12-01,4574.989499385828,-73.87188432143215,-45.90485037451106,46.092045917005755,4455.212764689885,-0.0161468970215886,-0.0100338701062972,0.0100747872586797
202405,PRIME,2026-01-01,4455.212764689885,-71.93786172071462,-44.70302617681554,44.88532079640481,4338.5718767923545,-0.0161468970215886,-0.0100338701062972,0.0100747872586797
202405,PRIME,2026-02-01,4338.5718767923545,-70.05447331532653,-43.532666658568544,43.71018866517368,4224.984736818459,-0.0161468970215886,-0.0100338701062972,0.0100747872586797
202405,PRIME,2026-03-01,4224.984736818459,-68.22039346319127,-42.392948050324684,42.56582239461481,4114.371395304943,-0.0161468970215886,-0.0100338701062972,0.0100747872586797
202405,PRIME,2026-04-01,4114.371395304943,-66.4343312285587,-41.283068149554566,41.451416510894454,4006.6539959268293,-0.0161468970215886,-0.0100338701062972,0.0100747872586797
202405,PRIME,2026-05-01,4006.6539959268293,-64.69502947336699,-40.20224575600644,40.36618662810172,3901.756720697456,-0.0161468970215886,-0.0100338701062972,0.0100747872586797
202405,PRIME,2026-06-01,3901.756720697456,-63.00126397239305,-39.1497201218504,39.309368896150616,3799.6057366032123,-0.0161468970215886,-0.0100338701062972,0.0100747872586797
202405,PRIME,2026-07-01,3799.6057366032123,-61.35184255156936,-38.124750416218326,38.28021946313633,3700.1291436354245,-0.0161468970215886,-0.0100338701062972,0.0100747872586797
202405,PRIME,2026-08-01,3700.1291436354245,-59.74560424886001,-37.12661520376255,37.2780139517676,3603.256924182802,-0.0161468970215886,-0.0100338701062972,0.0100747872586797
202405,PRIME,2026-09-01,3603.256924182802,-58.18141849710578,-36.15461193686621,36.3020469495063,3508.9208937488297,-0.0161468970215886,-0.0100338701062972,0.0100747872586797
202405,PRIME,2026-10-01,3508.9208937488297,-56.65818432826298,-35.20805646114804,35.35163151205569,3417.054652959419,-0.0161468970215886,-0.0100338701062972,0.0100747872586797
202405,PRIME,2026-11-01,3417.054652959419,-55.17482959847591,-34.286282533913266,34.42609867984773,3327.5935408270298,-0.0161468970215886,-0.0100338701062972,0.0100747872586797
202405,PRIME,2026-12-01,3327.5935408270298,-53.73031023343743,-33.38864135521199,33.52479700718902,3240.4745892383803,-0.0161468970215886,-0.0100338701062972,0.0100747872586797
202405,PRIME,2027-01-01,3240.4745892383803,-52.323609493506744,-32.51450111117468,32.64709210373417,3155.636478633699,-0.0161468970215886,-0.0100338701062972,0.0100747872586797
202405,PRIME,2027-02-01,3155.636478633699,-50.95373725806681,-31.66324652930364,31.792366187963662,3073.0194948463286,-0.0161468970215886,-0.0100338701062972,0.0100747872586797
202405,PRIME,2027-03-01,3073.0194948463286,-49.619729328617886,-30.8342784454071,30.960017652352118,2992.5654870723038,-0.0161468970215886,-0.0100338701062972,0.0100747872586797
202405,PRIME,2027-04-01,2992.5654870723038,-48.320646750116616,-30.02701338187151,30.149460639920655,2914.2178269403153,-0.0161468970215886,-0.0100338701062972,0.0100747872586797
202405,PRIME,2027-05-01,2914.2178269403153,-47.05557515008298,-29.24088313697482,29.36012463187553,2837.9213686532576,-0.0161468970215886,-0.0100338701062972,0.0100747872586797
202405,PRIME,2027-06-01,2837.9213686532576,-45.823624095009926,-28.475334384951957,28.591454046042692,2763.6224101732955,-0.0161468970215886,-0.0100338701062972,0.0100747872586797
202405,PRIME,2027-07-01,2763.6224101732955,-44.623926463622695,-27.72982828653085,27.8429078458156,2691.268655423142,-0.0161468970215886,-0.0100338701062972,0.0100747872586797
202405,PRIME,2027-08-01,2691.268655423142,-43.455637836546686,-27.003840109664925,27.113959159341114,2620.80917747693,-0.0161468970215886,-0.0100338701062972,0.0100747872586797
202405,PRIME,2027-09-01,2620.80917747693,-42.31793590195431,-26.296858860195123,26.404094908675397,2552.1943827147807,-0.0161468970215886,-0.0100338701062972,0.0100747872586797
202405,PRIME,2027-10-01,2552.1943827147807,-41.21001987677244,-25.608386922181474,25.712815448648772,2485.3759759158265,-0.0161468970215886,-0.0100338701062972,0.0100747872586797
202405,PRIME,2027-11-01,2485.3759759158265,-40.131109943043114,-24.937939707651044,25.03963421518539,2420.3069262651325,-0.0161468970215886,-0.0100338701062972,0.0100747872586797
202405,PRIME,2027-12-01,2420.3069262651325,-39.08044669904073,-24.285045315515774,24.38407738283018,2356.941434250576,-0.0161468970215886,-0.0100338701062972,0.0100747872586797
202406,NON PRIME,2025-10-01,2338555.87,-151407.66937875244,-55180.54192364456,51572.93669268569,2131967.6586976033,-0.064744089,-0.0235959904279065,0.0220533267365067
202406,NON PRIME,2025-11-01,2131967.6586976033,-138032.30383983927,-50305.88846723488,47016.97936892345,1943629.4663905292,-0.064744089,-0.0235959904279065,0.0220533267365067
202406,NON PRIME,2025-12-01,1943629.4663905292,-125838.51915501094,-45861.862284347946,42863.495677012506,1771929.0849511703,-0.064744089,-0.0235959904279065,0.0220533267365067
202406,NON PRIME,2026-01-01,1771929.0849511703,-114721.93437776713,-41810.42172743694,39076.9310643475,1615396.7288459663,-0.064744089,-0.0235959904279065,0.0220533267365067
202406,NON PRIME,2026-02-01,1615396.7288459663,-104587.38958271212,-38116.88575112089,35624.87187032421,1472692.453512133,-0.064744089,-0.0235959904279065,0.0220533267365067
202406,NON PRIME,2026-03-01,1472692.453512133,-95348.13127981791,-34749.63703632243,32477.767859690775,1342594.6851959927,-0.064744089,-0.0235959904279065,0.0220533267365067
202406,NON PRIME,2026-04-01,1342594.6851959927,-86925.06978925633,-31679.851340442783,29608.679267324584,1223989.7640662934,-0.064744089,-0.0235959904279065,0.0220533267365067
202406,NON PRIME,2026-05-01,1223989.7640662934,-79246.1022197971,-28881.25075676379,26993.046189093715,1115862.4110897323,-0.064744089,-0.0235959904279065,0.0220533267365067
202406,NON PRIME,2026-06-01,1115862.4110897323,-72245.49525534821,-26329.878770933992,24608.478344748026,1017287.0370634501,-0.064744089,-0.0235959904279065,0.0220533267365067
202406,NON PRIME,2026-07-01,1017287.0370634501,-65863.32246618232,-24003.895188982533,22434.563413173066,927419.8194082853,-0.064744089,-0.0235959904279065,0.0220533267365067
202406,NON PRIME,2026-08-01,927419.8194082853,-60044.95132813395,-21883.389181408675,20452.692299322956,845491.4788987427,-0.064744089,-0.0235959904279065,0.0220533267365067
202406,NON PRIME,2026-09-01,845491.4788987427,-54740.575558561824,-19950.208842971242,18645.899837086232,770800.6944972096,-0.064744089,-0.0235959904279065,0.0220533267365067
202406,NON PRIME,2026-10-01,770800.6944972096,-49904.788765789155,-18187.80580917984,16998.719564473246,702708.0999222407,-0.064744089,-0.0235959904279065,0.0220533267365067
202406,NON PRIME,2026-11-01,702708.0999222407,-45496.19576238645,-16581.093599377557,15497.051327974974,640630.8105604767,-0.064744089,-0.0235959904279065,0.0220533267365067
202406,NON PRIME,2026-12-01,640630.8105604767,-41477.05821506965,-15116.31847380699,14128.04058276332,584037.4338716001,-0.064744089,-0.0235959904279065,0.0220533267365067
202406,NON PRIME,2027-01-01,584037.4338716001,-37812.97159791449,-13780.94169917335,12879.968355521321,532443.5205745123,-0.064744089,-0.0235959904279065,0.0220533267365067
202406,NON PRIME,2027-02-01,532443.5205745123,-34472.57068354956,-12563.53221487703,11742.150927965647,485407.4176760857,-0.064744089,-0.0235959904279065,0.0220533267365067
202406,NON PRIME,2027-03-01,485407.4176760857,-31427.261051280668,-11453.66878111973,10704.848382334696,442526.4878436853,-0.064744089,-0.0235959904279065,0.0220533267365067
202406,NON PRIME,2027-04-01,442526.4878436853,-28650.974313808983,-10441.85077125468,9759.181225975553,403433.6627586217,-0.064744089,-0.0235959904279065,0.0220533267365067
202406,NON PRIME,2027-05-01,403433.6627586217,-26119.94496724019,-9519.416844747695,8897.054381321539,367794.3009466338,-0.064744089,-0.0235959904279065,0.0220533267365067
202406,NON PRIME,2027-06-01,367794.3009466338,-23812.506954181645,-8678.470804575334,8111.087890601191,335303.32318787684,-0.064744089,-0.0235959904279065,0.0220533267365067
202406,NON PRIME,2027-07-01,335303.32318787684,-21708.908198471665,-7911.814004386381,7394.553742098751,305682.6009850188,-0.064744089,-0.0235959904279065,0.0220533267365067
202406,NON PRIME,2027-08-01,305682.6009850188,-19791.141523925548,-7212.883726820066,6741.3182771878255,278678.57573427324,-0.064744089,-0.0235959904279065,0.0220533267365067
202406,NON PRIME,2027-09-01,278678.57573427324,-18042.79050973303,-6575.697005488528,6145.789685132256,254060.0882190517,-0.064744089,-0.0235959904279065,0.0220533267365067
202406,NON PRIME,2027-10-01,254060.0882190517,-16448.888963002137,-5994.799409729824,5602.870136200464,231616.39984631972,-0.064744089,-0.0235959904279065,0.0220533267365067
202406,NON PRIME,2027-11-01,231616.39984631972,-14995.79280550971,-5465.218353719924,5107.91214334427,211155.3886870901,-0.064744089,-0.0235959904279065,0.0220533267365067
202406,NON PRIME,2027-12-01,211155.3886870901,-13671.063277986555,-4982.420530261455,4656.6787788904685,192501.9048788421,-0.064744089,-0.0235959904279065,0.0220533267365067
202406,NRP-L,2025-10-01,263352.54000000004,0.0,-4072.5573123293743,3974.268288154491,259279.98268767065,0.0,-0.0154642796015158,0.0150910573642255
202406,NRP-L,2025-11-01,259279.98268767065,0.0,-4009.578147358315,3912.809092135032,255270.40454031233,0.0,-0.0154642796015158,0.0150910573642255
202406,NRP-L,2025-12-01,255270.40454031233,0.0,-3947.572909803438,3852.300318306903,251322.83163050888,0.0,-0.0154642796015158,0.0150910573642255
202406,NRP-L,2026-01-01,251322.83163050888,0.0,-3886.5265385788684,3792.7272690755967,247436.30509193,0.0,-0.0154642796015158,0.0150910573642255
202406,NRP-L,2026-02-01,247436.30509193,0.0,-3826.4242055075733,3734.075474134318,243609.88088642244,0.0,-0.0154642796015158,0.0150910573642255
202406,NRP-L,2026-03-01,243609.88088642244,0.0,-3767.2513117195963,3676.330686949142,239842.62957470285,0.0,-0.0154642796015158,0.0150910573642255
202406,NRP-L,2026-04-01,239842.62957470285,0.0,-3708.9934841059876,3619.478881298528,236133.63609059685,0.0,-0.0154642796015158,0.0150910573642255
202406,NRP-L,2026-05-01,236133.63609059685,0.0,-3651.636571827572,3563.506247866346,232481.99951876927,0.0,-0.0154642796015158,0.0150910573642255
202406,NRP-L,2026-06-01,232481.99951876927,0.0,-3595.16664287771,3508.3991908875923,228886.83287589156,0.0,-0.0154642796015158,0.0150910573642255
202406,NRP-L,2026-07-01,228886.83287589156,0.0,-3539.5699806982057,3454.1443248459746,225347.26289519336,0.0,-0.0154642796015158,0.0150910573642255
202406,NRP-L,2026-08-01,225347.26289519336,0.0,-3484.833080847557,3400.7284712225674,221862.4298143458,0.0,-0.0154642796015158,0.0150910573642255
202406,NRP-L,2026-09-01,221862.4298143458,0.0,-3430.942647720719,3348.1386552947465,218431.4871666251,0.0,-0.0154642796015158,0.0150910573642255
202406,NRP-L,2026-10-01,218431.4871666251,0.0,-3377.8855913196007,3296.3621029846254,215053.6015753055,0.0,-0.0154642796015158,0.0150910573642255
202406,NRP-L,2026-11-01,215053.6015753055,0.0,-3325.649024073503,3245.386237756231,211727.952551232,0.0,-0.0154642796015158,0.0150910573642255
202406,NRP-L,2026-12-01,211727.952551232,0.0,-3274.2202577087223,3195.198677560657,208453.7322935233,0.0,-0.0154642796015158,0.0150910573642255
202406,NRP-L,2027-01-01,208453.7322935233,0.0,-3223.5868001665676,3145.787231828466,205230.14549335671,0.0,-0.0154642796015158,0.0150910573642255
202406,NRP-L,2027-02-01,205230.14549335671,0.0,-3173.736352569036,3097.1398985085916,202056.40914078767,0.0,-0.0154642796015158,0.0150910573642255
202406,NRP-L,2027-03-01,202056.40914078767,0.0,-3124.656806231413,3049.2448611530444,198931.75233455625,0.0,-0.0154642796015158,0.0150910573642255
202406,NRP-L,2027-04-01,198931.75233455625,0.0,-3076.3362397210713,3002.0904860466885,195855.41609483518,0.0,-0.0154642796015158,0.0150910573642255
202406,NRP-L,2027-05-01,195855.41609483518,0.0,-3028.762915961749,2955.665319381412,192826.65317887344,0.0,-0.0154642796015158,0.0150910573642255
202406,NRP-L,2027-06-01,192826.65317887344,0.0,-2981.9252793826145,2909.9580844739944,189844.72789949083,0.0,-0.0154642796015158,0.0150910573642255
202406,NRP-L,2027-07-01,189844.72789949083,0.0,-2935.8119531114135,2864.9576790269975,186908.91594637942,0.0,-0.0154642796015158,0.0150910573642255
202406,NRP-L,2027-08-01,186908.91594637942,0.0,-2890.4117362110264,2820.6531724320143,184018.50421016838,0.0,-0.0154642796015158,0.0150910573642255
202406,NRP-L,2027-09-01,184018.50421016838,0.0,-2845.713600958756,2777.0338031146225,181172.79060920962,0.0,-0.0154642796015158,0.0150910573642255
202406,NRP-L,2027-10-01,181172.79060920962,0.0,-2801.7066901676935,2734.0889759203974,178371.08391904194,0.0,-0.0154642796015158,0.0150910573642255
202406,NRP-L,2027-11-01,178371.08391904194,0.0,-2758.380314549503,2691.8082595413425,175612.70360449245,0.0,-0.0154642796015158,0.0150910573642255
202406,NRP-L,2027-12-01,175612.70360449245,0.0,-2715.723950117993,2650.1813839821257,172896.97965437445,0.0,-0.0154642796015158,0.0150910573642255
202406,NRP-M,2025-10-01,2559981.85,-78026.3908011585,-35604.60191870661,36366.6985470154,2446350.857280135,-0.0304792749999999,-0.0139081462310784,0.0142058423371304
202406,NRP-M,2025-11-01,2446350.857280135,-74563.00052552675,-34024.20545557612,34752.47457982539,2337763.6512990324,-0.0304792749999999,-0.0139081462310784,0.0142058423371304
202406,NRP-M,2025-12-01,2337763.6512990324,-71253.34121294708,-32513.958715966713,33209.90185182834,2233996.3513701186,-0.0304792749999999,-0.0139081462310784,0.0142058423371304
202406,NRP-M,2026-01-01,2233996.3513701186,-68090.58914240624,-31070.74793455121,31735.79994928847,2134835.014293161,-0.0304792749999999,-0.0139081462310784,0.0142058423371304
202406,NRP-M,2026-02-01,2134835.014293161,-65068.223480269975,-29691.59755801563,30327.129628834173,2040075.1932548755,-0.0304792749999999,-0.0139081462310784,0.0142058423371304
202406,NRP-M,2026-03-01,2040075.1932548755,-62180.01283589329,-28373.664110184334,28980.98655126959,1949521.5163087978,-0.0304792749999999,-0.0139081462310784,0.0142058423371304
202406,NRP-M,2026-04-01,1949521.5163087978,-59420.00241399264,-27114.23032945645,27694.595293526174,1862987.2835653487,-0.0304792749999999,-0.0139081462310784,0.0142058423371304
202406,NRP-M,2026-05-01,1862987.2835653487,-56782.50173729106,-25910.69956646639,26465.30362640819,1780294.0822615912,-0.0304792749999999,-0.0139081462310784,0.0142058423371304
202406,NRP-M,2026-06-01,1780294.0822615912,-54262.072914123484,-24760.590430417727,25290.577046334423,1701271.41891705,-0.0304792749999999,-0.0139081462310784,0.0142058423371304
202406,NRP-M,2026-07-01,1701271.41891705,-51853.519426812796,-23661.531673052566,24167.993549801737,1625756.3678171844,-0.0304792749999999,-0.0139081462310784,0.0142058423371304
202406,NRP-M,2026-08-01,1625756.3678171844,-49551.87541770095,-22611.257299708283,23095.238639796702,1553593.2350997753,-0.0304792749999999,-0.0139081462310784,0.0142058423371304
202406,NRP-M,2026-09-01,1553593.2350997753,-47352.39545074555,-21607.601897381835,22070.10055385977,1484633.2377516478,-0.0304792749999999,-0.0139081462310784,0.0142058423371304
202406,NRP-M,2026-10-01,1484633.2377516478,-45250.544727572706,-20648.496170169303,21090.465703963342,1418734.196853906,-0.0304792749999999,-0.0139081462310784,0.0142058423371304
202406,NRP-M,2026-11-01,1418734.196853906,-43241.98973781419,-19731.962672875692,20154.314318801913,1355760.244443216,-0.0304792749999999,-0.0139081462310784,0.0142058423371304
202406,NRP-M,2026-12-01,1355760.244443216,-41322.58932445186,-18856.11173399884,19259.716279509696,1295581.5433847653,-0.0304792749999999,-0.0139081462310784,0.0142058423371304
202406,NRP-M,2027-01-01,1295581.5433847653,-39488.38614574856,-18019.13755968156,18404.827140220044,1238074.019679335,-0.0304792749999999,-0.0139081462310784,0.0142058423371304
202406,NRP-M,2027-02-01,1238074.019679335,-37735.598516161735,-17219.314510599226,17587.88432526191,1183119.106652574,-0.0304792749999999,-0.0139081462310784,0.0142058423371304
202406,NRP-M,2027-03-01,1183119.106652574,-36060.612609418014,-16454.993544106837,16807.20349515303,1130603.500499049,-0.0304792749999999,-0.0139081462310784,0.0142058423371304
202406,NRP-M,2027-04-01,1130603.500499049,-34459.975007673034,-15724.598814309893,16061.17507389722,1080418.9266770661,-0.0304792749999999,-0.0139081462310784,0.0142058423371304
202406,NRP-M,2027-05-01,1080418.9266770661,-32930.38558139503,-15026.624423049407,15348.260930426051,1032461.9166726217,-0.0304792749999999,-0.0139081462310784,0.0142058423371304
202406,NRP-M,2027-06-01,1032461.9166726217,-31468.69068529182,-14359.631315102304,14666.99120734273,986633.5946722276,-0.0304792749999999,-0.0139081462310784,0.0142058423371304
202406,NRP-M,2027-07-01,986633.5946722276,-30071.876656253262,-13722.244311195876,14015.961290429887,942839.4737047785,-0.0304792749999999,-0.0139081462310784,0.0142058423371304
202406,NRP-M,2027-08-01,942839.4737047785,-28737.06359990312,-13113.149272719056,13393.828912673087,900989.2608321563,-0.0304792749999999,-0.0139081462310784,0.0142058423371304
202406,NRP-M,2027-09-01,900989.2608321563,-27461.49945294993,-12531.090392284867,12799.311386829271,860996.6709869214,-0.0304792749999999,-0.0139081462310784,0.0142058423371304
202406,NRP-M,2027-10-01,860996.6709869214,-26242.554309094812,-11974.8676045578,12231.182960834341,822779.2490732688,-0.0304792749999999,-0.0139081462310784,0.0142058423371304
202406,NRP-M,2027-11-01,822779.2490732688,-25077.714996797575,-11443.3341120079,11688.2722905974,786258.1999644634,-0.0304792749999999,-0.0139081462310784,0.0142058423371304
202406,NRP-M,2027-12-01,786258.1999644634,-23964.57989772179,-10935.394020490237,11169.460024971113,751358.2260462514,-0.0304792749999999,-0.0139081462310784,0.0142058423371304
202406,NRP-S,2025-10-01,1206635.83,-64752.46958558537,-20991.44353136355,20022.244106390688,1120891.9168830512,-0.053663639,-0.0173966684972081,0.0165934440272594
202406,NRP-S,2025-11-01,1120891.9168830512,-60151.13918563006,-19499.78509921458,18599.457283406402,1041240.9925982066,-0.053663639,-0.0173966684972081,0.0165934440272594
202406,NRP-S,2025-12-01,1041240.9925982066,-55876.78073879183,-18114.124373934916,17277.774129566358,967250.0874854799,-0.053663639,-0.0173966684972081,0.0165934440272594
202406,NRP-S,2026-01-01,967250.0874854799,-51906.15951753921,-16826.92912588043,16050.010187052067,898516.9988420602,-0.053663639,-0.0173966684972081,0.0165934440272594
202406,NRP-S,2026-02-01,898516.9988420602,-48217.691861223735,-15631.202367961638,14909.491527826824,834668.1046128748,-0.053663639,-0.0173966684972081,0.0165934440272594
202406,NRP-S,2026-03-01,834668.1046128748,-44791.327850759546,-14520.444321143195,13850.01847523243,775356.3324409721,-0.053663639,-0.0173966684972081,0.0165934440272594
202406,NRP-S,2026-04-01,775356.3324409721,-41608.442320476315,-13488.617082686671,12865.8319035404,720259.2730378092,-0.053663639,-0.0173966684972081,0.0165934440272594
202406,NRP-S,2026-05-01,720259.2730378092,-38651.73361470342,-12530.111805078863,11951.58193226743,669077.427618027,-0.053663639,-0.0173966684972081,0.0165934440272594
202406,NRP-S,2026-06-01,669077.427618027,-35905.129538742425,-11639.718207235564,11102.298845082432,621532.5798720489,-0.053663639,-0.0173966684972081,0.0165934440272594
202406,NRP-S,2026-07-01,621532.5798720489,-33353.6999929923,-10812.596252248552,10313.366075224976,577366.2836268081,-0.053663639,-0.0173966684972081,0.0165934440272594
202406,NRP-S,2026-08-01,577366.2836268081,-30983.57581532064,-10044.24983772061,9580.495110588214,536338.4579737668,-0.053663639,-0.0173966684972081,0.0165934440272594
202406,NRP-S,2026-09-01,536338.4579737668,-28781.873390520894,-9330.502355673401,8899.702182054318,498226.0822275725,-0.053663639,-0.0173966684972081,0.0165934440272594
202406,NRP-S,2026-10-01,498226.0822275725,-26736.624617044767,-8667.473989175824,8267.286608363964,462821.98362135194,-0.053663639,-0.0173966684972081,0.0165934440272594
202406,NRP-S,2026-11-01,462821.98362135194,-24836.711850320142,-8051.560622280937,7679.81067980607,429933.71114875085,-0.053663639,-0.0173966684972081,0.0165934440272594
202406,NRP-S,2026-12-01,429933.71114875085,-23071.80746901684,-7479.414248629241,7134.0809713787075,399382.4894311048,-0.053663639,-0.0173966684972081,0.0165934440272594
202406,NRP-S,2027-01-01,399382.4894311048,-21432.317735752124,-6947.924772222648,6627.130983842556,371002.24692313,-0.053663639,-0.0173966684972081,0.0165934440272594
202406,NRP-S,2027-02-01,371002.24692313,-19909.33064707171,-6454.203101441037,6156.205018306428,344638.71317461727,-0.053663639,-0.0173966684972081,0.0165934440272594
202406,NRP-S,2027-03-01,344638.71317461727,-18494.567489227204,-5995.565444403203,5718.7431966897175,320148.58024098683,-0.053663639,-0.0173966684972081,0.0165934440272594
202406,NRP-S,2027-04-01,320148.58024098683,-17180.33783641485,-5569.518720304276,5312.367546635379,297398.72368426766,-0.053663639,-0.0173966684972081,0.0165934440272594
202406,NRP-S,2027-05-01,297398.72368426766,-15959.497746853289,-5173.747007427996,4934.86907523328,276265.4789299864,-0.053663639,-0.0173966684972081,0.0165934440272594
202406,NRP-S,2027-06-01,276265.4789299864,-14825.410929460897,-4806.0989541674035,4584.19576128874,256633.96904635814,-0.053663639,-0.0173966684972081,0.0165934440272594
202406,NRP-S,2027-07-01,256633.96904635814,-13771.912670040938,-4464.576084622257,4258.441400864165,238397.48029169493,-0.053663639,-0.0173966684972081,0.0165934440272594
202406,NRP-S,2027-08-01,238397.48029169493,-12793.276320883131,-4147.321935204319,3955.8352454599153,221456.88203560747,-0.053663639,-0.0173966684972081,0.0165934440272594
202406,NRP-S,2027-09-01,221456.88203560747,-11884.182171624425,-3852.611963198783,3674.73237650924,205720.08790078427,-0.053663639,-0.0173966684972081,0.0165934440272594
202406,NRP-S,2027-10-01,205720.08790078427,-11039.688532155955,-3578.8441724264553,3413.6047638645473,191101.55519620187,-0.053663639,-0.0173966684972081,0.0165934440272594
202406,NRP-S,2027-11-01,191101.55519620187,-10255.204870387552,-3324.53040504924,3171.032959670398,177521.81992076506,-0.053663639,-0.0173966684972081,0.0165934440272594
202406,NRP-S,2027-12-01,177521.81992076506,-9526.466858850945,-3088.288252182623,2945.6983824724375,164907.0648097315,-0.053663639,-0.0173966684972081,0.0165934440272594
202407,NON PRIME,2025-10-01,2523024.380000001,-152834.67962457053,-61000.34617108617,57502.55351617673,2309189.354204344,-0.0605759820777358,-0.0241774699660596,0.0227911208357712
202407,NON PRIME,2025-11-01,2309189.354204344,-139881.41293438064,-55830.3562572201,52629.01360434767,2113477.5850127432,-0.0605759820777358,-0.0241774699660596,0.0227911208357712
202407,NON PRIME,2025-12-01,2113477.5850127432,-128025.98031142827,-51098.54083558577,48168.52302371933,1934353.0638657294,-0.0605759820777358,-0.0241774699660596,0.0227911208357712
202407,NON PRIME,2026-01-01,1934353.0638657294,-117175.33652874375,-46767.76310536904,44086.074417608084,1770409.9642316166,-0.0605759820777358,-0.0241774699660596,0.0227911208357712
202407,NON PRIME,2026-02-01,1770409.9642316166,-107244.32226353927,-42804.03373782256,40349.627423656144,1620361.6082302546,-0.0605759820777358,-0.0241774699660596,0.0227911208357712
202407,NON PRIME,2026-03-01,1620361.6082302546,-98154.99573960705,-39176.24411714301,36929.857210820286,1483030.3683735044,-0.0605759820777358,-0.0241774699660596,0.0227911208357712
202407,NON PRIME,2026-04-01,1483030.3683735044,-89836.02101533132,-35855.922190104706,33799.924328718815,1357338.4251680684,-0.0605759820777358,-0.0241774699660596,0.0227911208357712
202407,NON PRIME,2026-05-01,1357338.4251680684,-82222.10811640305,-32817.00900827961,30935.26406304083,1242299.3080433859,-0.0605759820777358,-0.0241774699660596,0.0227911208357712
202407,NON PRIME,2026-06-01,1242299.3080433859,-75253.50061921972,-30035.654209075587,28313.393643811756,1137010.1532150907,-0.0605759820777358,-0.0241774699660596,0.0227911208357712
202407,NON PRIME,2026-07-01,1137010.1532150907,-68875.50666336097,-27490.02883046268,25913.73579342386,1040644.6177212672,-0.0605759820777358,-0.0241774699660596,0.0227911208357712
202407,NON PRIME,2026-08-01,1040644.6177212672,-63038.0697123757,-25160.153990297513,23717.457229580326,952446.3940185941,-0.0605759820777358,-0.0241774699660596,0.0227911208357712
202407,NON PRIME,2026-09-01,952446.3940185941,-57695.37569407444,-23027.744085666327,21707.320855672326,871723.2742388532,-0.0605759820777358,-0.0241774699660596,0.0227911208357712
202407,NON PRIME,2026-10-01,871723.2742388532,-52805.49343703794,-21076.06328162501,19867.55047853182,797841.7175201903,-0.0605759820777358,-0.0241774699660596,0.0227911208357712
202407,NON PRIME,2026-11-01,797841.7175201903,-48330.04558137299,-19289.79416301381,18183.706991821888,730221.8777758034,-0.0605759820777358,-0.0241774699660596,0.0227911208357712
202407,NON PRIME,2026-12-01,730221.8777758034,-44233.90738091765,-17654.917518484133,16642.575053312084,668333.0528764016,-0.0605759820777358,-0.0241774699660596,0.0227911208357712
202407,NON PRIME,2027-01-01,668333.0528764016,-40484.93103299935,-16158.602313244122,15232.059366645932,611689.5195301581,-0.0605759820777358,-0.0241774699660596,0.0227911208357712
202407,NON PRIME,2027-02-01,611689.5195301581,-37053.69337219768,-14789.104986993825,13941.089753586662,559846.7211709666,-0.0605759820777358,-0.0241774699660596,0.0227911208357712
202407,NON PRIME,2027-03-01,559846.7211709666,-33913.264947931624,-13535.677286707989,12759.534271717806,512397.778936327,-0.0605759820777358,-0.0241774699660596,0.0227911208357712
202407,NON PRIME,2027-04-01,512397.778936327,-31038.998673518574,-12388.481910908693,11678.119695718608,468970.2983518997,-0.0605759820777358,-0.0241774699660596,0.0227911208357712
202407,NON PRIME,2027-05-01,468970.2983518997,-28408.33638795509,-11338.515303377066,10688.358738125818,429223.44666056754,-0.0605759820777358,-0.0241774699660596,0.0227911208357712
202407,NON PRIME,2027-06-01,429223.44666056754,-26000.631812254527,-10377.536990364457,9782.48343838719,392845.27785794856,-0.0605759820777358,-0.0241774699660596,0.0227911208357712
202407,NON PRIME,2027-07-01,392845.27785794856,-23796.988510846233,-9498.00490671889,8953.384197422618,359550.28444038343,-0.0605759820777358,-0.0241774699660596,0.0227911208357712
202407,NON PRIME,2027-08-01,359550.28444038343,-21780.111586305477,-8693.016203345556,8194.553979216684,329077.1566507324,-0.0605759820777358,-0.0241774699660596,0.0227911208357712
202407,NON PRIME,2027-09-01,329077.1566507324,-19934.17194346702,-7956.253071439372,7500.03724151885,301186.731635826,-0.0605759820777358,-0.0241774699660596,0.0227911208357712
202407,NON PRIME,2027-10-01,301186.731635826,-18244.682057623617,-7281.933158300836,6864.3831948431025,275660.11641990155,-0.0605759820777358,-0.0241774699660596,0.0227911208357712
202407,NON PRIME,2027-11-01,275660.11641990155,-16698.38227179852,-6664.764185582662,6282.603022928733,252296.96996252035,-0.0605759820777358,-0.0241774699660596,0.0227911208357712
202407,NON PRIME,2027-12-01,252296.96996252035,-15283.13673071668,-6099.902413796677,5750.130728914738,230913.93081800698,-0.0605759820777358,-0.0241774699660596,0.0227911208357712
202407,NRP-L,2025-10-01,471704.42,-18296.57349498844,-7177.258507023815,6891.6162479444665,446230.58799798775,-0.0387882171953963,-0.0152155845964382,0.0146100311036824
202407,NRP-L,2025-11-01,446230.58799798775,-17308.48896649535,-6789.659261201743,6519.442770065088,422132.4397702906,-0.0387882171953963,-0.0152155845964382,0.0146100311036824
202407,NRP-L,2025-12-01,422132.4397702906,-16373.764759032581,-6422.99184822571,6167.368074917284,399335.68316303234,-0.0387882171953963,-0.0152155845964382,0.0146100311036824
202407,NRP-L,2026-01-01,399335.68316303234,-15489.51921239966,-6076.12586954356,5834.306751822162,377770.0380810891,-0.0387882171953963,-0.0152155845964382,0.0146100311036824
202407,NRP-L,2026-02-01,377770.0380810891,-14653.026287002416,-5747.991972422491,5519.232006403997,357369.01982166414,-0.0387882171953963,-0.0152155845964382,0.0146100311036824
202407,NRP-L,2026-03-01,357369.01982166414,-13861.707159748596,-5437.578553242731,5221.172495087006,338069.7341086728,-0.0387882171953963,-0.0152155845964382,0.0146100311036824
202407,NRP-L,2026-04-01,338069.7341086728,-13113.12227379708,-5143.928638825881,4939.209330541349,319812.6831960499,-0.0387882171953963,-0.0152155845964382,0.0146100311036824
202407,NRP-L,2026-05-01,319812.6831960499,-12404.963817650852,-4866.136936183387,4672.473248846414,302541.58244221564,-0.0387882171953963,-0.0152155845964382,0.0146100311036824
202407,NRP-L,2026-06-01,302541.58244221564,-11735.048610407557,-4603.347041589814,4420.141929638064,286203.1867902183,-0.0387882171953963,-0.0152155845964382,0.0146100311036824
202407,NRP-L,2026-07-01,286203.1867902183,-11101.311371233565,-4354.74880037677,4181.437460978113,270747.12661860796,-0.0387882171953963,-0.0152155845964382,0.0146100311036824
202407,NRP-L,2026-08-01,270747.12661860796,-10501.79835231203,-4119.575809307994,3955.6239411304996,256125.75245698792,-0.0387882171953963,-0.0152155845964382,0.0146100311036824
202407,NRP-L,2026-09-01,256125.75245698792,-9934.661315635956,-3897.1030538356886,3742.0052098506526,242293.98808751628,-0.0387882171953963,-0.0152155845964382,0.0146100311036824
202407,NRP-L,2026-10-01,242293.98808751628,-9398.151835077346,-3686.6446729539934,3539.922702193866,229209.19157948493,-0.0387882171953963,-0.0152155845964382,0.0146100311036824
202407,NRP-L,2026-11-01,229209.19157948493,-8890.615906166264,-3487.5518447588634,3348.753418226173,216831.02382855982,-0.0387882171953963,-0.0152155845964382,0.0146100311036824
202407,NRP-L,2026-12-01,216831.02382855982,-8410.48884696233,-3299.210786195759,3167.9080023785586,205121.3241954017,-0.0387882171953963,-0.0152155845964382,0.0146100311036824
202407,NRP-L,2027-01-01,205121.3241954017,-7956.29047429854,-3121.0408608285607,2996.82892652334,194043.99286027462,-0.0387882171953963,-0.0152155845964382,0.0146100311036824
202407,NRP-L,2027-02-01,194043.99286027462,-7526.620540526262,-2952.4927887961585,2834.9887711713377,183564.8795309522,-0.0387882171953963,-0.0152155845964382,0.0146100311036824
202407,NRP-L,2027-03-01,183564.8795309522,-7120.154416693331,-2793.04695343819,2681.888599490924,173651.67816082068,-0.0387882171953963,-0.0152155845964382,0.0146100311036824
202407,NRP-L,2027-04-01,173651.67816082068,-6735.63900884697,-2642.211799369427,2537.056419136236,164273.82735260428,-0.0387882171953963,-0.0152155845964382,0.0146100311036824
202407,NRP-L,2027-05-01,164273.82735260428,-6371.888894871849,-2499.522317064234,2400.045727142501,155402.4161406682,-0.0387882171953963,-0.0152155845964382,0.0146100311036824
202407,NRP-L,2027-06-01,155402.4161406682,-6027.782669953599,-2364.5386092792305,2270.4341334025585,147010.09486143538,-0.0387882171953963,-0.0152155845964382,0.0146100311036824
202407,NRP-L,2027-07-01,147010.09486143538,-5702.25948940117,-2236.8445348945747,2147.822058480871,139070.99083713966,-0.0387882171953963,-0.0152155845964382,0.0146100311036824
202407,NRP-L,2027-08-01,139070.99083713966,-5394.315798169942,-2116.0464259929804,2031.8315017505406,131560.62861297675,-0.0387882171953963,-0.0152155845964382,0.0146100311036824
202407,NRP-L,2027-09-01,131560.62861297675,-5103.002237003012,-2001.7718742213358,1922.104876055599,124455.85450175242,-0.0387882171953963,-0.0152155845964382,0.0146100311036824
202407,NRP-L,2027-10-01,124455.85450175242,-4827.420715652614,-1893.6685826934179,1818.303905305974,117734.7652034064,-0.0387882171953963,-0.0152155845964382,0.0146100311036824
202407,NRP-L,2027-11-01,117734.7652034064,-4566.721644158714,-1791.4032798942185,1720.1085816065117,111376.64027935347,-0.0387882171953963,-0.0152155845964382,0.0146100311036824
202407,NRP-L,2027-12-01,111376.64027935347,-4320.1013136490865,-1694.660692237569,1627.2161787050002,105361.87827346682,-0.0387882171953963,-0.0152155845964382,0.0146100311036824
202407,NRP-M,2025-10-01,4349482.11,-116380.84149040378,-63841.77680675162,62562.11194923122,4169259.491702845,-0.026757402041689,-0.0146780180242543,0.014383807167615
202407,NRP-M,2025-11-01,4169259.491702845,-111558.55243562094,-61196.46596700767,59969.82456040225,3996504.4733002163,-0.026757402041689,-0.0146780180242543,0.014383807167615
202407,NRP-M,2025-12-01,3996504.4733002163,-106936.07695350243,-58660.76469311351,57484.94968846106,3830907.6316536004,-0.026757402041689,-0.0146780180242543,0.014383807167615
202407,NRP-M,2026-01-01,3830907.6316536004,-102505.13568473002,-56230.131266664896,55103.036650650065,3672172.3647022056,-0.026757402041689,-0.0146780180242543,0.014383807167615
202407,NRP-M,2026-02-01,3672172.3647022056,-98257.79232871672,-53900.21215726751,52819.81918012131,3520014.3602162213,-0.026757402041689,-0.0146780180242543,0.014383807167615
202407,NRP-M,2026-03-01,3520014.3602162213,-94186.43942882412,-51666.834224887665,50631.207784585815,3374161.0865625096,-0.026757402041689,-0.0146780180242543,0.014383807167615
202407,NRP-M,2026-04-01,3374161.0865625096,-90283.78474657527,-49525.99724530199,48533.28242158544,3234351.3045706325,-0.026757402041689,-0.0146780180242543,0.014383807167615
202407,NRP-M,2026-05-01,3234351.3045706325,-86542.83820045771,-47473.86674525815,46522.28547726799,3100334.5996249164,-0.026757402041689,-0.0146780180242543,0.014383807167615
202407,NRP-M,2026-06-01,3100334.5996249164,-82956.89934592278,-45506.76713451376,44594.61503608966,2971870.93314448,-0.026757402041689,-0.0146780180242543,0.014383807167615
202407,NRP-M,2026-07-01,2971870.93314448,-79519.5453741563,-43621.17512245212,42746.81842939025,2848730.2126478716,-0.026757402041689,-0.0146780180242543,0.014383807167615
202407,NRP-M,2026-08-01,2848730.2126478716,-76224.6196081253,-41813.71340748324,40975.586051285856,2730691.879632263,-0.026757402041689,-0.0146780180242543,0.014383807167615
202407,NRP-M,2026-09-01,2730691.879632263,-73066.22047529588,-40081.144627927206,39277.74543080262,2617544.5145290396,-0.026757402041689,-0.0146780180242543,0.014383807167615
202407,NRP-M,2026-10-01,2617544.5145290396,-70038.69093727117,-38420.365563545216,37650.25554963412,2509085.458028223,-0.026757402041689,-0.0146780180242543,0.014383807167615
202407,NRP-M,2026-11-01,2509085.458028223,-67136.60835741655,-36828.40157733261,36090.20139534492,2405120.448093474,-0.026757402041689,-0.0146780180242543,0.014383807167615
202407,NRP-M,2026-12-01,2405120.448093474,-64354.77478832428,-35302.40128761859,34594.78874026431,2305463.272017531,-0.026757402041689,-0.0146780180242543,0.014383807167615
202407,NRP-M,2027-01-01,2305463.272017531,-61688.20766172089,-33839.63146092962,33161.339136718896,2209935.4328948804,-0.026757402041689,-0.0146780180242543,0.014383807167615
202407,NRP-M,2027-02-01,2209935.4328948804,-59132.13086414234,-32437.472116469282,31787.28511963974,2118365.8299142686,-0.026757402041689,-0.0146780180242543,0.014383807167615
202407,NRP-M,2027-03-01,2118365.8299142686,-56681.96618239226,-31093.41183344605,30470.165607951556,2030590.4518984302,-0.026757402041689,-0.0146780180242543,0.014383807167615
202407,NRP-M,2027-04-01,2030590.4518984302,-54333.32510346125,-29805.043252843843,29207.621496507225,1946452.083542125,-0.026757402041689,-0.0146780180242543,0.014383807167615
202407,NRP-M,2027-05-01,1946452.083542125,-52082.00095421986,-28570.058765578648,27997.39143067237,1865800.0238223267,-0.026757402041689,-0.0146780180242543,0.014383807167615
202407,NRP-M,2027-06-01,1865800.0238223267,-49923.96136680691,-27386.24637931821,26837.30775599182,1788489.8160762016,-0.026757402041689,-0.0146780180242543,0.014383807167615
202407,NRP-M,2027-07-01,1788489.8160762016,-47855.34105621734,-26251.485756561742,25725.2926356833,1714382.9892634223,-0.026757402041689,-0.0146780180242543,0.014383807167615
202407,NRP-M,2027-08-01,1714382.9892634223,-45872.43489715399,-25163.744416883477,24659.354329004444,1643346.8099493848,-0.026757402041689,-0.0146780180242543,0.014383807167615
202407,NRP-M,2027-09-01,1643346.8099493848,-43971.691287742775,-24121.074096537875,23637.583623827206,1575254.0445651042,-0.026757402041689,-0.0146780180242543,0.014383807167615
202407,NRP-M,2027-10-01,1575254.0445651042,-42149.705788225176,-23121.607258906086,22658.150417030065,1509982.731517973,-0.026757402041689,-0.0146780180242543,0.014383807167615
202407,NRP-M,2027-11-01,1509982.731517973,-40403.21502323414,-22163.553749533545,21719.300436583097,1447415.9627452053,-0.026757402041689,-0.0146780180242543,0.014383807167615
202407,NRP-M,2027-12-01,1447415.9627452053,-38729.090836731804,-21245.19758976751,20819.35209945485,1387441.6743187062,-0.026757402041689,-0.0146780180242543,0.014383807167615
202407,NRP-S,2025-10-01,1186959.49,-69237.61904453112,-20657.003582867557,19998.069974421138,1097064.8673726013,-0.0583319141283677,-0.0174032928308847,0.0168481486882262
202407,NRP-S,2025-11-01,1097064.8673726013,-63993.89363682768,-19092.541141361064,18483.512006122743,1013978.4325944125,-0.0583319141283677,-0.0174032928308847,0.0168481486882262
202407,NRP-S,2025-12-01,1013978.4325944125,-59147.30285811414,-17646.56358664204,17083.659399005206,937184.5661496563,-0.0583319141283677,-0.0174032928308847,0.0168481486882262
202407,NRP-S,2026-01-01,937184.5661496563,-54667.76963507329,-16310.0974412881,15789.824918800172,866206.699073295,-0.0583319141283677,-0.0174032928308847,0.0168481486882262
202407,NRP-S,2026-02-01,866206.699073295,-50527.49478776028,-15074.848836046574,14593.97926072448,800604.3554494882,-0.0583319141283677,-0.0174032928308847,0.0168481486882262
202407,NRP-S,2026-03-01,800604.3554494882,-46700.784512876715,-13933.152039569142,13488.701221054474,739970.4188970423,-0.0583319141283677,-0.0174032928308847,0.0168481486882262
202407,NRP-S,2026-04-01,739970.4188970423,-43163.890932634546,-12877.921886257644,12467.131642466393,683928.6060781501,-0.0583319141283677,-0.0174032928308847,0.0168481486882262
202407,NRP-S,2026-05-01,683928.6060781501,-39894.86471968487,-11902.609806996834,11522.930847335958,632131.1315514684,-0.0583319141283677,-0.0174032928308847,0.0168481486882262
202407,NRP-S,2026-06-01,632131.1315514684,-36873.41888352816,-11001.163189908702,10650.239294835816,584256.5494780315,-0.0583319141283677,-0.0174032928308847,0.0168481486882262
202407,NRP-S,2026-07-01,584256.5494780315,-34080.80287308894,-10167.987818928455,9843.64121767586,540007.758786014,-0.0583319141283677,-0.0174032928308847,0.0168481486882262
202407,NRP-S,2026-08-01,540007.758786014,-31499.686214158068,-9397.913157102752,9098.131012822552,499110.1594147532,-0.0583319141283677,-0.0174032928308847,0.0168481486882262
202407,NRP-S,2026-09-01,499110.1594147532,-29114.050959577296,-8686.160259164493,8409.082177624043,461309.94819601136,-0.0583319141283677,-0.0174032928308847,0.0168481486882262
202407,NRP-S,2026-10-01,461309.94819601136,-26909.092284731487,-8028.312114255436,7772.218598564325,426372.5437970244,-0.0583319141283677,-0.0174032928308847,0.0168481486882262
202407,NRP-S,2026-11-01,426372.5437970244,-24871.12661146172,-7420.286234748827,7183.588014469504,394081.1309508138,-0.0583319141283677,-0.0174032928308847,0.0168481486882262
202407,NRP-S,2026-12-01,394081.1309508138,-22987.506690232898,-6858.309321063232,6639.5374894836505,364235.3149395177,-0.0583319141283677,-0.0174032928308847,0.0168481486882262
202407,NRP-S,2027-01-01,364235.3149395177,-21246.54311357091,-6338.893845241939,6136.690743603892,336649.8779807049,-0.0583319141283677,-0.0174032928308847,0.0168481486882262
202407,NRP-S,2027-02-01,336649.8779807049,-19637.431773695942,-5858.81640797981,5671.927200092123,311153.62979902915,-0.0583319141283677,-0.0174032928308847,0.0168481486882262
202407,NRP-S,2027-03-01,311153.62979902915,-18150.186814166882,-5415.097734785196,5242.362619735333,287588.3452500771,-0.0583319141283677,-0.0174032928308847,0.0168481486882262
202407,NRP-S,2027-04-01,287588.3452500771,-16775.57865944686,-5004.98418713666,4845.331201774229,265807.7824034936,-0.0583319141283677,-0.0174032928308847,0.0168481486882262
202407,NRP-S,2027-05-01,265807.7824034936,-15505.076737812435,-4625.93067389608,4478.369040421735,245676.7749917851,-0.0583319141283677,-0.0174032928308847,0.0168481486882262
202407,NRP-S,2027-06-01,245676.7749917851,-14330.79654215512,-4275.584856929407,4139.198834305487,227070.39359270057,-0.0583319141283677,-0.0174032928308847,0.0168481486882262
202407,NRP-S,2027-07-01,227070.39359270057,-13245.450700144063,-3951.7725529180125,3825.7157539438645,209873.1703396385,-0.0583319141283677,-0.0174032928308847,0.0168481486882262
202407,NRP-S,2027-08-01,209873.1703396385,-12242.30375010008,-3652.484240766874,3535.9743795516542,193978.38234877156,-0.0583319141283677,-0.0174032928308847,0.0168481486882262
202407,NRP-S,2027-09-01,193978.38234877156,-11315.13034192822,-3375.862590876987,3268.1766281136956,179287.38941596635,-0.0583319141283677,-0.0174032928308847,0.0168481486882262
202407,NRP-S,2027-10-01,179287.38941596635,-10458.176603711368,-3120.1909388909203,3020.660594804113,165709.02187336408,-0.0583319141283677,-0.0174032928308847,0.0168481486882262
202407,NRP-S,2027-11-01,165709.02187336408,-9666.124434212878,-2883.882632381633,2791.8902395029654,153159.01480676956,-0.0583319141283677,-0.0174032928308847,0.0168481486882262
202407,NRP-S,2027-12-01,153159.01480676956,-8934.058499693878,-2665.471184372016,2580.4458544066915,141559.48512270366,-0.0583319141283677,-0.0174032928308847,0.0168481486882262
202407,PRIME,2025-10-01,3074.04,-150.18953599841225,-31.875503919418776,30.840851179462337,2891.9749600821688,-0.0488573785631977,-0.0103692547655264,0.0100326772519103
202407,PRIME,2025-11-01,2891.9749600821688,-141.29431542002305,-29.98762513661505,29.014251395110573,2720.693019525531,-0.0488573785631977,-0.0103692547655264,0.0100326772519103
202407,PRIME,2025-12-01,2720.693019525531,-132.92592880920827,-28.211559058249524,27.29583496642494,2559.555531658073,-0.0488573785631977,-0.0103692547655264,0.0100326772519103
202407,PRIME,2026-01-01,2559.555531658073,-125.05317356374522,-26.540683394274932,25.679194557467124,2407.961674700053,-0.0488573785631977,-0.0103692547655264,0.0100326772519103
202407,PRIME,2026-02-01,2407.961674700053,-117.646695106492,-24.96876807058846,24.158302317235055,2265.3462115229727,-0.0488573785631977,-0.0103692547655264,0.0100326772519103
202407,PRIME,2026-03-01,2265.3462115229727,-110.6788774330836,-23.48995199940176,22.727487404047707,2131.1773820904873,-0.0488573785631977,-0.0103692547655264,0.0100326772519103
202407,PRIME,2026-04-01,2131.1773820904873,-104.12374014211956,-22.098721225423866,21.38141484108498,2004.954920722944,-0.0488573785631977,-0.0103692547655264,0.0100326772519103
202407,PRIME,2026-05-01,2004.954920722944,-97.9568415639069,-20.789888366371994,20.1150656242427,1886.2081907926652,-0.0488573785631977,-0.0103692547655264,0.0100326772519103
202407,PRIME,2026-06-01,1886.2081907926652,-92.15518762656147,-19.558573271151772,18.923718008132454,1774.494429894952,-0.0488573785631977,-0.0103692547655264,0.0100326772519103
202407,PRIME,2026-07-01,1774.494429894952,-86.69714611966334,-18.400184823588283,17.80292990044862,1669.3970989517004,-0.0488573785631977,-0.0103692547655264,0.0100326772519103
202407,PRIME,2026-08-01,1669.3970989517004,-81.56236603578724,-17.310403823860867,16.748522299057772,1570.5243290920523,-0.0488573785631977,-0.0103692547655264,0.0100326772519103
202407,PRIME,2026-09-01,1570.5243290920523,-76.73170168916248,-16.285166883812916,15.75656371005352,1477.5074605190769,-0.0488573785631977,-0.0103692547655264,0.0100326772519103
202407,PRIME,2026-10-01,1477.5074605190769,-72.1871413285294,-15.320651276088247,14.823355488677498,1389.9996679144592,-0.0488573785631977,-0.0103692547655264,0.0100326772519103
202407,PRIME,2026-11-01,1389.9996679144592,-67.91173997801582,-14.41326068060212,13.945418048448266,1307.6746672558413,-0.0488573785631977,-0.0103692547655264,0.0100326772519103
202407,PRIME,2026-12-01,1307.6746672558413,-63.889556255622225,-13.559611775200782,13.11947788707705,1230.2254992250182,-0.0488573785631977,-0.0103692547655264,0.0100326772519103
202407,PRIME,2027-01-01,1230.2254992250182,-60.105592933735586,-12.756521620511116,12.342455380794833,1157.3633846707714,-0.0488573785631977,-0.0103692547655264,0.0100326772519103
202407,PRIME,2027-02-01,1157.3633846707714,-56.54574102004368,-12.000995791943161,11.611453301580358,1088.8166478587848,-0.0488573785631977,-0.0103692547655264,0.0100326772519103
202407,PRIME,2027-03-01,1088.8166478587848,-53.196727150348565,-11.290217214594184,10.923746014474059,1024.329703493842,-0.0488573785631977,-0.0103692547655264,0.0100326772519103
202407,PRIME,2027-04-01,1024.329703493842,-50.046064097126695,-10.621535659423767,10.276769314698692,963.6621037372917,-0.0488573785631977,-0.0103692547655264,0.0100326772519103
202407,PRIME,2027-05-01,963.6621037372917,-47.08200420930035,-9.992457861535108,9.66811086669315,906.5876416664562,-0.0488573785631977,-0.0103692547655264,0.0100326772519103
202407,PRIME,2027-06-01,906.5876416664562,-44.29349560961467,-9.400638223717241,9.095501209410061,852.8935078331243,-0.0488573785631977,-0.0103692547655264,0.0100326772519103
202407,PRIME,2027-07-01,852.8935078331243,-41.67014098629657,-8.843870070585153,8.556805294339366,802.3794967762426,-0.0488573785631977,-0.0103692547655264,0.0100326772519103
202407,PRIME,2027-08-01,802.3794967762426,-39.20215882534495,-8.32007742070773,8.050014524706244,754.8572605301899,-0.0488573785631977,-0.0103692547655264,0.0100326772519103
202407,PRIME,2027-09-01,754.8572605301899,-36.88034693890184,-7.827307246044875,7.573239266160564,710.1496063452432,-0.0488573785631977,-0.0103692547655264,0.0100326772519103
202407,PRIME,2027-10-01,710.1496063452432,-34.69604815371537,-7.363722189832111,7.124701801032976,668.0898360016959,-0.0488573785631977,-0.0103692547655264,0.0100326772519103
202407,PRIME,2027-11-01,668.0898360016959,-32.64111803175952,-6.927593715760336,6.702729699886697,628.521124254176,-0.0488573785631977,-0.0103692547655264,0.0100326772519103
202407,PRIME,2027-12-01,628.521124254176,-30.707894502652895,-6.517295662906625,6.305749585649959,591.2959340886165,-0.0488573785631977,-0.0103692547655264,0.0100326772519103
202408,NON PRIME,2025-10-01,2642668.7499999995,-172038.96154711465,-62677.840562816404,58003.657415011476,2407951.947890069,-0.06510046389549,-0.0237176303548511,0.0219488944329521
202408,NON PRIME,2025-11-01,2407951.947890069,-156758.78884569224,-57110.91421230033,52851.8831038605,2194082.244832076,-0.06510046389549,-0.0237176303548511,0.0219488944329521
202408,NON PRIME,2025-12-01,2194082.244832076,-142835.77196342623,-52038.43165106909,48157.679569033804,1999208.041217581,-0.06510046389549,-0.0237176303548511,0.0219488944329521
202408,NON PRIME,2026-01-01,1999208.041217581,-130149.37090685841,-47416.47732404451,43880.406246193634,1821642.1929866779,-0.06510046389549,-0.0237176303548511,0.0219488944329521
202408,NON PRIME,2026-02-01,1821642.1929866779,-118589.75181503045,-43205.03617205835,39983.032188475954,1659847.404999589,-0.06510046389549,-0.0237176303548511,0.0219488944329521
202408,NON PRIME,2026-03-01,1659847.404999589,-108056.83606119851,-39367.64719723908,36431.815467145476,1512422.9217411515,-0.06510046389549,-0.0237176303548511,0.0219488944329521
202408,NON PRIME,2026-04-01,1512422.9217411515,-98459.43381152133,-35871.08779806052,33196.01104727351,1378092.4001315695,-0.06510046389549,-0.0237176303548511,0.0219488944329521
202408,NON PRIME,2026-05-01,1378092.4001315695,-89714.4545394144,-32685.08614115012,30247.604609341404,1255692.8594510048,-0.06510046389549,-0.0237176303548511,0.0219488944329521
202408,NON PRIME,2026-06-01,1255692.8594510048,-81746.18766051474,-29782.05907968493,27561.070012301865,1144164.612710805,-0.06510046389549,-0.0237176303548511,0.0219488944329521
202408,NON PRIME,2026-07-01,1144164.612710805,-74485.64706027706,-27136.873349376237,25113.148298308985,1042542.0923011515,-0.06510046389549,-0.0237176303548511,0.0219488944329521
202408,NON PRIME,2026-08-01,1042542.0923011515,-67869.97383937972,-24726.62797457177,22882.64632582698,949945.4904872,-0.06510046389549,-0.0237176303548511,0.0219488944329521
202408,NON PRIME,2026-09-01,949945.4904872,-61841.8921061455,-22530.45600063313,20850.253287762458,865573.1423804213,-0.06510046389549,-0.0237176303548511,0.0219488944329521
202408,NON PRIME,2026-10-01,865573.1423804213,-56349.21310444244,-20529.34383606573,18998.373526106487,788694.5854399131,-0.06510046389549,-0.0237176303548511,0.0219488944329521
202408,NON PRIME,2026-11-01,788694.5854399131,-51344.38338399951,-18705.966640336388,17310.974195661573,718644.2354155772,-0.06510046389549,-0.0237176303548511,0.0219488944329521
202408,NON PRIME,2026-12-01,718644.2354155772,-46784.0731013738,-17044.538332231252,15773.446457986081,654815.6239819721,-0.06510046389549,-0.0237176303548511,0.0219488944329521
202408,NON PRIME,2027-01-01,654815.6239819721,-42628.80088724113,-15530.674920185586,14372.479003827964,596656.1481745454,-0.06510046389549,-0.0237176303548511,0.0219488944329521
202408,NON PRIME,2027-02-01,596656.1481745454,-38842.59203225912,-14151.269971353133,13095.942809054923,543662.2861709332,-0.06510046389549,-0.0237176303548511,0.0219488944329521
202408,NON PRIME,2027-03-01,543662.2861709332,-35392.66703221039,-12894.38114127547,11932.786126343208,495375.2379974473,-0.06510046389549,-0.0237176303548511,0.0219488944329521
202408,NON PRIME,2027-04-01,495375.2379974473,-32249.157795972584,-11749.126781769844,10872.938803504494,451376.95341970486,-0.06510046389549,-0.0237176303548511,0.0219488944329521
202408,NON PRIME,2027-05-01,451376.95341970486,-29384.84905935577,-10705.591731907403,9907.22510007664,411286.5126284417,-0.06510046389549,-0.0237176303548511,0.0219488944329521
202408,NON PRIME,2027-06-01,411286.5126284417,-26774.94276606986,-9754.741476457179,9027.284247378688,374756.8283859147,-0.06510046389549,-0.0237176303548511,0.0219488944329521
202408,NON PRIME,2027-07-01,374756.8283859147,-24396.84337592558,-8888.343928613494,8225.498064270389,341471.64108137565,-0.06510046389549,-0.0237176303548511,0.0219488944329521
202408,NON PRIME,2027-08-01,341471.64108137565,-22229.962241551813,-8098.898159832455,7494.925001942024,311142.78067999135,-0.06510046389549,-0.0237176303548511,0.0219488944329521
202408,NON PRIME,2027-09-01,311142.78067999135,-20255.53936000014,-7379.569459748541,6829.240046720299,283507.67186024267,-0.06510046389549,-0.0237176303548511,0.0219488944329521
202408,NON PRIME,2027-10-01,283507.67186024267,-18456.480956032156,-6724.130163945657,6222.679960592492,258327.06074026483,-0.06510046389549,-0.0237176303548511,0.0219488944329521
202408,NON PRIME,2027-11-01,258327.06074026483,-16817.211490949663,-6126.905737292769,5669.993385362878,235382.94351202238,-0.06510046389549,-0.0237176303548511,0.0219488944329521
202408,NON PRIME,2027-12-01,235382.94351202238,-15323.538815718575,-5582.725646054943,5166.395378462907,214476.67905024884,-0.06510046389549,-0.0237176303548511,0.0219488944329521
202408,NRP-L,2025-10-01,570319.56,-16785.895600694566,-8910.021170571305,8717.401304607716,544623.6432287341,-0.029432438895651,-0.0156228574214977,0.0152851171799328
202408,NRP-L,2025-11-01,544623.6432287341,-16029.602100456548,-8508.577526539144,8324.636205713117,520085.4636017384,-0.029432438895651,-0.0156228574214977,0.0152851171799328
202408,NRP-L,2025-12-01,520085.4636017384,-15307.383627974486,-8125.221044843491,7949.5672547322465,496652.8589289204,-0.029432438895651,-0.0156228574214977,0.0152851171799328
202408,NRP-L,2026-01-01,496652.8589289204,-14617.704922775825,-7759.1368030257345,7591.397146477183,474276.0172031189,-0.029432438895651,-0.0156228574214977,0.0152851171799328
202408,NRP-L,2026-02-01,474276.0172031189,-13959.09989600352,-7409.546595200117,7249.364498581497,452907.37071191525,-0.029432438895651,-0.0156228574214977,0.0152851171799328
202408,NRP-L,2026-03-01,452907.37071191525,-13330.1685138684,-7075.707277777656,6922.74223298689,432501.4949202692,-0.029432438895651,-0.0156228574214977,0.0152851171799328
202408,NRP-L,2026-04-01,432501.4949202692,-12729.573821518534,-6756.909189723977,6610.836030352425,413015.0119090267,-0.029432438895651,-0.0156228574214977,0.0152851171799328
202408,NRP-L,2026-05-01,413015.0119090267,-12156.039100998998,-6452.474643992899,6312.982854100815,394406.4981640348,-0.029432438895651,-0.0156228574214977,0.0152851171799328
202408,NRP-L,2026-06-01,394406.4981640348,-11608.345157260643,-6161.75648692891,6028.549540964223,376636.39651984524,-0.029432438895651,-0.0156228574214977,0.0152851171799328
202408,NRP-L,2026-07-01,376636.39651984524,-11085.327726448526,-5884.136722576214,5756.931455033468,359666.9320708205,-0.029432438895651,-0.0156228574214977,0.0152851171799328
202408,NRP-L,2026-08-01,359666.9320708205,-10585.875000960683,-5619.025198969926,5497.551202449422,343462.0318708899,-0.029432438895651,-0.0156228574214977,0.0152851171799328
202408,NRP-L,2026-09-01,343462.0318708899,-10108.925266016102,-5365.858353616812,5249.857404004366,327987.248251257,-0.029432438895651,-0.0156228574214977,0.0152851171799328
202408,NRP-L,2026-10-01,327987.248251257,-9653.464642707837,-5124.098015498759,5013.323523044172,313209.6855930504,-0.029432438895651,-0.0156228574214977,0.0152851171799328
202408,NRP-L,2026-11-01,313209.6855930504,-9218.524932743516,-4893.230261052348,4787.446746179685,299097.9303992545,-0.029432438895651,-0.0156228574214977,0.0152851171799328
202408,NRP-L,2026-12-01,299097.9303992545,-8803.181560291734,-4672.764321692595,4571.746914427989,285621.9845172702,-0.029432438895651,-0.0156228574214977,0.0152851171799328
202408,NRP-L,2027-01-01,285621.9845172702,-8406.551606559131,-4462.231540558536,4365.765502511426,272753.2013701525,-0.029432438895651,-0.0156228574214977,0.0152851171799328
202408,NRP-L,2027-02-01,272753.2013701525,-8027.791932920207,-4261.184376262944,4169.064644144589,260464.22506096936,-0.029432438895651,-0.0156228574214977,0.0152851171799328
202408,NRP-L,2027-03-01,260464.22506096936,-7666.09738861007,-4069.1954515284124,3981.226201237306,248728.93222083087,-0.029432438895651,-0.0156228574214977,0.0152851171799328
202408,NRP-L,2027-04-01,248728.93222083087,-7320.699099170124,-3885.856644687406,3801.850875034963,237522.37647697332,-0.029432438895651,-0.0156228574214977,0.0152851171799328
202408,NRP-L,2027-05-01,237522.37647697332,-6990.86283200833,-3710.7782221150533,3630.5573573066513,226820.73542284995,-0.029432438895651,-0.0156228574214977,0.0152851171799328
202408,NRP-L,2027-06-01,226820.73542284995,-6675.887435599653,-3543.5880097504373,3466.981519776796,216601.25997749984,-0.029432438895651,-0.0156228574214977,0.0152851171799328
202408,NRP-L,2027-07-01,216601.25997749984,-6375.10334900878,-3383.930601945236,3310.7756400771736,206842.22602654583,-0.029432438895651,-0.0156228574214977,0.0152851171799328
202408,NRP-L,2027-08-01,206842.22602654583,-6087.871178566743,-3231.4666059579263,3161.6076625738992,197522.88824202117,-0.029432438895651,-0.0156228574214977,0.0152851171799328
202408,NRP-L,2027-09-01,197522.88824202117,-5813.58033867579,-3085.8719204875215,3019.1604924980643,188623.43598285786,-0.029432438895651,-0.0156228574214977,0.0152851171799328
202408,NRP-L,2027-10-01,188623.43598285786,-5551.647753853202,-2946.837046713187,2883.1313218795353,180124.95118229146,-0.029432438895651,-0.0156228574214977,0.0152851171799328
202408,NRP-L,2027-11-01,180124.95118229146,-5301.516619254913,-2814.0664303751732,2753.2309858510002,172009.36813266136,-0.029432438895651,-0.0156228574214977,0.0152851171799328
202408,NRP-L,2027-12-01,172009.36813266136,-5062.655217044094,-2687.2778334984787,2629.1833479539278,164259.43508211878,-0.029432438895651,-0.0156228574214977,0.0152851171799328
202408,NRP-M,2025-10-01,2983355.65,-83445.52901699404,-46058.83476174949,45845.82021587022,2853851.2862212565,-0.0279703591547974,-0.0154386000749691,0.015367199085322
202408,NRP-M,2025-11-01,2853851.2862212565,-79823.24544998906,-44059.46868140616,43855.7008752643,2729968.572089861,-0.0279703591547974,-0.0154386000749691,0.015367199085322
202408,NRP-M,2025-12-01,2729968.572089861,-76358.20144266283,-42146.89300172982,41951.97054397712,2611463.477645469,-0.0279703591547974,-0.0154386000749691,0.015367199085322
202408,NRP-M,2026-01-01,2611463.477645469,-73043.57138938,-40317.34024175641,40130.87916502525,2498102.5660143327,-0.0279703591547974,-0.0154386000749691,0.015367199085322
202408,NRP-M,2026-02-01,2498102.5660143327,-69872.82597694187,-38567.206462949376,38388.83946749599,2389662.5335744414,-0.0279703591547974,-0.0154386000749691,0.015367199085322
202408,NRP-M,2026-03-01,2389662.5335744414,-66839.71932284023,-36893.04416999322,36722.41990017341,2285929.770081608,-0.0279703591547974,-0.0154386000749691,0.015367199085322
202408,NRP-M,2026-04-01,2285929.770081608,-63938.276671826025,-35291.55551975602,35128.337871908414,2186699.9378900263,-0.0279703591547974,-0.0154386000749691,0.015367199085322
202408,NRP-M,2026-05-01,2186699.9378900263,-61162.7826265572,-33759.58582504389,33603.45328541729,2091777.5694384251,-0.0279703591547974,-0.0154386000749691,0.015367199085322
202408,NRP-M,2026-06-01,2091777.5694384251,-58507.76988914191,-32294.117340350753,32144.76235177124,2000975.6822089325,-0.0279703591547974,-0.0154386000749691,0.015367199085322
202408,NRP-M,2026-07-01,2000975.6822089325,-55968.00849139959,-30892.263317362173,30749.39167339267,1914115.4104001706,-0.0279703591547974,-0.0154386000749691,0.015367199085322
202408,NRP-M,2026-08-01,1914115.4104001706,-53538.495492625196,-29551.262318503585,29414.592583902246,1831025.6525890417,-0.0279703591547974,-0.0154386000749691,0.015367199085322
202408,NRP-M,2026-09-01,1831025.6525890417,-51214.445124562786,-28268.472777331524,28137.73573366744,1751542.7346871474,-0.0279703591547974,-0.0154386000749691,0.015367199085322
202408,NRP-M,2026-10-01,1751542.7346871474,-48991.27936417553,-27041.367795052578,26916.305910386724,1675510.0875279193,-0.0279703591547974,-0.0154386000749691,0.015367199085322
202408,NRP-M,2026-11-01,1675510.0875279193,-46864.618915641935,-25867.53016292002,25747.897084506825,1602777.9384493574,-0.0279703591547974,-0.0154386000749691,0.015367199085322
202408,NRP-M,2026-12-01,1602777.9384493574,-44830.27458381429,-24744.64760070307,24630.207669713243,1533203.01626484,-0.0279703591547974,-0.0154386000749691,0.015367199085322
202408,NRP-M,2027-01-01,1533203.01626484,-42884.239022146256,-23670.50820184921,23561.03598915798,1466648.2690408446,-0.0279703591547974,-0.0154386000749691,0.015367199085322
202408,NRP-M,2027-02-01,1466648.2690408446,-41022.67883883435,-22642.996076367286,22538.27593849356,1402982.594125643,-0.0279703591547974,-0.0154386000749691,0.015367199085322
202408,NRP-M,2027-03-01,1402982.594125643,-39241.92704562358,-21660.087182848492,21559.912837170265,1342080.579897171,-0.0279703591547974,-0.0154386000749691,0.015367199085322
202408,NRP-M,2027-04-01,1342080.579897171,-37538.47583440264,-20719.845341415035,20624.019459824223,1283822.258721353,-0.0279703591547974,-0.0154386000749691,0.015367199085322
202408,NRP-M,2027-05-01,1283822.258721353,-35908.96966735947,-19820.41841974248,19728.7522399388,1228092.870634251,-0.0279703591547974,-0.0154386000749691,0.015367199085322
202408,NRP-M,2027-06-01,1228092.870634251,-34350.198667086144,-18960.034684642967,18872.34763830113,1174782.637282522,-0.0279703591547974,-0.0154386000749691,0.015367199085322
202408,NRP-M,2027-07-01,1174782.637282522,-32859.09229361222,-18136.99931202234,18053.11866910014,1123786.5456768875,-0.0279703591547974,-0.0154386000749691,0.015367199085322
202408,NRP-M,2027-08-01,1123786.5456768875,-31432.71329591168,-17349.691048336463,17269.451576823034,1075004.1413326394,-0.0279703591547974,-0.0154386000749691,0.015367199085322
202408,NRP-M,2027-09-01,1075004.1413326394,-30068.25192596851,-16596.55901697018,16519.802657404296,1028339.3303897006,-0.0279703591547974,-0.0154386000749691,0.015367199085322
202408,NRP-M,2027-10-01,1028339.3303897006,-28763.02040400379,-15876.119663248106,15802.695217365244,983700.1903224487,-0.0279703591547974,-0.0154386000749691,0.015367199085322
202408,NRP-M,2027-11-01,983700.1903224487,-27514.44762396145,-15186.953832059275,15116.71666495421,940998.788866428,-0.0279703591547974,-0.0154386000749691,0.015367199085322
202408,NRP-M,2027-12-01,940998.788866428,-26320.07408882336,-14527.703972339068,14460.51572755728,900151.0108052655,-0.0279703591547974,-0.0154386000749691,0.015367199085322
202408,NRP-S,2025-10-01,1318156.9200000002,-61971.992099285926,-23623.734058273312,22786.435967414895,1232561.193842441,-0.0470141234013974,-0.0179217919352677,0.0172865882822319
202408,NRP-S,2025-11-01,1232561.193842441,-57947.784067082226,-22089.705263529388,21306.7778906105,1152523.7045118294,-0.0470141234013974,-0.0179217919352677,0.0172865882822319
202408,NRP-S,2025-12-01,1152523.7045118294,-54184.89166695482,-20655.29003272496,19923.202765408692,1077683.5228121497,-0.0470141234013974,-0.0179217919352677,0.0172865882822319
202408,NRP-S,2026-01-01,1077683.5228121497,-50666.34612914308,-19314.01986790567,18629.471357398903,1007703.156815101,-0.0470141234013974,-0.0179217919352677,0.0172865882822319
202408,NRP-S,2026-02-01,1007703.156815101,-47376.28056648288,-18059.84630895268,17419.74958256802,942267.0299396655,-0.0470141234013974,-0.0179217919352677,0.0172865882822319
202408,NRP-S,2026-03-01,942267.0299396655,-44299.85842265165,-16887.113658041344,16288.582198488475,881080.0578589725,-0.0470141234013974,-0.0179217919352677,0.0172865882822319
202408,NRP-S,2026-04-01,881080.0578589725,-41423.20656669209,-15790.533475262131,15230.868203893118,823866.3178170183,-0.0470141234013974,-0.0179217919352677,0.0172865882822319
202408,NRP-S,2026-05-01,823866.3178170183,-38733.352732104184,-14765.160730391734,14241.83783570121,770367.8043545224,-0.0470141234013974,-0.0179217919352677,0.0172865882822319
202408,NRP-S,2026-06-01,770367.8043545224,-36218.16701838708,-13806.371503270764,13317.031059763603,720343.2658328644,-0.0470141234013974,-0.0179217919352677,0.0172865882822319
202408,NRP-S,2026-07-01,720343.2658328644,-33866.3071912319,-12909.842132227826,12452.277458331053,673567.1165094047,-0.0470141234013974,-0.0179217919352677,0.0172865882822319
202408,NRP-S,2026-08-01,673567.1165094047,-31667.167534696575,-12071.529716519768,11643.677423548204,629828.4192581885,-0.0470141234013974,-0.0179217919352677,0.0172865882822319
202408,NRP-S,2026-09-01,629828.4192581885,-29610.83102471153,-11287.653884863805,10887.58457216524,588929.9343486131,-0.0470141234013974,-0.0179217919352677,0.0172865882822319
202408,NRP-S,2026-10-01,588929.9343486131,-27688.024608242566,-10554.67974784671,10180.589302166338,550687.2299925239,-0.0470141234013974,-0.0179217919352677,0.0172865882822319
202408,NRP-S,2026-11-01,550687.2299925239,-25890.07738644223,-9869.301957334923,9519.503417163507,514927.85064874677,-0.0470141234013974,-0.0179217919352677,0.0172865882822319
202408,NRP-S,2026-12-01,514927.85064874677,-24208.88151321651,-9228.42980100144,8901.345749219483,481490.5393345288,-0.0470141234013974,-0.0179217919352677,0.0172865882822319
202408,NRP-S,2027-01-01,481490.5393345288,-22636.855632878924,-8629.173264753254,8323.328715265783,450224.51043689664,-0.0470141234013974,-0.0179217919352677,0.0172865882822319
202408,NRP-S,2027-02-01,450224.51043689664,-21166.91069201399,-8068.830000207822,7782.845746492051,420988.76974467485,-0.0470141234013974,-0.0179217919352677,0.0172865882822319
202408,NRP-S,2027-03-01,420988.76974467485,-19792.417971378618,-7544.873138448384,7277.459534019519,393651.47863484785,-0.0470141234013974,-0.0179217919352677,0.0172865882822319
202408,NRP-S,2027-04-01,393651.47863484785,-18507.179193681288,-7054.939895104221,6804.8910378524215,368089.35954606236,-0.0470141234013974,-0.0179217919352677,0.0172865882822319
202408,NRP-S,2027-05-01,368089.35954606236,-17305.39857243991,-6596.820915370473,6363.009209543206,344187.140058252,-0.0470141234013974,-0.0179217919352677,0.0172865882822319
202408,NRP-S,2027-06-01,344187.140058252,-16181.656675872708,-6168.4503109188345,5949.821382225889,321837.03307146044,-0.0470141234013974,-0.0179217919352677,0.0172865882822319
202408,NRP-S,2027-07-01,321837.03307146044,-15130.885987961257,-5767.896343770583,5563.464284681389,300938.25073972857,-0.0470141234013974,-0.0179217919352677,0.0172865882822319
202408,NRP-S,2027-08-01,300938.25073972857,-14148.348056478271,-5393.352715120836,5202.195638912757,281396.5499681295,-0.0470141234013974,-0.0179217919352677,0.0172865882822319
202408,NRP-S,2027-09-01,281396.5499681295,-13229.61212492913,-5043.130419830977,4864.38630333955,263123.8074233694,-0.0470141234013974,-0.0179217919352677,0.0172865882822319
202408,NRP-S,2027-10-01,263123.8074233694,-12370.535152047813,-4715.650129857073,4548.51292618106,246037.6221414645,-0.0470141234013974,-0.0179217919352677,0.0172865882822319
202408,NRP-S,2027-11-01,246037.6221414645,-11567.243128745196,-4409.43507226734,4253.15107589884,230060.94394045195,-0.0470141234013974,-0.0179217919352677,0.0172865882822319
202408,NRP-S,2027-12-01,230060.94394045195,-10816.113608258378,-4123.1043697320665,3976.9688177202265,215121.72596246153,-0.0470141234013974,-0.0179217919352677,0.0172865882822319
202409,NON PRIME,2025-10-01,2580823.24,-170620.5408992115,-64105.67754118046,59016.01860577472,2346097.021559608,-0.0661108975829013,-0.0248392360033074,0.0228671292520501
202409,NON PRIME,2025-11-01,2346097.021559608,-155102.57991187702,-58275.25760517568,53648.503829853325,2132719.1840425557,-0.0661108975829013,-0.0248392360033074,0.0228671292520501
202409,NON PRIME,2025-12-01,2132719.1840425557,-140995.97954932624,-52975.115141214235,48769.16523982795,1938748.0893520152,-0.0661108975829013,-0.0248392360033074,0.0228671292520501
202409,NON PRIME,2026-01-01,1938748.0893520152,-128172.37637419665,-48157.02134237601,44333.6031463777,1762418.6916354424,-0.0661108975829013,-0.0248392360033074,0.0228671292520501
202409,NON PRIME,2026-02-01,1762418.6916354424,-116515.08162090163,-43777.133818173,40301.45601785669,1602126.4761963678,-0.0661108975829013,-0.0248392360033074,0.0228671292520501
202409,NON PRIME,2026-03-01,1602126.4761963678,-105918.01938267262,-39795.59764938884,36636.03320931391,1456412.8591643062,-0.0661108975829013,-0.0248392360033074,0.0228671292520501
202409,NON PRIME,2026-04-01,1456412.8591643062,-96284.7613706319,-36176.182727033905,33303.98109485803,1323951.9150666404,-0.0661108975829013,-0.0248392360033074,0.0228671292520501
202409,NON PRIME,2026-05-01,1323951.9150666404,-87527.64946165669,-32885.954075371075,30274.97956532812,1203538.3115296124,-0.0661108975829013,-0.0248392360033074,0.0228671292520501
202409,NON PRIME,2026-06-01,1203538.3115296124,-79566.99805063216,-29894.972159106146,27521.466129541786,1094076.3413198742,-0.0661108975829013,-0.0248392360033074,0.0228671292520501
202409,NON PRIME,2026-07-01,1094076.3413198742,-72330.36894887357,-27176.020447679453,25018.385108571645,994569.9519233211,-0.0661108975829013,-0.0248392360033074,0.0228671292520501
202409,NON PRIME,2026-08-01,994569.9519233211,-65751.91223063375,-24704.357757621467,22742.959640835837,904113.6819350659,-0.0661108975829013,-0.0248392360033074,0.0228671292520501
202409,NON PRIME,2026-09-01,904113.6819350659,-59771.76702970894,-22457.493119404306,20674.484423356065,821884.4217859526,-0.0661108975829013,-0.0248392360033074,0.0228671292520501
202409,NON PRIME,2026-10-01,821884.4217859526,-54335.516833673166,-20414.981120183118,18794.137303225838,747133.9238320964,-0.0661108975829013,-0.0248392360033074,0.0228671292520501
202409,NON PRIME,2026-11-01,747133.9238320964,-49393.6943191749,-18558.235860142537,17084.808004859904,679181.993652779,-0.0661108975829013,-0.0248392360033074,0.0228671292520501
202409,NON PRIME,2026-12-01,679181.993652779,-44901.331222529596,-16870.361829538208,15530.94243452317,617410.3006007111,-0.0661108975829013,-0.0248392360033074,0.0228671292520501
202409,NON PRIME,2027-01-01,617410.3006007111,-40817.54914964192,-15336.000167494029,14118.401145383566,561256.7512835752,-0.0661108975829013,-0.0248392360033074,0.0228671292520501
202409,NON PRIME,2027-02-01,561256.7512835752,-37105.18760182035,-13941.188903582328,12834.33067518725,510210.3747781725,-0.0661108975829013,-0.0248392360033074,0.0228671292520501
202409,NON PRIME,2027-03-01,510210.3747781725,-33730.46583269345,-12673.235910450945,11667.046585789392,463806.67303502816,-0.0661108975829013,-0.0248392360033074,0.0228671292520501
202409,NON PRIME,2027-04-01,463806.67303502816,-30662.675459284936,-11520.603411425895,10605.927140255328,421623.39416431735,-0.0661108975829013,-0.0248392360033074,0.0228671292520501
202409,NON PRIME,2027-05-01,421623.39416431735,-27873.90103015241,-10472.802992162979,9641.31665004351,383276.69014200196,-0.0661108975829013,-0.0248392360033074,0.0228671292520501
202409,NON PRIME,2027-06-01,383276.69014200196,-25338.76600789129,-9520.30016100371,8764.437612775115,348417.62397310697,-0.0661108975829013,-0.0248392360033074,0.0228671292520501
202409,NON PRIME,2027-07-01,348417.62397310697,-23034.20185456389,-8654.427589579618,7967.3108410852265,316728.99452896346,-0.0661108975829013,-0.0248392360033074,0.0228671292520501
202409,NON PRIME,2027-08-01,316728.99452896346,-20939.23811883961,-7867.3062441951815,7242.682855765676,287922.45016592863,-0.0661108975829013,-0.0248392360033074,0.0228671292520501
202409,NON PRIME,2027-09-01,287922.45016592863,-19034.81161473771,-7151.773690322015,6583.959882511243,261735.8648608689,-0.0661108975829013,-0.0248392360033074,0.0228671292520501
202409,NON PRIME,2027-10-01,261735.8648608689,-17303.592955589,-6501.318917808895,5985.1478516706065,237930.95298747098,-0.0661108975829013,-0.0248392360033074,0.0228671292520501
202409,NON PRIME,2027-11-01,237930.95298747098,-15729.828864756799,-5910.02309374763,5440.797855027955,216291.10102896654,-0.0661108975829013,-0.0248392360033074,0.0228671292520501
202409,NON PRIME,2027-12-01,216291.10102896654,-14299.198828218965,-5372.505703873704,4945.956563297605,196619.39649687387,-0.0661108975829013,-0.0248392360033074,0.0228671292520501
202409,NRP-L,2025-10-01,604094.49,-13891.594259771215,-9283.551095967894,9197.97618137056,580919.344644261,-0.0229957307833932,-0.0153677135773377,0.0152260554162157
202409,NRP-L,2025-11-01,580919.344644261,-13358.664856304635,-8927.402100027728,8845.110133905224,558633.2776879285,-0.0229957307833932,-0.0153677135773377,0.0152260554162157
202409,NRP-L,2025-12-01,558633.2776879285,-12846.18046035614,-8584.916206277441,8505.781243418613,537202.1810212949,-0.0229957307833932,-0.0153677135773377,0.0152260554162157
202409,NRP-L,2026-01-01,537202.1810212949,-12353.356731017357,-8255.569251056379,8179.470177942174,516593.2550392212,-0.0229957307833932,-0.0153677135773377,0.0152260554162157
202409,NRP-L,2026-02-01,516593.2550392212,-11879.439417398713,-7938.857179427317,7865.677528870432,496774.95844239515,-0.0229957307833932,-0.0153677135773377,0.0152260554162157
202409,NRP-L,2026-03-01,496774.95844239515,-11423.703204272664,-7634.295273736568,7563.92304663216,477716.9599643859,-0.0229957307833932,-0.0153677135773377,0.0152260554162157
202409,NRP-L,2026-04-01,477716.9599643859,-10985.450602002045,-7341.417411769184,7273.744905683837,459390.0919506147,-0.0229957307833932,-0.0153677135773377,0.0152260554162157
202409,NRP-L,2026-05-01,459390.0919506147,-10564.010879054584,-7059.775353363876,6994.698997700485,441766.3057181962,-0.0229957307833932,-0.0153677135773377,0.0152260554162157
202409,NRP-L,2026-06-01,441766.3057181962,-10158.739035469816,-6788.938054395841,6726.358251882142,424818.62862833054,-0.0229957307833932,-0.0153677135773377,0.0152260554162157
202409,NRP-L,2026-07-01,424818.62862833054,-9769.014815707384,-6528.491007077578,6468.311981335718,408521.1228055456,-0.0229957307833932,-0.0153677135773377,0.0152260554162157
202409,NRP-L,2026-08-01,408521.1228055456,-9394.241759365837,-6278.035605568025,6220.165254531896,392848.8454406117,-0.0229957307833932,-0.0153677135773377,0.0152260554162157
202409,NRP-L,2026-09-01,392848.8454406117,-9033.846288319151,-6037.188535919128,5981.53829087511,377777.81061637343,-0.0229957307833932,-0.0153677135773377,0.0152260554162157
202409,NRP-L,2026-10-01,377777.81061637343,-8687.276828873824,-5805.581189426152,5752.065879461542,363284.95259807346,-0.0229957307833932,-0.0153677135773377,0.0152260554162157
202409,NRP-L,2026-11-01,363284.95259807346,-8354.002967603057,-5582.859098483897,5531.39682013556,349348.0905319865,-0.0229957307833932,-0.0153677135773377,0.0152260554162157
202409,NRP-L,2026-12-01,349348.0905319865,-8033.514639566037,-5368.681394085409,5319.193385989165,335945.8944983351,-0.0229957307833932,-0.0153677135773377,0.0152260554162157
202409,NRP-L,2027-01-01,335945.8944983351,-7725.321347669928,-5162.720284132923,5115.130806481803,323057.8528665322,-0.0229957307833932,-0.0153677135773377,0.0152260554162157
202409,NRP-L,2027-02-01,323057.8528665322,-7428.951411979826,-4964.660551762572,4918.896770389478,310664.24090278987,-0.0229957307833932,-0.0153677135773377,0.0152260554162157
202409,NRP-L,2027-03-01,310664.24090278987,-7143.951247827766,-4774.199072915114,4730.1909478224625,298746.09058204695,-0.0229957307833932,-0.0153677135773377,0.0152260554162157
202409,NRP-L,2027-04-01,298746.09058204695,-6869.8846716159505,-4591.044352414281,4548.724530580042,287285.1615580167,-0.0229957307833932,-0.0153677135773377,0.0152260554162157
202409,NRP-L,2027-05-01,287285.1615580167,-6606.332233251774,-4414.916077842789,4374.219790138843,276263.9132469222,-0.0229957307833932,-0.0153677135773377,0.0152260554162157
202409,NRP-L,2027-06-01,276263.9132469222,-6352.8905741929175,-4245.544690533171,4206.409652598244,265665.4779821961,-0.0229957307833932,-0.0153677135773377,0.0152260554162157
202409,NRP-L,2027-07-01,265665.4779821961,-6109.171810120055,-4082.6709730169046,4045.0372899323493,255473.63519905912,-0.0229957307833932,-0.0153677135773377,0.0152260554162157
202409,NRP-L,2027-08-01,255473.63519905912,-5874.802937292368,-3926.0456523003995,3889.8557269229477,245672.78660946633,-0.0229957307833932,-0.0153677135773377,0.0152260554162157
202409,NRP-L,2027-09-01,245672.78660946633,-5649.425261677294,-3775.429018360683,3740.627463171869,236247.93232942835,-0.0229957307833932,-0.0153677135773377,0.0152260554162157
202409,NRP-L,2027-10-01,236247.93232942835,-5432.693849980829,-3630.5905572769143,3597.1241096142526,227184.6479221706,-0.0229957307833932,-0.0153677135773377,0.0152260554162157
202409,NRP-L,2027-11-01,227184.6479221706,-5224.2770017382045,-3491.3085984362265,3459.1260389764225,218469.06232199617,-0.0229957307833932,-0.0153677135773377,0.0152260554162157
202409,NRP-L,2027-12-01,218469.06232199617,-5023.855741656975,-3357.3699752739767,3326.422049643395,210087.83660506524,-0.0229957307833932,-0.0153677135773377,0.0152260554162157
202409,NRP-M,2025-10-01,3038266.8,-98375.88272118817,-47666.25191021847,46491.62920452676,2892224.6653685933,-0.0323789479979797,-0.0156886327133017,0.0153020232471114
202409,NRP-M,2025-11-01,2892224.6653685933,-93647.19203844391,-45375.050499319776,44256.88906533921,2753202.42283083,-0.0323789479979797,-0.0156886327133017,0.0153020232471114
202409,NRP-M,2025-12-01,2753202.42283083,-89145.79807675115,-43193.98159716526,42129.56747816079,2620862.6431569136,-0.0323789479979797,-0.0156886327133017,0.0153020232471114
202409,NRP-M,2026-01-01,2620862.6431569136,-84860.77523262532,-41117.75140050191,40104.501093072926,2494884.1165237864,-0.0323789479979797,-0.0156886327133017,0.0153020232471114
202409,NRP-M,2026-02-01,2494884.1165237864,-80781.7230699092,-39141.320566391885,38176.774749895965,2374961.0728874854,-0.0323789479979797,-0.0156886327133017,0.0153020232471114
202409,NRP-M,2026-03-01,2374961.0728874854,-76898.74107624996,-37259.89198092071,36341.709548308936,2260802.4398303144,-0.0323789479979797,-0.0156886327133017,0.0153020232471114
202409,NRP-M,2026-04-01,2260802.4398303144,-73202.40463297137,-35468.89911583417,34594.851491409645,2152131.136081509,-0.0323789479979797,-0.0156886327133017,0.0153020232471114
202409,NRP-M,2026-05-01,2152131.136081509,-69683.74214001614,-33763.994944843515,32931.96067515152,2048683.3989966493,-0.0323789479979797,-0.0156886327133017,0.0153020232471114
202409,NRP-M,2026-06-01,2048683.3989966493,-66334.2132404368,-32141.041392696952,31349.00099741793,1950208.1443635155,-0.0323789479979797,-0.0156886327133017,0.0153020232471114
202409,NRP-M,2026-07-01,1950208.1443635155,-63145.68809158275,-30596.099291408853,29842.130361756503,1856466.3569805238,-0.0323789479979797,-0.0156886327133017,0.0153020232471114
202409,NRP-M,2026-08-01,1856466.3569805238,-60110.42763267119,-29125.418819268678,28407.691351996185,1767230.510528584,-0.0323789479979797,-0.0156886327133017,0.0153020232471114
202409,NRP-M,2026-09-01,1767230.510528584,-57221.06480084814,-27725.430399423607,27042.202355112942,1682284.015328312,-0.0323789479979797,-0.0156886327133017,0.0153020232471114
202409,NRP-M,2026-10-01,1682284.015328312,-54470.586650147896,-26392.736035944294,25742.349110797742,1601420.69264222,-0.0323789479979797,-0.0156886327133017,0.0153020232471114
202409,NRP-M,2026-11-01,1601420.69264222,-51852.317329951074,-25124.101066345,24504.97666721649,1524444.2742459239,-0.0323789479979797,-0.0156886327133017,0.0153020232471114
202409,NRP-M,2026-12-01,1524444.2742459239,-49359.90188162667,-23916.44631054007,23327.081723436993,1451167.9260537573,-0.0323789479979797,-0.0156886327133017,0.0153020232471114
202409,NRP-M,2027-01-01,1451167.9260537573,-46987.29081403065,-22766.84059718116,22205.805339937033,1381413.7946425455,-0.0323789479979797,-0.0156886327133017,0.0153020232471114
202409,NRP-M,2027-02-01,1381413.7946425455,-44728.72542042279,-21672.493649235275,21138.425999500607,1315012.5755728874,-0.0323789479979797,-0.0156886327133017,0.0153020232471114
202409,NRP-M,2027-03-01,1315012.5755728874,-42578.72380116387,-20630.749311535925,20122.35300166016,1251803.1024601876,-0.0323789479979797,-0.0156886327133017,0.0153020232471114
202409,NRP-M,2027-04-01,1251803.1024601876,-40532.06755826806,-19639.07910386946,19155.120174651965,1191631.9557980502,-0.0323789479979797,-0.0156886327133017,0.0153020232471114
202409,NRP-M,2027-05-01,1191631.9557980502,-38583.789129515906,-18695.076083948974,18234.37988962259,1134353.0905845852,-0.0323789479979797,-0.0156886327133017,0.0153020232471114
202409,NRP-M,2027-06-01,1134353.0905845852,-36729.15973138584,-17796.44900538021,17357.897362557986,1079827.4818478192,-0.0323789479979797,-0.0156886327133017,0.0153020232471114
202409,NRP-M,2027-07-01,1079827.4818478192,-34963.6778815399,-16941.016756439894,16523.545230105094,1027922.7872098393,-0.0323789479979797,-0.0156886327133017,0.0153020232471114
202409,NRP-M,2027-08-01,1027922.7872098393,-33283.05847300574,-16126.703066168548,15729.298386120507,978513.025670665,-0.0323789479979797,-0.0156886327133017,0.0153020232471114
202409,NRP-M,2027-09-01,978513.025670665,-31683.222373536235,-15351.531464928621,14973.229066413829,931478.2718322001,-0.0323789479979797,-0.0156886327133017,0.0153020232471114
202409,NRP-M,2027-10-01,931478.2718322001,-30160.286524902804,-14613.620487196387,14253.502169755478,886704.364820101,-0.0323789479979797,-0.0156886327133017,0.0153020232471114
202409,NRP-M,2027-11-01,886704.364820101,-28710.554518091667,-13911.17910494404,13568.370803792333,844082.6311970653,-0.0323789479979797,-0.0156886327133017,0.0153020232471114
202409,NRP-M,2027-12-01,844082.6311970653,-27330.507621527653,-13242.502380528053,12916.172045060453,803509.6211950097,-0.0323789479979797,-0.0156886327133017,0.0153020232471114
202409,NRP-S,2025-10-01,1203094.8800000004,-68169.51362972341,-22085.521981710153,20296.703799482897,1112839.844388567,-0.0566617934819267,-0.018357257061646,0.0168704099210221
202409,NRP-S,2025-11-01,1112839.844388567,-63055.501441204426,-20428.687091883054,18774.064351281566,1029355.6558554794,-0.0566617934819267,-0.018357257061646,0.0168704099210221
202409,NRP-S,2025-12-01,1029355.6558554794,-58325.13759153639,-18896.14638239825,17365.65186880449,952134.3718815448,-0.0566617934819267,-0.018357257061646,0.0168704099210221
202409,NRP-S,2026-01-01,952134.3718815448,-53949.64114659609,-17478.575421858368,16062.897153536558,880706.1553130904,-0.0566617934819267,-0.018357257061646,0.0168704099210221
202409,NRP-S,2026-02-01,880706.1553130904,-49902.39029061199,-16167.349288856327,14857.87386009919,814636.415733622,-0.0566617934819267,-0.018357257061646,0.0168704099210221
202409,NRP-S,2026-03-01,814636.415733622,-46158.76035115548,-14954.490095400019,13743.25027001838,753523.1652870665,-0.0566617934819267,-0.018357257061646,0.0168704099210221
202409,NRP-S,2026-04-01,753523.1652870665,-42695.97397534348,-13832.618447079847,12712.2446833789,696994.5728646431,-0.0566617934819267,-0.018357257061646,0.0168704099210221
202409,NRP-S,2026-05-01,696994.5728646431,-39492.962545680115,-12794.908544648406,11758.584156954234,644706.7017743145,-0.0566617934819267,-0.018357257061646,0.0168704099210221
202409,NRP-S,2026-06-01,644706.7017743145,-36530.23799235032,-11835.046653837037,10876.466337762831,596341.4171281271,-0.0566617934819267,-0.018357257061646,0.0168704099210221
202409,NRP-S,2026-07-01,596341.4171281271,-33789.77422203344,-10947.192690727294,10060.524159834733,551604.4502153663,-0.0566617934819267,-0.018357257061646,0.0168704099210221
202409,NRP-S,2026-08-01,551604.4502153663,-31254.897441814806,-10125.944688951393,9305.793189393256,510223.60808460007,-0.0566617934819267,-0.018357257061646,0.0168704099210221
202409,NRP-S,2026-09-01,510223.60808460007,-28910.184710893118,-9366.305932529525,8607.681419770128,471947.1174411774,-0.0566617934819267,-0.018357257061646,0.0168704099210221
202409,NRP-S,2026-10-01,471947.1174411774,-26741.370102842604,-8663.654554370529,7961.941332277421,436542.09278396424,-0.0566617934819267,-0.018357257061646,0.0168704099210221
202409,NRP-S,2026-11-01,436542.09278396424,-24735.257907493065,-8013.71541546415,7364.64405304634,403793.11946100707,-0.0566617934819267,-0.018357257061646,0.0168704099210221
202409,NRP-S,2026-12-01,403793.11946100707,-22879.64234432254,-7412.534093669638,6812.155448595435,373500.94302301493,-0.0566617934819267,-0.018357257061646,0.0168704099210221
202409,NRP-S,2027-01-01,373500.94302301493,-21163.233298874944,-6856.452823840681,6301.114014686581,345481.25690029934,-0.0566617934819267,-0.018357257061646,0.0168704099210221
202409,NRP-S,2027-02-01,345481.25690029934,-19575.587630361224,-6342.0882428993555,5828.410423937994,319563.5810270388,-0.0566617934819267,-0.018357257061646,0.0168704099210221
202409,NRP-S,2027-03-01,319563.5810270388,-18107.045632499023,-5866.310804453491,5391.168607755904,295590.22459008626,-0.0566617934819267,-0.018357257061646,0.0168704099210221
202409,NRP-S,2027-04-01,295590.22459008626,-16748.6722609998,-5426.225737709888,4986.728257481742,273415.32659137656,-0.0566617934819267,-0.018357257061646,0.0168704099210221
202409,NRP-S,2027-05-01,273415.32659137656,-15492.202770114121,-5019.155434831795,4612.6286382866565,252903.96838643064,-0.0566617934819267,-0.018357257061646,0.0168704099210221
202409,NRP-S,2027-06-01,252903.96838643064,-14329.992427471652,-4642.6231595801,4266.593617332299,233931.3527993789,-0.0566617934819267,-0.018357257061646,0.0168704099210221
202409,NRP-S,2027-07-01,233931.3527993789,-13254.970001266143,-4294.3379781168,3946.517815104762,216382.04481999596,-0.0566617934819267,-0.018357257061646,0.0168704099210221
202409,NRP-S,2027-08-01,216382.04481999596,-12260.59473678762,-3972.180820285272,3650.453795662308,200149.26926292307,-0.0566617934819267,-0.018357257061646,0.0168704099210221
202409,NRP-S,2027-09-01,200149.26926292307,-11340.816560534287,-3674.1915865600813,3376.600217858541,185134.2611158287,-0.0566617934819267,-0.018357257061646,0.0168704099210221
202409,NRP-S,2027-10-01,185134.2611158287,-10490.039269774179,-3398.557222221161,3123.290875449572,171245.66462383335,-0.0566617934819267,-0.018357257061646,0.0168704099210221
202409,NRP-S,2027-11-01,171245.66462383335,-9703.086483590927,-3143.6006861921273,2888.984559401941,158398.9774540503,-0.0566617934819267,-0.018357257061646,0.0168704099210221
202409,NRP-S,2027-12-01,158398.9774540503,-8975.170148249761,-2907.7707474258705,2672.255680720566,146516.03655837465,-0.0566617934819267,-0.018357257061646,0.0168704099210221
202409,PRIME,2025-10-01,10148.72,-407.7668649948952,-105.47500815487534,102.08063711180488,9635.478126850228,-0.0401791422952742,-0.0103929370555967,0.0100584740845944
202409,PRIME,2025-11-01,9635.478126850228,-387.1452467417175,-100.14091767293323,96.91820703159922,9148.191962435578,-0.0401791422952742,-0.0103929370555967,0.0100584740845944
202409,PRIME,2025-12-01,9148.191962435578,-367.5665066031828,-95.07658323810861,92.01685177505306,8685.548872594285,-0.0401791422952742,-0.0103929370555967,0.0100584740845944
202409,PRIME,2026-01-01,8685.548872594285,-348.9779040645242,-90.2683627261813,87.36336824546773,8246.30260580358,-0.0401791422952742,-0.0103929370555967,0.0100584740845944
202409,PRIME,2026-02-01,8246.30260580358,-331.32936580847246,-85.70330392351966,82.94522105419858,7829.269936071588,-0.0401791422952742,-0.0103929370555967,0.0100584740845944
202409,PRIME,2026-03-01,7829.269936071588,-314.57335082953267,-81.36910963686762,78.75050875327013,7433.327475605188,-0.0401791422952742,-0.0103929370555967,0.0100584740845944
202409,PRIME,2026-04-01,7433.327475605188,-298.6647223697122,-77.25410456760224,74.76793177567829,7057.408648667873,-0.0401791422952742,-0.0103929370555967,0.0100584740845944
202409,PRIME,2026-05-01,7057.408648667873,-283.5606263307253,-73.34720386122898,70.98676199701819,6700.500818475919,-0.0401791422952742,-0.0103929370555967,0.0100584740845944
202409,PRIME,2026-06-01,6700.500818475919,-269.2203758351452,-69.6378832473944,67.3968138364436,6361.642559393379,-0.0401791422952742,-0.0103929370555967,0.0100584740845944
202409,PRIME,2026-07-01,6361.642559393379,-255.60534162553895,-66.11615068998049,63.988416819111094,6039.921067077859,-0.0401791422952742,-0.0103929370555967,0.0100584740845944
202409,PRIME,2026-08-01,6039.921067077859,-242.6788480063457,-62.77251947091265,60.75238952619841,5734.4696996006005,-0.0401791422952742,-0.0103929370555967,0.0100584740845944
202409,PRIME,2026-09-01,5734.4696996006005,-230.40607404819085,-59.59798263517556,57.68001486232448,5444.465642917234,-0.0401791422952742,-0.0103929370555967,0.0100584740845944
202409,PRIME,2026-10-01,5444.465642917234,-218.75395978850307,-56.58398872819763,54.763016573747585,5169.127694400533,-0.0401791422952742,-0.0103929370555967,0.0100584740845944
202409,PRIME,2026-11-01,5169.127694400533,-207.6911171757617,-53.722418760246434,51.99353695408696,4907.714158464525,-0.0401791422952742,-0.0103929370555967,0.0100584740845944
202409,PRIME,2026-12-01,4907.714158464525,-197.18774551747805,-51.00556433578254,49.364115677512444,4659.520848611264,-0.0401791422952742,-0.0103929370555967,0.0100584740845944
202409,PRIME,2027-01-01,4659.520848611264,-187.2155512041488,-48.42610688885739,46.86766970238371,4423.879190518258,-0.0401791422952742,-0.0103929370555967,0.0100584740845944
202409,PRIME,2027-02-01,4423.879190518258,-177.74767149293552,-45.97709796862034,44.497474191204354,4200.154421056703,-0.0401791422952742,-0.0103929370555967,0.0100584740845944
202409,PRIME,2027-03-01,4200.154421056703,-168.7586021457623,-43.651940521828514,42.24714439549344,3987.7438783891116,-0.0401791422952742,-0.0103929370555967,0.0100584740845944
202409,PRIME,2027-04-01,3987.7438783891116,-160.22412872690475,-41.4443711219391,40.11061845677684,3786.0753785402676,-0.0401791422952742,-0.0103929370555967,0.0100584740845944
202409,PRIME,2027-05-01,3786.0753785402676,-152.12126137500354,-39.34844309691345,38.08214107736821,3594.6056740683507,-0.0401791422952742,-0.0103929370555967,0.0100584740845944
202409,PRIME,2027-06-01,3594.6056740683507,-144.4281728737923,-37.35851051028312,36.15624801695249,3412.8189906842754,-0.0401791422952742,-0.0103929370555967,0.0100584740845944
202409,PRIME,2027-07-01,3412.8189906842754,-137.12413985471758,-35.469212952326735,34.3277513732094,3240.225637877231,-0.0401791422952742,-0.0103929370555967,0.0100584740845944
202409,PRIME,2027-08-01,3240.225637877231,-130.18948697306487,-33.67546110038873,32.591725606826486,3076.360689803777,-0.0401791422952742,-0.0103929370555967,0.0100584740845944
202409,PRIME,2027-09-01,3076.360689803777,-123.60553390721385,-31.9724230094427,30.943494273256245,2920.7827328871203,-0.0401791422952742,-0.0103929370555967,0.0100584740845944
202409,PRIME,2027-10-01,2920.7827328871203,-117.35454503825147,-30.355511095969554,29.37861742547591,2773.072676752899,-0.0401791422952742,-0.0103929370555967,0.0100584740845944
202409,PRIME,2027-11-01,2773.072676752899,-111.41968167439165,-28.820369780087937,27.89287965381586,2632.8326252984198,-0.0401791422952742,-0.0103929370555967,0.0100584740845944
202409,PRIME,2027-12-01,2632.8326252984198,-105.78495669150556,-27.36286375264789,26.482278730638797,2499.684804854266,-0.0401791422952742,-0.0103929370555967,0.0100584740845944
202410,NON PRIME,2025-10-01,3386607.26,-208287.77893688314,-87730.05523166445,78632.0939982851,3090589.4258314525,-0.0615033757817206,-0.0259049982759632,0.0232185452759837
202410,NON PRIME,2025-11-01,3090589.4258314525,-190081.68284392392,-80061.71374787387,71758.99051314405,2820446.0292396545,-0.0615033757817206,-0.0259049982759632,0.0232185452759837
202410,NON PRIME,2025-12-01,2820446.0292396545,-173466.95200838818,-73063.6495249005,65486.653828369366,2573915.427706366,-0.0615033757817206,-0.0259049982759632,0.0232185452759837
202410,NON PRIME,2026-01-01,2573915.427706366,-158304.48778059272,-66677.2747172085,59762.57189475321,2348933.6652085646,-0.0615033757817206,-0.0259049982759632,0.0232185452759837
202410,NON PRIME,2026-02-01,2348933.6652085646,-144467.34989765662,-60849.122547579784,54538.8226559274,2143617.192763328,-0.0615033757817206,-0.0259049982759632,0.0232185452759837
202410,NON PRIME,2026-03-01,2143617.192763328,-131839.69373867995,-55530.39968285908,49771.67284455241,1956247.099341789,-0.0615033757817206,-0.0259049982759632,0.0232185452759837
202410,NON PRIME,2026-04-01,1956247.099341789,-120315.80047271895,-50676.577735807055,45421.21184707912,1785254.721133263,-0.0615033757817206,-0.0259049982759632,0.0232185452759837
202410,NON PRIME,2026-05-01,1785254.721133263,-109799.19197994989,-46247.020473112345,41451.01757179633,1629208.508680201,-0.0615033757817206,-0.0259049982759632,0.0232185452759837
202410,NON PRIME,2026-06-01,1629208.508680201,-100201.823136135,-42204.64360854518,37827.85152280913,1486802.0419355207,-0.0615033757817206,-0.0259049982759632,0.0232185452759837
202410,NON PRIME,2026-07-01,1486802.0419355207,-91443.34469818983,-38515.60433303823,34521.380527104906,1356843.0929042927,-0.0615033757817206,-0.0259049982759632,0.0232185452759837
202410,NON PRIME,2026-08-01,1356843.0929042927,-83450.43061972475,-35149.01798243828,31503.92278500408,1238243.6443021297,-0.0615033757817206,-0.0259049982759632,0.0232185452759837
202410,NON PRIME,2026-09-01,1238243.6443021297,-76156.16416484106,-32076.699470869058,28750.216117928056,1130010.7806664195,-0.0615033757817206,-0.0259049982759632,0.0232185452759837
202410,NON PRIME,2026-10-01,1130010.7806664195,-69499.47768072225,-29272.927324983426,26237.20647325295,1031238.3756607139,-0.0615033757817206,-0.0259049982759632,0.0232185452759837
202410,NON PRIME,2026-11-01,1031238.3756607139,-63424.64133879204,-26714.228343597882,23943.854915610173,941099.505978324,-0.0615033757817206,-0.0259049982759632,0.0232185452759837
202410,NON PRIME,2026-12-01,941099.505978324,-57880.79656417647,-24379.1810798783,21850.96148876361,858839.5283342692,-0.0615033757817206,-0.0259049982759632,0.0232185452759837
202410,NON PRIME,2027-01-01,858839.5283342692,-52821.53024733823,-22248.23650082829,19941.004473433717,783769.7615861027,-0.0615033757817206,-0.0259049982759632,0.0232185452759837
202410,NON PRIME,2027-02-01,783769.7615861027,-48204.48617317963,-20303.554322640077,18197.993695333877,715261.721090283,-0.0615033757817206,-0.0259049982759632,0.0232185452759837
202410,NON PRIME,2027-03-01,715261.721090283,-43991.010414495904,-18528.853651706253,16607.336655312763,652741.8570240808,-0.0615033757817206,-0.0259049982759632,0.0232185452759837
202410,NON PRIME,2027-04-01,652741.8570240808,-40145.82772101018,-16909.27668085783,15155.7163608433,595686.7526222127,-0.0615033757817206,-0.0259049982759632,0.0232185452759837
202410,NON PRIME,2027-05-01,595686.7526222127,-36636.74619471679,-15431.264299692537,13830.97983606255,543618.7421278034,-0.0615033757817206,-0.0259049982759632,0.0232185452759837
202410,NON PRIME,2027-06-01,543618.7421278034,-33434.38777907256,-14082.442577602029,12622.036376967711,496101.91177112877,-0.0615033757817206,-0.0259049982759632,0.0232185452759837
202410,NON PRIME,2027-07-01,496101.91177112877,-30511.94230568973,-12851.519169133138,11518.764699960026,452738.4502963059,-0.0615033757817206,-0.0259049982759632,0.0232185452759837
202410,NON PRIME,2027-08-01,452738.4502963059,-27844.94303940753,-11728.188774388054,10511.928206383474,413165.3184825103,-0.0615033757817206,-0.0259049982759632,0.0232185452759837
202410,NON PRIME,2027-09-01,413165.3184825103,-25411.0618426041,-10703.046862977215,9593.09765365239,377051.209776929,-0.0615033757817206,-0.0259049982759632,0.0232185452759837
202410,NON PRIME,2027-10-01,377051.209776929,-23189.922243862828,-9767.510939221183,8754.580585570055,344093.776593845,-0.0615033757817206,-0.0259049982759632,0.0232185452759837
202410,NON PRIME,2027-11-01,344093.776593845,-21162.928846002662,-8913.74868943322,7989.356931028411,314017.0990584091,-0.0615033757817206,-0.0259049982759632,0.0232185452759837
202410,NON PRIME,2027-12-01,314017.0990584091,-19313.111645275116,-8134.612409731053,7291.020231920731,286569.37500340294,-0.0615033757817206,-0.0259049982759632,0.0232185452759837
202410,NRP-L,2025-10-01,463335.09,-10801.174309829032,-7756.84986341551,7537.15706668177,444777.0658267555,-0.0233117986160492,-0.0167413391103521,0.0162671837927962
202410,NRP-L,2025-11-01,444777.0658267555,-10368.553387590582,-7446.163687513112,7235.270276624446,426962.3487516518,-0.0233117986160492,-0.0167413391103521,0.0162671837927962
202410,NRP-L,2025-12-01,426962.3487516518,-9953.260290733873,-7147.9214678038215,6945.47499974707,409861.1669931141,-0.0233117986160492,-0.0167413391103521,0.0162671837927962
202410,NRP-L,2026-01-01,409861.1669931141,-9554.600985482388,-6861.624784796374,6667.286933006923,393444.94122283533,-0.0233117986160492,-0.0167413391103521,0.0162671837927962
202410,NRP-L,2026-02-01,393444.94122283533,-9171.909236290052,-6586.795182264036,6400.241171217761,377686.23680428124,-0.0233117986160492,-0.0167413391103521,0.0162671837927962
202410,NRP-L,2026-03-01,377686.23680428124,-8804.545492434874,-6322.973367653219,6143.891430104792,362558.71794419317,-0.0233117986160492,-0.0167413391103521,0.0162671837927962
202410,NRP-L,2026-04-01,362558.71794419317,-8451.895819208014,-6069.7184445182365,5897.809300478748,348037.10368046694,-0.0233117986160492,-0.0167413391103521,0.0162671837927962
202410,NRP-L,2026-05-01,348037.10368046694,-8113.370871912081,-5826.60717569947,5661.583532282623,334097.12563285534,-0.0233117986160492,-0.0167413391103521,0.0162671837927962
202410,NRP-L,2026-06-01,334097.12563285534,-7788.404910954013,-5593.2332760135405,5434.819347314581,320715.4874458878,-0.0233117986160492,-0.0167413391103521,0.0162671837927962
202410,NRP-L,2026-07-01,320715.4874458878,-7476.454856386592,-5369.20673327348,5217.13777947848,307869.8258562278,-0.0233117986160492,-0.0167413391103521,0.0162671837927962
202410,NRP-L,2026-08-01,307869.8258562278,-7176.999380318519,-5154.153156504156,5008.175041459417,295538.6733194051,-0.0233117986160492,-0.0167413391103521,0.0162671837927962
202410,NRP-L,2026-09-01,295538.6733194051,-6889.538035676324,-4947.713150263729,4807.581916765918,283701.42213346506,-0.0233117986160492,-0.0167413391103521,0.0162671837927962
202410,NRP-L,2026-10-01,283701.42213346506,-6613.590419862101,-4749.5417140254895,4615.023176122736,272338.28999957745,-0.0233117986160492,-0.0167413391103521,0.0162671837927962
202410,NRP-L,2026-11-01,272338.28999957745,-6348.695371909355,-4559.307665616338,4430.177017238958,261430.28696205176,-0.0233117986160492,-0.0167413391103521,0.0162671837927962
202410,NRP-L,2026-12-01,261430.28696205176,-6094.410201795304,-4376.69308774837,4252.734527015148,250959.18367250808,-0.0233117986160492,-0.0167413391103521,0.0162671837927962
202410,NRP-L,2027-01-01,250959.18367250808,-5850.30995062161,-4201.3927967185955,4082.3991652907885,240907.48092516785,-0.0233117986160492,-0.0167413391103521,0.0162671837927962
202410,NRP-L,2027-02-01,240907.48092516785,-5615.986680427227,-4033.113832388915,3918.8862692692505,231258.38041235172,-0.0233117986160492,-0.0167413391103521,0.0162671837927962
202410,NRP-L,2027-03-01,231258.38041235172,-5391.04879244644,-3871.5749685939877,3761.9225777921065,221995.7566513113,-0.0233117986160492,-0.0167413391103521,0.0162671837927962
202410,NRP-L,2027-04-01,221995.7566513113,-5175.120372672834,-3716.5062431588053,3611.2457746677405,213104.13003547967,-0.0233117986160492,-0.0167413391103521,0.0162671837927962
202410,NRP-L,2027-05-01,213104.13003547967,-4967.840563635464,-3567.6485067405356,3466.604050291089,204568.64096510367,-0.0233117986160492,-0.0167413391103521,0.0162671837927962
202410,NRP-L,2027-06-01,204568.64096510367,-4768.86296133737,-3424.7529897406666,3327.755680821879,196375.02501402562,-0.0233117986160492,-0.0167413391103521,0.0162671837927962
202410,NRP-L,2027-07-01,196375.02501402562,-4577.855036348589,-3287.580886563679,3194.4686242181065,188509.58909111336,-0.0233117986160492,-0.0167413391103521,0.0162671837927962
202410,NRP-L,2027-08-01,188509.58909111336,-4394.49757808622,-3155.9029565274595,3066.5201324496306,180959.1885564997,-0.0233117986160492,-0.0167413391103521,0.0162671837927962
202410,NRP-L,2027-09-01,180959.1885564997,-4218.484161352796,-3029.4991407585085,2943.6963792438437,173711.2052543884,-0.0233117986160492,-0.0167413391103521,0.0162671837927962
202410,NRP-L,2027-10-01,173711.2052543884,-4049.52063424149,-2908.1581944316936,2825.7921027412813,166753.52642571522,-0.0233117986160492,-0.0167413391103521,0.0162671837927962
202410,NRP-L,2027-11-01,166753.52642571522,-3887.3246265523117,-2791.6773337399586,2712.6102624640075,160074.52446542293,-0.0233117986160492,-0.0167413391103521,0.0162671837927962
202410,NRP-L,2027-12-01,160074.52446542293,-3731.62507789778,-2679.861897003999,2603.961710023487,153663.03749052115,-0.0233117986160492,-0.0167413391103521,0.0162671837927962
202410,NRP-M,2025-10-01,2948745.809999999,-92170.01921169301,-45960.39427196082,43349.757291063484,2810615.396516345,-0.0312573633505877,-0.0155864212222351,0.014701083133057
202410,NRP-M,2025-11-01,2810615.396516345,-87852.42668766752,-43807.43546380308,41319.09059923675,2678955.5343648745,-0.0312573633505877,-0.0155864212222351,0.014701083133057
202410,NRP-M,2025-12-01,2678955.5343648745,-83737.08653771071,-41755.32939424885,39383.54802046116,2553463.118432915,-0.0312573633505877,-0.0155864212222351,0.014701083133057
202410,NRP-M,2026-01-01,2553463.118432915,-79814.52449518237,-39799.3517393374,37538.67358127725,2433849.242198395,-0.0312573633505877,-0.0155864212222351,0.014701083133057
202410,NRP-M,2026-02-01,2433849.242198395,-76075.71010394776,-37934.99948032188,35780.22004288639,2319838.5326141254,-0.0312573633505877,-0.0155864212222351,0.014701083133057
202410,NRP-M,2026-03-01,2319838.5326141254,-72512.03592861391,-36157.980536895535,34104.13912322922,2211168.516148616,-0.0312573633505877,-0.0155864212222351,0.014701083133057
202410,NRP-M,2026-04-01,2211168.516148616,-69115.29773863713,-34464.203886036885,32506.572177099093,2107589.014523942,-0.0312573633505877,-0.0155864212222351,0.014701083133057
202410,NRP-M,2026-05-01,2107589.014523942,-65877.67562068191,-32849.77014372553,30983.84131283415,2008861.5687595347,-0.0312573633505877,-0.0155864212222351,0.014701083133057
202410,NRP-M,2026-06-01,2008861.5687595347,-62791.7159757484,-31310.96258784611,29532.44092513722,1914758.8901959402,-0.0312573633505877,-0.0155864212222351,0.014701083133057
202410,NRP-M,2026-07-01,1914758.8901959402,-59850.31435962256,-29844.238601613328,28149.029624530474,1825064.3372347043,-0.0312573633505877,-0.0155864212222351,0.014701083133057
202410,NRP-M,2026-08-01,1825064.3372347043,-57046.699127144675,-28446.22151781943,26830.422544864963,1739571.4165897402,-0.0312573633505877,-0.0155864212222351,0.014701083133057
202410,NRP-M,2026-09-01,1739571.4165897402,-54374.415842642076,-27113.692845127902,25573.584011175502,1658083.30790197,-0.0312573633505877,-0.0155864212222351,0.014701083133057
202410,NRP-M,2026-10-01,1658083.30790197,-51827.31242063626,-25843.584858517042,24375.620551001008,1580412.410622817,-0.0312573633505877,-0.0155864212222351,0.014701083133057
202410,NRP-M,2026-11-01,1580412.410622817,-49399.5249626156,-24632.973536815207,23233.774233081047,1506379.912123386,-0.0312573633505877,-0.0155864212222351,0.014701083133057
202410,NRP-M,2026-12-01,1506379.912123386,-47085.46425726705,-23479.071831068588,22145.416318092997,1435815.3760350505,-0.0312573633505877,-0.0155864212222351,0.014701083133057
202410,NRP-M,2027-01-01,1435815.3760350505,-44879.802913088286,-22379.22324824418,21108.041206812773,1368556.3498737179,-0.0312573633505877,-0.0155864212222351,0.014701083133057
202410,NRP-M,2027-02-01,1368556.3498737179,-42777.46309375683,-21330.89573549632,20119.26067176657,1304447.9910444645,-0.0312573633505877,-0.0155864212222351,0.014701083133057
202410,NRP-M,2027-03-01,1304447.9910444645,-40773.604828021,-20331.67585091738,19176.798359093864,1243342.7103655261,-0.0312573633505877,-0.0155864212222351,0.014701083133057
202410,NRP-M,2027-04-01,1243342.7103655261,-38863.61486719977,-19379.263207352546,18278.48454796401,1185099.832290974,-0.0312573633505877,-0.0155864212222351,0.014701083133057
202410,NRP-M,2027-05-01,1185099.832290974,-37043.09606463952,-18471.465176487294,17422.251155481517,1129585.2710498471,-0.0312573633505877,-0.0155864212222351,0.014701083133057
202410,NRP-M,2027-06-01,1129585.2710498471,-35307.85725267717,-17606.191841015523,16606.126975580526,1076671.2219561543,-0.0312573633505877,-0.0155864212222351,0.014701083133057
202410,NRP-M,2027-07-01,1076671.2219561543,-33653.903593804775,-16781.4511832672,15828.23314094749,1026235.8671790824,-0.0312573633505877,-0.0155864212222351,0.014701083133057
202410,NRP-M,2027-08-01,1026235.8671790824,-32077.427383822036,-15995.34449921889,15086.778797524532,978163.0952960415,-0.0312573633505877,-0.0155864212222351,0.014701083133057
202410,NRP-M,2027-09-01,978163.0952960415,-30574.79928580391,-15246.062027329395,14380.056981635462,932342.2339829082,-0.0312573633505877,-0.0155864212222351,0.014701083133057
202410,NRP-M,2027-10-01,932342.2339829082,-29142.559974702417,-14531.878782137283,13706.440690242815,888667.7952260685,-0.0312573633505877,-0.0155864212222351,0.014701083133057
202410,NRP-M,2027-11-01,888667.7952260685,-27777.41217334689,-13851.15058302847,13064.379135288907,847039.2324696932,-0.0312573633505877,-0.0155864212222351,0.014701083133057
202410,NRP-M,2027-12-01,847039.2324696932,-26476.213061508122,-13202.310269031355,12452.394173497752,807360.7091391537,-0.0312573633505877,-0.0155864212222351,0.014701083133057
202410,NRP-S,2025-10-01,1148959.1199999996,-58340.836962077614,-21132.86923907619,19572.89366730428,1069485.4137988458,-0.0507771216107999,-0.0183930558287193,0.0170353264329407
202410,NRP-S,2025-11-01,1069485.4137988458,-54305.39091744064,-19671.104924003135,18219.033139332,995508.9179574021,-0.0507771216107999,-0.0183930558287193,0.0170353264329407
202410,NRP-S,2025-12-01,995508.9179574021,-50549.07739175882,-18310.451105978438,16958.819384307928,926649.3894596648,-0.0507771216107999,-0.0183930558287193,0.0170353264329407
202410,NRP-S,2026-01-01,926649.3894596648,-47052.58873916688,-17043.913953980267,15785.77483833059,862552.8867665177,-0.0507771216107999,-0.0183930558287193,0.0170353264329407
202410,NRP-S,2026-02-01,862552.8867665177,-43797.95282708998,-15864.983401519556,14693.869991742966,802889.9505379081,-0.0507771216107999,-0.0183930558287193,0.0170353264329407
202410,NRP-S,2026-03-01,802889.9505379081,-40768.44065855248,-14767.59968456142,13677.492397140877,747353.9101947943,-0.0507771216107999,-0.0183930558287193,0.0170353264329407
202410,NRP-S,2026-04-01,747353.9101947943,-37948.480384267896,-13746.122194024521,12731.41782110297,695659.3076165019,-0.0507771216107999,-0.0183930558287193,0.0170353264329407
202410,NRP-S,2026-05-01,695659.3076165019,-35323.57726252797,-12795.300482758534,11850.783391360621,647540.4298712154,-0.0507771216107999,-0.0183930558287193,0.0170353264329407
202410,NRP-S,2026-06-01,647540.4298712154,-32880.23915548035,-11910.247277974158,11031.062601382899,602749.9434377609,-0.0507771216107999,-0.0183930558287193,0.0170353264329407
202410,NRP-S,2026-07-01,602749.9434377609,-30605.907178841946,-11086.413360408136,10268.0420438988,561057.6228985108,-0.0507771216107999,-0.0183930558287193,0.0170353264329407
202410,NRP-S,2026-08-01,561057.6228985108,-28488.891148583993,-10319.564181100848,9557.799753765876,522249.16756882594,-0.0507771216107999,-0.0183930558287193,0.0170353264329407
202410,NRP-S,2026-09-01,522249.16756882594,-26518.30949278129,-9605.758095595596,8896.685048866499,486125.0999804491,-0.0507771216107999,-0.0183930558287193,0.0170353264329407
202410,NRP-S,2026-10-01,486125.0999804491,-24684.03331976952,-8941.326103682151,8281.299765412885,452499.74055699736,-0.0507771216107999,-0.0183930558287193,0.0170353264329407
202410,NRP-S,2026-11-01,452499.74055699736,-22976.634355118058,-8322.85299054585,7708.480791209427,421200.2532113335,-0.0507771216107999,-0.0183930558287193,0.0170353264329407
202410,NRP-S,2026-12-01,421200.2532113335,-21387.33647981159,-7747.159772386763,7175.283807092345,392065.7569591351,-0.0507771216107999,-0.0183930558287193,0.0170353264329407
202410,NRP-S,2027-01-01,392065.7569591351,-19907.97062054432,-7211.287356278464,6678.968152976859,364946.49898231233,-0.0507771216107999,-0.0183930558287193,0.0170353264329407
202410,NRP-S,2027-02-01,364946.49898231233,-18530.932760260534,-6712.481330277322,6216.982740722552,339703.08489177446,-0.0507771216107999,-0.0183930558287193,0.0170353264329407
202410,NRP-S,2027-03-01,339703.08489177446,-17249.144853113514,-6248.17780560258,5786.9529414083445,316205.76223305834,-0.0507771216107999,-0.0183930558287193,0.0170353264329407
202410,NRP-S,2027-04-01,316205.76223305834,-16056.018442943681,-5815.990238115382,5386.668379616981,294333.7535519993,-0.0507771216107999,-0.0183930558287193,0.0170353264329407
202410,NRP-S,2027-05-01,294333.7535519993,-14945.420798273073,-5413.69716135843,5014.071571991027,273974.6355923678,-0.0507771216107999,-0.0183930558287193,0.0170353264329407
202410,NRP-S,2027-06-01,273974.6355923678,-13911.643389748246,-5039.230768103446,4667.247351661959,255023.7614345161,-0.0507771216107999,-0.0183930558287193,0.0170353264329407
202410,NRP-S,2027-07-01,255023.7614345161,-12949.372548004047,-4690.666281715046,4344.413024193375,237383.72260479702,-0.0507771216107999,-0.0183930558287193,0.0170353264329407
202410,NRP-S,2027-08-01,237383.72260479702,-12053.662151128166,-4366.212062699247,4043.9092044393615,220963.8483909696,-0.0507771216107999,-0.0183930558287193,0.0170353264329407
202410,NRP-S,2027-09-01,220963.8483909696,-11219.908201338614,-4064.200399583771,3764.191287218986,205679.73979004723,-0.0507771216107999,-0.0183930558287193,0.0170353264329407
202410,NRP-S,2027-10-01,205679.73979004723,-10443.825160196906,-3783.0789367947973,3503.8215079657566,191452.83569305553,-0.0507771216107999,-0.0183930558287193,0.0170353264329407
202410,NRP-S,2027-11-01,191452.83569305553,-9721.423920718773,-3521.4026954689934,3261.461552543362,178210.00907686775,-0.0507771216107999,-0.0183930558287193,0.0170353264329407
202410,NRP-S,2027-12-01,178210.00907686775,-9048.991303157867,-3277.826646187402,3035.8656782417675,165883.19112752247,-0.0507771216107999,-0.0183930558287193,0.0170353264329407
202411,NON PRIME,2025-10-01,3628698.04,-230753.76135566147,-97876.28092295334,89947.20087710352,3300067.997721385,-0.0635913373920916,-0.0269728370462463,0.0247877337506715
202411,NON PRIME,2025-11-01,3300067.997721385,-209855.73745994476,-89012.19634407123,81801.2068866293,3001200.0639173696,-0.0635913373920916,-0.0269728370462463,0.0247877337506715
202411,NON PRIME,2025-12-01,3001200.0639173696,-190850.3258457363,-80950.8802672272,74392.94811688205,2729398.8578044064,-0.0635913373920916,-0.0269728370462463,0.0247877337506715
202411,NON PRIME,2026-01-01,2729398.8578044064,-173566.12364422943,-73619.63062576903,67655.61218664252,2482213.103534408,-0.0635913373920916,-0.0269728370462463,0.0247877337506715
202411,NON PRIME,2026-02-01,2482213.103534408,-157847.2509459273,-66952.32955569089,61528.437522838896,2257413.52303279,-0.0635913373920916,-0.0269728370462463,0.0247877337506715
202411,NON PRIME,2026-03-01,2257413.52303279,-143551.9449766483,-60888.84710275622,55956.165374102144,2052972.7309533856,-0.0635913373920916,-0.0269728370462463,0.0247877337506715
202411,NON PRIME,2026-04-01,2052972.7309533856,-130551.28159082042,-55374.49893239292,50888.541452261474,1867046.950430172,-0.0635913373920916,-0.0269728370462463,0.0247877337506715
202411,NON PRIME,2026-05-01,1867046.950430172,-118728.01255168077,-50359.553151644126,46279.86270726627,1697959.3847268473,-0.0635913373920916,-0.0269728370462463,0.0247877337506715
202411,NON PRIME,2026-06-01,1697959.3847268473,-107975.5081122332,-45798.78179538188,42088.565148063084,1544185.0948192324,-0.0635913373920916,-0.0269728370462463,0.0247877337506715
202411,NON PRIME,2026-07-01,1544185.0948192324,-98196.79536048876,-41651.05293180155,38276.84899213455,1404337.246526942,-0.0635913373920916,-0.0269728370462463,0.0247877337506715
202411,NON PRIME,2026-08-01,1404337.246526942,-89303.68365617566,-37878.95970854542,34810.33776306096,1277154.603162221,-0.0635913373920916,-0.0269728370462463,0.0247877337506715
202411,NON PRIME,2026-09-01,1277154.603162221,-81215.96927155164,-34448.48299395794,31657.768261629648,1161490.1508967113,-0.0635913373920916,-0.0269728370462463,0.0247877337506715
202411,NON PRIME,2026-10-01,1161490.1508967113,-73860.71206326415,-31328.68457095702,28790.708614454943,1056300.7542624902,-0.0635913373920916,-0.0269728370462463,0.0247877337506715
202411,NON PRIME,2026-11-01,1056300.7542624902,-67171.57765182684,-28491.428116549207,26183.301857292092,960637.7484941141,-0.0635913373920916,-0.0269728370462463,0.0247877337506715
202411,NON PRIME,2026-12-01,960637.7484941141,-61088.23917606844,-25911.12545060468,23812.03274051663,873638.383867441,-0.0635913373920916,-0.0269728370462463,0.0247877337506715
202411,NON PRIME,2027-01-01,873638.383867441,-55555.83322719607,-23564.50576540246,21655.515653673072,794518.0448748425,-0.0635913373920916,-0.0269728370462463,0.0247877337506715
202411,NON PRIME,2027-02-01,794518.0448748425,-50524.46505574108,-21430.405754711333,19694.301756461668,722563.17406439,-0.0635913373920916,-0.0269728370462463,0.0247877337506715
202411,NON PRIME,2027-03-01,722563.17406439,-45948.75858902923,-19489.578749657292,17910.703576748205,657124.8367257036,-0.0635913373920916,-0.0269728370462463,0.0247877337506715
202411,NON PRIME,2027-04-01,657124.8367257036,-41787.44720094732,-17724.52114004361,16288.63549371022,597612.8683847126,-0.0635913373920916,-0.0269728370462463,0.0247877337506715
202411,NON PRIME,2027-05-01,597612.8683847126,-38003.00154330789,-16119.314515680691,14813.468667495346,543490.552325724,-0.0635913373920916,-0.0269728370462463,0.0247877337506715
202411,NON PRIME,2027-06-01,543490.552325724,-34561.29108235933,-14659.482104056153,13471.899107055444,494269.77913930855,-0.0635913373920916,-0.0269728370462463,0.0247877337506715
202411,NON PRIME,2027-07-01,494269.77913930855,-31431.276287962366,-13331.85820960872,12251.827686308387,449506.64464173745,-0.0635913373920916,-0.0269728370462463,0.0247877337506715
202411,NON PRIME,2027-08-01,449506.64464173745,-28584.728699399748,-12124.469477126528,11142.251026537097,408797.44646521116,-0.0635913373920916,-0.0269728370462463,0.0247877337506715
202411,NON PRIME,2027-09-01,408797.44646521116,-25995.976343194743,-11026.426908427737,10133.162260934041,371775.0432135887,-0.0635913373920916,-0.0269728370462463,0.0247877337506715
202411,NON PRIME,2027-10-01,371775.0432135887,-23641.67220695475,-10027.827658461305,9215.460786322828,338105.5433481727,-0.0635913373920916,-0.0269728370462463,0.0247877337506715
202411,NON PRIME,2027-11-01,338105.5433481727,-21500.5836811901,-9119.665725162828,8380.870188140625,307485.29394181975,-0.0635913373920916,-0.0269728370462463,0.0247877337506715
202411,NON PRIME,2027-12-01,307485.29394181975,-19553.40107016072,-8293.75072760985,7621.8635984767925,279638.14214404917,-0.0635913373920916,-0.0269728370462463,0.0247877337506715
202411,NRP-L,2025-10-01,587145.5900000001,-17283.13750527552,-8830.248015524736,8296.276910033988,561032.2044791998,-0.0294358636079946,-0.015039281850903,0.0141298462448368
202411,NRP-L,2025-11-01,561032.2044791998,-16514.467450742264,-8437.521450596132,7927.298787692934,536080.2155778614,-0.0294358636079946,-0.015039281850903,0.0141298462448368
202411,NRP-L,2025-12-01,536080.2155778614,-15779.98410869427,-8062.2614567682995,7574.731021014147,512237.97001239884,-0.0294358636079946,-0.015039281850903,0.0141298462448368
202411,NRP-L,2026-01-01,512237.97001239884,-15078.167020121,-7703.691205750865,7237.843757042519,489456.111786527,-0.0294358636079946,-0.015039281850903,0.0141298462448368
202411,NRP-L,2026-02-01,489456.111786527,-14407.563348647565,-7361.068418804665,6915.939603139279,467687.48001907475,-0.0294358636079946,-0.015039281850903,0.0141298462448368
202411,NRP-L,2026-03-01,467687.48001907475,-13766.784873008184,-7033.683830145431,6608.352183304709,446887.0113159211,-0.0294358636079946,-0.015039281850903,0.0141298462448368
202411,NRP-L,2026-04-01,446887.0113159211,-13154.505113279793,-6720.859718687816,6314.444758708608,427011.64648395346,-0.0294358636079946,-0.015039281850903,0.0141298462448368
202411,NRP-L,2026-05-01,427011.64648395346,-12569.45658492686,-6421.9485050903295,6033.6089095728685,408020.2413939363,-0.0294358636079946,-0.015039281850903,0.0141298462448368
202411,NRP-L,2026-06-01,408020.2413939363,-12010.42817497294,-6136.331411196887,5765.263275677515,389873.4818077664,-0.0294358636079946,-0.015039281850903,0.0141298462448368
202411,NRP-L,2026-07-01,389873.4818077664,-11476.262634867377,-5863.417179099903,5508.852352882916,372533.8019937991,-0.0294358636079946,-0.015039281850903,0.0141298462448368
202411,NRP-L,2026-08-01,372533.8019937991,-10965.854184857137,-5602.640847173235,5263.8453431768585,355965.3069617687,-0.0294358636079946,-0.015039281850903,0.0141298462448368
202411,NRP-L,2026-09-01,355965.3069617687,-10478.146224904554,-5353.462580541243,5029.735055865926,340133.6981563229,-0.0294358636079946,-0.015039281850903,0.0141298462448368
202411,NRP-L,2026-10-01,340133.6981563229,-10012.129147412325,-5115.366553562906,4806.036857636573,325006.20245534764,-0.0294358636079946,-0.015039281850903,0.0141298462448368
202411,NRP-L,2026-11-01,325006.20245534764,-9566.838247227892,-4887.859882017616,4592.287669312363,310551.50432610215,-0.0294358636079946,-0.015039281850903,0.0141298462448368
202411,NRP-L,2026-12-01,310551.50432610215,-9141.351724600687,-4670.471602782172,4388.045007230594,296739.68099871924,-0.0294358636079946,-0.015039281850903,0.0141298462448368
202411,NRP-L,2027-01-01,296739.68099871924,-8734.788776958127,-4462.751698886785,4192.886067253823,283542.1405228743,-0.0294358636079946,-0.015039281850903,0.0141298462448368
202411,NRP-L,2027-02-01,283542.1405228743,-8346.307775550167,-4264.270167931852,4006.4068495201236,270931.5625793923,-0.0294358636079946,-0.015039281850903,0.0141298462448368
202411,NRP-L,2027-03-01,270931.5625793923,-7975.104523187844,-4074.616131937045,3828.2213221201923,258881.84192426738,-0.0294358636079946,-0.015039281850903,0.0141298462448368
202411,NRP-L,2027-04-01,258881.84192426738,-7620.410589469153,-3893.396986779974,3657.9606219700436,247368.03434801826,-0.0294358636079946,-0.015039281850903,0.0141298462448368
202411,NRP-L,2027-05-01,247368.03434801826,-7281.491720045989,-3720.237589463701,3495.2722912250065,236366.30503850858,-0.0294358636079946,-0.015039281850903,0.0141298462448368
202411,NRP-L,2027-06-01,236366.30503850858,-6957.646316639185,-3554.7794815306447,3339.81954765432,225853.87924033875,-0.0294358636079946,-0.015039281850903,0.0141298462448368
202411,NRP-L,2027-07-01,225853.87924033875,-6648.203984655094,-3396.6801470152645,3191.2805874659243,215808.9951086684,-0.0294358636079946,-0.015039281850903,0.0141298462448368
202411,NRP-L,2027-08-01,215808.9951086684,-6352.524145397137,-3245.6123033994113,3049.3479191382216,206210.85865987185,-0.0294358636079946,-0.015039281850903,0.0141298462448368
202411,NRP-L,2027-09-01,206210.85865987185,-6069.99470999944,-3101.2632241025344,2913.7277268797625,197039.60072576988,-0.0294358636079946,-0.015039281850903,0.0141298462448368
202411,NRP-L,2027-10-01,197039.60072576988,-5800.030812337476,-2963.3340911042446,2784.139262399162,188276.23582232816,-0.0294358636079946,-0.015039281850903,0.0141298462448368
202411,NRP-L,2027-11-01,188276.23582232816,-5542.073598292679,-2831.5393763590732,2660.3142637261312,179902.6228476764,-0.0294358636079946,-0.015039281850903,0.0141298462448368
202411,NRP-L,2027-12-01,179902.6228476764,-5295.589068864695,-2705.606250722907,2541.9963998805315,171901.4275280888,-0.0294358636079946,-0.015039281850903,0.0141298462448368
202411,NRP-M,2025-10-01,3285945.9,-113638.08797835445,-54920.64316333852,51261.1793705087,3117387.168858307,-0.034583067231373,-0.0167138001764845,0.0156001288306386
202411,NRP-M,2025-11-01,3117387.168858307,-107808.81004684637,-52103.38621303449,48631.641449169314,2957474.972598426,-0.034583067231373,-0.0167138001764845,0.0156001288306386
202411,NRP-M,2025-12-01,2957474.972598426,-102278.55581247438,-49430.64571896407,46136.99058592481,2805765.7710669874,-0.034583067231373,-0.0167138001764845,0.0156001288306386
202411,NRP-M,2026-01-01,2805765.7710669874,-97031.98629629472,-46895.00843963359,43770.30749724105,2661838.776331059,-0.034583067231373,-0.0167138001764845,0.0156001288306386
202411,NRP-M,2026-02-01,2661838.776331059,-92054.54936093265,-44489.44140961535,41525.027837153924,2525294.785560511,-0.034583067231373,-0.0167138001764845,0.0156001288306386
202411,NRP-M,2026-03-01,2525294.785560511,-87332.43934807481,-42207.27243257666,39394.923990083844,2395755.0737798596,-0.034583067231373,-0.0167138001764845,0.0156001288306386
202411,NRP-M,2026-04-01,2395755.0737798596,-82852.55878643187,-40042.17157495546,37374.08779762189,2272860.3434184724,-0.034583067231373,-0.0167138001764845,0.0156001288306386
202411,NRP-M,2026-05-01,2272860.3434184724,-78602.48206396255,-37988.13360895229,35456.91417137766,2156269.7277455577,-0.034583067231373,-0.0167138001764845,0.0156001288306386
202411,NRP-M,2026-06-01,2156269.7277455577,-74570.42096359897,-36039.46135614189,33638.08554643672,2045659.845425817,-0.034583067231373,-0.0167138001764845,0.0156001288306386
202411,NRP-M,2026-07-01,2045659.845425817,-70745.19196688113,-34190.749885505276,31912.55713230699,1940723.9035734306,-0.034583067231373,-0.0167138001764845,0.0156001288306386
202411,NRP-M,2026-08-01,1940723.9035734306,-67116.1852348126,-32436.871522053294,30275.54292044536,1841170.8468165647,-0.034583067231373,-0.0167138001764845,0.0156001288306386
202411,NRP-M,2026-09-01,1841170.8468165647,-63673.335179901216,-30772.96162446082,28722.502409554374,1746724.5500122027,-0.034583067231373,-0.0167138001764845,0.0156001288306386
202411,NRP-M,2026-10-01,1746724.5500122027,-60407.09254776176,-29194.405092263765,27249.128011829598,1657123.0523721771,-0.034583067231373,-0.0167138001764845,0.0156001288306386
202411,NRP-M,2026-11-01,1657123.0523721771,-57308.39793084504,-27696.82356519463,25851.333105227037,1572117.8308761374,-0.034583067231373,-0.0167138001764845,0.0156001288306386
202411,NRP-M,2026-12-01,1572117.8308761374,-54368.656640829744,-26276.063279152015,24525.240698611848,1491473.1109561557,-0.034583067231373,-0.0167138001764845,0.0156001288306386
202411,NRP-M,2027-01-01,1491473.1109561557,-51579.71486998177,-24928.183545120883,23267.172678349365,1414965.2125410528,-0.034583067231373,-0.0167138001764845,0.0156001288306386
202411,NRP-M,2027-02-01,1414965.2125410528,-48933.83707536122,-23649.44581908808,22073.63960651235,1342381.9296466035,-0.034583067231373,-0.0167138001764845,0.0156001288306386
202411,NRP-M,2027-03-01,1342381.9296466035,-46423.68452314871,-22436.303332637006,20941.331042408256,1273521.9417908178,-0.034583067231373,-0.0167138001764845,0.0156001288306386
202411,NRP-M,2027-04-01,1273521.9417908178,-44042.29493358054,-21285.391255460254,19867.106360581787,1208194.255601777,-0.034583067231373,-0.0167138001764845,0.0156001288306386
202411,NRP-M,2027-05-01,1208194.255601777,-41783.06317003491,-20193.517362504543,18847.98603982522,1146217.6750692376,-0.034583067231373,-0.0167138001764845,0.0156001288306386
202411,NRP-M,2027-06-01,1146217.6750692376,-39639.72291870749,-19157.653179861878,17881.143399035158,1087420.2989706683,-0.034583067231373,-0.0167138001764845,0.0156001288306386
202411,NRP-M,2027-07-01,1087420.2989706683,-37606.32930806235,-18174.925584848785,16963.896756993967,1031639.0440777573,-0.034583067231373,-0.0167138001764845,0.0156001288306386
202411,NRP-M,2027-08-01,1031639.0440777573,-35677.24241985045,-17242.608836975123,16093.701994329866,978719.1928209318,-0.034583067231373,-0.0167138001764845,0.0156001288306386
202411,NRP-M,2027-09-01,978719.1928209318,-33847.1116459614,-16358.117017699258,15268.145497025156,928513.9641572711,-0.034583067231373,-0.0167138001764845,0.0156001288306386
202411,NRP-M,2027-10-01,928513.9641572711,-32110.860847719567,-15518.996858000122,14484.93746190038,880884.1064515513,-0.034583067231373,-0.0167138001764845,0.0156001288306386
202411,NRP-M,2027-11-01,880884.1064515513,-30463.67427646193,-14722.92093387233,13741.905545506166,835697.511241217,-0.034583067231373,-0.0167138001764845,0.0156001288306386
202411,NRP-M,2027-12-01,835697.511241217,-28900.9832163461,-13967.681210871111,13036.988838807034,792828.8468139998,-0.034583067231373,-0.0167138001764845,0.0156001288306386
202411,NRP-S,2025-10-01,1289490.97,-65326.12727900476,-24569.057356672783,23232.89435483686,1199595.7853643224,-0.0506603991798444,-0.0190532992694573,0.018017105117717
202411,NRP-S,2025-11-01,1199595.7853643224,-60772.001341015515,-22856.257500926098,21613.243363679278,1115967.5265223808,-0.0506603991798444,-0.0190532992694573,0.018017105117717
202411,NRP-S,2025-12-01,1115967.5265223808,-56535.3603653674,-21262.863257826946,20106.50423331237,1038169.3028991863,-0.0506603991798444,-0.0190532992694573,0.018017105117717
202411,NRP-S,2026-01-01,1038169.3028991863,-52594.07130113357,-19780.55042050206,18704.805460321622,965794.6811775506,-0.0506603991798444,-0.0190532992694573,0.018017105117717
202411,NRP-S,2026-02-01,965794.6811775506,-48927.54407422527,-18401.57509332597,17400.824292907906,898465.5620099994,-0.0506603991798444,-0.0190532992694573,0.018017105117717
202411,NRP-S,2026-03-01,898465.5620099994,-45516.624020769814,-17118.733236277665,16187.748475382843,835830.2047529519,-0.0506603991798444,-0.0190532992694573,0.018017105117717
202411,NRP-S,2026-04-01,835830.2047529519,-42343.491819355615,-15925.323029609763,15059.240659596859,777561.3899039865,-0.0506603991798444,-0.0190532992694573,0.018017105117717
202411,NRP-S,2026-05-01,777561.3899039865,-39391.57039937059,-14815.109862215828,14009.40529737826,723354.7096424,-0.0506603991798444,-0.0190532992694573,0.018017105117717
202411,NRP-S,2026-06-01,723354.7096424,-36645.438339104425,-13782.293760788038,13032.757841022782,672926.9775425076,-0.0506603991798444,-0.0190532992694573,0.018017105117717
202411,NRP-S,2026-07-01,672926.9775425076,-34090.74930118962,-12821.479089608769,12124.196090930947,626014.7491517091,-0.0506603991798444,-0.0190532992694573,0.018017105117717
202411,NRP-S,2026-08-01,626014.7491517091,-31714.157084495742,-11927.646362681755,11278.973540707584,582372.9457045316,-0.0506603991798444,-0.0190532992694573,0.018017105117717
202411,NRP-S,2026-09-01,582372.9457045316,-29503.24590093342,-11096.126020943848,10492.674580473042,541773.5737826544,-0.0506603991798444,-0.0190532992694573,0.018017105117717
202411,NRP-S,2026-10-01,541773.5737826544,-27446.465512920153,-10322.574037564318,9761.19142884329,504004.53423216986,-0.0506603991798444,-0.0190532992694573,0.018017105117717
202411,NRP-S,2026-11-01,504004.53423216986,-25533.070892653275,-9602.949223888969,9080.702673067,468868.5141156276,-0.0506603991798444,-0.0190532992694573,0.018017105117717
202411,NRP-S,2026-12-01,468868.5141156276,-23753.066087958203,-8933.492117470818,8447.65330520904,436181.95591019857,-0.0506603991798444,-0.0190532992694573,0.018017105117717
202411,NRP-S,2027-01-01,436181.95591019857,-22097.15200145595,-8310.705341894241,7858.73615008545,405774.0985668484,-0.0506603991798444,-0.0190532992694573,0.018017105117717
202411,NRP-S,2027-02-01,405774.0985668484,-20556.677810238067,-7731.335335788426,7310.874587925767,377486.08542082185,-0.0506603991798444,-0.0190532992694573,0.018017105117717
202411,NRP-S,2027-03-01,377486.08542082185,-19123.595772255674,-7192.35535557884,6801.206481502447,351170.13429298735,-0.0506603991798444,-0.0190532992694573,0.018017105117717
202411,NRP-S,2027-04-01,351170.13429298735,-17790.419183322305,-6690.949663179797,6327.0692237595495,326688.76544648525,-0.0506603991798444,-0.0190532992694573,0.018017105117717
202411,NRP-S,2027-05-01,326688.76544648525,-16550.1832650895,-6224.498816021424,5885.985827826518,303914.0833653743,-0.0506603991798444,-0.0190532992694573,0.018017105117717
202411,NRP-S,2027-06-01,303914.0833653743,-15396.40877966637,-5790.565982563271,5475.651986748557,282727.1086031447,-0.0506603991798444,-0.0190532992694573,0.018017105117717
202411,NRP-S,2027-07-01,282727.1086031447,-14323.06818079853,-5386.884211804071,5093.924035331049,263017.1562105421,-0.0506603991798444,-0.0190532992694573,0.018017105117717
202411,NRP-S,2027-08-01,263017.1562105421,-13324.554124773551,-5011.344590281058,4738.80775120833,244681.2574954875,-0.0506603991798444,-0.0190532992694573,0.018017105117717
202411,NRP-S,2027-09-01,244681.2574954875,-12395.65017654769,-4661.985224688665,4408.447936631379,227623.62209425113,-0.0506603991798444,-0.0190532992694573,0.018017105117717
202411,NRP-S,2027-10-01,227623.62209425113,-11531.503558056811,-4336.980992559619,4101.118726547613,211755.13754363472,-0.0506603991798444,-0.0190532992694573,0.018017105117717
202411,NRP-S,2027-11-01,211755.13754363472,-10727.59979634339,-4034.634007463965,3815.2145723402887,196992.90373982736,-0.0506603991798444,-0.0190532992694573,0.018017105117717
202411,NRP-S,2027-12-01,196992.90373982736,-9979.739139056317,-3753.364748914325,3549.241854124776,183259.79985185672,-0.0506603991798444,-0.0190532992694573,0.018017105117717
202412,NON PRIME,2025-10-01,3930024.390000001,-245218.90322119885,-110770.40467034017,97722.86814427987,3574035.082108462,-0.0623962802483266,-0.0281856786823504,0.0248657154375268
202412,NON PRIME,2025-11-01,3574035.082108462,-223006.49460059058,-100736.60442375694,88870.93931544675,3250291.9830841143,-0.0623962802483266,-0.0281856786823504,0.0248657154375268
202412,NON PRIME,2025-12-01,3250291.9830841143,-202806.12946540563,-91611.68545902833,80820.83554024425,2955874.16815968,-0.0623962802483266,-0.0281856786823504,0.0248657154375268
202412,NON PRIME,2026-01-01,2955874.16815968,-184435.55297528065,-83313.31952920851,73499.92593459484,2688125.295655191,-0.0623962802483266,-0.0281856786823504,0.0248657154375268
202412,NON PRIME,2026-02-01,2688125.295655191,-167729.01929031708,-75766.63584123539,66842.15866217957,2444629.6405236386,-0.0623962802483266,-0.0281856786823504,0.0248657154375268
202412,NON PRIME,2026-03-01,2444629.6405236386,-152535.79615347888,-68903.54554514904,60787.46499140423,2223190.2988250107,-0.0623962802483266,-0.0281856786823504,0.0248657154375268
202412,NON PRIME,2026-04-01,2223190.2988250107,-138718.80493084632,-62662.12741240032,55281.21733405288,2021809.3664817642,-0.0623962802483266,-0.0281856786823504,0.0248657154375268
202412,NON PRIME,2026-05-01,2021809.3664817642,-126153.38383968783,-56986.06916062143,50273.73637586188,1838669.913481455,-0.0623962802483266,-0.0281856786823504,0.0248657154375268
202412,NON PRIME,2026-06-01,1838669.913481455,-114726.16320575529,-51824.1593842933,45719.84285217188,1672119.5908914066,-0.0623962802483266,-0.0281856786823504,0.0248657154375268
202412,NON PRIME,2026-07-01,1672119.5908914066,-104334.04260197743,-47129.825507328394,41578.44992461945,1520655.7227821008,-0.0623962802483266,-0.0281856786823504,0.0248657154375268
202412,NON PRIME,2026-08-01,1520655.7227821008,-94883.26063993361,-42860.713588813596,37812.192481146354,1382911.7485533536,-0.0623962802483266,-0.0281856786823504,0.0248657154375268
202412,NON PRIME,2026-09-01,1382911.7485533536,-86288.54902143842,-38978.30619077218,34387.0900147403,1257644.893341143,-0.0623962802483266,-0.0281856786823504,0.0248657154375268
202412,NON PRIME,2026-10-01,1257644.893341143,-78472.36321779077,-35447.5748602123,31272.240039279604,1143724.9552631397,-0.0623962802483266,-0.0281856786823504,0.0248657154375268
202412,NON PRIME,2026-11-01,1143724.9552631397,-71364.18283560367,-32236.664090032442,28439.5392763713,1040124.1083375036,-0.0623962802483266,-0.0281856786823504,0.0248657154375268
202412,NON PRIME,2026-12-01,1040124.1083375036,-64899.8753568677,-29316.603907367095,25863.430097631663,945907.6290732689,-0.0623962802483266,-0.0281856786823504,0.0248657154375268
202412,NON PRIME,2027-01-01,945907.6290732689,-59021.11751268585,-26661.048496243046,23520.669934721554,860225.46306434,-0.0623962802483266,-0.0281856786823504,0.0248657154375268
202412,NON PRIME,2027-02-01,860225.46306434,-53674.86907010908,-24246.038496307567,21390.121576672598,782304.5554979233,-0.0623962802483266,-0.0281856786823504,0.0248657154375268
202412,NON PRIME,2027-03-01,782304.5554979233,-48812.89428439099,-22049.78483300342,19452.562462492253,711441.8763805289,-0.0623962802483266,-0.0281856786823504,0.0248657154375268
202412,NON PRIME,2027-04-01,711441.8763805289,-44391.32669903481,-20052.472128830042,17690.511248418352,646998.0775526641,-0.0623962802483266,-0.0281856786823504,0.0248657154375268
202412,NON PRIME,2027-05-01,646998.0775526641,-40370.27336710458,-18236.079921997814,16088.07008505144,588391.7242635617,-0.0623962802483266,-0.0281856786823504,0.0248657154375268
202412,NON PRIME,2027-06-01,588391.7242635617,-36713.454922945304,-16584.220079446866,14630.781181333457,535094.0492611694,-0.0623962802483266,-0.0281856786823504,0.0248657154375268
202412,NON PRIME,2027-07-01,535094.0492611694,-33387.878256911805,-15081.988937313097,13305.496361242185,486624.1820669445,-0.0623962802483266,-0.0281856786823504,0.0248657154375268
202412,NON PRIME,2027-08-01,486624.1820669445,-30363.538839861776,-13715.832834800478,12100.258436295873,442544.81039228226,-0.0623962802483266,-0.0281856786823504,0.0248657154375268
202412,NON PRIME,2027-09-01,442544.81039228226,-27613.1500116794,-12473.42582825855,11004.193323568743,402458.2345523443,-0.0623962802483266,-0.0281856786823504,0.0248657154375268
202412,NON PRIME,2027-10-01,402458.2345523443,-25111.896791374835,-11343.558482158389,10007.41193586801,366002.77927881107,-0.0623962802483266,-0.0281856786823504,0.0248657154375268
202412,NON PRIME,2027-11-01,366002.77927881107,-22837.211987547118,-10316.036733599783,9100.920958890847,332849.53055766417,-0.0623962802483266,-0.0281856786823504,0.0248657154375268
202412,NON PRIME,2027-12-01,332849.53055766417,-20768.57258919996,-9381.589917869493,8276.541710361258,302699.36805059476,-0.0623962802483266,-0.0281856786823504,0.0248657154375268
202412,NRP-L,2025-10-01,52967.3,-445.4727537871393,-568.3589069449832,655.9467427946604,51953.468339267885,-0.008410335316075,-0.0107303733991535,0.0123839943284755
202412,NRP-L,2025-11-01,51953.468339267885,-436.946089566329,-557.4801146614436,643.3914572581249,50959.042135040116,-0.008410335316075,-0.0107303733991535,0.0123839943284755
202412,NRP-L,2025-12-01,50959.042135040116,-428.58263174168184,-546.8095501721768,631.0764887848808,49983.64995312626,-0.008410335316075,-0.0107303733991535,0.0123839943284755
202412,NRP-L,2026-01-01,49983.64995312626,-420.37925642710826,-536.3432278496261,618.9972375360203,49026.92746884953,-0.008410335316075,-0.0107303733991535,0.0123839943284755
202412,NRP-L,2026-02-01,49026.92746884953,-412.33289952991265,-526.077238353971,607.1491917168122,48088.51733096564,-0.008410335316075,-0.0107303733991535,0.0123839943284755
202412,NRP-L,2026-03-01,48088.51733096564,-404.440555606305,-516.0077471729257,595.5279258914742,47168.06902818641,-0.008410335316075,-0.0107303733991535,0.0123839943284755
202412,NRP-L,2026-04-01,47168.06902818641,-396.6992767388195,-506.1309931894875,584.1290993302014,46265.2387582581,-0.008410335316075,-0.0107303733991535,0.0123839943284755
202412,NRP-L,2026-05-01,46265.2387582581,-389.10617143521995,-496.4432872770982,572.9484543878332,45379.68929954578,-0.008410335316075,-0.0107303733991535,0.0123839943284755
202412,NRP-L,2026-06-01,45379.68929954578,-381.65840354848063,-486.9410109216968,561.9818149135552,44511.089885075606,-0.008410335316075,-0.0107303733991535,0.0123839943284755
202412,NRP-L,2026-07-01,44511.089885075606,-374.35319121744004,-477.6206148701457,551.2250846910395,43659.11607898802,-0.008410335316075,-0.0107303733991535,0.0123839943284755
202412,NRP-L,2026-08-01,43659.11607898802,-367.1878058277308,-468.4786178045279,540.6742459084412,42823.44965535577,-0.008410335316075,-0.0107303733991535,0.0123839943284755
202412,NRP-L,2026-09-01,42823.44965535577,-360.1595709925984,-459.51160504181865,530.3253576576819,42003.77847932135,-0.008410335316075,-0.0107303733991535,0.0123839943284755
202412,NRP-L,2026-10-01,42003.77847932135,-353.26586155322735,-450.71622725844605,520.1745544624569,41199.79639050968,-0.008410335316075,-0.0107303733991535,0.0123839943284755
202412,NRP-L,2026-11-01,41199.79639050968,-346.5041025982028,-442.08919923926544,510.2180448344172,40411.203088672206,-0.008410335316075,-0.0107303733991535,0.0123839943284755
202412,NRP-L,2026-12-01,40411.203088672206,-339.8717685017389,-433.627298650478,500.45210985698816,39637.70402151999,-0.008410335316075,-0.0107303733991535,0.0123839943284755
202412,NRP-L,2027-01-01,39637.70402151999,-333.36638198031756,-425.3273648360378,490.873101796294,38879.01027470363,-0.008410335316075,-0.0107303733991535,0.0123839943284755
202412,NRP-L,2027-02-01,38879.01027470363,-326.9855131673827,-417.18629763709544,481.4774427386704,38134.83846389915,-0.008410335316075,-0.0107303733991535,0.0123839943284755
202412,NRP-L,2027-03-01,38134.83846389915,-320.72677870574626,-409.20105623403913,472.2616232542564,37404.91062895937,-0.008410335316075,-0.0107303733991535,0.0123839943284755
202412,NRP-L,2027-04-01,37404.91062895937,-314.5878408573661,-401.3686580106996,463.22220108616574,36688.954130091304,-0.008410335316075,-0.0107303733991535,0.0123839943284755
202412,NRP-L,2027-05-01,36688.954130091304,-308.5664066301626,-393.68617744029467,454.35579986474846,35986.70154602085,-0.008410335316075,-0.0107303733991535,0.0123839943284755
202412,NRP-L,2027-06-01,35986.70154602085,-302.6602269215499,-386.15074499269826,445.6591078464627,35297.8905741066,-0.008410335316075,-0.0107303733991535,0.0123839943284755
202412,NRP-L,2027-07-01,35297.8905741066,-296.86709567835953,-378.7595460626245,437.1288766768849,34622.26393236561,-0.008410335316075,-0.0107303733991535,0.0123839943284755
202412,NRP-L,2027-08-01,34622.26393236561,-291.1848490728442,-371.5098199183276,428.76192017739754,33959.56926337444,-0.008410335316075,-0.0107303733991535,0.0123839943284755
202412,NRP-L,2027-09-01,33959.56926337444,-285.6113646944531,-364.3988586704239,420.55511315509995,33309.55904000957,-0.008410335316075,-0.0107303733991535,0.0123839943284755
202412,NRP-L,2027-10-01,33309.55904000957,-280.1445607570777,-357.4240062604517,412.5053902354983,32671.990472992038,-0.008410335316075,-0.0107303733991535,0.0123839943284755
202412,NRP-L,2027-11-01,32671.990472992038,-274.78239532147086,-350.58265746879033,404.60974471753894,32046.625420201777,-0.008410335316075,-0.0107303733991535,0.0123839943284755
202412,NRP-L,2027-12-01,32046.625420201777,-269.5228655325498,-343.8722569415695,396.86522745055754,31433.23029772766,-0.008410335316075,-0.0107303733991535,0.0123839943284755
202412,NRP-M,2025-10-01,2716445.1100000003,-69858.34673663518,-43290.70919396887,41179.07731998392,2603296.0540693966,-0.0257168261856155,-0.0159365300755033,0.0151591788725611
202412,NRP-M,2025-11-01,2603296.0540693966,-66948.51213220136,-41487.505861116,39463.83054187048,2494860.036076079,-0.0257168261856155,-0.0159365300755033,0.0151591788725611
202412,NRP-M,2025-12-01,2494860.036076079,-64159.881905206945,-39759.41199909768,37820.029548881525,2390940.7421717746,-0.0257168261856155,-0.0159365300755033,0.0151591788725611
202412,NRP-M,2026-01-01,2390940.7421717746,-61487.40748653805,-38103.299046366665,36244.69838427592,2291350.03563887,-0.0257168261856155,-0.0159365300755033,0.0151591788725611
202412,NRP-M,2026-02-01,2291350.03563887,-58926.25059692871,-36516.16875646441,34734.98504989889,2195907.616285477,-0.0257168261856155,-0.0159365300755033,0.0151591788725611
202412,NRP-M,2026-03-01,2195907.616285477,-56471.774487682866,-34995.14776996026,33288.156342890805,2104440.6940278336,-0.0257168261856155,-0.0159365300755033,0.0151591788725611
202412,NRP-M,2026-04-01,2104440.6940278336,-54119.53554624985,-33537.4824124876,31901.592907464554,2016783.6760690962,-0.0257168261856155,-0.0159365300755033,0.0151591788725611
202412,NRP-M,2026-05-01,2016783.6760690962,-51865.27525145562,-32140.533709459254,30572.784492792754,1932777.8671081814,-0.0257168261856155,-0.0159365300755033,0.0151591788725611
202412,NRP-M,2026-06-01,1932777.8671081814,-49704.912463825756,-30801.77260843665,29299.32540842005,1852271.182035919,-0.0257168261856155,-0.0159365300755033,0.0151591788725611
202412,NRP-M,2026-07-01,1852271.182035919,-47634.5360370423,-29518.77540050347,28078.91016897268,1775117.8705983732,-0.0257168261856155,-0.0159365300755033,0.0151591788725611
202412,NRP-M,2026-08-01,1775117.8705983732,-45650.39773715827,-28289.219332354347,26909.329320280507,1701178.2535288606,-0.0257168261856155,-0.0159365300755033,0.0151591788725611
202412,NRP-M,2026-09-01,1701178.2535288606,-43748.90545675065,-27110.878401154863,25788.465439355095,1630318.469670955,-0.0257168261856155,-0.0159365300755033,0.0151591788725611
202412,NRP-M,2026-10-01,1630318.469670955,-41926.61671172661,-25981.619324559688,24714.289300982087,1562410.2336346689,-0.0257168261856155,-0.0159365300755033,0.0151591788725611
202412,NRP-M,2026-11-01,1562410.2336346689,-40180.23240900968,-24899.397678593035,23684.856203987925,1497330.6035470662,-0.0257168261856155,-0.0159365300755033,0.0151591788725611
202412,NRP-M,2026-12-01,1497330.6035470662,-38506.59087382266,-23862.254196399328,22698.302450529845,1434961.7584768443,-0.0257168261856155,-0.0159365300755033,0.0151591788725611
202412,NRP-M,2027-01-01,1434961.7584768443,-36902.66212575418,-22868.31122116333,21752.8419720353,1375190.7851299269,-0.0257168261856155,-0.0159365300755033,0.0151591788725611
202412,NRP-M,2027-02-01,1375190.7851299269,-35365.54239324644,-21915.769306778075,20846.763095682298,1317909.4734299025,-0.0257168261856155,-0.0159365300755033,0.0151591788725611
202412,NRP-M,2027-03-01,1317909.4734299025,-33892.44885657285,-21002.903960106356,19978.425445566703,1263014.1206132232,-0.0257168261856155,-0.0159365300755033,0.0151591788725611
202412,NRP-M,2027-04-01,1263014.1206132232,-32480.714609788272,-20128.062518937983,19146.25697294631,1210405.343484497,-0.0257168261856155,-0.0159365300755033,0.0151591788725611
202412,NRP-M,2027-05-01,1210405.343484497,-31127.783832531033,-19289.661159990585,18348.751110185247,1159987.8984919754,-0.0257168261856155,-0.0159365300755033,0.0151591788725611
202412,NRP-M,2027-06-01,1159987.8984919754,-29831.207162935527,-18486.182031537235,17584.464043246102,1111670.5092975027,-0.0257168261856155,-0.0159365300755033,0.0151591788725611
202412,NRP-M,2027-07-01,1111670.5092975027,-28588.637263278535,-17716.170505469723,16852.01209779194,1065365.7015287546,-0.0257168261856155,-0.0159365300755033,0.0151591788725611
202412,NRP-M,2027-08-01,1065365.7015287546,-27397.824570331304,-16978.23254382267,16150.06923416593,1020989.6444146007,-0.0257168261856155,-0.0159365300755033,0.0151591788725611
202412,NRP-M,2027-09-01,1020989.6444146007,-26256.613222723663,-16271.032174990703,15477.364646713486,978461.9990168862,-0.0257168261856155,-0.0159365300755033,0.0151591788725611
202412,NRP-M,2027-10-01,978461.9990168862,-25162.937157947148,-15593.289075069686,14832.680463100682,937705.7727838694,-0.0257168261856155,-0.0159365300755033,0.0151591788725611
202412,NRP-M,2027-11-01,937705.7727838694,-24114.816371931032,-14943.776249943197,14214.849539463812,898647.1801619952,-0.0257168261856155,-0.0159365300755033,0.0151591788725611
202412,NRP-M,2027-12-01,898647.1801619952,-23110.353334419528,-14321.317813917869,13622.753347398328,861215.5090136578,-0.0257168261856155,-0.0159365300755033,0.0151591788725611
202412,NRP-S,2025-10-01,1376252.91,-72143.7357861853,-26410.253143740752,24437.48539782607,1277698.9210700737,-0.0524204056260163,-0.0191899707908634,0.0177565367675234
202412,NRP-S,2025-11-01,1277698.9210700737,-66977.49571041665,-24519.004974852396,22687.50786980574,1186202.4203848047,-0.0524204056260163,-0.0191899707908634,0.0177565367675234
202412,NRP-S,2025-12-01,1186202.4203848047,-62181.212031133764,-22763.189799235868,21062.84689128803,1101258.018554435,-0.0524204056260163,-0.0191899707908634,0.0177565367675234
202412,NRP-S,2026-01-01,1101258.018554435,-57728.39203152647,-21133.109209263715,19554.528496991792,1022396.517313645,-0.0524204056260163,-0.0191899707908634,0.0177565367675234
202412,NRP-S,2026-02-01,1022396.517313645,-53594.440148207665,-19619.759303929313,18154.22135066761,949182.317861508,-0.0524204056260163,-0.0191899707908634,0.0177565367675234
202412,NRP-S,2026-03-01,949182.317861508,-49756.52211534258,-18214.780954966358,16854.190726190947,881211.0147911991,-0.0524204056260163,-0.0191899707908634,0.0177565367675234
202412,NRP-S,2026-04-01,881211.0147911991,-46193.43883746811,-16910.413634430206,15647.255784086532,818107.1623193008,-0.0524204056260163,-0.0191899707908634,0.0177565367675234
202412,NRP-S,2026-05-01,818107.1623193008,-42885.509294326905,-15699.452548703524,14526.749907496898,759522.2004762704,-0.0524204056260163,-0.0191899707908634,0.0177565367675234
202412,NRP-S,2026-06-01,759522.2004762704,-39814.461830930566,-14575.208842151924,13486.483878507173,705132.5298031879,-0.0524204056260163,-0.0191899707908634,0.0177565367675234
202412,NRP-S,2026-07-01,705132.5298031879,-36963.33323238214,-13531.472650610793,12520.711691427096,654637.7239201949,-0.0524204056260163,-0.0191899707908634,0.0177565367675234
202412,NRP-S,2026-08-01,654637.7239201949,-34316.37502598869,-12562.478800625839,11624.098814196772,607758.8700935803,-0.0524204056260163,-0.0191899707908634,0.0177565367675234
202412,NRP-S,2026-09-01,607758.8700935803,-31858.966493114825,-11662.87496498395,10791.692722605136,564237.0286354816,-0.0524204056260163,-0.0191899707908634,0.0177565367675234
202412,NRP-S,2026-10-01,564237.0286354816,-29577.53391029012,-10827.692098638448,10018.895544564082,523831.80262655305,-0.0524204056260163,-0.0191899707908634,0.0177565367675234
202412,NRP-S,2026-11-01,523831.80262655305,-27459.47557349122,-10052.316991728874,9301.43866333645,486320.01006133296,-0.0524204056260163,-0.0191899707908634,0.0177565367675234
202412,NRP-S,2026-12-01,486320.01006133296,-25493.092191463402,-9332.466788089374,8635.359139436408,451494.4510817802,-0.0524204056260163,-0.0191899707908634,0.0177565367675234
202412,NRP-S,2027-01-01,451494.4510817802,-23667.522263602492,-8664.165328496267,8016.977820966425,419162.76348968147,-0.0524204056260163,-0.0191899707908634,0.0177565367675234
202412,NRP-S,2027-02-01,419162.76348968147,-21972.682085451037,-8043.721187984571,7442.879021481243,389146.36021624587,-0.0524204056260163,-0.0191899707908634,0.0177565367675234
202412,NRP-S,2027-03-01,389146.36021624587,-20399.21005042346,-7467.7072859205655,6909.8916531276745,361279.44287990185,-0.0524204056260163,-0.0191899707908634,0.0177565367675234
202412,NRP-S,2027-04-01,361279.44287990185,-18938.414940105642,-6932.941956204719,6415.071710847346,335408.0859835915,-0.0524204056260163,-0.0191899707908634,0.0177565367675234
202412,NRP-S,2027-05-01,335408.0859835915,-17582.227917505617,-6436.471373044521,5955.686010892292,311389.38669304136,-0.0524204056260163,-0.0191899707908634,0.0177565367675234
202412,NRP-S,2027-06-01,311389.38669304136,-16323.15795808567,-5975.553235224332,5529.197093831551,289090.6754997314,-0.0524204056260163,-0.0191899707908634,0.0177565367675234
202412,NRP-S,2027-07-01,289090.6754997314,-15154.250472394971,-5547.641618750815,5133.2492086591565,268388.7834085856,-0.0524204056260163,-0.0191899707908634,0.0177565367675234
202412,NRP-S,2027-08-01,268388.7834085856,-14069.04889175109,-5150.372914206121,4765.655300585424,249169.36160262837,-0.0524204056260163,-0.0191899707908634,0.0177565367675234
202412,NRP-S,2027-09-01,249169.36160262837,-13061.55900478531,-4781.5527711325185,4424.384930637404,231326.24982671053,-0.0524204056260163,-0.0191899707908634,0.0177565367675234
202412,NRP-S,2027-10-01,231326.24982671053,-12126.215847861347,-4439.143977334545,4107.553060341289,214760.89000151464,-0.0524204056260163,-0.0191899707908634,0.0177565367675234
202412,NRP-S,2027-11-01,214760.89000151464,-11257.852966483664,-4121.255206148893,3813.409639537943,199381.78182888209,-0.0524204056260163,-0.0191899707908634,0.0177565367675234
202412,NRP-S,2027-12-01,199381.78182888209,-10451.673877907884,-3826.130569526546,3540.3299398188733,185103.97738144765,-0.0524204056260163,-0.0191899707908634,0.0177565367675234
202501,NON PRIME,2025-10-01,4363554.399999999,-260278.5775777632,-123098.8764656458,112186.83193227957,3980176.9459565906,-0.0596482944220343,-0.0282106890808204,0.0257099652366611
202501,NON PRIME,2025-11-01,3980176.9459565906,-237410.76632421202,-112283.53430903067,102330.2109163039,3630482.645323348,-0.0596482944220343,-0.0282106890808204,0.0257099652366611
202501,NON PRIME,2025-12-01,3630482.645323348,-216552.097722333,-102418.41712053133,93339.58260356472,3311512.130480484,-0.0596482944220343,-0.0282106890808204,0.0257099652366611
202501,NON PRIME,2026-01-01,3311512.130480484,-197526.05054103798,-93420.03910035008,85138.86175543479,3020566.040839096,-0.0596482944220343,-0.0282106890808204,0.0257099652366611
202501,NON PRIME,2026-02-01,3020566.040839096,-180171.6125251689,-85212.24942619639,77658.64790501221,2755182.178887731,-0.0596482944220343,-0.0282106890808204,0.0257099652366611
202501,NON PRIME,2026-03-01,2755182.178887731,-164341.91779263734,-77725.58780961907,70835.63803987174,2513114.6732854745,-0.0596482944220343,-0.0282106890808204,0.0257099652366611
202501,NON PRIME,2026-04-01,2513114.6732854745,-149903.00394846653,-70896.69667250407,64612.090885912476,2292314.9726645043,-0.0596482944220343,-0.0282106890808204,0.0257099652366611
202501,NON PRIME,2026-05-01,2292314.9726645043,-136732.67839752987,-64667.784969147644,58935.338258682146,2090914.5092978268,-0.0596482944220343,-0.0282106890808204,0.0257099652366611
202501,NON PRIME,2026-06-01,2090914.5092978268,-124719.48426190014,-58986.13911637715,53757.33934687743,1907208.8859195495,-0.0596482944220343,-0.0282106890808204,0.0257099652366611
202501,NON PRIME,2026-07-01,1907208.8859195495,-113761.75715164932,-53803.67689285427,49034.27415604277,1739643.451875046,-0.0596482944220343,-0.0282106890808204,0.0257099652366611
202501,NON PRIME,2026-08-01,1739643.451875046,-103766.7648068068,-49076.54053233207,44726.17267189255,1586800.146535907,-0.0596482944220343,-0.0282106890808204,0.0257099652366611
202501,NON PRIME,2026-09-01,1586800.146535907,-94649.92232950094,-44764.72556732472,40796.57660496691,1447385.4986390811,-0.0596482944220343,-0.0282106890808204,0.0257099652366611
202501,NON PRIME,2026-10-01,1447385.4986390811,-86334.07636500684,-40831.742282195315,37212.23085405817,1320219.679991879,-0.0596482944220343,-0.0282106890808204,0.0257099652366611
202501,NON PRIME,2026-11-01,1320219.679991879,-78748.85217391951,-37244.3069106311,33942.802077347056,1204226.5209073285,-0.0596482944220343,-0.0282106890808204,0.0257099652366611
202501,NON PRIME,2026-12-01,1204226.5209073285,-71830.05806990237,-33972.05996419471,30960.621989592757,1098424.4028732313,-0.0596482944220343,-0.0282106890808204,0.0257099652366611
202501,NON PRIME,2027-01-01,1098424.4028732313,-65519.142182929725,-30987.309308242533,28240.453212971006,1001917.9513820591,-0.0596482944220343,-0.0282106890808204,0.0257099652366611
202501,NON PRIME,2027-02-01,1001917.9513820591,-59762.69695075851,-28264.7958109318,25759.275700019447,913890.4586203689,-0.0596482944220343,-0.0282106890808204,0.0257099652366611
202501,NON PRIME,2027-03-01,913890.4586203689,-54512.00714527572,-25781.479582067586,23496.091921245956,833596.9718930256,-0.0596482944220343,-0.0282106890808204,0.0257099652366611
202501,NON PRIME,2027-04-01,833596.9718930256,-49722.63760879144,-23516.344992787526,21431.74916875565,760357.9892914465,-0.0596482944220343,-0.0282106890808204,0.0257099652366611
202501,NON PRIME,2027-05-01,760357.9892914465,-45354.05721140221,-21450.222826018766,19548.777472100624,693553.7092540255,-0.0596482944220343,-0.0282106890808204,0.0257099652366611
202501,NON PRIME,2027-06-01,693553.7092540255,-41369.29584707809,-19565.628052615022,17831.241754678354,632618.7853543324,-0.0596482944220343,-0.0282106890808204,0.0257099652366611
202501,NON PRIME,2027-07-01,632618.7853543324,-37734.63156572494,-17846.61186031733,16264.606979518658,577037.5419282902,-0.0596482944220343,-0.0282106890808204,0.0257099652366611
202501,NON PRIME,2027-08-01,577037.5419282902,-34419.305193505614,-16278.626683299859,14835.615143224713,526339.6100514847,-0.0596482944220343,-0.0282106890808204,0.0257099652366611
202501,NON PRIME,2027-09-01,526339.6100514847,-31395.26002632968,-14848.403090082686,13532.17307710143,480095.9469350723,-0.0596482944220343,-0.0282106890808204,0.0257099652366611
202501,NON PRIME,2027-10-01,480095.9469350723,-28636.90439360855,-13543.837487947374,12343.250105962603,437915.2050535164,-0.0596482944220343,-0.0282106890808204,0.0257099652366611
202501,NON PRIME,2027-11-01,437915.2050535164,-26120.89508291767,-12353.889693528461,11258.784698531224,399440.42027707025,-0.0596482944220343,-0.0282106890808204,0.0257099652366611
202501,NON PRIME,2027-12-01,399440.42027707025,-23825.939792747806,-11268.489502748656,10269.599319440777,364345.9909815738,-0.0596482944220343,-0.0282106890808204,0.0257099652366611
202501,NRP-L,2025-10-01,60436.42,-888.482974429453,-1066.1368347436,1035.5203833947332,58481.80019082694,-0.014701118537952,-0.0176406351458872,0.0171340457193648
202501,NRP-L,2025-11-01,58481.80019082694,-859.7478769181707,-1031.6560998410546,1002.029838220386,56590.39621406772,-0.014701118537952,-0.0176406351458872,0.0171340457193648
202501,NRP-L,2025-12-01,56590.39621406772,-831.9421228526796,-998.2905323735649,969.622436008805,54760.16355884148,-0.014701118537952,-0.0176406351458872,0.0171340457193648
202501,NRP-L,2026-01-01,54760.16355884148,-805.035655636168,-966.0040658706305,938.2631460170842,52989.123837334686,-0.014701118537952,-0.0176406351458872,0.0171340457193648
202501,NRP-L,2026-02-01,52989.123837334686,-778.9993907548752,-934.7618003146555,907.9180704579757,51275.36264626515,-0.014701118537952,-0.0176406351458872,0.0171340457193648
202501,NRP-L,2026-03-01,51275.36264626515,-753.8051843392201,-904.5299644158167,878.5544078581172,49617.02749751012,-0.014701118537952,-0.0176406351458872,0.0171340457193648
202501,NRP-L,2026-04-01,49617.02749751012,-729.4258027417202,-875.2758791070287,850.1404176013189,48012.32581566137,-0.014701118537952,-0.0176406351458872,0.0171340457193648
202501,NRP-L,2026-05-01,48012.32581566137,-705.8348930988107,-846.9679222195432,822.6453856185808,46459.52300034301,-0.014701118537952,-0.0176406351458872,0.0171340457193648
202501,NRP-L,2026-06-01,46459.52300034301,-683.00695484475,-819.5754943010056,796.0395911877577,44956.94055119726,-0.014701118537952,-0.0176406351458872,0.0171340457193648
202501,NRP-L,2026-07-01,44956.94055119726,-660.917312146812,-793.0689855390118,770.2942748069792,43502.95425351144,-0.014701118537952,-0.0176406351458872,0.0171340457193648
202501,NRP-L,2026-08-01,43502.95425351144,-639.5420872319748,-767.4197437544169,745.3816071071004,42095.99242252505,-0.014701118537952,-0.0176406351458872,0.0171340457193648
202501,NRP-L,2026-09-01,42095.99242252505,-618.8581745762699,-742.6000434297966,721.2746587695784,40734.53420451898,-0.014701118537952,-0.0176406351458872,0.0171340457193648
202501,NRP-L,2026-10-01,40734.53420451898,-598.8432159288939,-718.5830557395818,697.9473714172575,39417.10793285051,-0.014701118537952,-0.0176406351458872,0.0171340457193648
202501,NRP-L,2026-11-01,39417.10793285051,-579.4755761440834,-695.3428195494719,675.3745294465975,38142.289537156954,-0.014701118537952,-0.0176406351458872,0.0171340457193648
202501,NRP-L,2026-12-01,38142.289537156954,-560.7343197946307,-672.8542133537766,653.531732770897,36908.701004008544,-0.014701118537952,-0.0176406351458872,0.0171340457193648
202501,NRP-L,2027-01-01,36908.701004008544,-542.5991885417576,-651.0929281203553,632.3953704450479,35715.00888734643,-0.014701118537952,-0.0176406351458872,0.0171340457193648
202501,NRP-L,2027-02-01,35715.00888734643,-525.050579236889,-630.035441013797,611.9425951433138,34559.922867095745,-0.014701118537952,-0.0176406351458872,0.0171340457193648
202501,NRP-L,2027-03-01,34559.922867095745,-508.0695227316525,-609.65898996844,592.1512984625396,33442.19435439565,-0.014701118537952,-0.0176406351458872,0.0171340457193648
202501,NRP-L,2027-04-01,33442.19435439565,-491.63766337319964,-589.9415490837424,573.0000870240985,32360.61514193871,-0.014701118537952,-0.0176406351458872,0.0171340457193648
202501,NRP-L,2027-05-01,32360.61514193871,-475.73723916268534,-570.8618048154135,554.4682593487468,31314.01609796061,-0.014701118537952,-0.0176406351458872,0.0171340457193648
202501,NRP-L,2027-06-01,31314.01609796061,-460.3510625554561,-552.3991329365615,536.5357834793825,30301.265902468596,-0.014701118537952,-0.0176406351458872,0.0171340457193648
202501,NRP-L,2027-07-01,30301.265902468596,-445.4625018821939,-534.533576243961,519.1832753275266,29321.269824342442,-0.014701118537952,-0.0176406351458872,0.0171340457193648
202501,NRP-L,2027-08-01,29321.269824342442,-431.05546337093324,-517.2458229853371,502.39197772011494,28372.968537986173,-0.014701118537952,-0.0176406351458872,0.0171340457193648
202501,NRP-L,2027-09-01,28372.968537986173,-417.11437375051736,-500.51718598435065,486.14374012395416,27455.336978251304,-0.014701118537952,-0.0176406351458872,0.0171340457193648
202501,NRP-L,2027-10-01,27455.336978251304,-403.62416341668927,-484.3295824407164,470.42099902592486,26567.383232393895,-0.014701118537952,-0.0176406351458872,0.0171340457193648
202501,NRP-L,2027-11-01,26567.383232393895,-390.57025014262103,-468.66551438362205,455.2067589477228,25708.147467867653,-0.014701118537952,-0.0176406351458872,0.0171340457193648
202501,NRP-L,2027-12-01,25708.147467867653,-377.9385233162729,-453.50804975731717,440.48457407461683,24876.700894794063,-0.014701118537952,-0.0176406351458872,0.0171340457193648
202501,NRP-M,2025-10-01,4943312.740000001,-140138.92383130974,-83080.95107490369,77460.4536574987,4720092.865093787,-0.0283491923740414,-0.0168067357751077,0.0156697457214691
202501,NRP-M,2025-11-01,4720092.865093787,-133810.82065588402,-79329.35361760236,73962.6549777402,4506952.690820301,-0.0283491923740414,-0.0168067357751077,0.0156697457214691
202501,NRP-M,2025-12-01,4506952.690820301,-127768.46885276824,-75747.16302552746,70622.80264384505,4303437.058942005,-0.0283491923740414,-0.0168067357751077,0.0156697457214691
202501,NRP-M,2026-01-01,4303437.058942005,-121998.96505352584,-72326.72957444486,67433.76444196804,4109111.3643140346,-0.0283491923740414,-0.0168067357751077,0.0156697457214691
202501,NRP-M,2026-02-01,4109111.3643140346,-116489.98855329829,-69060.7489705183,64388.730219999896,3923560.626790218,-0.0283491923740414,-0.0168067357751077,0.0156697457214691
202501,NRP-M,2026-03-01,3923560.626790218,-111229.77500009035,-65942.24675207915,61481.19734457063,3746388.6050380487,-0.0283491923740414,-0.0168067357751077,0.0156697457214691
202501,NRP-M,2026-04-01,3746388.6050380487,-106207.09127214026,-62964.5633957488,58704.95681475555,3577216.9503701595,-0.0283491923740414,-0.0168067357751077,0.0156697457214691
202501,NRP-M,2026-05-01,3577216.9503701595,-101411.21148972536,-60121.34009510782,56054.08000282954,3415684.398785326,-0.0283491923740414,-0.0168067357751077,0.0156697457214691
202501,NRP-M,2026-06-01,3415684.398785326,-96831.89411017715,-57406.505181542576,53522.905993755114,3261445.9994936064,-0.0283491923740414,-0.0168067357751077,0.0156697457214691
202501,NRP-M,2026-07-01,3261445.9994936064,-92459.36005719198,-54814.26115827108,51106.029496367446,3114172.3782781432,-0.0283491923740414,-0.0168067357751077,0.0156697457214691
202501,NRP-M,2026-08-01,3114172.3782781432,-88284.2718377331,-52339.0723198595,48798.28930044118,2973549.0341205504,-0.0283491923740414,-0.0168067357751077,0.0156697457214691
202501,NRP-M,2026-09-01,2973549.0341205504,-84297.71360192848,-49975.6529307908,46594.75725498907,2839275.6675878307,-0.0283491923740414,-0.0168067357751077,0.0156697457214691
202501,NRP-M,2026-10-01,2839275.6675878307,-80491.17210338224,-47718.955937841194,44490.72774425573,2711065.5395466075,-0.0283491923740414,-0.0168067357751077,0.0156697457214691
202501,NRP-M,2026-11-01,2711065.5395466075,-76856.51851924112,-45564.16219215963,42481.70763893276,2588644.858835207,-0.0283491923740414,-0.0168067357751077,0.0156697457214691
202501,NRP-M,2026-12-01,2588644.858835207,-73385.99109119253,-43506.67015803429,40563.40670113596,2471752.19758598,-0.0283491923740414,-0.0168067357751077,0.0156697457214691
202501,NRP-M,2027-01-01,2471752.19758598,-70072.17855032453,-41542.08608636937,38731.72842265475,2360137.932949286,-0.0283491923740414,-0.0168067357751077,0.0156697457214691
202501,NRP-M,2027-02-01,2360137.932949286,-66908.00429045173,-39666.2146318875,36982.761276909,2253563.7140269466,-0.0283491923740414,-0.0168067357751077,0.0156697457214691
202501,NRP-M,2027-03-01,2253563.7140269466,-63886.71125610913,-37875.049894021264,35312.770365931756,2151801.952876816,-0.0283491923740414,-0.0168067357751077,0.0156697457214691
202501,NRP-M,2027-04-01,2151801.952876816,-61001.847512942826,-36164.7668623614,33718.18944454034,2054635.3385015118,-0.0283491923740414,-0.0168067357751077,0.0156697457214691
202501,NRP-M,2027-05-01,2054635.3385015118,-58247.25246968303,-34531.71324839388,32195.61330466328,1961856.3727834348,-0.0283491923740414,-0.0168067357751077,0.0156697457214691
202501,NRP-M,2027-06-01,1961856.3727834348,-55617.04372227667,-32972.40168608238,30741.79050356011,1873266.9273750759,-0.0283491923740414,-0.0168067357751077,0.0156697457214691
202501,NRP-M,2027-07-01,1873266.9273750759,-53105.60449208547,-31483.502284640766,29353.61642040516,1788677.8205983497,-0.0283491923740414,-0.0168067357751077,0.0156697457214691
202501,NRP-M,2027-08-01,1788677.8205983497,-50707.57163132373,-30061.835517591957,28028.126626407662,1707908.4134494339,-0.0283491923740414,-0.0168067357751077,0.0156697457214691
202501,NRP-M,2027-09-01,1707908.4134494339,-48417.824170121836,-28704.365432928033,26762.49055431034,1630786.2238463839,-0.0283491923740414,-0.0168067357751077,0.0156697457214691
202501,NRP-M,2027-10-01,1630786.2238463839,-46231.47238075768,-27408.193169871814,25554.00545374762,1557146.5582957543,-0.0283491923740414,-0.0168067357751077,0.0156697457214691
202501,NRP-M,2027-11-01,1557146.5582957543,-44143.84733570281,-26170.550768395082,24400.090619555227,1486832.1601916563,-0.0283491923740414,-0.0168067357751077,0.0156697457214691
202501,NRP-M,2027-12-01,1486832.1601916563,-42150.490937184804,-24988.795258273774,23298.281880705865,1419692.8739961977,-0.0283491923740414,-0.0168067357751077,0.0156697457214691
202501,NRP-S,2025-10-01,2185314.64,-106757.72159563133,-43030.34377624878,39098.29048622637,2035526.5746281198,-0.0488523344151629,-0.0196906857203175,0.0178913780974928
202501,NRP-S,2025-11-01,2035526.5746281198,-99440.22493468395,-40080.91405635671,36418.375574166086,1896005.4356370792,-0.0488523344151629,-0.0196906857203175,0.0178913780974928
202501,NRP-S,2025-12-01,1896005.4356370792,-92624.29159470921,-37333.647157143394,33922.15012388454,1766047.4968852266,-0.0488523344151629,-0.0196906857203175,0.0178913780974928
202501,NRP-S,2026-01-01,1766047.4968852266,-86275.54291089845,-34774.686228320395,31597.02350490433,1644997.2677460075,-0.0488523344151629,-0.0196906857203175,0.0178913780974928
202501,NRP-S,2026-02-01,1644997.2677460075,-80361.95663595722,-32391.124209967613,29431.26808658642,1532244.1869000827,-0.0488523344151629,-0.0196906857203175,0.0178913780974928
202501,NRP-S,2026-03-01,1532244.1869000827,-74853.7054241322,-30170.93873103296,27413.960085514806,1427219.5427449176,-0.0488523344151629,-0.0196906857203175,0.0178913780974928
202501,NRP-S,2026-04-01,1427219.5427449176,-69723.0063860306,-28102.93147008542,25534.924467380108,1329393.6048888015,-0.0488523344151629,-0.0196906857203175,0.0178913780974928
202501,NRP-S,2026-05-01,1329393.6048888015,-64943.98095540667,-26176.671672465327,23784.6836254545,1238272.9522609296,-0.0488523344151629,-0.0196906857203175,0.0178913780974928
202501,NRP-S,2026-06-01,1238272.9522609296,-60492.52436110198,-24382.44353893968,22154.409576798946,1153397.9843608881,-0.0488523344151629,-0.0196906857203175,0.0178913780974928
202501,NRP-S,2026-07-01,1153397.9843608881,-56346.184045772934,-22711.19722049793,20635.87943508674,1074340.6030946171,-0.0488523344151629,-0.0196906857203175,0.0178913780974928
202501,NRP-S,2026-08-01,1074340.6030946171,-52484.04641816603,-21154.50317211247,19221.43393545424,1000702.0535043386,-0.0488523344151629,-0.0196906857203175,0.0178913780974928
202501,NRP-S,2026-09-01,1000702.0535043386,-48886.63136773419,-19704.50963523028,17903.938802183595,932110.9125013741,-0.0488523344151629,-0.0196906857203175,0.0178913780974928
202501,NRP-S,2026-10-01,932110.9125013741,-45535.79400953978,-18353.903034542924,16676.748764361113,868221.2154572915,-0.0488523344151629,-0.0196906857203175,0.0178913780974928
202501,NRP-S,2026-11-01,868221.2154572915,-42414.6331638588,-17095.87108928159,15533.674038011162,808710.711204151,-0.0488523344151629,-0.0196906857203175,0.0178913780974928
202501,NRP-S,2026-12-01,808710.711204151,-39507.406108869414,-15924.068452975385,14468.949105645774,753279.2366423063,-0.0488523344151629,-0.0196906857203175,0.0178913780974928
202501,NRP-S,2027-01-01,753279.2366423063,-36799.44917644858,-14832.584708364328,13477.203635758256,701647.2027574934,-0.0488523344151629,-0.0196906857203175,0.0178913780974928
202501,NRP-S,2027-02-01,701647.2027574934,-34277.10379057268,-13815.914556037691,12553.435395582508,653554.184410883,-0.0488523344151629,-0.0196906857203175,0.0178913780974928
202501,NRP-S,2027-03-01,653554.184410883,-31927.6475752695,-12868.930046433123,11692.985020493643,608757.6067891804,-0.0488523344151629,-0.0196906857203175,0.0178913780974928
202501,NRP-S,2027-04-01,608757.6067891804,-29739.230184639284,-11986.85471513837,10891.512512790077,567031.5218894028,-0.0488523344151629,-0.0196906857203175,0.0178913780974928
202501,NRP-S,2027-05-01,567031.5218894028,-27700.813531279866,-11165.239491037562,10144.97535132007,528165.4688670853,-0.0488523344151629,-0.0196906857203175,0.0178913780974928
202501,NRP-S,2027-06-01,528165.4688670853,-25802.11611163616,-10399.940255785914,9449.608101540585,491963.4124996632,-0.0488523344151629,-0.0196906857203175,0.0178913780974928
202501,NRP-S,2027-07-01,491963.4124996632,-24033.56114745828,-9687.096941425785,8801.90342316429,458242.7544107791,-0.0488523344151629,-0.0196906857203175,0.0178913780974928
202501,NRP-S,2027-08-01,458242.7544107791,-22386.228281800744,-9023.114060715287,8198.594379599786,426833.41206826305,-0.0488523344151629,-0.0196906857203175,0.0178913780974928
202501,NRP-S,2027-09-01,426833.41206826305,-20851.808585923816,-8404.642571966942,7636.6379599562415,397576.9609103723,-0.0488523344151629,-0.0196906857203175,0.0178913780974928
202501,NRP-S,2027-10-01,397576.9609103723,-19422.56265015766,-7828.562986925097,7113.199730499587,370325.8352732896,-0.0488523344151629,-0.0196906857203175,0.0178913780974928
202501,NRP-S,2027-11-01,370325.8352732896,-18091.281547345272,-7291.969636480414,6625.639538144261,344942.58408946387,-0.0488523344151629,-0.0196906857203175,0.0178913780974928
202501,NRP-S,2027-12-01,344942.58408946387,-16851.25047196894,-6792.156014859825,6171.498193870802,321299.17760263506,-0.0488523344151629,-0.0196906857203175,0.0178913780974928
202502,NON PRIME,2025-10-01,5958651.75,-352974.5897736341,-171550.84292121232,162369.19386168997,5434126.317305153,-0.0592373249155959,-0.0287902112959047,0.0272493175761933
202502,NON PRIME,2025-11-01,5434126.317305153,-321903.10629059596,-156449.64488385184,148076.2337693979,4955773.566130706,-0.0592373249155959,-0.0287902112959047,0.0272493175761933
202502,NON PRIME,2025-12-01,4955773.566130706,-293566.768945006,-142677.76810356218,135041.4477391996,4519529.029082138,-0.0592373249155959,-0.0287902112959047,0.0272493175761933
202502,NON PRIME,2026-01-01,4519529.029082138,-267724.80956120626,-130118.19570524977,123154.08180828375,4121686.023815682,-0.0592373249155959,-0.0287902112959047,0.0272493175761933
202502,NON PRIME,2026-02-01,4121686.023815682,-244157.6541928401,-118664.21152103078,112313.13141231095,3758864.158101811,-0.0592373249155959,-0.0287902112959047,0.0272493175761933
202502,NON PRIME,2026-03-01,3758864.158101811,-222665.0574470648,-108218.49334435406,102426.4831698867,3427980.6073103924,-0.0592373249155959,-0.0287902112959047,0.0272493175761933
202502,NON PRIME,2026-04-01,3427980.6073103924,-203064.40103960747,-98692.28600272992,93410.13221363285,3126223.920268055,-0.0592373249155959,-0.0287902112959047,0.0272493175761933
202502,NON PRIME,2026-05-01,3126223.920268055,-185189.14212382675,-90004.64722282883,85187.46841767624,2851030.130921399,-0.0592373249155959,-0.0287902112959047,0.0272493175761933
202502,NON PRIME,2026-06-01,2851030.130921399,-168887.39820954483,-82081.75988021793,77688.62545677317,2600060.9728316367,-0.0592373249155959,-0.0287902112959047,0.0272493175761933
202502,NON PRIME,2026-07-01,2600060.9728316367,-154020.656647988,-74856.30479005835,70849.88716615537,2371184.0113935904,-0.0592373249155959,-0.0287902112959047,0.0272493175761933
202502,NON PRIME,2026-08-01,2371184.0113935904,-140462.59771758816,-68266.88870949237,64613.1461580559,2162454.5249665095,-0.0592373249155959,-0.0287902112959047,0.0272493175761933
202502,NON PRIME,2026-09-01,2162454.5249665095,-128098.0213106417,-62257.52269157104,58925.41009488864,1972098.980964297,-0.0592373249155959,-0.0287902112959047,0.0272493175761933
202502,NON PRIME,2026-10-01,1972098.980964297,-116821.86810109763,-56777.14635840045,53738.35142398332,1798499.966504799,-0.0592373249155959,-0.0287902112959047,0.0272493175761933
202502,NON PRIME,2026-11-01,1798499.966504799,-106538.32687653312,-51779.194051350685,49007.89674806228,1640182.445576915,-0.0592373249155959,-0.0287902112959047,0.0272493175761933
202502,NON PRIME,2026-12-01,1640182.445576915,-97160.0204494964,-47221.199171993096,44693.85234242274,1495801.2259554255,-0.0592373249155959,-0.0287902112959047,0.0272493175761933
202502,NON PRIME,2027-01-01,1495801.2259554255,-88607.26323106822,-43064.43335192999,40759.562636918665,1364129.5293724274,-0.0592373249155959,-0.0287902112959047,0.0272493175761933
202502,NON PRIME,2027-02-01,1364129.5293724274,-80807.3841583934,-39273.57738561522,37171.59876093238,1244048.5678284187,-0.0592373249155959,-0.0287902112959047,0.0272493175761933
202502,NON PRIME,2027-03-01,1244048.5678284187,-73694.10922323378,-35816.421130147806,33899.47450496503,1134538.0374750372,-0.0592373249155959,-0.0287902112959047,0.0272493175761933
202502,NON PRIME,2027-04-01,1134538.0374750372,-67206.9983550113,-32663.589822147365,30915.387285428384,1034667.4492978785,-0.0592373249155959,-0.0287902112959047,0.0272493175761933
202502,NON PRIME,2027-05-01,1034667.4492978785,-61290.93187364928,-29788.294486280687,28193.98191166777,943588.2229379487,-0.0592373249155959,-0.0287902112959047,0.0272493175761933
202502,NON PRIME,2027-06-01,943588.2229379487,-55895.642148705,-27166.10431471077,25712.135147992045,860526.4764745329,-0.0592373249155959,-0.0287902112959047,0.0272493175761933
202502,NON PRIME,2027-07-01,860526.4764745329,-50975.28648539479,-24774.739083422166,23448.75924017718,784776.4509057159,-0.0592373249155959,-0.0287902112959047,0.0272493175761933
202502,NON PRIME,2027-08-01,784776.4509057159,-46488.05760841009,-22593.87984162574,21384.622737047725,715694.5134556801,-0.0592373249155959,-0.0287902112959047,0.0272493175761933
202502,NON PRIME,2027-09-01,715694.5134556801,-42395.82843388344,-20604.996265708738,19502.187084692978,652693.6887560879,-0.0592373249155959,-0.0287902112959047,0.0272493175761933
202502,NON PRIME,2027-10-01,652693.6887560879,-38663.8281112032,-18791.189210791228,17785.457604891704,595238.6714340935,-0.0592373249155959,-0.0287902112959047,0.0272493175761933
202502,NON PRIME,2027-11-01,595238.6714340935,-35260.346582069025,-17137.047122081145,16219.847591538994,542841.2777299433,-0.0592373249155959,-0.0287902112959047,0.0272493175761933
202502,NON PRIME,2027-12-01,542841.2777299433,-32156.465146485883,-15628.515085983954,14792.054370329772,495056.2974974734,-0.0592373249155959,-0.0287902112959047,0.0272493175761933
202502,NRP-L,2025-10-01,127420.87,-1614.4611559389275,-2295.476144898346,1974.4279535227245,123510.93269916272,-0.0126703039771972,-0.0180149150205798,0.0154953262642354
202502,NRP-L,2025-11-01,123510.93269916272,-1564.9210618055372,-2225.038956687967,1913.842199373547,119720.97268066922,-0.0126703039771972,-0.0180149150205798,0.0154953262642354
202502,NRP-L,2025-12-01,119720.97268066922,-1516.9011163098007,-2156.763149023412,1855.1155323585824,116047.30841533601,-0.0126703039771972,-0.0180149150205798,0.0154953262642354
202502,NRP-L,2026-01-01,116047.30841533601,-1470.354673357862,-2090.5823994692933,1798.1909059819818,112486.37134250886,-0.0126703039771972,-0.0180149150205798,0.0154953262642354
202502,NRP-L,2026-02-01,112486.37134250886,-1425.2365182014712,-2026.4324207086802,1743.0130242321138,109034.70240359871,-0.0126703039771972,-0.0180149150205798,0.0154953262642354
202502,NRP-L,2026-03-01,109034.70240359871,-1381.50282351683,-1964.250898095039,1689.5282878675737,105688.94868198685,-0.0126703039771972,-0.0180149150205798,0.0154953262642354
202502,NRP-L,2026-04-01,105688.94868198685,-1339.1111068311689,-1903.9774291204126,1637.684742351418,102445.86014603527,-0.0126703039771972,-0.0180149150205798,0.0154953262642354
202502,NRP-L,2026-05-01,102445.86014603527,-1298.0201892556988,-1845.5534647410284,1587.4320273830467,99302.28649203855,-0.0126703039771972,-0.0180149150205798,0.0154953262642354
202502,NRP-L,2026-06-01,99302.28649203855,-1258.1901554848519,-1788.922252503344,1538.7213279787131,96255.17408405035,-0.0126703039771972,-0.0180149150205798,0.0154953262642354
202502,NRP-L,2026-07-01,96255.17408405035,-1219.5823150229521,-1734.0287814152823,1491.505327053136,93301.56298761211,-0.0126703039771972,-0.0180149150205798,0.0154953262642354
202502,NRP-L,2026-08-01,93301.56298761211,-1182.1591646006568,-1680.8197285091057,1445.7381594561593,90438.58409450235,-0.0126703039771972,-0.0180149150205798,0.0154953262642354
202502,NRP-L,2026-09-01,90438.58409450235,-1145.8843517446567,-1629.24340704402,1401.3753674198042,87663.45633571368,-0.0126703039771972,-0.0180149150205798,0.0154953262642354
202502,NRP-L,2026-10-01,87663.45633571368,-1110.7226394652462,-1579.24971629819,1358.3738573724372,84973.48397995025,-0.0126703039771972,-0.0180149150205798,0.0154953262642354
202502,NRP-L,2026-11-01,84973.48397995025,-1076.6398720274663,-1530.7900929014029,1316.6918580781091,82366.0540150214,-0.0126703039771972,-0.0180149150205798,0.0154953262642354
202502,NRP-L,2026-12-01,82366.0540150214,-1043.602941772565,-1483.817463661096,1276.2888800603926,79838.63360958773,-0.0126703039771972,-0.0180149150205798,0.0154953262642354
202502,NRP-L,2027-01-01,79838.63360958773,-1011.5797569575495,-1438.2861998359294,1237.125676271312,77388.76765279425,-0.0126703039771972,-0.0180149150205798,0.0154953262642354
202502,NRP-L,2027-02-01,77388.76765279425,-980.5392105815891,-1394.1520728124835,1199.1642039671538,75014.07636940018,-0.0126703039771972,-0.0180149150205798,0.0154953262642354
202502,NRP-L,2027-03-01,75014.07636940018,-950.4511501689857,-1351.3722111420277,1162.3675877541266,72712.25300808917,-0.0126703039771972,-0.0180149150205798,0.0154953262642354
202502,NRP-L,2027-04-01,72712.25300808917,-921.2863484793614,-1309.9050588956245,1126.7000837679736,70481.06160071418,-0.0126703039771972,-0.0180149150205798,0.0154953262642354
202502,NRP-L,2027-05-01,70481.06160071418,-893.0164751166097,-1269.7103352971162,1092.1270449527394,68318.33479030045,-0.0126703039771972,-0.0180149150205798,0.0154953262642354
202502,NRP-L,2027-06-01,68318.33479030045,-865.6140690090336,-1230.748995594783,1058.6148874049695,66221.97172569663,-0.0126703039771972,-0.0180149150205798,0.0154953262642354
202502,NRP-L,2027-07-01,66221.97172569663,-839.0525117339345,-1192.983193133663,1026.1310577506408,64189.93602082903,-0.0126703039771972,-0.0180149150205798,0.0154953262642354
202502,NRP-L,2027-08-01,64189.93602082903,-813.306001660744,-1156.3762425916893,994.644001523142,62220.2537765766,-0.0126703039771972,-0.0180149150205798,0.0154953262642354
202502,NRP-L,2027-09-01,62220.2537765766,-788.3495288875777,-1120.892584343937,964.1231325115792,60311.01166334509,-0.0126703039771972,-0.0180149150205798,0.0154953262642354
202502,NRP-L,2027-10-01,60311.01166334509,-764.158850946868,-1086.497749920359,934.5388030496387,58460.35506247786,-0.0126703039771972,-0.0180149150205798,0.0154953262642354
202502,NRP-L,2027-11-01,58460.35506247786,-740.7104692564737,-1053.1583285234608,905.86227521614,56666.48626469792,-0.0126703039771972,-0.0180149150205798,0.0154953262642354
202502,NRP-L,2027-12-01,56666.48626469792,-717.9816062933927,-1020.8419345733856,878.0656929193083,54927.66272383115,-0.0126703039771972,-0.0180149150205798,0.0154953262642354
202502,NRP-M,2025-10-01,5151310.039999996,-168495.78725415556,-85794.14206373326,81176.40993682154,4897020.1106821075,-0.0327093081072161,-0.0166548201132412,0.0157584011264097
202502,NRP-M,2025-11-01,4897020.1106821075,-160178.13960753454,-81558.989034335,77169.20722822388,4655282.982040238,-0.0327093081072161,-0.0166548201132412,0.0157584011264097
202502,NRP-M,2025-12-01,4655282.982040238,-152271.08538583387,-77532.9006421132,73359.8165879388,4425478.996012291,-0.0327093081072161,-0.0166548201132412,0.0157584011264097
202502,NRP-M,2026-01-01,4425478.996012291,-144754.35600257938,-73705.55659351197,69738.47319566256,4207019.083416199,-0.0327093081072161,-0.0166548201132412,0.0157584011264097
202502,NRP-M,2026-02-01,4207019.083416199,-137608.68341239833,-70067.14604726966,66295.89426293294,3999343.2539565316,-0.0327093081072161,-0.0166548201132412,0.0157584011264097
202502,NRP-M,2026-03-01,3999343.2539565316,-130815.75072018038,-66608.34246575074,63023.25523804765,3801919.1607706,-0.0327093081072161,-0.0166548201132412,0.0157584011264097
202502,NRP-M,2026-04-01,3801919.1607706,-124358.145228374,-63320.27970771929,59912.16718560605,3614240.7358345073,-0.0327093081072161,-0.0166548201132412,0.0157584011264097
202502,NRP-M,2026-05-01,3614240.7358345073,-118219.31380206232,-60194.52930127222,56954.65528269032,3435826.8927311725,-0.0327093081072161,-0.0166548201132412,0.0157584011264097
202502,NRP-M,2026-06-01,3435826.8927311725,-112383.52043740283,-57223.07883867414,54143.13837656365,3266220.2934550955,-0.0327093081072161,-0.0166548201132412,0.0157584011264097
202502,NRP-M,2026-07-01,3266220.2934550955,-106835.8059246645,-54398.311437712495,51470.409551485,3104986.1760927183,-0.0327093081072161,-0.0166548201132412,0.0157584011264097
202502,NRP-M,2026-08-01,3104986.1760927183,-101561.94950246345,-51712.98621692488,48929.61765482604,2951711.2403733297,-0.0327093081072161,-0.0166548201132412,0.0157584011264097
202502,NRP-M,2026-09-01,2951711.2403733297,-96548.43240490423,-49160.21973464986,46514.24973513525,2806002.588233776,-0.0327093081072161,-0.0166548201132412,0.0157584011264097
202502,NRP-M,2026-10-01,2806002.588233776,-91782.40320818439,-46733.468344322755,44218.11434713167,2667486.7166812685,-0.0327093081072161,-0.0166548201132412,0.0157584011264097
202502,NRP-M,2026-11-01,2667486.7166812685,-87251.64488783387,-44426.51142078692,42035.32568083302,2535808.560372648,-0.0327093081072161,-0.0166548201132412,0.0157584011264097
202502,NRP-M,2026-12-01,2535808.560372648,-82944.54350214502,-42233.435414623586,39960.2884741357,2410630.5814558794,-0.0327093081072161,-0.0166548201132412,0.0157584011264097
202502,NRP-M,2027-01-01,2410630.5814558794,-78850.05842151785,-40148.61869362571,37987.683670172,2291631.904340736,-0.0327093081072161,-0.0166548201132412,0.0157584011264097
202502,NRP-M,2027-02-01,2291631.904340736,-74957.6940274075,-38166.71713255932,36112.454782679466,2178507.493180769,-0.0327093081072161,-0.0166548201132412,0.0157584011264097
202502,NRP-M,2027-03-01,2178507.493180769,-71257.47280832875,-36282.65041427373,34329.794934431804,2070967.3699581663,-0.0327093081072161,-0.0166548201132412,0.0157584011264097
202502,NRP-M,2027-04-01,2070967.3699581663,-67739.90978395265,-34491.58900704549,32635.134535506502,1968735.871167168,-0.0327093081072161,-0.0166548201132412,0.0157584011264097
202502,NRP-M,2027-05-01,1968735.871167168,-64395.98819173539,-32788.94178477438,31024.129569803885,1871550.9411906581,-0.0327093081072161,-0.0166548201132412,0.0157584011264097
202502,NRP-M,2027-06-01,1871550.9411906581,-61217.13637375551,-31170.344258297668,29492.650459792003,1779163.460558605,-0.0327093081072161,-0.0166548201132412,0.0157584011264097
202502,NRP-M,2027-07-01,1779163.460558605,-58195.205804512225,-29631.647387655266,28036.7714809337,1691336.6073664376,-0.0327093081072161,-0.0166548201132412,0.0157584011264097
202502,NRP-M,2027-08-01,1691336.6073664376,-55322.45020336239,-28168.906946627674,26652.76069866123,1607845.2502164475,-0.0327093081072161,-0.0166548201132412,0.0157584011264097
202502,NRP-M,2027-09-01,1607845.2502164475,-52591.50567805374,-26778.373412284218,25337.070402103353,1528475.3711261095,-0.0327093081072161,-0.0166548201132412,0.0157584011264097
202502,NRP-M,2027-10-01,1528475.3711261095,-49995.37184845538,-25456.482353624935,24086.32801004317,1453023.5169240292,-0.0327093081072161,-0.0166548201132412,0.0157584011264097
202502,NRP-M,2027-11-01,1453023.5169240292,-47527.3939020988,-24199.845294678784,22897.327425795407,1381296.2777272516,-0.0327093081072161,-0.0166548201132412,0.0157584011264097
202502,NRP-M,2027-12-01,1381296.2777272516,-45181.24553553141,-23005.241028637032,21767.020818842648,1313109.7911630834,-0.0327093081072161,-0.0166548201132412,0.0157584011264097
202502,NRP-S,2025-10-01,2387772.2100000004,-121328.55866428815,-43062.1235175804,42656.26353406562,2223381.5278181317,-0.0508124511023973,-0.0180344353356807,0.0178644610048735
202502,NRP-S,2025-11-01,2223381.5278181317,-112975.46516423223,-40097.430389983056,39719.512602663075,2070308.6322639165,-0.0508124511023973,-0.0180344353356807,0.0178644610048735
202502,NRP-S,2025-12-01,2070308.6322639165,-105197.4561437813,-37336.847153465154,36984.94782913173,1927774.32896667,-0.0508124511023973,-0.0180344353356807,0.0178644610048735
202502,NRP-S,2026-01-01,1927774.32896667,-97954.93882707569,-34766.321477534664,34438.64932602125,1795053.0686620595,-0.0508124511023973,-0.0180344353356807,0.0178644610048735
202502,NRP-S,2026-02-01,1795053.0686620595,-91211.04627759912,-32372.76849090112,32067.655546791873,1671469.253893559,-0.0508124511023973,-0.0180344353356807,0.0178644610048735
202502,NRP-S,2026-03-01,1671469.253893559,-84931.44973262698,-30144.004174921858,29859.897307026487,1556393.7999860102,-0.0508124511023973,-0.0180344353356807,0.0178644610048735
202502,NRP-S,2026-04-01,1556393.7999860102,-79084.18385786346,-28068.68334270206,27804.13634807696,1449240.9327854447,-0.0508124511023973,-0.0180344353356807,0.0178644610048735
202502,NRP-S,2026-05-01,1449240.9327854447,-73639.48403275305,-26136.24188814068,25889.90813041207,1349465.2068645507,-0.0508124511023973,-0.0180344353356807,0.0178644610048735
202502,NRP-S,2026-06-01,1349465.2068645507,-68569.63483819144,-24336.84301094972,24107.468565465315,1256558.7290154097,-0.0508124511023973,-0.0180344353356807,0.0178644610048735
202502,NRP-S,2026-07-01,1256558.7290154097,-63848.82897538601,-22661.327143913535,22447.744414829194,1170048.5728961101,-0.0508124511023973,-0.0180344353356807,0.0178644610048735
202502,NRP-S,2026-08-01,1170048.5728961101,-59453.03589771334,-21101.165327500385,20902.287104310446,1089494.3716708964,-0.0508124511023973,-0.0180344353356807,0.0178644610048735
202502,NRP-S,2026-09-01,1089494.3716708964,-55359.8794868645,-19648.415794486857,19463.229717743885,1014486.076389545,-0.0508124511023973,-0.0180344353356807,0.0178644610048735
202502,NRP-S,2026-10-01,1014486.076389545,-51548.524150606645,-18295.683543595682,18123.246951648143,944641.8686953427,-0.0508124511023973,-0.0180344353356807,0.0178644610048735
202502,NRP-S,2026-11-01,944641.8686953427,-47999.56876235931,-17036.082696362737,16875.517826878782,879606.2172366206,-0.0508124511023973,-0.0180344353356807,0.0178644610048735
202502,NRP-S,2026-12-01,879606.2172366206,-44694.94790270044,-15863.201445616545,15713.690967467897,819048.0678883037,-0.0508124511023973,-0.0180344353356807,0.0178644610048735
202502,NRP-S,2027-01-01,819048.0678883037,-41617.83990008741,-14771.069417145829,14631.852269907584,762659.1585710704,-0.0508124511023973,-0.0180344353356807,0.0178644610048735
202502,NRP-S,2027-02-01,762659.1585710704,-38752.58120268799,-13754.127278414622,13624.494798302521,710152.4500899677,-0.0508124511023973,-0.0180344353356807,0.0178644610048735
202502,NRP-S,2027-03-01,710152.4500899677,-36084.58664544412,-12807.198439622738,12686.490752147602,661260.6650049008,-0.0508124511023973,-0.0180344353356807,0.0178644610048735
202502,NRP-S,2027-04-01,661260.6650049008,-33600.27520650024,-11925.4627030601,11813.065364036767,615734.9270953404,-0.0508124511023973,-0.0180344353356807,0.0178644610048735
202502,NRP-S,2027-05-01,615734.9270953404,-31287.000875070153,-11104.431726620987,10999.772594433336,573343.4944936493,-0.0508124511023973,-0.0180344353356807,0.0178644610048735
202502,NRP-S,2027-06-01,573343.4944936493,-29132.988278836154,-10339.926176578923,10242.472499779702,533870.5800382342,-0.0508124511023973,-0.0180344353356807,0.0178644610048735
202502,NRP-S,2027-07-01,533870.5800382342,-27127.27274320126,-9628.054453321884,9537.310158742232,497115.2528417111,-0.0508124511023973,-0.0180344353356807,0.0178644610048735
202502,NRP-S,2027-08-01,497115.2528417111,-25259.644477275317,-8965.1928817544,8880.696049318578,462890.41548268136,-0.0508124511023973,-0.0180344353356807,0.0178644610048735
202502,NRP-S,2027-09-01,462890.41548268136,-23520.596602482117,-8347.967265528789,8269.287776920053,431021.8516146704,-0.0508124511023973,-0.0180344353356807,0.0178644610048735
202502,NRP-S,2027-10-01,431021.8516146704,-21901.276759235185,-7773.235711210135,7699.973060418652,401347.3391442251,-0.0508124511023973,-0.0180344353356807,0.0178644610048735
202502,NRP-S,2027-11-01,401347.3391442251,-20393.442045343203,-7238.072634944039,7169.853889551749,373715.82446393784,-0.0508124511023973,-0.0180344353356807,0.0178644610048735
202502,NRP-S,2027-12-01,373715.82446393784,-18989.417056765935,-6739.753870215486,6676.231773040167,347986.6535369564,-0.0508124511023973,-0.0180344353356807,0.0178644610048735
202503,NON PRIME,2025-10-01,7538149.369999999,-410276.59503526037,-263561.5078678356,262050.09902116618,6864311.267096903,-0.0544267000953923,-0.0349636886895272,0.0347631873764749
202503,NON PRIME,2025-11-01,6864311.267096903,-373601.81069570547,-240001.6422107901,238625.33878853748,6250707.814190407,-0.0544267000953923,-0.0349636886895272,0.0347631873764749
202503,NON PRIME,2025-12-01,6250707.814190407,-340205.39958686644,-218547.80210454843,217294.526980297,5691954.612498992,-0.0544267000953923,-0.0349636886895272,0.0347631873764749
202503,NON PRIME,2026-01-01,5691954.612498992,-309794.3066510675,-199011.7291063332,197870.48473269306,5183148.576741591,-0.0544267000953923,-0.0349636886895272,0.0347631873764749
202503,NON PRIME,2026-02-01,5183148.576741591,-282101.67313617404,-181221.99326875896,180182.76517337712,4719824.910336658,-0.0544267000953923,-0.0349636886895272,0.0347631873764749
202503,NON PRIME,2026-03-01,4719824.910336658,-256884.49489765515,-165022.48883408654,164076.1577421871,4297917.926604916,-0.0544267000953923,-0.0349636886895272,0.0347631873764749
202503,NON PRIME,2026-04-01,4297917.926604916,-233921.49002593607,-150271.0643989525,149409.32621127722,3913725.372180028,-0.0544267000953923,-0.0349636886895272,0.0347631873764749
202503,NON PRIME,2026-05-01,3913725.372180028,-213011.15708737,-136838.27552920647,136053.56845315828,3563875.939563452,-0.0544267000953923,-0.0349636886895272,0.0347631873764749
202503,NON PRIME,2026-06-01,3563875.939563452,-193970.00693980444,-124606.24887899277,123891.68707355481,3245299.6837446545,-0.0544267000953923,-0.0349636886895272,0.0347631873764749
202503,NON PRIME,2026-07-01,3245299.6837446545,-176630.95260684178,-113467.64784666918,112816.96099883017,2955201.0832911436,-0.0544267000953923,-0.0349636886895272,0.0347631873764749
202503,NON PRIME,2026-08-01,2955201.0832911436,-160841.84308186552,-103324.73069114509,102732.20899361164,2691034.509518133,-0.0544267000953923,-0.0349636886895272,0.0347631873764749
202503,NON PRIME,2026-09-01,2691034.509518133,-146464.12819589453,-94088.49284356652,93548.93689093909,2450481.888478672,-0.0544267000953923,-0.0349636886895272,0.0347631873764749
202503,NON PRIME,2026-10-01,2450481.888478672,-133371.64283341926,-85677.885888093,85186.56105184215,2231432.35975716,-0.0544267000953923,-0.0349636886895272,0.0347631873764749
202503,NON PRIME,2026-11-01,2231432.35975716,-121449.49982765647,-78019.1063582864,77571.70124016769,2031963.753571217,-0.0544267000953923,-0.0349636886895272,0.0347631873764749
202503,NON PRIME,2026-12-01,2031963.753571217,-110593.08182032825,-71044.94810826718,70637.53670760148,1850325.7236426214,-0.0544267000953923,-0.0349636886895272,0.0347631873764749
202503,NON PRIME,2027-01-01,1850325.7236426214,-100707.1232394867,-64694.21257566475,64323.219838499965,1684924.38782747,-0.0544267000953923,-0.0349636886895272,0.0347631873764749
202503,NON PRIME,2027-02-01,1684924.38782747,-91704.87433969817,-58911.17176139185,58573.3422092386,1534308.34172638,-0.0544267000953923,-0.0349636886895272,0.0347631873764749
202503,NON PRIME,2027-03-01,1534308.34172638,-83507.33996900036,-53645.079213865865,53337.44837672263,1397155.9225435138,-0.0544267000953923,-0.0349636886895272,0.0347631873764749
202503,NON PRIME,2027-04-01,1397155.9225435138,-76042.58638277698,-48849.7247265406,48569.59312953182,1272263.6114341964,-0.0544267000953923,-0.0349636886895272,0.0347631873764749
202503,NON PRIME,2027-05-01,1272263.6114341964,-69245.11002180973,-44483.02884119884,44227.93831655762,1158535.4725711877,-0.0544267000953923,-0.0349636886895272,0.0347631873764749
202503,NON PRIME,2027-06-01,1158535.4725711877,-63055.262715505625,-40506.67359875328,40274.3857152851,1054973.5362569287,-0.0544267000953923,-0.0349636886895272,0.0347631873764749
202503,NON PRIME,2027-07-01,1054973.5362569287,-57418.72826643133,-36885.76629737689,36674.24271812195,960669.0416931205,-0.0544267000953923,-0.0349636886895272,0.0347631873764749
202503,NON PRIME,2027-08-01,960669.0416931205,-52286.04582315939,-33588.53330742469,33395.91790315653,874794.4625625364,-0.0544267000953923,-0.0349636886895272,0.0347631873764749
202503,NON PRIME,2027-09-01,874794.4625625364,-47612.17585900105,-30586.041256358778,30410.643817964108,796596.2454471766,-0.0544267000953923,-0.0349636886895272,0.0347631873764749
202503,NON PRIME,2027-10-01,796596.2454471766,-43356.104948069,-27851.94313706128,27692.224543876593,725388.1973620463,-0.0544267000953923,-0.0349636886895272,0.0347631873764749
202503,NON PRIME,2027-11-01,725388.1973620463,-39480.48587056134,-25362.247111623903,25216.805825580173,660545.4643798611,-0.0544267000953923,-0.0349636886895272,0.0347631873764749
202503,NON PRIME,2027-12-01,660545.4643798611,-35951.309889174336,-23095.105981856643,22962.66574891774,601499.0485088301,-0.0544267000953923,-0.0349636886895272,0.0347631873764749
202503,NRP-L,2025-10-01,83860.81,-824.5471986751227,-1014.9466929685622,1494.765573978304,82021.31610835632,-0.0098323304851828,-0.0121027532761556,0.0178243636566151
202503,NRP-L,2025-11-01,82021.31610835632,-806.4606868070069,-992.6837522450035,1461.9777659095248,80222.1716693043,-0.0098323304851828,-0.0121027532761556,0.0178243636566151
202503,NRP-L,2025-12-01,80222.1716693043,-788.7709040916686,-970.9091509909895,1429.909161157085,78462.49161422164,-0.0098323304851828,-0.0121027532761556,0.0178243636566151
202503,NRP-L,2026-01-01,78462.49161422164,-771.4691482419113,-949.6121774393522,1398.543983935999,76741.41028854037,-0.0098323304851828,-0.0121027532761556,0.0178243636566151
202503,NRP-L,2026-02-01,76741.41028854037,-754.5469078559365,-928.782354786433,1367.866804504447,75058.08102589799,-0.0098323304851828,-0.0121027532761556,0.0178243636566151
202503,NRP-L,2026-03-01,75058.08102589799,-737.9958582302576,-908.4094360381393,1337.8625315732875,73411.67573162958,-0.0098323304851828,-0.0121027532761556,0.0178243636566151
202503,NRP-L,2026-04-01,73411.67573162958,-721.807857264456,-888.4833989690525,1308.516404882071,71801.38447539607,-0.0098323304851828,-0.0121027532761556,0.0178243636566151
202503,NRP-L,2026-05-01,71801.38447539607,-705.9749414557679,-868.9944411921076,1279.8139879378973,70226.4150927482,-0.0098323304851828,-0.0121027532761556,0.0178243636566151
202503,NRP-L,2026-06-01,70226.4150927482,-690.4893219815297,-849.9329753364212,1251.741160913547,68685.99279543025,-0.0098323304851828,-0.0121027532761556,0.0178243636566151
202503,NRP-L,2026-07-01,68685.99279543025,-675.3433808675551,-831.2896243308934,1224.2841137013936,67179.3597902318,-0.0098323304851828,-0.0121027532761556,0.0178243636566151
202503,NRP-L,2026-08-01,67179.3597902318,-660.5296672405598,-813.0552167912637,1197.4293391196775,65705.77490619998,-0.0098323304851828,-0.0121027532761556,0.0178243636566151
202503,NRP-L,2026-09-01,65705.77490619998,-646.0408936627891,-795.2207825083542,1171.1636262678032,64264.51323002884,-0.0098323304851828,-0.0121027532761556,0.0178243636566151
202503,NRP-L,2026-10-01,64264.51323002884,-631.869932547046,-777.7775480352764,1145.4740540273863,62854.865749446515,-0.0098323304851828,-0.0121027532761556,0.0178243636566151
202503,NRP-L,2026-11-01,62854.865749446515,-618.0098126503552,-760.7169323714342,1120.3479847058557,61476.139004424724,-0.0098323304851828,-0.0121027532761556,0.0178243636566151
202503,NRP-L,2026-12-01,61476.139004424724,-604.4537156445406,-744.0305427411984,1095.773057819486,60127.654746038985,-0.0098323304851828,-0.0121027532761556,0.0178243636566151
202503,NRP-L,2027-01-01,60127.654746038985,-591.1949727620254,-727.7101704651761,1071.7371840127976,58808.74960281178,-0.0098323304851828,-0.0121027532761556,0.0178243636566151
202503,NRP-L,2027-02-01,58808.74960281178,-578.2270615152082,-711.7477869220446,1048.228539111336,57518.77475437453,-0.0098323304851828,-0.0121027532761556,0.0178243636566151
202503,NRP-L,2027-03-01,57518.77475437453,-565.5436024877995,-696.1355395989623,1025.2355583049034,56257.09561228777,-0.0098323304851828,-0.0121027532761556,0.0178243636566151
202503,NRP-L,2027-04-01,56257.09561228777,-553.1383561965406,-680.8657482286146,1002.7469304583828,55023.09150786261,-0.0098323304851828,-0.0121027532761556,0.0178243636566151
202503,NRP-L,2027-05-01,55023.09150786261,-541.0052200217605,-665.9309010109936,980.7515925473532,53816.15538682986,-0.0098323304851828,-0.0121027532761556,0.0178243636566151
202503,NRP-L,2027-06-01,53816.15538682986,-529.1382252052618,-651.3236509180539,959.238724215761,52635.69351070654,-0.0098323304851828,-0.0121027532761556,0.0178243636566151
202503,NRP-L,2027-07-01,52635.69351070654,-517.5315339140584,-637.0368120794255,938.1977424529688,51481.125164713056,-0.0098323304851828,-0.0121027532761556,0.0178243636566151
202503,NRP-L,2027-08-01,51481.125164713056,-506.1794363685196,-623.0633562474073,917.6182963875643,50351.88237209713,-0.0098323304851828,-0.0121027532761556,0.0178243636566151
202503,NRP-L,2027-09-01,50351.88237209713,-495.076348033509,-609.3964093394999,897.4902621953664,49247.40961472412,-0.0098323304851828,-0.0121027532761556,0.0178243636566151
202503,NRP-L,2027-10-01,49247.40961472412,-484.21680687113655,-596.0292480567791,877.8037381191256,48167.1635597962,-0.0098323304851828,-0.0121027532761556,0.0178243636566151
202503,NRP-L,2027-11-01,48167.1635597962,-473.5954706537703,-582.955296576446,858.5490395974665,47110.61279256599,-0.0098323304851828,-0.0121027532761556,0.0178243636566151
202503,NRP-L,2027-12-01,47110.61279256599,-463.2071143359894,-570.1681233169259,839.7166945006795,46077.237554913074,-0.0098323304851828,-0.0121027532761556,0.0178243636566151
202503,NRP-M,2025-10-01,6162266.5200000005,-143582.76095259126,-106935.47138576744,103708.71841766723,5911748.287661642,-0.0233003166102253,-0.0173532694567335,0.0168296385885087
202503,NRP-M,2025-11-01,5911748.287661642,-137745.60682247352,-102588.16099617533,99492.5871075806,5671414.519842993,-0.0233003166102253,-0.0173532694567335,0.0168296385885087
202503,NRP-M,2025-12-01,5671414.519842993,-132145.75394017063,-98417.58436366629,95447.85665457818,5440851.181539156,-0.0233003166102253,-0.0173532694567335,0.0168296385885087
202503,NRP-M,2026-01-01,5440851.181539156,-126773.55515898073,-94416.5566272358,91567.55899916452,5219661.069752939,-0.0233003166102253,-0.0173532694567335,0.0168296385885087
202503,NRP-M,2026-02-01,5219661.069752939,-121619.75552331076,-90578.18501624458,87845.00935845067,5007463.129213383,-0.0233003166102253,-0.0173532694567335,0.0168296385885087
202503,NRP-M,2026-03-01,5007463.129213383,-116675.47632470135,-86895.85697589775,84273.7947099441,4803891.795912784,-0.0233003166102253,-0.0173532694567335,0.0168296385885087
202503,NRP-M,2026-04-01,4803891.795912784,-111932.19980603167,-83363.22877546595,80847.76274351415,4608596.367331286,-0.0233003166102253,-0.0173532694567335,0.0168296385885087
202503,NRP-M,2026-05-01,4608596.367331286,-107381.75448755313,-79974.21457962296,77561.01126249963,4421240.39826411,-0.0233003166102253,-0.0173532694567335,0.0168296385885087
202503,NRP-M,2026-06-01,4421240.39826411,-103016.30108947236,-76722.97596407283,74407.87801569924,4241501.121210565,-0.0233003166102253,-0.0173532694567335,0.0168296385885087
202503,NRP-M,2026-07-01,4241501.121210565,-98828.31902683176,-73603.9118574042,71382.93094272824,4069068.890326329,-0.0233003166102253,-0.0173532694567335,0.0168296385885087
202503,NRP-M,2026-08-01,4069068.890326329,-94810.59345342159,-70611.64889184436,68480.95881593626,3903646.647981063,-0.0233003166102253,-0.0173532694567335,0.0168296385885087
202503,NRP-M,2026-09-01,3903646.647981063,-90956.20283240348,-67741.03214628989,65696.96226276473,3744949.4130023695,-0.0233003166102253,-0.0173532694567335,0.0168296385885087
202503,NRP-M,2026-10-01,3744949.4130023695,-87258.50701223259,-64987.11626566607,63026.14515307768,3592703.7897244706,-0.0233003166102253,-0.0173532694567335,0.0168296385885087
202503,NRP-M,2026-11-01,3592703.7897244706,-83711.13578733646,-62345.156941316345,60463.9063366284,3446647.4969958174,-0.0233003166102253,-0.0173532694567335,0.0168296385885087
202503,NRP-M,2026-12-01,3446647.4969958174,-80307.9779238431,-59810.602737744484,58005.83171642773,3306528.91633423,-0.0233003166102253,-0.0173532694567335,0.0168296385885087
202503,NRP-M,2027-01-01,3306528.91633423,-77043.17063145271,-57379.08725162891,55647.686644358415,3172106.6584511483,-0.0233003166102253,-0.0173532694567335,0.0168296385885087
202503,NRP-M,2027-02-01,3172106.6584511483,-73911.08946331555,-55046.421589601276,53385.40862593483,3043149.1473982316,-0.0233003166102253,-0.0173532694567335,0.0168296385885087
202503,NRP-M,2027-03-01,3043149.1473982316,-70906.33862651596,-52808.587151830325,51215.10032164063,2919434.221619885,-0.0233003166102253,-0.0173532694567335,0.0168296385885087
202503,NRP-M,2027-04-01,2919434.221619885,-68023.74168646998,-50661.72870897889,49133.022832786875,2800748.7512244363,-0.0233003166102253,-0.0173532694567335,0.0168296385885087
202503,NRP-M,2027-05-01,2800748.7512244363,-65258.332649222495,-48602.1477606075,47135.58926032433,2686888.2708146065,-0.0233003166102253,-0.0173532694567335,0.0168296385885087
202503,NRP-M,2027-06-01,2686888.2708146065,-62605.34740628111,-46626.2961635826,45219.358525512915,2577656.6272447426,-0.0233003166102253,-0.0173532694567335,0.0168296385885087
202503,NRP-M,2027-07-01,2577656.6272447426,-60060.215527247994,-44730.77001951288,43381.02944180331,2472865.6416979814,-0.0233003166102253,-0.0173532694567335,0.0168296385885087
202503,NRP-M,2027-08-01,2472865.6416979814,-57618.55238611092,-42912.30381068327,41617.43502771768,2372334.785501187,-0.0233003166102253,-0.0173532694567335,0.0168296385885087
202503,NRP-M,2027-09-01,2372334.785501187,-55276.151607628584,-41167.764774384166,39925.53705093229,2275890.869119175,-0.0233003166102253,-0.0173532694567335,0.0168296385885087
202503,NRP-M,2027-10-01,2275890.869119175,-53028.9778207976,-39494.147505944435,38302.42079416267,2183367.7437924324,-0.0233003166102253,-0.0173532694567335,0.0168296385885087
202503,NRP-M,2027-11-01,2183367.7437924324,-50873.159706916944,-37888.56878117035,36745.290033834295,2094606.015304345,-0.0233003166102253,-0.0173532694567335,0.0168296385885087
202503,NRP-M,2027-12-01,2094606.015304345,-48804.98333027365,-36348.26258927115,35251.46222288845,2009452.7693848,-0.0233003166102253,-0.0173532694567335,0.0168296385885087
202503,NRP-S,2025-10-01,2647482.4199999995,-127952.80725344436,-58643.78510631894,56402.97412177768,2460885.827640236,-0.0483299931613689,-0.0221507741329285,0.0213043809831144
202503,NRP-S,2025-11-01,2460885.827640236,-118934.59522076225,-54510.52613498368,52427.649227994385,2287440.70628449,-0.0483299931613689,-0.0221507741329285,0.0213043809831144
202503,NRP-S,2025-12-01,2287440.70628449,-110551.99369176624,-50668.582427374175,48732.50828296906,2126220.1301653497,-0.0483299931613689,-0.0221507741329285,0.0213043809831144
202503,NRP-S,2026-01-01,2126220.1301653497,-102760.20435045625,-47097.421860178496,45297.8037070097,1976362.503954715,-0.0483299931613689,-0.0221507741329285,0.0213043809831144
202503,NRP-S,2026-02-01,1976362.503954715,-95517.5863005173,-43777.9594298899,42105.17974499319,1837066.958224308,-0.0483299931613689,-0.0221507741329285,0.0213043809831144
202503,NRP-S,2026-03-01,1837066.958224308,-88785.43352795758,-40692.455258692644,39137.574369501766,1707589.0694376577,-0.0483299931613689,-0.0221507741329285,0.0213043809831144
202503,NRP-S,2026-04-01,1707589.0694376577,-82527.76804835028,-37824.419788971114,36379.12809790165,1587236.8816003364,-0.0483299931613689,-0.0221507741329285,0.0213043809831144
202503,NRP-S,2026-05-01,1587236.8816003364,-76711.14763321675,-35158.52565978283,33815.09923606401,1475367.2083073368,-0.0483299931613689,-0.0221507741329285,0.0213043809831144
202503,NRP-S,2026-06-01,1475367.2083073368,-71304.48708800151,-32680.52579434509,31431.785095773408,1371382.19542499,-0.0483299931613689,-0.0221507741329285,0.0213043809831144
202503,NRP-S,2026-07-01,1371382.19542499,-66278.89212651283,-30377.177260778564,29216.448764793833,1274726.1260376985,-0.0483299931613689,-0.0221507741329285,0.0213043809831144
202503,NRP-S,2026-08-01,1274726.1260376985,-61607.50495402024,-28236.170499204007,27157.251038236634,1184882.4505844743,-0.0483299931613689,-0.0221507741329285,0.0213043809831144
202503,NRP-S,2026-09-01,1184882.4505844743,-57265.36073377366,-26246.063536967504,25243.187147457862,1101371.026313733,-0.0483299931613689,-0.0221507741329285,0.0213043809831144
202503,NRP-S,2026-10-01,1101371.026313733,-53229.25416987256,-24396.22084042715,23464.027948351486,1023745.5513034333,-0.0483299931613689,-0.0221507741329285,0.0213043809831144
202503,NRP-S,2026-11-01,1023745.5513034333,-49477.61549347676,-22676.756476512717,21810.26525473683,951591.1793334438,-0.0483299931613689,-0.0221507741329285,0.0213043809831144
202503,NRP-S,2026-12-01,951591.1793334438,-45990.3951896043,-21078.48128030217,20273.061024690825,884522.3028635373,-0.0483299931613689,-0.0221507741329285,0.0213043809831144
202503,NRP-S,2027-01-01,884522.3028635373,-42748.956848473026,-19592.853746267992,18844.2001282665,822180.4922687963,-0.0483299931613689,-0.0221507741329285,0.0213043809831144
202503,NRP-S,2027-02-01,822180.4922687963,-39735.97756876184,-18211.934380746072,17516.04644417898,764232.5803192884,-0.0483299931613689,-0.0221507741329285,0.0213043809831144
202503,NRP-S,2027-03-01,764232.5803192884,-36935.35538052652,-16928.343271677695,16281.502050830697,710368.8816670842,-0.0483299931613689,-0.0221507741329285,0.0213043809831144
202503,NRP-S,2027-04-01,710368.8816670842,-34332.12319301945,-15735.220648868595,15133.969293584472,660301.5378251962,-0.0483299931613689,-0.0221507741329285,0.0213043809831144
202503,NRP-S,2027-05-01,660301.5378251962,-31912.368807533097,-14626.190223991265,14067.315525564303,613762.9787936718,-0.0483299931613689,-0.0221507741329285,0.0213043809831144
202503,NRP-S,2027-06-01,613762.9787936718,-29663.160567799565,-13595.32511441201,13075.840333551549,570504.4931114602,-0.0483299931613689,-0.0221507741329285,0.0213043809831144
202503,NRP-S,2027-07-01,570504.4931114602,-27572.478250607102,-12637.116168732819,12154.245073825114,530294.8986921202,-0.0483299931613689,-0.0221507741329285,0.0213043809831144
202503,NRP-S,2027-08-01,530294.8986921202,-25629.148827298985,-11746.442524773356,11297.604555138983,492919.30734004785,-0.0483299931613689,-0.0221507741329285,0.0213043809831144
202503,NRP-S,2027-09-01,492919.30734004785,-23822.786752851207,-10918.544242648964,10501.340717505238,458177.97634454764,-0.0483299931613689,-0.0221507741329285,0.0213043809831144
202503,NRP-S,2027-10-01,458177.97634454764,-22143.73846342183,-10148.996866690331,9761.198166116621,425885.2410144355,-0.0483299931613689,-0.0221507741329285,0.0213043809831144
202503,NRP-S,2027-11-01,425885.2410144355,-20583.03078575561,-9433.687780258577,9073.221429657033,395868.5224484213,-0.0483299931613689,-0.0221507741329285,0.0213043809831144
202503,NRP-S,2027-12-01,395868.5224484213,-19132.32298273341,-8768.794227091115,8433.733821463742,367967.4052385967,-0.0483299931613689,-0.0221507741329285,0.0213043809831144
202504,NON PRIME,2025-10-01,9246422.14,-496228.0791049992,-373459.20096605807,329486.0011064393,8376734.859928943,-0.053667037,-0.0403895901908344,0.0356338912627711
202504,NON PRIME,2025-11-01,8376734.859928943,-449554.5396669964,-338332.8881298066,298495.65913577203,7588847.43213214,-0.053667037,-0.0403895901908344,0.0356338912627711
202504,NON PRIME,2025-12-01,7588847.43213214,-407270.95592759055,-306510.4378045831,270420.16420635633,6875066.0383999655,-0.053667037,-0.0403895901908344,0.0356338912627711
202504,NON PRIME,2026-01-01,6875066.0383999655,-368964.4234602544,-277681.09982589795,244985.35563671484,6228420.515113813,-0.053667037,-0.0403895901908344,0.0356338912627711
202504,NON PRIME,2026-02-01,6228420.515113813,-334260.87423617207,-251563.35214163258,221942.85937437834,5642596.288736008,-0.053667037,-0.0403895901908344,0.0356338912627711
202504,NON PRIME,2026-03-01,5642596.288736008,-302821.42380365805,-227902.15171437047,201067.66259253465,5111872.713217979,-0.053667037,-0.0403895901908344,0.0356338912627711
202504,NON PRIME,2026-04-01,5111872.713217979,-274339.0620395597,-206466.44399458292,182155.91641193614,4631067.207183837,-0.053667037,-0.0403895901908344,0.0356338912627711
202504,NON PRIME,2026-05-01,4631067.207183837,-248535.65515742166,-187046.90664436715,165022.94529137388,4195484.645382049,-0.053667037,-0.0403895901908344,0.0356338912627711
202504,NON PRIME,2026-06-01,4195484.645382049,-225159.2296966503,-169453.90547891913,149501.4436481697,3800871.5102064796,-0.053667037,-0.0403895901908344,0.0356338912627711
202504,NON PRIME,2026-07-01,3800871.5102064796,-203981.51197049703,-153515.64266525756,135439.84209846225,3443374.3555707247,-0.053667037,-0.0403895901908344,0.0356338912627711
202504,NON PRIME,2026-08-01,3443374.3555707247,-184795.69894526523,-139076.47909513005,122700.8273634217,3119502.177530329,-0.053667037,-0.0403895901908344,0.0356338912627711
202504,NON PRIME,2026-09-01,3119502.177530329,-167414.43878310075,-125995.41454986554,111160.00138809341,2826092.3241973626,-0.053667037,-0.0403895901908344,0.0356338912627711
202504,NON PRIME,2026-10-01,2826092.3241973626,-151668.00132811585,-114144.71081579418,100704.66657900087,2560279.6120534525,-0.053667037,-0.0403895901908344,0.0356338912627711
202504,NON PRIME,2026-11-01,2560279.6120534525,-137402.62067041828,-103408.64430478743,91232.7252982025,2319468.347078247,-0.053667037,-0.0403895901908344,0.0356338912627711
202504,NON PRIME,2026-12-01,2319468.347078247,-124478.99360297712,-93682.37599910244,82651.68286722567,2101306.9774761675,-0.053667037,-0.0403895901908344,0.0356338912627711
202504,NON PRIME,2027-01-01,2101306.9774761675,-112770.91930857165,-84870.9276854033,74877.74434508795,1903665.1304821926,-0.053667037,-0.0403895901908344,0.0356338912627711
202504,NON PRIME,2027-02-01,1903665.1304821926,-102164.06699319766,-76888.25448075705,67834.9962603314,1724612.809008238,-0.053667037,-0.0403895901908344,0.0356338912627711
202504,NON PRIME,2027-03-01,1724612.809008238,-92554.85943171904,-69656.40459370648,61454.665306581766,1562401.5449828124,-0.053667037,-0.0403895901908344,0.0356338912627711
202504,NON PRIME,2027-04-01,1562401.5449828124,-83849.46152344976,-63104.75811538231,55674.446762703104,1415447.3253439802,-0.053667037,-0.0403895901908344,0.0356338912627711
202504,NON PRIME,2027-05-01,1415447.3253439802,-75962.86398078642,-57169.33740735601,50437.896079487575,1282315.123955838,-0.053667037,-0.0403895901908344,0.0356338912627711
202504,NON PRIME,2027-06-01,1282315.123955838,-68818.05320299754,-51792.18235208531,45693.87769164917,1161704.8884007551,-0.053667037,-0.0403895901908344,0.0356338912627711
202504,NON PRIME,2027-07-01,1161704.8884007551,-62345.2592288842,-46920.78436519551,41396.06567270214,1052438.8448066753,-0.053667037,-0.0403895901908344,0.0356338912627711
202504,NON PRIME,2027-08-01,1052438.8448066753,-56481.2744244771,-42507.57364265678,37502.4913565575,953449.9967395414,-0.053667037,-0.0403895901908344,0.0356338912627711
202504,NON PRIME,2027-09-01,953449.9967395414,-51168.83625267085,-38509.45463576247,33975.13350830627,863771.7058511081,-0.053667037,-0.0403895901908344,0.0356338912627711
202504,NON PRIME,2027-10-01,863771.7058511081,-46356.06809746454,-34887.38521776421,30779.547042156686,782528.2525358794,-0.053667037,-0.0403895901908344,0.0356338912627711
202504,NON PRIME,2027-11-01,782528.2525358794,-41995.97268238838,-31605.99543267394,27884.526660909807,708926.284420817,-0.053667037,-0.0403895901908344,0.0356338912627711
202504,NON PRIME,2027-12-01,708926.284420817,-38045.97313628451,-28633.24210326771,25261.80213237173,642247.0691812648,-0.053667037,-0.0403895901908344,0.0356338912627711
202504,NRP-L,2025-10-01,62697.2,-795.6098500868,-1048.4477094258443,1043.0683493918805,60853.14244048735,-0.012689719,-0.0167224008317093,0.0166366017843202
202504,NRP-L,2025-11-01,60853.14244048735,-772.2092778367587,-1017.6106397589301,1012.389498106903,59063.322522891656,-0.012689719,-0.0167224008317093,0.0166366017843202
202504,NRP-L,2025-12-01,59063.322522891656,-749.4969660218662,-987.6805536803181,982.6129768722188,57326.14500318948,-0.012689719,-0.0167224008317093,0.0166366017843202
202504,NRP-L,2026-01-01,57326.14500318948,-727.4526714437286,-958.6307748800236,953.7122462482606,55640.06155686572,-0.012689719,-0.0167224008317093,0.0166366017843202
202504,NRP-L,2026-02-01,55640.06155686572,-706.0567462993286,-930.4354116548881,925.661547376638,54003.56939891151,-0.012689719,-0.0167224008317093,0.0166366017843202
202504,NRP-L,2026-03-01,54003.56939891151,-685.290120669186,-903.0693338316288,898.435879021591,52415.20994441069,-0.012689719,-0.0167224008317093,0.0166366017843202
202504,NRP-L,2026-04-01,52415.20994441069,-665.1342855205774,-876.5081503686309,872.0109752867008,50873.56750852148,-0.012689719,-0.0167224008317093,0.0166366017843202
202504,NRP-L,2026-05-01,50873.56750852148,-645.5712762106677,-850.7281876165189,846.3632839870027,49377.26804469429,-0.012689719,-0.0167224008317093,0.0166366017843202
202504,NRP-L,2026-06-01,49377.26804469429,-626.58365647485,-825.7064682181289,821.4699456572179,47924.97792000131,-0.012689719,-0.0167224008317093,0.0166366017843202
202504,NRP-L,2026-07-01,47924.97792000131,-608.1545028860211,-801.4206906290797,797.3087731774,46515.40272648621,-0.012689719,-0.0167224008317093,0.0166366017843202
202504,NRP-L,2026-08-01,46515.40272648621,-590.2673897709439,-777.849209240686,773.8582319978332,45147.286127474574,-0.012689719,-0.0167224008317093,0.0166366017843202
202504,NRP-L,2026-09-01,45147.286127474574,-572.9063745702506,-754.9710150874986,751.0974209455582,43819.408737816826,-0.012689719,-0.0167224008317093,0.0166366017843202
202504,NRP-L,2026-10-01,43819.408737816826,-556.0559836290402,-732.7657171222779,729.0060535954195,42530.58703706551,-0.012689719,-0.0167224008317093,0.0166366017843202
202504,NRP-L,2026-11-01,42530.58703706551,-539.7011984054039,-711.2135240417091,707.5644401890296,41279.672314618394,-0.012689719,-0.0167224008317093,0.0166366017843202
202504,NRP-L,2026-12-01,41279.672314618394,-523.827442084587,-690.2952266466621,686.7534700855335,40065.54964588715,-0.012689719,-0.0167224008317093,0.0166366017843202
202504,NRP-L,2027-01-01,40065.54964588715,-508.42056658685743,-669.9921807212735,666.5545947285357,38887.13689857902,-0.012689719,-0.0167224008317093,0.0166366017843202
202504,NRP-L,2027-02-01,38887.13689857902,-493.46683995749925,-650.2862904155912,646.9498111140035,37743.383768205924,-0.012689719,-0.0167224008317093,0.0166366017843202
202504,NRP-L,2027-03-01,37743.383768205924,-478.95293412769433,-631.1599921169701,627.9216457444168,36633.27084196126,-0.012689719,-0.0167224008317093,0.0166366017843202
202504,NRP-L,2027-04-01,36633.27084196126,-464.8659130353818,-612.596238795845,609.4531390548578,35555.808690130034,-0.012689719,-0.0167224008317093,0.0166366017843202
202504,NRP-L,2027-05-01,35555.808690130034,-451.1932210955082,-594.5784848119273,591.527830297165,34510.0369842226,-0.012689719,-0.0167224008317093,0.0166366017843202
202504,NRP-L,2027-06-01,34510.0369842226,-437.9226720093922,-577.0906711672827,574.1297428686738,33495.023641045926,-0.012689719,-0.0167224008317093,0.0166366017843202
202504,NRP-L,2027-07-01,33495.023641045926,-425.04243790322965,-560.117211193149,557.243370072472,32509.86399194955,-0.012689719,-0.0167224008317093,0.0166366017843202
202504,NRP-L,2027-08-01,32509.86399194955,-412.5410387860581,-543.6429766577334,540.8536612964749,31553.67997650576,-0.012689719,-0.0167224008317093,0.0166366017843202
202504,NRP-L,2027-09-01,31553.67997650576,-400.40733231778466,-527.653284282609,524.9460085990042,30625.619359905366,-0.012689719,-0.0167224008317093,0.0166366017843202
202504,NRP-L,2027-10-01,30625.619359905366,-388.63050387815895,-512.1338826556939,509.50623368891286,29724.854973371515,-0.012689719,-0.0167224008317093,0.0166366017843202
202504,NRP-L,2027-11-01,29724.854973371515,-377.200056927837,-497.0709395291462,494.52057528865174,28850.583976914535,-0.012689719,-0.0167224008317093,0.0166366017843202
202504,NRP-L,2027-12-01,28850.583976914535,-366.10580365294794,-482.45102949085464,479.9756768690161,28002.027143770734,-0.012689719,-0.0167224008317093,0.0166366017843202
202504,NRP-M,2025-10-01,7795952.799999999,-157490.5563694712,-137921.68162144884,128068.68526572433,7500540.562009078,-0.020201579,-0.017691446467127,0.0164275860246004
202504,NRP-M,2025-11-01,7500540.562009078,-151522.7627061308,-132695.41182729826,123215.77531340875,7216322.38747565,-0.020201579,-0.017691446467127,0.0164275860246004
202504,NRP-M,2025-12-01,7216322.38747565,-145781.10680005795,-127667.18120755556,118546.75680150597,6942874.099468037,-0.020201579,-0.017691446467127,0.0164275860246004
202504,NRP-M,2026-01-01,6942874.099468037,-140257.0196074574,-122829.48545874134,114054.6615269812,6679787.594401838,-0.020201579,-0.017691446467127,0.0164275860246004
202504,NRP-M,2026-02-01,6679787.594401838,-134942.2567915287,-118175.10463813916,109732.78533309475,6426670.232972171,-0.020201579,-0.017691446467127,0.0164275860246004
202504,NRP-M,2026-03-01,6426670.232972171,-129828.88641833572,-113697.09238850577,105574.67810388903,6183144.254165329,-0.020201579,-0.017691446467127,0.0164275860246004
202504,NRP-M,2026-04-01,6183144.254165329,-124909.27711891697,-109388.76557108983,101574.13413781462,5948846.211475323,-0.020201579,-0.017691446467127,0.0164275860246004
202504,NRP-M,2026-05-01,5948846.211475323,-120176.08669996944,-105243.69429148694,97725.18288612904,5723426.4304838665,-0.020201579,-0.017691446467127,0.0164275860246004
202504,NRP-M,2026-06-01,5723426.4304838665,-115622.25118610784,-101255.69230344509,94022.08004224532,5506548.486994313,-0.020201579,-0.017691446467127,0.0164275860246004
202504,NRP-M,2026-07-01,5506548.486994313,-111240.97427734609,-97418.80777629907,90459.29896873226,5297888.704940667,-0.020201579,-0.017691446467127,0.0164275860246004
202504,NRP-M,2026-08-01,5297888.704940667,-107025.71720606659,-93727.31441225461,87031.52244917162,5097135.673322346,-0.020201579,-0.017691446467127,0.0164275860246004
202504,NRP-M,2026-09-01,5097135.673322346,-102970.18897833957,-90175.70290026562,83733.63475256231,4903989.781443741,-0.020201579,-0.017691446467127,0.0164275860246004
202504,NRP-M,2026-10-01,4903989.781443741,-99068.33698502848,-86758.67269374979,80560.71399842837,4718162.771764963,-0.020201579,-0.017691446467127,0.0164275860246004
202504,NRP-M,2026-11-01,4718162.771764963,-95314.33796866887,-83471.12409987139,77508.02481123598,4539377.309696423,-0.020201579,-0.017691446467127,0.0164275860246004
202504,NRP-M,2026-12-01,4539377.309696423,-91702.58933263976,-80308.15066858525,74571.01125315712,4367366.569695197,-0.020201579,-0.017691446467127,0.0164275860246004
202504,NRP-M,2027-01-01,4367366.569695197,-88227.70077965653,-77265.03187008266,71745.2900246318,4201873.837045457,-0.020201579,-0.017691446467127,0.0164275860246004
202504,NRP-M,2027-02-01,4201873.837045457,-84884.48626710693,-74337.22604971123,69026.643922582,4042652.1247286387,-0.020201579,-0.017691446467127,0.0164275860246004
202504,NRP-M,2027-03-01,4042652.1247286387,-81667.95626722345,-71520.36364985393,66411.0155465133,3889463.8048115615,-0.020201579,-0.017691446467127,0.0164275860246004
202504,NRP-M,2027-04-01,3889463.8048115615,-78573.31032054134,-68810.24068865184,63894.5012431115,3742080.2538023684,-0.020201579,-0.017691446467127,0.0164275860246004
202504,NRP-M,2027-05-01,3742080.2538023684,-75595.9298715286,-66202.81248583761,61473.345280296904,3600281.5114450026,-0.020201579,-0.017691446467127,0.0164275860246004
202504,NRP-M,2027-06-01,3600281.5114450026,-72731.37137569563,-63694.18762631635,59143.93424204113,3463855.9524429906,-0.020201579,-0.017691446467127,0.0164275860246004
202504,NRP-M,2027-07-01,3463855.9524429906,-69975.35966789733,-61280.62215248438,56902.79163558138,3332599.970622609,-0.020201579,-0.017691446467127,0.0164275860246004
202504,NRP-M,2027-08-01,3332599.970622609,-67323.78158193032,-58958.513976618895,54746.57270298367,3206317.6750640594,-0.020201579,-0.017691446467127,0.0164275860246004
202504,NRP-M,2027-09-01,3206317.6750640594,-64772.679811902926,-56724.39750499891,52672.05942931159,3084820.597747158,-0.020201579,-0.017691446467127,0.0164275860246004
202504,NRP-M,2027-10-01,3084820.597747158,-62318.247006216436,-54574.93846573456,50676.15573995066,2967927.4122752068,-0.020201579,-0.017691446467127,0.0164275860246004
202504,NRP-M,2027-11-01,2967927.4122752068,-59956.82008534316,-52506.928932585586,48755.88287992062,2855463.663257278,-0.020201579,-0.017691446467127,0.0164275860246004
202504,NRP-M,2027-12-01,2855463.663257278,-57684.8747749213,-50517.28253734249,46908.374968279524,2747261.5059450143,-0.020201579,-0.017691446467127,0.0164275860246004
202504,NRP-S,2025-10-01,2373847.23,-139301.79455071987,-54854.99731871786,48634.202027889056,2179690.4381305627,-0.0586818699999999,-0.0231080570920808,0.020487502908049
202504,NRP-S,2025-11-01,2179690.4381305627,-127908.3109306205,-50368.411087383654,44656.414189846495,2001413.7161125585,-0.0586818699999999,-0.0231080570920808,0.020487502908049
202504,NRP-S,2025-12-01,2001413.7161125585,-117446.69950513386,-46248.7824168026,41003.96932906519,1837718.234190622,-0.0586818699999999,-0.0231080570920808,0.020487502908049
202504,NRP-S,2026-01-01,1837718.234190622,-107840.74251540346,-42466.097874834806,37650.25766715504,1687411.3938003837,-0.0586818699999999,-0.0231080570920808,0.020487502908049
202504,NRP-S,2026-02-01,1687411.3938003837,-99020.45604751275,-38992.7988257669,34570.84583756037,1549398.138927104,-0.0586818699999999,-0.0231080570920808,0.020487502908049
202504,NRP-S,2026-03-01,1549398.138927104,-90921.5801667621,-35803.58065269126,31743.298876994748,1422672.9781076508,-0.0586818699999999,-0.0231080570920808,0.020487502908049
202504,NRP-S,2026-04-01,1422672.9781076508,-83485.11075382587,-32875.20840147221,29147.016776183224,1306312.6589523526,-0.0586818699999999,-0.0231080570920808,0.020487502908049
202504,NRP-S,2026-05-01,1306312.6589523526,-76656.86963199616,-30186.347503178837,26763.08439910754,1199469.4418171777,-0.0586818699999999,-0.0231080570920808,0.020487502908049
202504,NRP-S,2026-06-01,1199469.4418171777,-70387.10985368806,-27717.40834171763,24574.133677345337,1101364.9236217719,-0.0586818699999999,-0.0231080570920808,0.020487502908049
202504,NRP-S,2026-07-01,1101364.9236217719,-64630.15327053263,-25450.403534267112,22564.217075524215,1011284.3668169721,-0.0586818699999999,-0.0231080570920808,0.020487502908049
202504,NRP-S,2026-08-01,1011284.3668169721,-59344.05774658577,-23368.816884735374,20718.691406027207,928571.492185651,-0.0586818699999999,-0.0231080570920808,0.020487502908049
202504,NRP-S,2026-09-01,928571.492185651,-54490.311590144294,-21457.483055504683,19024.111146484924,852623.697540002,-0.0586818699999999,-0.0231080570920808,0.020487502908049
202504,NRP-S,2026-10-01,852623.697540002,-50033.552977961626,-19702.477080815395,17468.13048282228,782887.667481225,-0.0586818699999999,-0.0231080570920808,0.020487502908049
202504,NRP-S,2026-11-01,782887.667481225,-45941.31232773639,-18091.012916842115,16039.413364197295,718855.3422366465,-0.0586818699999999,-0.0231080570920808,0.020487502908049
202504,NRP-S,2026-12-01,718855.3422366465,-42183.775741936326,-16611.350289351707,14727.550914539852,660060.2162053585,-0.0586818699999999,-0.0231080570920808,0.020487502908049
202504,NRP-S,2027-01-01,660060.2162053585,-38733.56779953468,-15252.70916028462,13522.985598994734,606073.9392455393,-0.0586818699999999,-0.0231080570920808,0.020487502908049
202504,NRP-S,2027-02-01,606073.9392455393,-35565.55211319457,-14005.191190108231,12416.941592785697,556503.1959422365,-0.0586818699999999,-0.0231080570920808,0.020487502908049
202504,NRP-S,2027-03-01,556503.1959422365,-32656.64819886679,-12859.707623758628,11401.36084520513,510986.840119611,-0.0586818699999999,-0.0231080570920808,0.020487502908049
202504,NRP-S,2027-04-01,510986.840119611,-29985.663323609748,-11807.913074785934,10468.8443729253,469193.2637212153,-0.0586818699999999,-0.0231080570920808,0.020487502908049
202504,NRP-S,2027-05-01,469193.2637212153,-27533.138106564027,-10842.144725289567,9612.5983549254,430817.98088936176,-0.0586818699999999,-0.0231080570920808,0.020487502908049
202504,NRP-S,2027-06-01,430817.98088936176,-25281.204748211967,-9955.366498686346,8826.384636310597,395581.40964246343,-0.0586818699999999,-0.0231080570920808,0.020487502908049
202504,NRP-S,2027-07-01,395581.40964246343,-23213.456855055745,-9141.117798583848,8104.475280420092,363226.8349888238,-0.0586818699999999,-0.0231080570920808,0.020487502908049
202504,NRP-S,2027-08-01,363226.8349888238,-21314.829911325574,-8393.466440297552,7441.610838114962,333518.53863720066,-0.0586818699999999,-0.0231080570920808,0.020487502908049
202504,NRP-S,2027-09-01,333518.53863720066,-19571.491526898153,-7706.965432095789,6832.962030217901,306240.0816782067,-0.0586818699999999,-0.0231080570920808,0.020487502908049
202504,NRP-S,2027-10-01,306240.0816782067,-17970.740661829877,-7076.613291303487,6274.094563943422,281192.7277250733,-0.0586818699999999,-0.0231080570920808,0.020487502908049
202504,NRP-S,2027-11-01,281192.7277250733,-16500.91509330812,-6497.817606148925,5760.9368269896695,258193.99502561623,-0.0586818699999999,-0.0231080570920808,0.020487502908049
202504,NRP-S,2027-12-01,258193.99502561623,-15151.306450873832,-5966.361577884366,5289.750223928101,237076.32699685806,-0.0586818699999999,-0.0231080570920808,0.020487502908049
202504,PRIME,2025-10-01,4661.92,0.0,-48.639624694828214,51.91125700744119,4613.280375305172,0.0,-0.0104333889673843,0.011135166842726
202504,PRIME,2025-11-01,4613.280375305172,0.0,-48.13214857115948,51.369646671296714,4565.1482267340125,0.0,-0.0104333889673843,0.011135166842726
202504,PRIME,2025-12-01,4565.1482267340125,0.0,-47.629967143280645,50.83368716645797,4517.518259590732,0.0,-0.0104333889673843,0.011135166842726
202504,PRIME,2026-01-01,4517.518259590732,0.0,-47.13302516957106,50.30331953560398,4470.385234421161,0.0,-0.0104333889673843,0.011135166842726
202504,PRIME,2026-02-01,4470.385234421161,0.0,-46.64126798476742,49.77848543653841,4423.743966436394,0.0,-0.0104333889673843,0.011135166842726
202504,PRIME,2026-03-01,4423.743966436394,0.0,-46.15464149395033,49.259127135771735,4377.589324942443,0.0,-0.0104333889673843,0.011135166842726
202504,PRIME,2026-04-01,4377.589324942443,0.0,-45.673092166593776,48.74518750217039,4331.9162327758495,0.0,-0.0104333889673843,0.011135166842726
202504,PRIME,2026-05-01,4331.9162327758495,0.0,-45.196567030676505,48.236610000672165,4286.719665745173,0.0,-0.0104333889673843,0.011135166842726
202504,PRIME,2026-06-01,4286.719665745173,0.0,-44.725013666855,47.733338686067135,4241.994652078318,0.0,-0.0104333889673843,0.011135166842726
202504,PRIME,2026-07-01,4241.994652078318,0.0,-44.25838020269712,47.2353181968435,4197.73627187562,0.0,-0.0104333889673843,0.011135166842726
202504,PRIME,2026-08-01,4197.73627187562,0.0,-43.796615306975994,46.74249374909766,4153.939656568645,0.0,-0.0104333889673843,0.011135166842726
202504,PRIME,2026-09-01,4153.939656568645,0.0,-43.339668184023424,46.254811130507804,4110.599988384622,0.0,-0.0104333889673843,0.011135166842726
202504,PRIME,2026-10-01,4110.599988384622,0.0,-42.88748856814214,45.77221669437032,4067.7124998164795,0.0,-0.0104333889673843,0.011135166842726
202504,PRIME,2026-11-01,4067.7124998164795,0.0,-42.44002671807647,45.294657353698554,4025.272473098403,0.0,-0.0104333889673843,0.011135166842726
202504,PRIME,2026-12-01,4025.272473098403,0.0,-41.99723341154059,44.822080575383026,3983.2752396868627,0.0,-0.0104333889673843,0.011135166842726
202504,PRIME,2027-01-01,3983.2752396868627,0.0,-41.559059939803966,44.35443437441261,3941.716179747059,0.0,-0.0104333889673843,0.011135166842726
202504,PRIME,2027-02-01,3941.716179747059,0.0,-41.125458102333155,43.89166730815605,3900.590721644726,0.0,-0.0104333889673843,0.011135166842726
202504,PRIME,2027-03-01,3900.590721644726,0.0,-40.696380201489646,43.43372847070303,3859.894341443236,0.0,-0.0104333889673843,0.011135166842726
202504,PRIME,2027-04-01,3859.894341443236,0.0,-40.27177903728295,42.98056748726443,3819.622562405953,0.0,-0.0104333889673843,0.011135166842726
202504,PRIME,2027-05-01,3819.622562405953,0.0,-39.851607902178415,42.53213450863089,3779.7709545037746,0.0,-0.0104333889673843,0.011135166842726
202504,PRIME,2027-06-01,3779.7709545037746,0.0,-39.435820575959305,42.08838020568923,3740.335133927815,0.0,-0.0104333889673843,0.011135166842726
202504,PRIME,2027-07-01,3740.335133927815,0.0,-39.024371320642345,41.64925576399612,3701.310762607173,0.0,-0.0104333889673843,0.011135166842726
202504,PRIME,2027-08-01,3701.310762607173,0.0,-38.61721487544644,41.21471287840828,3662.6935477317265,0.0,-0.0104333889673843,0.011135166842726
202504,PRIME,2027-09-01,3662.6935477317265,0.0,-38.214306451813854,40.78470374776878,3624.4792412799125,0.0,-0.0104333889673843,0.011135166842726
202504,PRIME,2027-10-01,3624.4792412799125,0.0,-37.81560172848325,40.35918106964877,3586.6636395514292,0.0,-0.0104333889673843,0.011135166842726
202504,PRIME,2027-11-01,3586.6636395514292,0.0,-37.4210568466143,39.93809803514403,3549.242582704815,0.0,-0.0104333889673843,0.011135166842726
202504,PRIME,2027-12-01,3549.242582704815,0.0,-37.030628404962975,39.52140832372585,3512.211954299852,0.0,-0.0104333889673843,0.011135166842726
202505,NON PRIME,2025-10-01,9953254.19,-465405.77533111785,-342054.8535163233,341884.20306679746,9145793.561152559,-0.046759157,-0.0343661326222317,0.0343489874306925
202505,NON PRIME,2025-11-01,9145793.561152559,-427649.5970155216,-314305.55445812154,314148.7480757376,8403838.409678916,-0.046759157,-0.0343661326222317,0.0343489874306925
202505,NON PRIME,2025-12-01,8403838.409678916,-392956.39960080676,-288807.4253228303,288663.33990363195,7722074.584755278,-0.046759157,-0.0343661326222317,0.0343489874306925
202505,NON PRIME,2026-01-01,7722074.584755278,-361077.6978742819,-265377.83929846465,265245.44285062904,7095619.047582532,-0.046759157,-0.0343661326222317,0.0343489874306925
202505,NON PRIME,2026-02-01,7095619.047582532,-331785.1650581021,-243848.98522605468,243727.32947839468,6519984.897298375,-0.046759157,-0.0343661326222317,0.0343489874306925
202505,NON PRIME,2026-03-01,6519984.897298375,-304868.99745040364,-224066.66567550367,223954.87928560682,5991049.234172467,-0.046759157,-0.0343661326222317,0.0343489874306925
202505,NON PRIME,2026-04-01,5991049.234172467,-280136.41173540015,-205889.19252789064,205786.47484125,5505023.629909176,-0.046759157,-0.0343661326222317,0.0343489874306925
202505,NON PRIME,2026-05-01,5505023.629909176,-257410.2641996331,-189186.3721539781,189091.9874694155,5058426.993555565,-0.046759157,-0.0343661326222317,0.0343489874306925
202505,NON PRIME,2026-06-01,5058426.993555565,-236527.78196470268,-173838.5729204073,173751.84522071577,4648060.638670456,-0.046759157,-0.0343661326222317,0.0343489874306925
202505,NON PRIME,2026-07-01,4648060.638670456,-217339.39714911213,-159735.86834472386,159656.17645478804,4270985.373176619,-0.046759157,-0.0343661326222317,0.0343489874306925
202505,NON PRIME,2026-08-01,4270985.373176619,-199707.67560906915,-146777.24976219944,146704.0228999152,3924500.447805351,-0.046759157,-0.0343661326222317,0.0343489874306925
202505,NON PRIME,2026-09-01,3924500.447805351,-183506.33258550073,-134869.9028652864,134802.6165534131,3606124.212354564,-0.046759157,-0.0343661326222317,0.0343489874306925
202505,NON PRIME,2026-10-01,3606124.212354564,-168619.3282069884,-123928.54293401777,123866.71524368282,3313576.341213558,-0.046759157,-0.0343661326222317,0.0343489874306925
202505,NON PRIME,2026-11-01,3313576.341213558,-154940.03637029033,-113874.8039960344,113817.99209498454,3044761.500847233,-0.046759157,-0.0343661326222317,0.0343489874306925
202505,NON PRIME,2026-12-01,3044761.500847233,-142370.48104567142,-104636.67754118124,104584.47452205804,2797754.3422603803,-0.046759157,-0.0343661326222317,0.0343489874306925
202505,NON PRIME,2027-01-01,2797754.3422603803,-130820.63453718486,-96147.99677054484,96100.02873646717,2570785.7109526503,-0.046759157,-0.0343661326222317,0.0343489874306925
202505,NON PRIME,2027-02-01,2570785.7109526503,-120207.7726717916,-88347.96268593699,88303.88607251647,2362229.9755949215,-0.046759157,-0.0343661326222317,0.0343489874306925
202505,NON PRIME,2027-03-01,2362229.9755949215,-110455.8822989491,-81180.70862550622,81140.20774011502,2170593.384670466,-0.046759157,-0.0343661326222317,0.0343489874306925
202505,NON PRIME,2027-04-01,2170593.384670466,-101495.11685696772,-74594.90012652402,74557.68488719013,1994503.3676869744,-0.046759157,-0.0343661326222317,0.0343489874306925
202505,NON PRIME,2027-05-01,1994503.3676869744,-93261.29610670397,-68543.36724941831,68509.17110715374,1832698.704330852,-0.046759157,-0.0343661326222317,0.0343489874306925
202505,NON PRIME,2027-06-01,1832698.704330852,-85695.4464495029,-62982.76672962626,62951.34475930686,1684020.4911517228,-0.046759157,-0.0343661326222317,0.0343489874306925
202505,NON PRIME,2027-07-01,1684020.4911517228,-78743.37853698053,-57873.27153747587,57844.39868359914,1547403.8410772663,-0.046759157,-0.0343661326222317,0.0343489874306925
202505,NON PRIME,2027-08-01,1547403.8410772663,-72355.29914733494,-53178.28562261207,53151.755087368314,1421870.2563073193,-0.046759157,-0.0343661326222317,0.0343489874306925
202505,NON PRIME,2027-09-01,1421870.2563073193,-66485.45454830419,-48864.18179986391,48839.803561975634,1306520.6199591511,-0.046759157,-0.0343661326222317,0.0343489874306925
202505,NON PRIME,2027-10-01,1306520.6199591511,-61091.80279240729,-44900.060899196564,44877.66035291745,1200528.7562675471,-0.046759157,-0.0343661326222317,0.0343489874306925
202505,NON PRIME,2027-11-01,1200528.7562675471,-56135.71259732897,-41257.5304546934,41236.94715921888,1103135.5132155248,-0.046759157,-0.0343661326222317,0.0343489874306925
202505,NON PRIME,2027-12-01,1103135.5132155248,-51581.6866547203,-37910.501347458354,37891.58787779058,1013643.3252133463,-0.046759157,-0.0343661326222317,0.0343489874306925
202505,NRP-L,2025-10-01,16425.98,-195.8355344245318,-258.29226095930545,259.47598892925794,15971.852204616162,-0.0119223044484732,-0.0157246180111814,0.0157966823854198
202505,NRP-L,2025-11-01,15971.852204616162,-190.42128458945174,-251.1512748486346,252.3022763831885,15530.279645178074,-0.0119223044484732,-0.0157246180111814,0.0157966823854198
202505,NRP-L,2025-12-01,15530.279645178074,-185.15672209973934,-244.207715027251,245.32689491162813,15100.915208051085,-0.0119223044484732,-0.0157246180111814,0.0157966823854198
202505,NRP-L,2026-01-01,15100.915208051085,-180.03770856096403,-237.4561232658432,238.54436127073853,14683.421376224278,-0.0119223044484732,-0.0157246180111814,0.0157966823854198
202505,NRP-L,2026-02-01,14683.421376224278,-175.06021999256518,-230.89119223834226,231.9493438114986,14277.46996399337,-0.0119223044484732,-0.0157246180111814,0.0157966823854198
202505,NRP-L,2026-03-01,14277.46996399337,-170.22034366466065,-224.5077613499116,225.53665828857433,13882.741858978796,-0.0119223044484732,-0.0157246180111814,0.0157966823854198
202505,NRP-L,2026-04-01,13882.741858978796,-165.514275022308,-218.3008126802799,219.30126378506046,13498.926771276208,-0.0119223044484732,-0.0157246180111814,0.0157966823854198
202505,NRP-L,2026-05-01,13498.926771276208,-160.9383146948003,-212.26546703922864,213.23825874989066,13125.722989542179,-0.0119223044484732,-0.0157246180111814,0.0157966823854198
202505,NRP-L,2026-06-01,13125.722989542179,-156.48886558764565,-206.3969801311327,207.34287714480064,12762.8371438234,-0.0119223044484732,-0.0157246180111814,0.0157966823854198
202505,NRP-L,2026-07-01,12762.8371438234,-152.1624300549447,-200.69073882554042,201.61048469781667,12409.983974942916,-0.0119223044484732,-0.0157246180111814,0.0157966823854198
202505,NRP-L,2026-08-01,12409.983974942916,-147.95560714994303,-195.1422575308599,196.03657526032273,12066.886110262112,-0.0119223044484732,-0.0157246180111814,0.0157966823854198
202505,NRP-L,2026-09-01,12066.886110262112,-143.86508995159744,-189.74717466830225,190.61676726484436,11733.273845642212,-0.0119223044484732,-0.0157246180111814,0.0157966823854198
202505,NRP-L,2026-10-01,11733.273845642212,-139.8876629650544,-184.50124924330916,185.34680028076318,11408.884933433848,-0.0119223044484732,-0.0157246180111814,0.0157966823854198
202505,NRP-L,2026-11-01,11408.884933433848,-136.02019959399723,-179.40035751176998,180.22253166525581,11093.464376328082,-0.0119223044484732,-0.0157246180111814,0.0157966823854198
202505,NRP-L,2026-12-01,11093.464376328082,-132.25965968287525,-174.4404897384078,175.23993330682384,10786.764226906798,-0.0119223044484732,-0.0157246180111814,0.0157966823854198
202505,NRP-L,2027-01-01,10786.764226906798,-128.6030871270825,-169.61774704478583,170.39508845885504,10488.54339273493,-0.0119223044484732,-0.0157246180111814,0.0157966823854198
202505,NRP-L,2027-02-01,10488.54339273493,-125.04760754920784,-164.92833834445733,165.68418866072707,10198.567446841264,-0.0119223044484732,-0.0157246180111814,0.0157966823854198
202505,NRP-L,2027-03-01,10198.567446841264,-121.59042603952956,-160.3685773628484,161.10353074403318,9916.608443438887,-0.0119223044484732,-0.0157246180111814,0.0157966823854198
202505,NRP-L,2027-04-01,9916.608443438887,-118.22882495897834,-155.93487973953265,156.64951392157633,9642.444738740376,-0.0119223044484732,-0.0157246180111814,0.0157966823854198
202505,NRP-L,2027-05-01,9642.444738740376,-114.96016180284138,-151.62376021061823,152.31863695684393,9375.860816726918,-0.0119223044484732,-0.0157246180111814,0.0157966823854198
202505,NRP-L,2027-06-01,9375.860816726918,-111.7818671235289,-147.43182986903403,148.1074954117378,9116.647119734354,-0.0119223044484732,-0.0157246180111814,0.0157966823854198
202505,NRP-L,2027-07-01,9116.647119734354,-108.69144251076928,-143.35579350055986,144.01277897039583,8864.599883723025,-0.0119223044484732,-0.0157246180111814,0.0157966823854198
202505,NRP-L,2027-08-01,8864.599883723025,-105.68645862764603,-139.3924469935076,140.03126883700193,8619.520978101871,-0.0119223044484732,-0.0157246180111814,0.0157966823854198
202505,NRP-L,2027-09-01,8619.520978101871,-102.76455330093201,-135.53867482001658,136.15983520553826,8381.217749980922,-0.0119223044484732,-0.0157246180111814,0.0157966823854198
202505,NRP-L,2027-10-01,8381.217749980922,-99.9234296642201,-131.79144758698325,132.3954347994914,8149.502872729719,-0.0119223044484732,-0.0157246180111814,0.0157966823854198
202505,NRP-L,2027-11-01,8149.502872729719,-97.16085435239064,-128.14781965470027,128.7351084795776,7924.194198722627,-0.0119223044484732,-0.0157246180111814,0.0157966823854198
202505,NRP-L,2027-12-01,7924.194198722627,-94.4746557459963,-124.60492682133298,125.1759789176075,7705.114616155298,-0.0119223044484732,-0.0157246180111814,0.0157966823854198
202505,NRP-M,2025-10-01,7268939.299999999,-199895.83074999996,-120664.39237999998,120932.61420283896,6948379.076869999,-0.0275,-0.0166,0.016636899719721
202505,NRP-M,2025-11-01,6948379.076869999,-191080.424613925,-115343.09267604198,115599.48591649377,6641955.559580033,-0.0275,-0.0166,0.016636899719721
202505,NRP-M,2025-12-01,6641955.559580033,-182653.7778884509,-110256.46228902854,110501.5485875764,6349045.319402553,-0.0275,-0.0166,0.016636899719721
202505,NRP-M,2026-01-01,6349045.319402553,-174598.74628357022,-105394.15230208238,105628.43029486427,6069052.4208169,-0.0275,-0.0166,0.016636899719721
202505,NRP-M,2026-02-01,6069052.4208169,-166898.94157246477,-100746.27018556054,100970.21651886075,5801407.209058874,-0.0275,-0.0166,0.016636899719721
202505,NRP-M,2026-03-01,5801407.209058874,-159538.69824911904,-96303.35967037731,96517.42997037899,5545565.151139378,-0.0275,-0.0166,0.016636899719721
202505,NRP-M,2026-04-01,5545565.151139378,-152503.04165633288,-92056.38150891366,92261.01130868527,5301005.727974131,-0.0275,-0.0166,0.016636899719721
202505,NRP-M,2026-05-01,5301005.727974131,-145777.6575192886,-87996.69508437057,88192.30070997225,5067231.375370472,-0.0275,-0.0166,0.016636899719721
202505,NRP-M,2026-06-01,5067231.375370472,-139348.86282268798,-84116.04083114983,84303.02024866246,4843766.471716634,-0.0275,-0.0166,0.016636899719721
202505,NRP-M,2026-07-01,4843766.471716634,-133203.57797220742,-80406.52343049612,80585.25705569645,4630156.37031393,-0.0275,-0.0166,0.016636899719721
202505,NRP-M,2026-08-01,4630156.37031393,-127329.30018363308,-76860.59574721125,77031.44721954023,4425966.474383086,-0.0275,-0.0166,0.016636899719721
202505,NRP-M,2026-09-01,4425966.474383086,-121714.07804553486,-73471.04347475922,73634.36039715851,4230781.352862792,-0.0275,-0.0166,0.016636899719721
202505,NRP-M,2026-10-01,4230781.352862792,-116346.48720372678,-70230.97045752234,70387.08510364383,4044203.8952015433,-0.0275,-0.0166,0.016636899719721
202505,NRP-M,2026-11-01,4044203.8952015433,-111215.60711804245,-67133.78466034563,67283.01465057314,3865854.5034231553,-0.0275,-0.0166,0.016636899719721
202505,NRP-M,2026-12-01,3865854.5034231553,-106310.99884413678,-64173.184756824376,64315.833704482866,3695370.319822194,-0.0275,-0.0166,0.016636899719721
202505,NRP-M,2027-01-01,3695370.319822194,-101622.68379511034,-61343.14730904842,61479.50543811517,3532404.488718035,-0.0275,-0.0166,0.016636899719721
202505,NRP-M,2027-02-01,3532404.488718035,-97141.12343974596,-58637.914512719384,58768.259248294285,3376625.4507655697,-0.0275,-0.0166,0.016636899719721
202505,NRP-M,2027-03-01,3376625.4507655697,-92857.19989605316,-56051.98248270846,56176.579015444506,3227716.268386808,-0.0275,-0.0166,0.016636899719721
202505,NRP-M,2027-04-01,3227716.268386808,-88762.19738063723,-53580.090055221015,53699.19188086341,3085373.9809509497,-0.0275,-0.0166,0.016636899719721
202505,NRP-M,2027-05-01,3085373.9809509497,-84847.78447615112,-51217.208083785765,51331.057518917325,2949308.988391013,-0.0275,-0.0166,0.016636899719721
202505,NRP-M,2027-06-01,2949308.988391013,-81105.99718075285,-48958.52920729081,49067.357882333075,2819244.4620029693,-0.0275,-0.0166,0.016636899719721
202505,NRP-M,2027-07-01,2819244.4620029693,-77529.22270508166,-46799.45806924929,46903.48739972219,2694915.7812286383,-0.0275,-0.0166,0.016636899719721
202505,NRP-M,2027-08-01,2694915.7812286383,-74110.18398378756,-44735.60196839539,44835.043605394436,2576069.9952764553,-0.0275,-0.0166,0.016636899719721
202505,NRP-M,2027-09-01,2576069.9952764553,-70841.92487010252,-42762.76192158916,42857.81818239654,2462465.3084847634,-0.0275,-0.0166,0.016636899719721
202505,NRP-M,2027-10-01,2462465.3084847634,-67717.79598333099,-40876.92412084707,40967.78840055285,2353870.5883805854,-0.0275,-0.0166,0.016636899719721
202505,NRP-M,2027-11-01,2353870.5883805854,-64731.4411804661,-39074.25176711772,39161.10893208847,2250064.8954330017,-0.0275,-0.0166,0.016636899719721
202505,NRP-M,2027-12-01,2250064.8954330017,-61876.78462440755,-37351.07726418783,37434.10402818337,2150837.0335444063,-0.0275,-0.0166,0.016636899719721
202505,NRP-S,2025-10-01,2437021.07,-120632.542965,-52639.655112,49920.76805461077,2263748.8719229996,-0.0495,-0.0216,0.0204843399464785
202505,NRP-S,2025-11-01,2263748.8719229996,-112055.56916018849,-48896.97563353679,46371.40144592794,2102796.327129274,-0.0495,-0.0216,0.0204843399464785
202505,NRP-S,2025-12-01,2102796.327129274,-104088.41819289907,-45420.400665992325,43074.394803122465,1953287.5082703826,-0.0495,-0.0216,0.0204843399464785
202505,NRP-S,2026-01-01,1953287.5082703826,-96687.73165938395,-42191.01017864027,40011.80533262045,1814408.7664323584,-0.0495,-0.0216,0.0204843399464785
202505,NRP-S,2026-02-01,1814408.7664323584,-89813.23393840174,-39191.22935493894,37166.96597347114,1685404.3031390177,-0.0495,-0.0216,0.0204843399464785
202505,NRP-S,2026-03-01,1685404.3031390177,-83427.51300538138,-36404.73294780278,34524.39469275734,1565572.0571858333,-0.0495,-0.0216,0.0204843399464785
202505,NRP-S,2026-04-01,1565572.0571858333,-77495.81683069875,-33816.356435214,32069.71023010229,1454259.8839199205,-0.0495,-0.0216,0.0204843399464785
202505,NRP-S,2026-05-01,1454259.8839199205,-71985.86425403607,-31412.013492670285,29789.553832742014,1350862.0061732142,-0.0495,-0.0216,0.0204843399464785
202505,NRP-S,2026-06-01,1350862.0061732142,-66867.6693055741,-29178.619333341427,27671.51655523406,1254815.7175342985,-0.0495,-0.0216,0.0204843399464785
202505,NRP-S,2026-07-01,1254815.7175342985,-62113.37801794778,-27104.01949874085,25704.071728156916,1165598.32001761,-0.0495,-0.0216,0.0204843399464785
202505,NRP-S,2026-08-01,1165598.32001761,-57697.1168408717,-25176.923712380376,23876.51222828496,1082724.2794643578,-0.0495,-0.0216,0.0204843399464785
202505,NRP-S,2026-09-01,1082724.2794643578,-53594.851833485714,-23386.84443643013,22178.892208853897,1005742.5831944419,-0.0495,-0.0216,0.0204843399464785
202505,NRP-S,2026-10-01,1005742.5831944419,-49784.25786812488,-21724.039796999947,20601.972972804382,934234.2855293171,-0.0495,-0.0216,0.0204843399464785
202505,NRP-S,2026-11-01,934234.2855293171,-46244.5971337012,-20179.46056743325,19137.17269443799,867810.2278281826,-0.0495,-0.0216,0.0204843399464785
202505,NRP-S,2026-12-01,867810.2278281826,-42956.60627749504,-18744.700921088745,17776.51971586345,806108.9206295989,-0.0495,-0.0216,0.0204843399464785
202505,NRP-S,2027-01-01,806108.9206295989,-39902.39157116515,-17411.952685599335,16512.60916406556,748794.5763728344,-0.0495,-0.0216,0.0204843399464785
202505,NRP-S,2027-02-01,748794.5763728344,-37065.3315304553,-16173.962849653224,15338.562652500497,695555.2819927259,-0.0495,-0.0216,0.0204843399464785
202505,NRP-S,2027-03-01,695555.2819927259,-34429.986458639934,-15023.994091042881,14247.990847907713,646101.301443043,-0.0495,-0.0216,0.0204843399464785
202505,NRP-S,2027-04-01,646101.301443043,-31982.01442143063,-13955.78811116973,13234.958698621474,600163.4989104427,-0.0495,-0.0216,0.0204843399464785
202505,NRP-S,2027-05-01,600163.4989104427,-29708.093196066915,-12963.531576465562,12293.953135149488,557491.8741379102,-0.0495,-0.0216,0.0204843399464785
202505,NRP-S,2027-06-01,557491.8741379102,-27595.847769826556,-12041.82448137886,11419.853067240358,517854.20188670483,-0.0495,-0.0216,0.0204843399464785
202505,NRP-S,2027-07-01,517854.20188670483,-25633.78299339189,-11185.650760752826,10607.90151415957,481034.7681325601,-0.0495,-0.0216,0.0204843399464785
202505,NRP-S,2027-08-01,481034.7681325601,-23811.221022561724,-10390.350991663297,9853.679716502824,446833.19611833506,-0.0495,-0.0216,0.0204843399464785
202505,NRP-S,2027-09-01,446833.19611833506,-22118.243207857588,-9651.597036156038,9153.083088659472,415063.3558743214,-0.0495,-0.0216,0.0204843399464785
202505,NRP-S,2027-10-01,415063.3558743214,-20545.63611577891,-8965.368486885343,8502.298881055784,385552.35127165716,-0.0495,-0.0216,0.0204843399464785
202505,NRP-S,2027-11-01,385552.35127165716,-19084.84138794703,-8327.930787467794,7897.785430612717,358139.5790962423,-0.0495,-0.0216,0.0204843399464785
202505,NRP-S,2027-12-01,358139.5790962423,-17727.909165263995,-7735.814908478835,7336.252886496153,332675.8550224995,-0.0495,-0.0216,0.0204843399464785
202506,NON PRIME,2025-10-01,10973736.760000002,-496802.8130714584,-381054.14398431644,389795.6070423677,10095879.802944228,-0.045271982,-0.0347241921615328,0.035520772510527
202506,NON PRIME,2025-11-01,10095879.802944228,-457060.4887130547,-350571.2703171733,358613.4497740061,9288248.043914001,-0.045271982,-0.0347241921615328,0.035520772510527
202506,NON PRIME,2025-12-01,9288248.043914001,-420497.3982556099,-322526.90992085094,329925.74578921666,8545223.735737542,-0.045271982,-0.0347241921615328,0.035520772510527
202506,NON PRIME,2026-01-01,8545223.735737542,-386859.2151502828,-296725.9910630416,303532.9483686889,7861638.529524217,-0.045271982,-0.0347241921615328,0.035520772510527
202506,NON PRIME,2026-02-01,7861638.529524217,-355911.95799912687,-272989.04700370907,279251.47376722377,7232737.524521382,-0.045271982,-0.0347241921615328,0.035520772510527
202506,NON PRIME,2026-03-01,7232737.524521382,-327440.3630208566,-251150.96765540953,256912.42423687622,6654146.193845116,-0.045271982,-0.0347241921615328,0.035520772510527
202506,NON PRIME,2026-04-01,6654146.193845116,-301246.3867131246,-231059.85110600988,236360.41320336147,6121839.956025981,-0.045271982,-0.0347241921615328,0.035520772510527
202506,NON PRIME,2026-05-01,6121839.956025981,-277147.828296089,-212575.9470151957,217452.48442385352,5632116.180714697,-0.045271982,-0.0347241921615328,0.035520772510527
202506,NON PRIME,2026-06-01,5632116.180714697,-254977.0623552245,-195570.68453521532,200057.1176080249,5181568.433824257,-0.045271982,-0.0347241921615328,0.035520772510527
202506,NON PRIME,2026-07-01,5181568.433824257,-234579.87286785996,-179925.77799424605,184053.31358559913,4767062.782962151,-0.045271982,-0.0347241921615328,0.035520772510527
202506,NON PRIME,2026-08-01,4767062.782962151,-215814.38050313242,-165532.40412166907,169329.75265699832,4385715.99833735,-0.045271982,-0.0347241921615328,0.035520772510527
202506,NON PRIME,2026-09-01,4385715.99833735,-198550.05573384053,-152290.4450921748,155784.02027271982,4034875.4975113347,-0.045271982,-0.0347241921615328,0.035520772510527
202506,NON PRIME,2026-10-01,4034875.4975113347,-182666.8108955742,-140107.79212344385,143321.89465539958,3712100.8944923165,-0.045271982,-0.0347241921615328,0.035520772510527
202506,NON PRIME,2026-11-01,3712100.8944923165,-168054.16487764005,-128899.704783349,131856.69140938538,3415147.0248313276,-0.045271982,-0.0347241921615328,0.035520772510527
202506,NON PRIME,2026-12-01,3415147.0248313276,-154610.47463551743,-118588.22155013005,121308.6605590367,3141948.32864568,-0.045271982,-0.0347241921615328,0.035520772510527
202506,NON PRIME,2027-01-01,3141948.32864568,-142242.22817937733,-109101.61752549942,111604.43182165374,2890604.4829408033,-0.045271982,-0.0347241921615328,0.035520772510527
202506,NON PRIME,2027-02-01,2890604.4829408033,-130863.39412081536,-100373.90552862461,102676.5042564498,2659367.1832913635,-0.045271982,-0.0347241921615328,0.035520772510527
202506,NON PRIME,2027-03-01,2659367.1832913635,-120394.82325335732,-92344.37710068353,94462.77673965349,2446627.9829373225,-0.045271982,-0.0347241921615328,0.035520772510527
202506,NON PRIME,2027-04-01,2446627.9829373225,-110763.69800423477,-84957.18022729899,86906.11599980616,2250907.104705789,-0.045271982,-0.0347241921615328,0.035520772510527
202506,NON PRIME,2027-05-01,2250907.104705789,-101903.0259279126,-78160.93084156325,79953.95920858331,2070843.1479363134,-0.045271982,-0.0347241921615328,0.035520772510527
202506,NON PRIME,2027-06-01,2070843.1479363134,-93751.17371819612,-71908.35540533405,73557.9483628294,1905183.6188127832,-0.045271982,-0.0347241921615328,0.035520772510527
202506,NON PRIME,2027-07-01,1905183.6188127832,-86251.43849758718,-66155.96208265955,67673.59391463146,1752776.2182325365,-0.045271982,-0.0347241921615328,0.035520772510527
202506,NON PRIME,2027-08-01,1752776.2182325365,-79351.65340185146,-60863.738218071354,62259.96530969976,1612560.8266126136,-0.045271982,-0.0347241921615328,0.035520772510527
202506,NON PRIME,2027-09-01,1612560.8266126136,-73003.82471631137,-55994.872015456574,57279.406281494026,1483562.1298808455,-0.045271982,-0.0347241921615328,0.035520772510527
202506,NON PRIME,2027-10-01,1483562.1298808455,-67163.7980398473,-51515.49648155537,52697.27292073043,1364882.835359443,-0.045271982,-0.0347241921615328,0.035520772510527
202506,NON PRIME,2027-11-01,1364882.835359443,-61790.95115450167,-47394.45385299904,48481.69269832585,1255697.4303519423,-0.045271982,-0.0347241921615328,0.035520772510527
202506,NON PRIME,2027-12-01,1255697.4303519423,-56847.91146433939,-43603.078868283796,44603.34276558467,1155246.440019319,-0.045271982,-0.0347241921615328,0.035520772510527
202506,NRP-L,2025-10-01,29971.3,-391.5266239166158,-501.775515351027,475.7015206915082,29077.997860732357,-0.0130633847686492,-0.0167418668976997,0.0158719014754618
202506,NRP-L,2025-11-01,29077.997860732357,-379.85707435670514,-486.81996983597776,461.5231171492329,28211.320816539675,-0.0130633847686492,-0.0167418668976997,0.0158719014754618
202506,NRP-L,2025-12-01,28211.320816539675,-368.5353386582605,-472.3101781188121,447.76730449276226,27370.475299762602,-0.0130633847686492,-0.0167418668976997,0.0158719014754618
202506,NRP-L,2026-01-01,27370.475299762602,-357.55105014160796,-458.2328543954028,434.42148729439276,26554.691395225593,-0.0130633847686492,-0.0167418668976997,0.0158719014754618
202506,NRP-L,2026-02-01,26554.691395225593,-346.89415110857,-444.5751088483584,421.4734455363138,25763.222135268665,-0.0130633847686492,-0.0167418668976997,0.0158719014754618
202506,NRP-L,2026-03-01,25763.222135268665,-336.5548836331946,-431.32443584453864,408.9113234214208,24995.342815790933,-0.0130633847686492,-0.0167418668976997,0.0158719014754618
202506,NRP-L,2026-04-01,24995.342815790933,-326.5237806269685,-418.46870248434624,396.7236185176256,24250.350332679616,-0.0130633847686492,-0.0167418668976997,0.0158719014754618
202506,NRP-L,2026-05-01,24250.350332679616,-316.79165717033396,-405.9961374923098,384.89917122572314,23527.56253801697,-0.0130633847686492,-0.0167418668976997,0.0158719014754618
202506,NRP-L,2026-06-01,23527.56253801697,-307.3496021025724,-393.89532043878586,373.4271545611713,22826.31761547561,-0.0130633847686492,-0.0167418668976997,0.0158719014754618
202506,NRP-L,2026-07-01,22826.31761547561,-298.188969862353,-382.1551712829107,362.297064240427,22145.97347433035,-0.0130633847686492,-0.0167418668976997,0.0158719014754618
202506,NRP-L,2026-08-01,22145.97347433035,-289.3013725714763,-370.7649402272269,351.49870906276175,21485.907161531646,-0.0130633847686492,-0.0167418668976997,0.0158719014754618
202506,NRP-L,2026-09-01,21485.907161531646,-280.6786723545633,-359.71419787469557,341.0222015787494,20845.51429130239,-0.0130633847686492,-0.0167418668976997,0.0158719014754618
202506,NRP-L,2026-10-01,20845.51429130239,-272.31297388765887,-348.9928256790815,330.8579490368824,20224.208491735648,-0.0130633847686492,-0.0167418668976997,0.0158719014754618
202506,NRP-L,2026-11-01,20224.208491735648,-264.1966171689253,-338.5910066799662,320.99664460002606,19621.420867886758,-0.0130633847686492,-0.0167418668976997,0.0158719014754618
202506,NRP-L,2026-12-01,19621.420867886758,-256.32217050480745,-328.4992165139074,311.42925882366876,19036.59948086804,-0.0130633847686492,-0.0167418668976997,0.0158719014754618
202506,NRP-L,2027-01-01,19036.59948086804,-248.68242370524683,-318.70821469351193,302.14703138816475,18469.20884246928,-0.0130633847686492,-0.0167418668976997,0.0158719014754618
202506,NRP-L,2027-02-01,18469.20884246928,-241.27038148171434,-309.2090361464391,293.1414630774003,17918.729424841127,-0.0130633847686492,-0.0167418668976997,0.0158719014754618
202506,NRP-L,2027-03-01,17918.729424841127,-234.07925704201583,-299.99298300658523,284.40430799653666,17384.657184792526,-0.0130633847686492,-0.0167418668976997,0.0158719014754618
202506,NRP-L,2027-04-01,17384.657184792526,-227.1024658760066,-291.0516166499353,275.92756602170607,16866.503102266583,-0.0130633847686492,-0.0167418668976997,0.0158719014754618
202506,NRP-L,2027-05-01,16866.503102266583,-220.33361972652378,-282.3767499677862,267.70347547474597,16363.792732572272,-0.0130633847686492,-0.0167418668976997,0.0158719014754618
202506,NRP-L,2027-06-01,16363.792732572272,-213.7665207400171,-273.96043987027065,259.7245060162649,15876.065771961985,-0.0130633847686492,-0.0167418668976997,0.0158719014754618
202506,NRP-L,2027-07-01,15876.065771961985,-207.39515579152112,-265.7949800133136,251.983351750532,15402.87563615715,-0.0130633847686492,-0.0167418668976997,0.0158719014754618
202506,NRP-L,2027-08-01,15402.87563615715,-201.21369097877317,-257.8728937423646,244.47292453587727,14943.789051436013,-0.0130633847686492,-0.0167418668976997,0.0158719014754618
202506,NRP-L,2027-09-01,14943.789051436013,-195.2164662804359,-250.1869272464438,237.18634749447713,14498.385657909133,-0.0130633847686492,-0.0167418668976997,0.0158719014754618
202506,NRP-L,2027-10-01,14498.385657909133,-189.3979903735322,-242.730042916233,230.11694871558217,14066.257624619368,-0.0130633847686492,-0.0167418668976997,0.0158719014754618
202506,NRP-L,2027-11-01,14066.257624619368,-183.75293560534834,-235.49541290013102,223.25825514642193,13647.009276113888,-0.0130633847686492,-0.0167418668976997,0.0158719014754618
202506,NRP-L,2027-12-01,13647.009276113888,-178.2761331152005,-228.47641285237185,216.60398666519288,13240.256730146317,-0.0130633847686492,-0.0167418668976997,0.0158719014754618
202506,NRP-M,2025-10-01,7085059.32,-142409.692332,-115486.46691599999,118554.65087853711,6827163.160752001,-0.0201,-0.0163,0.0167330498622469
202506,NRP-M,2025-11-01,6827163.160752001,-137225.9795311152,-111282.7595202576,114239.26158655838,6578654.4217006285,-0.0201,-0.0163,0.0167330498622469
202506,NRP-M,2025-12-01,6578654.4217006285,-132230.95387618264,-107232.06707372023,110080.95246480765,6339191.4007507255,-0.0201,-0.0163,0.0167330498622469
202506,NRP-M,2026-01-01,6339191.4007507255,-127417.74715508959,-103328.81983223681,106074.00579508865,6108444.833763399,-0.0201,-0.0163,0.0167330498622469
202506,NRP-M,2026-02-01,6108444.833763399,-122779.74115864432,-99567.6507903434,102212.91198414743,5886097.441814411,-0.0201,-0.0163,0.0167330498622469
202506,NRP-M,2026-03-01,5886097.441814411,-118310.55858046967,-95943.3883015749,98492.36198792447,5671843.4949323675,-0.0201,-0.0163,0.0167330498622469
202506,NRP-M,2026-04-01,5671843.4949323675,-114004.05424814059,-92451.04896739758,94907.24001156402,5465388.3917168295,-0.0201,-0.0163,0.0167330498622469
202506,NRP-M,2026-05-01,5465388.3917168295,-109854.30667350827,-89085.83078498431,91452.61647514309,5266448.254258337,-0.0201,-0.0163,0.0167330498622469
202506,NRP-M,2026-06-01,5266448.254258337,-105855.60991059258,-85843.1065444109,88123.74123544789,5074749.537803334,-0.0201,-0.0163,0.0167330498622469
202506,NRP-M,2026-07-01,5074749.537803334,-102002.46570984702,-82718.41746619434,84916.0370544776,4890028.654627292,-0.0201,-0.0163,0.0167330498622469
202506,NRP-M,2026-08-01,4890028.654627292,-98289.57595800857,-79707.46707042486,81825.09330569461,4712031.611598859,-0.0201,-0.0163,0.0167330498622469
202506,NRP-M,2026-09-01,4712031.611598859,-94711.83539313705,-76806.11526906138,78846.65990936731,4540513.66093666,-0.0201,-0.0163,0.0167330498622469
202506,NRP-M,2026-10-01,4540513.66093666,-91264.32458482687,-74010.37267326756,75976.64148866634,4375238.963678566,-0.0201,-0.0163,0.0167330498622469
202506,NRP-M,2026-11-01,4375238.963678566,-87942.30316993917,-71316.39510796062,73211.09173847889,4215980.265400667,-0.0201,-0.0163,0.0167330498622469
202506,NRP-M,2026-12-01,4215980.265400667,-84741.2033345534,-68720.47832603086,70546.20799919828,4062518.5837400826,-0.0201,-0.0163,0.0167330498622469
202506,NRP-M,2027-01-01,4062518.5837400826,-81656.62353317566,-66219.05291496334,67978.32602802746,3914642.907291943,-0.0201,-0.0163,0.0167330498622469
202506,NRP-M,2027-02-01,3914642.907291943,-78684.32243656805,-63808.67938885867,65503.914960607246,3772149.9054665165,-0.0201,-0.0163,0.0167330498622469
202506,NRP-M,2027-03-01,3772149.9054665165,-75820.21309987699,-61486.043459104214,63119.57245604115,3634843.6489075352,-0.0201,-0.0163,0.0167330498622469
202506,NRP-M,2027-04-01,3634843.6489075352,-73060.35734304145,-59247.95147719282,60822.02001864125,3502535.340087301,-0.0201,-0.0163,0.0167330498622469
202506,NRP-M,2027-05-01,3502535.340087301,-70400.96033575475,-57091.326043423,58608.09848996271,3375043.0537081235,-0.0201,-0.0163,0.0167330498622469
202506,NRP-M,2027-06-01,3375043.0537081235,-67838.36537953328,-55013.20177544241,56474.76370492807,3252191.486553148,-0.0201,-0.0163,0.0167330498622469
202506,NRP-M,2027-07-01,3252191.486553148,-65369.04887971827,-53010.72123081631,54419.08230606869,3133811.7164426134,-0.0201,-0.0163,0.0167330498622469
202506,NRP-M,2027-08-01,3133811.7164426134,-62989.615500496526,-51081.1309780146,52438.22771012779,3019740.969964102,-0.0201,-0.0163,0.0167330498622469
202506,NRP-M,2027-09-01,3019740.969964102,-60696.79349627845,-49221.77781041486,50529.47622147913,2909822.3986574085,-0.0201,-0.0163,0.0167330498622469
202506,NRP-M,2027-10-01,2909822.3986574085,-58487.43021301391,-47430.10509811575,48690.20328701729,2803904.8633462787,-0.0201,-0.0163,0.0167330498622469
202506,NRP-M,2027-11-01,2803904.8633462787,-56358.487753260204,-45703.64927254434,46917.879887369854,2701842.726320474,-0.0201,-0.0163,0.0167330498622469
202506,NRP-M,2027-12-01,2701842.726320474,-54307.038799041526,-44040.03643902372,45210.06905946959,2603495.6510824086,-0.0201,-0.0163,0.0167330498622469
202506,NRP-S,2025-10-01,2767480.41,-148890.44605799974,-62821.80530700001,57236.61966248005,2555768.1586350007,-0.0537999999999999,-0.0227,0.0206818517867955
202506,NRP-S,2025-11-01,2555768.1586350007,-137500.3269345628,-58015.937201014516,52858.01825830034,2360251.894499423,-0.0537999999999999,-0.0227,0.0206818517867955
202506,NRP-S,2025-12-01,2360251.894499423,-126981.55192406873,-53577.71800513691,48814.37986154036,2179692.624570217,-0.0537999999999999,-0.0227,0.0206818517867955
202506,NRP-S,2026-01-01,2179692.624570217,-117267.46320187746,-49479.02257774393,45080.07980213252,2012946.1387905956,-0.0537999999999999,-0.0227,0.0206818517867955
202506,NRP-S,2026-02-01,2012946.1387905956,-108296.50226693385,-45693.87735054652,41631.45369726938,1858955.7591731152,-0.0537999999999999,-0.0227,0.0206818517867955
202506,NRP-S,2026-03-01,1858955.7591731152,-100011.81984351343,-42198.295733229716,38446.64748942828,1716745.643596372,-0.0537999999999999,-0.0227,0.0206818517867955
202506,NRP-S,2026-04-01,1716745.643596372,-92360.91562548466,-38970.12610963765,35505.47895648702,1585414.60186125,-0.0537999999999999,-0.0227,0.0206818517867955
202506,NRP-S,2026-05-01,1585414.60186125,-85295.30558013509,-35988.91146225038,32789.30981631577,1464130.3848188643,-0.0537999999999999,-0.0227,0.0206818517867955
202506,NRP-S,2026-06-01,1464130.3848188643,-78770.21470325475,-33235.75973538822,30280.927615367615,1352124.4103802214,-0.0537999999999999,-0.0227,0.0206818517867955
202506,NRP-S,2026-07-01,1352124.4103802214,-72744.29327845578,-30693.22411563103,27964.436652791996,1248686.8929861346,-0.0537999999999999,-0.0227,0.0206818517867955
202506,NRP-S,2026-08-01,1248686.8929861346,-67179.35484265392,-28345.19247078526,25825.15724885341,1153162.3456726954,-0.0537999999999999,-0.0227,0.0206818517867955
202506,NRP-S,2026-09-01,1153162.3456726954,-62040.134197190906,-26176.78524677019,23849.53271931613,1064945.4262287344,-0.0537999999999999,-0.0227,0.0206818517867955
202506,NRP-S,2026-10-01,1064945.4262287344,-57294.06393110581,-24174.261175392272,22025.043466288447,983477.1011222363,-0.0537999999999999,-0.0227,0.0206818517867955
202506,NRP-S,2026-11-01,983477.1011222363,-52911.06804037622,-22324.930195474768,20340.127641117382,908241.1028863854,-0.0537999999999999,-0.0227,0.0206818517867955
202506,NRP-S,2026-12-01,908241.1028863854,-48863.37133528745,-20617.07303552095,18784.107876571907,838760.658515577,-0.0537999999999999,-0.0227,0.0206818517867955
202506,NRP-S,2027-01-01,838760.658515577,-45125.32342813796,-19039.8669483036,17347.123624014155,774595.4681391354,-0.0537999999999999,-0.0227,0.0206818517867955
202506,NRP-S,2027-02-01,774595.4681391354,-41673.23618588541,-17583.317126758375,16020.068666777075,715338.9148264916,-0.0537999999999999,-0.0227,0.0206818517867955
202506,NRP-S,2027-03-01,715338.9148264916,-38485.23361766518,-16238.193366561361,14794.533413768631,660615.4878422652,-0.0537999999999999,-0.0227,0.0206818517867955
202506,NRP-S,2027-04-01,660615.4878422652,-35541.1132459138,-14995.97157401942,13662.751607615333,610078.403022332,-0.0537999999999999,-0.0227,0.0206818517867955
202506,NRP-S,2027-05-01,610078.403022332,-32822.2180826014,-13848.779748606938,12617.551109632763,563407.4051911236,-0.0537999999999999,-0.0227,0.0206818517867955
202506,NRP-S,2027-06-01,563407.4051911236,-30311.318399282394,-12789.348097838507,11652.308449745857,520306.7386940027,-0.0537999999999999,-0.0227,0.0206818517867955
202506,NRP-S,2027-07-01,520306.7386940027,-27992.502541737293,-11810.962968353862,10760.906853340299,480503.2731839115,-0.0537999999999999,-0.0227,0.0206818517867955
202506,NRP-S,2027-08-01,480503.2731839115,-25851.076097294394,-10907.424301274792,9937.697479059767,443744.7727853423,-0.0537999999999999,-0.0227,0.0206818517867955
202506,NRP-S,2027-09-01,443744.7727853423,-23873.468775851372,-10073.00634222727,9177.463621911695,409798.29766726366,-0.0537999999999999,-0.0227,0.0206818517867955
202506,NRP-S,2027-10-01,409798.29766726366,-22047.148414498744,-9302.421357046886,8475.387654835451,378448.72789571807,-0.0537999999999999,-0.0227,0.0206818517867955
202506,NRP-S,2027-11-01,378448.72789571807,-20360.541560789596,-8590.786123232801,7827.0204992405415,349497.4002116957,-0.0537999999999999,-0.0227,0.0206818517867955
202506,NRP-S,2027-12-01,349497.4002116957,-18802.960131389194,-7933.590984805493,7228.253431048641,322760.849095501,-0.0537999999999999,-0.0227,0.0206818517867955
202507,NON PRIME,2025-10-01,13508660.829999998,-588977.6121879999,-553855.0940299999,510402.23502683284,12365828.123781998,-0.0436,-0.041,0.0377833333333333
202507,NON PRIME,2025-11-01,12365828.123781998,-539150.1061968951,-506998.9530750619,467222.20594356273,11319679.06451004,-0.0436,-0.041,0.0377833333333333
202507,NON PRIME,2025-12-01,11319679.06451004,-493538.00721263775,-464106.8416449117,427695.2073207373,10362034.215652492,-0.0436,-0.041,0.0377833333333333
202507,NON PRIME,2026-01-01,10362034.215652492,-451784.69180244865,-424843.40284175216,391512.19278140296,9485406.12100829,-0.0436,-0.041,0.0377833333333333
202507,NON PRIME,2026-02-01,9485406.12100829,-413563.70687596145,-388901.6509613399,358390.26127209625,8682940.76317099,-0.0436,-0.041,0.0377833333333333
202507,NON PRIME,2026-03-01,8682940.76317099,-378576.2172742551,-356000.5712900106,328070.4451684769,7948363.9746067235,-0.0436,-0.041,0.0377833333333333
202507,NON PRIME,2026-04-01,7948363.9746067235,-346548.66929285316,-325882.92295887566,300315.68550722377,7275932.382354994,-0.0436,-0.041,0.0377833333333333
202507,NON PRIME,2026-05-01,7275932.382354994,-317230.6518706778,-298313.22767655476,274908.97851331264,6660388.502807762,-0.0436,-0.041,0.0377833333333333
202507,NON PRIME,2026-06-01,6660388.502807762,-290392.9387224184,-273075.92861511826,251651.67893108638,6096919.635470225,-0.0436,-0.041,0.0377833333333333
202507,NON PRIME,2026-07-01,6096919.635470225,-265825.6961065018,-249973.7050542792,230361.94689351646,5581120.234309443,-0.0436,-0.041,0.0377833333333333
202507,NON PRIME,2026-08-01,5581120.234309443,-243336.84221589172,-228825.9296066872,210873.32618632494,5108957.462486864,-0.0436,-0.041,0.0377833333333333
202507,NON PRIME,2026-09-01,5108957.462486864,-222750.54536442726,-209467.25596196143,193033.44279096185,4676739.661160476,-0.0436,-0.041,0.0377833333333333
202507,NON PRIME,2026-10-01,4676739.661160476,-203905.84922659674,-191746.32610757952,176702.81353084647,4281087.4858262995,-0.0436,-0.041,0.0377833333333333
202507,NON PRIME,2026-11-01,4281087.4858262995,-186655.41438202665,-175524.58691887828,161753.7555061369,3918907.4845253946,-0.0436,-0.041,0.0377833333333333
202507,NON PRIME,2026-12-01,3918907.4845253946,-170864.3663253072,-160675.2068655412,148069.3877903177,3587367.9113345463,-0.0436,-0.041,0.0377833333333333
202507,NON PRIME,2027-01-01,3587367.9113345463,-156409.2409341862,-147082.0843647164,135542.71758325683,3283876.5860356437,-0.0436,-0.041,0.0377833333333333
202507,NON PRIME,2027-02-01,3283876.5860356437,-143177.01915115406,-134638.9400274614,124075.8036757133,3006060.6268570283,-0.0436,-0.041,0.0377833333333333
202507,NON PRIME,2027-03-01,3006060.6268570283,-131064.24333096643,-123248.48570113817,113578.99068474796,2751747.897824924,-0.0436,-0.041,0.0377833333333333
202507,NON PRIME,2027-04-01,2751747.897824924,-119976.20834516668,-112821.66381082189,103970.20807281829,2518950.0256689354,-0.0436,-0.041,0.0377833333333333
202507,NON PRIME,2027-05-01,2518950.0256689354,-109826.22111916558,-103276.95105242636,95174.32846985786,2305846.8534973436,-0.0436,-0.041,0.0377833333333333
202507,NON PRIME,2027-06-01,2305846.8534973436,-100534.92281248418,-94539.72099339109,87122.58028130789,2110772.209691468,-0.0436,-0.041,0.0377833333333333
202507,NON PRIME,2027-07-01,2110772.209691468,-92029.66834254802,-86541.6605973502,79752.00998950924,1932200.88075157,-0.0436,-0.041,0.0377833333333333
202507,NON PRIME,2027-08-01,1932200.88075157,-84243.95840076845,-79220.23611081437,73004.98994439676,1768736.6862399871,-0.0436,-0.041,0.0377833333333333
202507,NON PRIME,2027-09-01,1768736.6862399871,-77116.91952006344,-72518.20413583948,66828.7677951008,1619101.5625840845,-0.0436,-0.041,0.0377833333333333
202507,NON PRIME,2027-10-01,1619101.5625840845,-70592.82812866608,-66383.16406594747,61175.05403963527,1482125.5703894708,-0.0436,-0.041,0.0377833333333333
202507,NON PRIME,2027-11-01,1482125.5703894708,-64620.674868980925,-60767.14838596831,55999.64446788212,1356737.7471345216,-0.0436,-0.041,0.0377833333333333
202507,NON PRIME,2027-12-01,1356737.7471345216,-59153.76577506514,-55626.24763251539,51262.0745458993,1241957.733726941,-0.0436,-0.041,0.0377833333333333
202507,NRP-L,2025-10-01,114199.52,-1313.29448,-2112.69112,1924.2619120000002,110773.5344,-0.0115,-0.0185,0.01685
202507,NRP-L,2025-11-01,110773.5344,-1273.8956456,-2049.3103864,1866.53405464,107450.328368,-0.0115,-0.0185,0.01685
202507,NRP-L,2025-12-01,107450.328368,-1235.678776232,-1987.831074808,1810.5380330008002,104226.81851696,-0.0115,-0.0185,0.01685
202507,NRP-L,2026-01-01,104226.81851696,-1198.60841294504,-1928.19614256376,1756.2218920107762,101100.0139614512,-0.0115,-0.0185,0.01685
202507,NRP-L,2026-02-01,101100.0139614512,-1162.650160556689,-1870.350258286847,1703.5352352504528,98067.01354260766,-0.0115,-0.0185,0.01685
202507,NRP-L,2026-03-01,98067.01354260766,-1127.7706557399881,-1814.2397505382417,1652.4291781929392,95125.00313632943,-0.0115,-0.0185,0.01685
202507,NRP-L,2026-04-01,95125.00313632943,-1093.9375360677884,-1759.8125580220942,1602.8563028471508,92271.25304223954,-0.0115,-0.0185,0.01685
202507,NRP-L,2026-05-01,92271.25304223954,-1061.1194099857546,-1707.0181812814312,1554.7706137617363,89503.11545097236,-0.0115,-0.0185,0.01685
202507,NRP-L,2026-06-01,89503.11545097236,-1029.285827686182,-1655.8076358429885,1508.1274953488842,86818.0219874432,-0.0115,-0.0185,0.01685
202507,NRP-L,2026-07-01,86818.0219874432,-998.4072528555967,-1606.133406767699,1462.883670488418,84213.4813278199,-0.0115,-0.0185,0.01685
202507,NRP-L,2026-08-01,84213.4813278199,-968.4550352699289,-1557.9494045646682,1418.9971603737654,81687.0768879853,-0.0115,-0.0185,0.01685
202507,NRP-L,2026-09-01,81687.0768879853,-939.4013842118309,-1511.2109224277278,1376.4272455625523,79236.46458134575,-0.0115,-0.0185,0.01685
202507,NRP-L,2026-10-01,79236.46458134575,-911.219342685476,-1465.8745947548962,1335.1344281956758,76859.37064390536,-0.0115,-0.0185,0.01685
202507,NRP-L,2026-11-01,76859.37064390536,-883.8827624049117,-1421.8983569122493,1295.0803953498055,74553.5895245882,-0.0115,-0.0185,0.01685
202507,NRP-L,2026-12-01,74553.5895245882,-857.3662795327642,-1379.2414062048815,1256.227983489311,72316.98183885055,-0.0115,-0.0185,0.01685
202507,NRP-L,2027-01-01,72316.98183885055,-831.6452911467813,-1337.8641640187352,1218.5411439846318,70147.47238368503,-0.0115,-0.0185,0.01685
202507,NRP-L,2027-02-01,70147.47238368503,-806.6959324123778,-1297.728239098173,1181.9849096650928,68043.04821217449,-0.0115,-0.0185,0.01685
202507,NRP-L,2027-03-01,68043.04821217449,-782.4950544400066,-1258.796391925228,1146.52536237514,66001.75676580926,-0.0115,-0.0185,0.01685
202507,NRP-L,2027-04-01,66001.75676580926,-759.0202028068064,-1221.0325001674712,1112.129601503886,64021.70406283498,-0.0115,-0.0185,0.01685
202507,NRP-L,2027-05-01,64021.70406283498,-736.2495967226023,-1184.4015251624471,1078.7657134587694,62101.052940949936,-0.0115,-0.0185,0.01685
202507,NRP-L,2027-06-01,62101.052940949936,-714.1621088209242,-1148.8694794075739,1046.4027420550065,60238.021352721444,-0.0115,-0.0185,0.01685
202507,NRP-L,2027-07-01,60238.021352721444,-692.7372455562966,-1114.4033950253468,1015.0106597933564,58430.880712139806,-0.0115,-0.0185,0.01685
202507,NRP-L,2027-08-01,58430.880712139806,-671.9551281896078,-1080.9712931745864,984.5603399995557,56677.95429077561,-0.0115,-0.0185,0.01685
202507,NRP-L,2027-09-01,56677.95429077561,-651.7964743439195,-1048.5421543793489,955.023529799569,54977.61566205234,-0.0115,-0.0185,0.01685
202507,NRP-L,2027-10-01,54977.61566205234,-632.2425801136019,-1017.0858897479683,926.372823905582,53328.287192190764,-0.0115,-0.0185,0.01685
202507,NRP-L,2027-11-01,53328.287192190764,-613.2753027101937,-986.5733130555291,898.5816391884144,51728.43857642504,-0.0115,-0.0185,0.01685
202507,NRP-L,2027-12-01,51728.43857642504,-594.8770436288879,-956.9761136638632,871.6241900127619,50176.58541913229,-0.0115,-0.0185,0.01685
202507,NRP-M,2025-10-01,8680064.72,-141485.054936,-149297.11318400002,135047.3402686664,8389282.551880002,-0.0163,-0.0172,0.0155583333333333
202507,NRP-M,2025-11-01,8389282.551880002,-136745.30559564402,-144295.65989233603,130523.25436966609,8108241.586392022,-0.0163,-0.0172,0.0155583333333333
202507,NRP-M,2025-12-01,8108241.586392022,-132164.33785818995,-139461.75528594278,126150.72534828227,7836615.493247889,-0.0163,-0.0172,0.0155583333333333
202507,NRP-M,2026-01-01,7836615.493247889,-127736.83253994057,-134789.7864838637,121924.67604911482,7574088.874224085,-0.0163,-0.0172,0.0155583333333333
202507,NRP-M,2026-02-01,7574088.874224085,-123457.64864985258,-130274.32863665427,117840.19940146948,7320356.896937578,-0.0163,-0.0172,0.0155583333333333
202507,NRP-M,2026-03-01,7320356.896937578,-119321.81742008252,-125910.13862732633,113892.55272152025,7075124.94089017,-0.0163,-0.0172,0.0155583333333333
202507,NRP-M,2026-04-01,7075124.94089017,-115324.53653650975,-121692.14898331092,110077.15220534932,6838108.255370349,-0.0163,-0.0172,0.0155583333333333
202507,NRP-M,2026-05-01,6838108.255370349,-111461.16456253668,-117615.46199237,106389.56760647013,6609031.628815442,-0.0163,-0.0172,0.0155583333333333
202507,NRP-M,2026-06-01,6609031.628815442,-107727.2155496917,-113675.34401562561,102825.51709165337,6387629.069250125,-0.0163,-0.0172,0.0155583333333333
202507,NRP-M,2026-07-01,6387629.069250125,-104118.35382877704,-109867.21999110216,99380.862269083,6173643.495430247,-0.0163,-0.0172,0.0155583333333333
202507,NRP-M,2026-08-01,6173643.495430247,-100630.38897551302,-106186.66812140025,96051.60338306872,5966826.4383333335,-0.0163,-0.0172,0.0155583333333333
202507,NRP-M,2026-09-01,5966826.4383333335,-97259.27094483333,-102629.41473933334,92833.87466973592,5766937.752649167,-0.0163,-0.0172,0.0155583333333333
202507,NRP-M,2026-10-01,5766937.752649167,-94001.0853681814,-99191.32934556567,89723.93986829976,5573745.33793542,-0.0163,-0.0172,0.0155583333333333
202507,NRP-M,2026-11-01,5573745.33793542,-90852.04900834733,-95868.41981248921,86718.18788271172,5387024.869114583,-0.0163,-0.0172,0.0155583333333333
202507,NRP-M,2026-12-01,5387024.869114583,-87808.5053665677,-92656.82774877084,83813.12858864089,5206559.535999245,-0.0163,-0.0172,0.0155583333333333
202507,NRP-M,2027-01-01,5206559.535999245,-84866.92043678768,-89552.82401918701,81005.38878092142,5032139.79154327,-0.0163,-0.0172,0.0155583333333333
202507,NRP-M,2027-02-01,5032139.79154327,-82023.8786021553,-86552.80441454425,78291.70825676055,4863563.108526571,-0.0163,-0.0172,0.0155583333333333
202507,NRP-M,2027-03-01,4863563.108526571,-79276.0786689831,-83653.28546665702,75668.93603015906,4700633.744390931,-0.0163,-0.0172,0.0155583333333333
202507,NRP-M,2027-04-01,4700633.744390931,-76620.33003357217,-80850.900403524,73134.02667314875,4543162.513953835,-0.0163,-0.0172,0.0155583333333333
202507,NRP-M,2027-05-01,4543162.513953835,-74053.5489774475,-78142.39524000596,70684.03677959826,4390966.569736381,-0.0163,-0.0172,0.0155583333333333
202507,NRP-M,2027-06-01,4390966.569736381,-71572.75508670301,-75524.62499946576,68316.12154748171,4243869.189650212,-0.0163,-0.0172,0.0155583333333333
202507,NRP-M,2027-07-01,4243869.189650212,-69175.06779129845,-72994.55006198365,66027.53147564108,4101699.5717969304,-0.0163,-0.0172,0.0155583333333333
202507,NRP-M,2027-08-01,4101699.5717969304,-66857.70302028996,-70549.23263490721,63815.60917120711,3964292.6361417333,-0.0163,-0.0172,0.0155583333333333
202507,NRP-M,2027-09-01,3964292.6361417333,-64617.96996911024,-68185.83334163782,61677.78626397167,3831488.8328309855,-0.0163,-0.0172,0.0155583333333333
202507,NRP-M,2027-10-01,3831488.8328309855,-62453.267975145056,-65901.60792469296,59611.580424128624,3703133.9569311477,-0.0163,-0.0172,0.0155583333333333
202507,NRP-M,2027-11-01,3703133.9569311477,-60361.0834979777,-63693.90405921574,57614.59247992032,3579078.969373954,-0.0163,-0.0172,0.0155583333333333
202507,NRP-M,2027-12-01,3579078.969373954,-58338.98720079545,-61560.15827323201,55684.503631842985,3459179.823899926,-0.0163,-0.0172,0.0155583333333333
202507,NRP-S,2025-10-01,3125154.64,-124381.15467200002,-74691.195896,66357.45018933323,2926082.289432,-0.0398,-0.0239,0.0212333333333333
202507,NRP-S,2025-11-01,2926082.289432,-116458.0751193936,-69933.3667174248,62130.480612272695,2739690.847595182,-0.0398,-0.0239,0.0212333333333333
202507,NRP-S,2025-12-01,2739690.847595182,-109039.69573428824,-65478.61125752485,58172.768997270934,2565172.540603369,-0.0398,-0.0239,0.0212333333333333
202507,NRP-S,2026-01-01,2565172.540603369,-102093.8671160141,-61307.623720420524,54467.16361214478,2401771.0497669345,-0.0398,-0.0239,0.0212333333333333
202507,NRP-S,2026-02-01,2401771.0497669345,-95590.487780724,-57402.328089429735,50997.60529005116,2248778.2338967808,-0.0398,-0.0239,0.0212333333333333
202507,NRP-S,2026-03-01,2248778.2338967808,-89501.37370909187,-53745.79979013306,47749.0578330749,2105531.0603975556,-0.0398,-0.0239,0.0212333333333333
202507,NRP-S,2026-04-01,2105531.0603975556,-83800.13620382272,-50322.19234350158,44707.442849108025,1971408.7318502313,-0.0398,-0.0239,0.0212333333333333
202507,NRP-S,2026-05-01,1971408.7318502313,-78462.06752763921,-47116.66869122053,41859.57873961984,1845829.9956313716,-0.0398,-0.0239,0.0212333333333333
202507,NRP-S,2026-06-01,1845829.9956313716,-73464.0338261286,-44115.33689558978,39193.12357390606,1728250.6249096533,-0.0398,-0.0239,0.0212333333333333
202507,NRP-S,2026-07-01,1728250.6249096533,-68784.3748714042,-41305.18993534071,36696.52160224825,1618161.0601029084,-0.0398,-0.0239,0.0212333333333333
202507,NRP-S,2026-08-01,1618161.0601029084,-64402.810192095756,-38674.04933645951,34358.95317618503,1515084.200574353,-0.0398,-0.0239,0.0212333333333333
202507,NRP-S,2026-09-01,1515084.200574353,-60300.35118285926,-36210.51239372704,32170.287858862044,1418573.336997767,-0.0398,-0.0239,0.0212333333333333
202507,NRP-S,2026-10-01,1418573.336997767,-56459.21881251113,-33903.902754246636,30121.040522252537,1328210.2154310092,-0.0398,-0.0239,0.0212333333333333
202507,NRP-S,2026-11-01,1328210.2154310092,-52862.76657415417,-31744.22414880112,28202.330240985048,1243603.224708054,-0.0398,-0.0239,0.0212333333333333
202507,NRP-S,2026-12-01,1243603.224708054,-49495.40834338055,-29722.11707052249,26405.841804634303,1164385.699294151,-0.0398,-0.0239,0.0212333333333333
202507,NRP-S,2027-01-01,1164385.699294151,-46342.55083190721,-27828.818213130213,24723.7896816791,1090214.3302491137,-0.0398,-0.0239,0.0212333333333333
202507,NRP-S,2027-02-01,1090214.3302491137,-43390.53034391473,-26056.12249295382,23148.884278956142,1020767.6774122452,-0.0398,-0.0239,0.0212333333333333
202507,NRP-S,2027-03-01,1020767.6774122452,-40626.553561007364,-24396.34749015266,21674.30035038664,955744.7763610851,-0.0398,-0.0239,0.0212333333333333
202507,NRP-S,2027-04-01,955744.7763610851,-38038.64209917119,-22842.300155029934,20293.64741806701,894863.834106884,-0.0398,-0.0239,0.0212333333333333
202507,NRP-S,2027-05-01,894863.834106884,-35615.58059745398,-21387.245635154526,19000.94207753614,837861.0078742754,-0.0398,-0.0239,0.0212333333333333
202507,NRP-S,2027-06-01,837861.0078742754,-33346.868113396165,-20024.878088195182,17790.582067197087,784489.2616726841,-0.0398,-0.0239,0.0212333333333333
202507,NRP-S,2027-07-01,784489.2616726841,-31222.672614572828,-18749.29335397715,16657.321989516633,734517.2957041342,-0.0398,-0.0239,0.0212333333333333
202507,NRP-S,2027-08-01,734517.2957041342,-29233.78836902454,-17554.963367328808,15596.250578784424,687728.5439677808,-0.0398,-0.0239,0.0212333333333333
202507,NRP-S,2027-09-01,687728.5439677808,-27371.596049917676,-16436.712200829963,14602.769416915855,643920.2357170332,-0.0398,-0.0239,0.0212333333333333
202507,NRP-S,2027-10-01,643920.2357170332,-25628.025381537922,-15389.693633637093,13672.573005058315,602902.5167018581,-0.0398,-0.0239,0.0212333333333333
202507,NRP-S,2027-11-01,602902.5167018581,-23995.520164733956,-14409.37014917441,12801.6301046361,564497.6263879498,-0.0398,-0.0239,0.0212333333333333
202507,NRP-S,2027-12-01,564497.6263879498,-22467.005530240403,-13491.493270672001,11986.16626697078,528539.1275870374,-0.0398,-0.0239,0.0212333333333333
202507,PRIME,2025-10-01,9843.27,-115.16625900000001,-114.181932,111.228951,9613.921809000001,-0.0117,-0.0116,0.0113
202507,PRIME,2025-11-01,9613.921809000001,-112.48288516530002,-111.52149298440001,108.63731644170001,9389.9174308503,-0.0117,-0.0116,0.0113
202507,PRIME,2025-12-01,9389.9174308503,-109.86203394094852,-108.92304219786348,106.10606696860839,9171.13235471149,-0.0117,-0.0116,0.0113
202507,PRIME,2026-01-01,9171.13235471149,-107.30224855012443,-106.38513531465327,103.63379560823982,8957.444970846713,-0.0117,-0.0116,0.0113
202507,PRIME,2026-02-01,8957.444970846713,-104.80210615890654,-103.90636166182186,101.21912817056784,8748.736503025984,-0.0117,-0.0116,0.0113
202507,PRIME,2026-03-01,8748.736503025984,-102.36021708540402,-101.48534343510141,98.86072248419362,8544.890942505479,-0.0117,-0.0116,0.0113
202507,PRIME,2026-04-01,8544.890942505479,-99.97522402731411,-99.12073493306355,96.5572676503119,8345.794983545102,-0.0117,-0.0116,0.0113
202507,PRIME,2026-05-01,8345.794983545102,-97.6458013074777,-96.81122180912317,94.30748331405964,8151.337960428502,-0.0117,-0.0116,0.0113
202507,PRIME,2026-06-01,8151.337960428502,-95.37065413701347,-94.55552034097062,92.11011895284207,7961.411785950518,-0.0117,-0.0116,0.0113
202507,PRIME,2026-07-01,7961.411785950518,-93.14851789562105,-92.352376717026,89.96395318124084,7775.91089133787,-0.0117,-0.0116,0.0113
202507,PRIME,2026-08-01,7775.91089133787,-90.97815742865309,-90.20056633951928,87.86779307211793,7594.732167569698,-0.0117,-0.0116,0.0113
202507,PRIME,2026-09-01,7594.732167569698,-88.85836636056547,-88.09889314380848,85.82047349353758,7417.774908065324,-0.0117,-0.0116,0.0113
202507,PRIME,2026-10-01,7417.774908065324,-86.78796642436428,-86.04618893355774,83.82085646113815,7244.940752707402,-0.0117,-0.0116,0.0113
202507,PRIME,2026-11-01,7244.940752707402,-84.76580680667661,-84.04131273140585,81.86783050559363,7076.133633169319,-0.0117,-0.0116,0.0113
202507,PRIME,2026-12-01,7076.133633169319,-82.79076350808104,-82.08315014476409,79.9603100548133,6911.259719516474,-0.0117,-0.0116,0.0113
202507,PRIME,2027-01-01,6911.259719516474,-80.86173871834275,-80.1706127463911,78.09723483053615,6750.22736805174,-0.0117,-0.0116,0.0113
202507,PRIME,2027-02-01,6750.22736805174,-78.97766020620536,-78.30263746940018,76.27756925898466,6592.947070376134,-0.0117,-0.0116,0.0113
202507,PRIME,2027-03-01,6592.947070376134,-77.13748072340077,-76.47818601636315,74.50030189525032,6439.331403636371,-0.0117,-0.0116,0.0113
202507,PRIME,2027-04-01,6439.331403636371,-75.34017742254554,-74.6962442821819,72.76444486109098,6289.294981931643,-0.0117,-0.0116,0.0113
202507,PRIME,2027-05-01,6289.294981931643,-73.58475128860022,-72.95582179040706,71.06903329582755,6142.754408852636,-0.0117,-0.0116,0.0113
202507,PRIME,2027-06-01,6142.754408852636,-71.87022658357584,-71.25595114269056,69.41312482003478,5999.628231126369,-0.0117,-0.0116,0.0113
202507,PRIME,2027-07-01,5999.628231126369,-70.19565030417853,-69.59568748106588,67.79579901172796,5859.836893341125,-0.0117,-0.0116,0.0113
202507,PRIME,2027-08-01,5859.836893341125,-68.56009165209116,-67.97410796275705,66.2161568947547,5723.302693726276,-0.0117,-0.0116,0.0113
202507,PRIME,2027-09-01,5723.302693726276,-66.96264151659743,-66.39031124722479,64.67332043910692,5589.949740962454,-0.0117,-0.0116,0.0113
202507,PRIME,2027-10-01,5589.949740962454,-65.40241196926071,-64.84341699516446,63.16643207287572,5459.703911998029,-0.0117,-0.0116,0.0113
202507,PRIME,2027-11-01,5459.703911998029,-63.87853577037694,-63.33256537917713,61.69465420557773,5332.492810848475,-0.0117,-0.0116,0.0113
202507,PRIME,2027-12-01,5332.492810848475,-62.39016588692716,-61.8569166058423,60.25716876258776,5208.245728355705,-0.0117,-0.0116,0.0113
202508,NON PRIME,2025-10-01,10582346.66,-519593.221006,-347100.970448,401423.6833026663,9715652.468546,-0.0491,-0.0328,0.0379333333333333
202508,NON PRIME,2025-11-01,9715652.468546,-477038.5362056086,-318673.4009683088,368547.0836401779,8919940.531372081,-0.0491,-0.0328,0.0379333333333333
202508,NON PRIME,2025-12-01,8919940.531372081,-437969.08009036916,-292574.0494290043,338363.0774900473,8189397.401852707,-0.0491,-0.0328,0.0379333333333333
202508,NON PRIME,2026-01-01,8189397.401852707,-402099.4124309679,-268612.2347807688,310651.1414436124,7518685.75464097,-0.0491,-0.0328,0.0379333333333333
202508,NON PRIME,2026-02-01,7518685.75464097,-369167.47055287164,-246612.89275222385,285208.81295938056,6902905.391335875,-0.0491,-0.0328,0.0379333333333333
202508,NON PRIME,2026-03-01,6902905.391335875,-338932.65471459145,-226415.2968358167,261850.21117800727,6337557.4397854665,-0.0491,-0.0328,0.0379333333333333
202508,NON PRIME,2026-04-01,6337557.4397854665,-311174.0702934664,-207871.8840249633,240404.67888252847,5818511.485467036,-0.0491,-0.0328,0.0379333333333333
202508,NON PRIME,2026-05-01,5818511.485467036,-285688.91393643146,-190847.17672331881,220715.53568204938,5341975.394807286,-0.0491,-0.0328,0.0379333333333333
202508,NON PRIME,2026-06-01,5341975.394807286,-262290.9918850377,-175216.792949679,202638.9333096895,4904467.609972568,-0.0491,-0.0328,0.0379333333333333
202508,NON PRIME,2026-07-01,4904467.609972568,-240809.35964965308,-160866.53760710024,186042.80467162593,4502791.712715816,-0.0491,-0.0328,0.0379333333333333
202508,NON PRIME,2026-08-01,4502791.712715816,-221087.07309434653,-147691.56817707876,170805.8989690198,4134013.0714443903,-0.0491,-0.0328,0.0379333333333333
202508,NON PRIME,2026-09-01,4134013.0714443903,-202980.04180791957,-135595.628743376,156816.89584345705,3795437.4008930945,-0.0491,-0.0328,0.0379333333333333
202508,NON PRIME,2026-10-01,3795437.4008930945,-186355.97638385094,-124490.34674929352,143973.59207387792,3484591.07775995,-0.0491,-0.0328,0.0379333333333333
202508,NON PRIME,2026-11-01,3484591.07775995,-171093.42191801354,-114294.58735052637,132182.1548830273,3199203.06849141,-0.0491,-0.0328,0.0379333333333333
202508,NON PRIME,2026-12-01,3199203.06849141,-157080.8706629282,-104933.86064651825,121356.43639810737,2937188.3371819635,-0.0491,-0.0328,0.0379333333333333
202508,NON PRIME,2027-01-01,2937188.3371819635,-144215.9473556344,-96339.77745956842,111417.34425710238,2696632.6123667606,-0.0491,-0.0328,0.0379333333333333
202508,NON PRIME,2027-02-01,2696632.6123667606,-132404.66126720794,-88449.54968562975,102292.26376244568,2475778.401413923,-0.0491,-0.0328,0.0379333333333333
202508,NON PRIME,2027-03-01,2475778.401413923,-121560.71950942362,-81205.53156637668,93914.52736030139,2273012.1503381226,-0.0491,-0.0328,0.0379333333333333
202508,NON PRIME,2027-04-01,2273012.1503381226,-111604.89658160182,-74554.79853109043,86222.9275694927,2086852.4552254304,-0.0491,-0.0328,0.0379333333333333
202508,NON PRIME,2027-05-01,2086852.4552254304,-102464.45555156862,-68448.76053139412,79161.26980155126,1915939.2391424677,-0.0491,-0.0328,0.0379333333333333
202508,NON PRIME,2027-06-01,1915939.2391424677,-94072.61664189516,-62842.80704387295,72677.9618048042,1759023.8154566996,-0.0491,-0.0328,0.0379333333333333
202508,NON PRIME,2027-07-01,1759023.8154566996,-86368.06933892395,-57695.98114697975,66725.63673299074,1614959.7649707957,-0.0491,-0.0328,0.0379333333333333
202508,NON PRIME,2027-08-01,1614959.7649707957,-79294.52446006607,-52970.6802910421,61260.80708455879,1482694.5602196874,-0.0491,-0.0328,0.0379333333333333
202508,NON PRIME,2027-09-01,1482694.5602196874,-72800.30290678664,-48632.38157520575,56243.54698433342,1361261.875737695,-0.0491,-0.0328,0.0379333333333333
202508,NON PRIME,2027-10-01,1361261.875737695,-66837.95809872082,-44649.3895241964,51637.20048631651,1249774.5281147778,-0.0491,-0.0328,0.0379333333333333
202508,NON PRIME,2027-11-01,1249774.5281147778,-61363.92933043558,-40992.604522164715,47408.11376648719,1147417.9942621775,-0.0491,-0.0328,0.0379333333333333
202508,NON PRIME,2027-12-01,1147417.9942621775,-56338.22351827291,-37635.31021179943,43525.389249011896,1053444.4605321053,-0.0491,-0.0328,0.0379333333333333
202508,NRP-L,2025-10-01,46868.77,-707.718427,-707.718427,717.8733271666634,45453.333146,-0.0151,-0.0151,0.0153166666666666
202508,NRP-L,2025-11-01,45453.333146,-686.3453305045999,-686.3453305045999,696.1935526862303,44080.6424849908,-0.0151,-0.0151,0.0153166666666666
202508,NRP-L,2025-12-01,44080.6424849908,-665.6177015233611,-665.6177015233611,675.1685073951062,42749.407081944075,-0.0151,-0.0151,0.0153166666666666
202508,NRP-L,2026-01-01,42749.407081944075,-645.5160469373556,-645.5160469373556,654.7784184717739,41458.37498806936,-0.0151,-0.0151,0.0153166666666666
202508,NRP-L,2026-02-01,41458.37498806936,-626.0214623198473,-626.0214623198473,635.0041102339262,40206.33206342966,-0.0151,-0.0151,0.0153166666666666
202508,NRP-L,2026-03-01,40206.33206342966,-607.115614157788,-607.115614157788,615.8269861048616,38992.100835114084,-0.0151,-0.0151,0.0153166666666666
202508,NRP-L,2026-04-01,38992.100835114084,-588.7807226102227,-588.7807226102227,597.2290111244948,37814.53938989364,-0.0151,-0.0151,0.0153166666666666
202508,NRP-L,2026-05-01,37814.53938989364,-570.9995447873939,-570.9995447873939,579.192694988535,36672.54030031885,-0.0151,-0.0151,0.0153166666666666
202508,NRP-L,2026-06-01,36672.54030031885,-553.7553585348146,-553.7553585348146,561.7010755998813,35565.02958324922,-0.0151,-0.0151,0.0153166666666666
202508,NRP-L,2026-07-01,35565.02958324922,-537.0319467070632,-537.0319467070632,544.7377031167648,34490.96568983509,-0.0151,-0.0151,0.0153166666666666
202508,NRP-L,2026-08-01,34490.96568983509,-520.8135819165099,-520.8135819165099,528.2866244826384,33449.338526002066,-0.0151,-0.0151,0.0153166666666666
202508,NRP-L,2026-09-01,33449.338526002066,-505.0850117426312,-505.0850117426312,512.3323684232628,32439.168502516804,-0.0151,-0.0151,0.0153166666666666
202508,NRP-L,2026-10-01,32439.168502516804,-489.8314443880038,-489.8314443880038,496.8599308968802,31459.505613740796,-0.0151,-0.0151,0.0153166666666666
202508,NRP-L,2026-11-01,31459.505613740796,-475.03853476748606,-475.03853476748606,481.85476098379445,30509.428544205824,-0.0151,-0.0151,0.0153166666666666
202508,NRP-L,2026-12-01,30509.428544205824,-460.692371017508,-460.692371017508,467.3027472020838,29588.04380217081,-0.0151,-0.0151,0.0153166666666666
202508,NRP-L,2027-01-01,29588.04380217081,-446.77946141277926,-446.77946141277926,453.19020423658094,28694.484879345255,-0.0151,-0.0151,0.0153166666666666
202508,NRP-L,2027-02-01,28694.484879345255,-433.28672167811334,-433.28672167811334,439.50386006863624,27827.91143598903,-0.0151,-0.0151,0.0153166666666666
202508,NRP-L,2027-03-01,27827.91143598903,-420.2014626834344,-420.2014626834344,426.23084349456343,26987.50851062216,-0.0151,-0.0151,0.0153166666666666
202508,NRP-L,2027-04-01,26987.50851062216,-407.51137851039465,-407.51137851039465,413.3586720210276,26172.485753601373,-0.0151,-0.0151,0.0153166666666666
202508,NRP-L,2027-05-01,26172.485753601373,-395.20453487938073,-395.20453487938073,400.8752401259926,25382.076683842613,-0.0151,-0.0151,0.0153166666666666
202508,NRP-L,2027-06-01,25382.076683842613,-383.2693579260235,-383.2693579260235,388.76880787418764,24615.537967990567,-0.0151,-0.0151,0.0153166666666666
202508,NRP-L,2027-07-01,24615.537967990567,-371.69462331665756,-371.69462331665756,377.0279898763872,23872.148721357255,-0.0151,-0.0151,0.0153166666666666
202508,NRP-L,2027-08-01,23872.148721357255,-360.46944569249456,-360.46944569249456,365.64174458212034,23151.209829972264,-0.0151,-0.0151,0.0153166666666666
202508,NRP-L,2027-09-01,23151.209829972264,-349.5832684325812,-349.5832684325812,354.5993638957403,22452.043293107105,-0.0151,-0.0151,0.0153166666666666
202508,NRP-L,2027-10-01,22452.043293107105,-339.0258537259173,-339.0258537259173,343.890463106089,21773.99158565527,-0.0151,-0.0151,0.0153166666666666
202508,NRP-L,2027-11-01,21773.99158565527,-328.78727294339456,-328.78727294339456,333.50497112028506,21116.41703976848,-0.0151,-0.0151,0.0153166666666666
202508,NRP-L,2027-12-01,21116.41703976848,-318.857897300504,-318.857897300504,323.4331209924525,20478.701245167475,-0.0151,-0.0151,0.0153166666666666
202508,NRP-M,2025-10-01,7533596.42,-149918.568758,-91909.87632400001,118654.143615,7291767.974918,-0.0199,-0.0122,0.01575
202508,NRP-M,2025-11-01,7291767.974918,-145106.1827008682,-88959.56929399961,114845.34560495851,7057702.222923133,-0.0199,-0.0122,0.01575
202508,NRP-M,2025-12-01,7057702.222923133,-140448.27423617034,-86103.96711966222,111158.81001103934,6831149.9815673,-0.0199,-0.0122,0.01575
202508,NRP-M,2026-01-01,6831149.9815673,-135939.88463318927,-83340.02977512106,107590.61220968497,6611870.06715899,-0.0199,-0.0122,0.01575
202508,NRP-M,2026-02-01,6611870.06715899,-131576.2143364639,-80664.81481933968,104136.95355775408,6399629.038003186,-0.0199,-0.0122,0.01575
202508,NRP-M,2026-03-01,6399629.038003186,-127352.6178562634,-78075.47426363887,100794.15734855017,6194200.945883283,-0.0199,-0.0122,0.01575
202508,NRP-M,2026-04-01,6194200.945883283,-123264.59882307735,-75569.25153977606,97558.66489766171,5995367.09552043,-0.0199,-0.0122,0.01575
202508,NRP-M,2026-05-01,5995367.09552043,-119307.80520085657,-73143.47856534926,94427.03175444678,5802915.811754225,-0.0199,-0.0122,0.01575
202508,NRP-M,2026-06-01,5802915.811754225,-115478.02465390907,-70795.57290340155,91395.92403512904,5616642.214196915,-0.0199,-0.0122,0.01575
202508,NRP-M,2026-07-01,5616642.214196915,-111771.18006251862,-68523.03501320236,88462.11487360141,5436347.999121194,-0.0199,-0.0122,0.01575
202508,NRP-M,2026-08-01,5436347.999121194,-108183.32518251176,-66323.44558927856,85622.4809861588,5261841.2283494035,-0.0199,-0.0122,0.01575
202508,NRP-M,2026-09-01,5261841.2283494035,-104710.64044415313,-64194.46298586272,82873.9993465031,5092936.1249193875,-0.0199,-0.0122,0.01575
202508,NRP-M,2026-10-01,5092936.1249193875,-101349.42888589582,-62133.82072401653,80213.74396748036,4929452.875309475,-0.0199,-0.0122,0.01575
202508,NRP-M,2026-11-01,4929452.875309475,-98096.11221865856,-60139.3250787756,77638.88278612423,4771217.438012041,-0.0199,-0.0122,0.01575
202508,NRP-M,2026-12-01,4771217.438012041,-94947.22701643962,-58208.85274374691,75146.67464868964,4618061.358251855,-0.0199,-0.0122,0.01575
202508,NRP-M,2027-01-01,4618061.358251855,-91899.42102921191,-56340.348570672635,72734.46639246671,4469821.58865197,-0.0199,-0.0122,0.01575
202508,NRP-M,2027-02-01,4469821.58865197,-88949.44961417421,-54531.82338155404,70399.69002126853,4326340.315656241,-0.0199,-0.0122,0.01575
202508,NRP-M,2027-03-01,4326340.315656241,-86094.17228155921,-52781.35185100614,68139.8599715858,4187464.7915236754,-0.0199,-0.0122,0.01575
202508,NRP-M,2027-04-01,4187464.7915236754,-83330.54935132114,-51087.070456588845,65952.57046649788,4053047.1717157657,-0.0199,-0.0122,0.01575
202508,NRP-M,2027-05-01,4053047.1717157657,-80655.63871714374,-49447.175494932344,63835.49295452331,3922944.3575036894,-0.0199,-0.0122,0.01575
202508,NRP-M,2027-06-01,3922944.3575036894,-78066.59271432343,-47859.92116154501,61786.373630683105,3797017.843627821,-0.0199,-0.0122,0.01575
202508,NRP-M,2027-07-01,3797017.843627821,-75560.65508819364,-46323.617692259424,59803.031037138186,3675133.570847368,-0.0199,-0.0122,0.01575
202508,NRP-M,2027-08-01,3675133.570847368,-73135.15805986263,-44836.62956433789,57883.35374084605,3557161.7832231675,-0.0199,-0.0122,0.01575
202508,NRP-M,2027-09-01,3557161.7832231675,-70787.51948614104,-43397.373755322646,56025.29808576489,3442976.889981704,-0.0199,-0.0122,0.01575
202508,NRP-M,2027-10-01,3442976.889981704,-68515.2401106359,-42004.31805777679,54226.88601721184,3332457.331813291,-0.0199,-0.0122,0.01575
202508,NRP-M,2027-11-01,3332457.331813291,-66315.9009030845,-40655.979448122154,52486.202976059336,3225485.451462085,-0.0199,-0.0122,0.01575
202508,NRP-M,2027-12-01,3225485.451462085,-64187.16048409549,-39350.92250783744,50801.39586052784,3121947.368470152,-0.0199,-0.0122,0.01575
202508,NRP-S,2025-10-01,3257214.8600000003,-129962.872914,-59607.03193800001,66800.04808716656,3067644.9551480003,-0.0399,-0.0183,0.0205083333333333
202508,NRP-S,2025-11-01,3067644.9551480003,-122399.0337104052,-56137.902679208404,62912.28528849347,2889108.018758387,-0.0399,-0.0183,0.0205083333333333
202508,NRP-S,2025-12-01,2889108.018758387,-115275.40994845962,-52870.67674327848,59250.79028470315,2720961.9320666487,-0.0399,-0.0183,0.0205083333333333
202508,NRP-S,2026-01-01,2720961.9320666487,-108566.38108945928,-49793.60335681967,55802.39429013342,2562601.94762037,-0.0399,-0.0183,0.0205083333333333
202508,NRP-S,2026-02-01,2562601.94762037,-102247.81771005275,-46895.61564145277,52554.69494244766,2413458.5142688644,-0.0399,-0.0183,0.0205083333333333
202508,NRP-S,2026-03-01,2413458.5142688644,-96296.99471932769,-44166.29081112022,49496.01169679721,2272995.2287384165,-0.0399,-0.0183,0.0205083333333333
202508,NRP-S,2026-04-01,2272995.2287384165,-90692.50962666281,-41595.81268591302,46615.34381604361,2140706.9064258407,-0.0399,-0.0183,0.0205083333333333
202508,NRP-S,2026-05-01,2140706.9064258407,-85414.20556639104,-39174.93638759288,43902.330805949874,2016117.7644718566,-0.0399,-0.0183,0.0205083333333333
202508,NRP-S,2026-06-01,2016117.7644718566,-80443.09880242708,-36894.95508983498,41347.21515304359,1898779.7105795946,-0.0399,-0.0183,0.0205083333333333
202508,NRP-S,2026-07-01,1898779.7105795946,-75761.31045212582,-34747.668703606585,38940.80723113645,1788270.7314238623,-0.0399,-0.0183,0.0205083333333333
202508,NRP-S,2026-08-01,1788270.7314238623,-71352.0021838121,-32725.35438505668,36674.45225028431,1684193.3748549933,-0.0399,-0.0183,0.0205083333333333
202508,NRP-S,2026-09-01,1684193.3748549933,-67199.31565671423,-30820.73875984638,34539.99912931776,1586173.3204384327,-0.0399,-0.0183,0.0205083333333333
202508,NRP-S,2026-10-01,1586173.3204384327,-63288.31548549346,-29026.97176402332,32529.77117999147,1493858.0331889158,-0.0399,-0.0183,0.0205083333333333
202508,NRP-S,2026-11-01,1493858.0331889158,-59604.935524237735,-27337.60200735716,30636.538497315963,1406915.4956573208,-0.0399,-0.0183,0.0205083333333333
202508,NRP-S,2026-12-01,1406915.4956573208,-56135.9282767271,-25746.553570528973,28853.491956772174,1325033.0138100646,-0.0399,-0.0183,0.0205083333333333
202508,NRP-S,2027-01-01,1325033.0138100646,-52868.81725102157,-24248.104152724183,27174.21872488803,1247916.092406319,-0.0399,-0.0183,0.0205083333333333
202508,NRP-S,2027-02-01,1247916.092406319,-49791.85208701213,-22836.864491035638,25592.67919509955,1175287.3758282713,-0.0399,-0.0183,0.0205083333333333
202508,NRP-S,2027-03-01,1175287.3758282713,-46893.96629554802,-21507.758977657366,24103.185265944754,1106885.6505550658,-0.0399,-0.0183,0.0205083333333333
202508,NRP-S,2027-04-01,1106885.6505550658,-44164.73745714712,-20256.007405157707,22700.37988346677,1042464.9056927611,-0.0399,-0.0183,0.0205083333333333
202508,NRP-S,2027-05-01,1042464.9056927611,-41594.349737141165,-19077.107774177526,21379.217774249006,981793.4481814423,-0.0399,-0.0183,0.0205083333333333
202508,NRP-S,2027-06-01,981793.4481814423,-39173.558582439546,-17966.820101720394,20134.947299787713,924653.0694972824,-0.0399,-0.0183,0.0205083333333333
202508,NRP-S,2027-07-01,924653.0694972824,-36893.657472941566,-16921.15117180027,18963.093366940066,870838.2608525406,-0.0399,-0.0183,0.0205083333333333
202508,NRP-S,2027-08-01,870838.2608525406,-34746.44660801637,-15936.340173601493,17859.441332984155,820155.4740709227,-0.0399,-0.0183,0.0205083333333333
202508,NRP-S,2027-09-01,820155.4740709227,-32724.203415429813,-15008.845175497885,16820.021847404478,772422.425479995,-0.0399,-0.0183,0.0205083333333333
202508,NRP-S,2027-10-01,772422.425479995,-30819.654776651798,-14135.330386283908,15841.096575885536,727467.4403170593,-0.0399,-0.0183,0.0205083333333333
202508,NRP-S,2027-11-01,727467.4403170593,-29025.950868650663,-13312.654157802184,14919.144755168998,685128.8352906064,-0.0399,-0.0183,0.0205083333333333
202508,NRP-S,2027-12-01,685128.8352906064,-27336.64052809519,-12537.857685818097,14050.850530418162,645254.3370766931,-0.0399,-0.0183,0.0205083333333333
202508,PRIME,2025-10-01,30052.62,-228.399912,-117.20521799999999,337.84153649999797,29707.01487,-0.0076,-0.0039,0.0112416666666666
202508,PRIME,2025-11-01,29707.01487,-225.773313012,-115.857357993,333.956358830248,29365.384198994998,-0.0076,-0.0039,0.0112416666666666
202508,PRIME,2025-12-01,29365.384198994998,-223.176919912362,-114.52499837608049,330.11586070370015,29027.682280706555,-0.0076,-0.0039,0.0112416666666666
202508,PRIME,2026-01-01,29027.682280706555,-220.6103853333698,-113.20796089475556,326.31952830560755,28693.863934478428,-0.0076,-0.0039,0.0112416666666666
202508,PRIME,2026-02-01,28693.863934478428,-218.07336590203604,-111.90606934446586,322.56685373009304,28363.884499231925,-0.0076,-0.0039,0.0112416666666666
202508,PRIME,2026-03-01,28363.884499231925,-215.56552219416264,-110.6191495470045,318.85733491219696,28037.699827490756,-0.0076,-0.0039,0.0112416666666666
202508,PRIME,2026-04-01,28037.699827490756,-213.08651868892974,-109.34702932721395,315.1904755607067,27715.26627947461,-0.0076,-0.0039,0.0112416666666666
202508,PRIME,2026-05-01,27715.26627947461,-210.63602372400703,-108.08953848995097,311.5657850917585,27396.54071726065,-0.0076,-0.0039,0.0112416666666666
202508,PRIME,2026-06-01,27396.54071726065,-208.21370945118093,-106.84650879731653,307.9827785632033,27081.480499012152,-0.0076,-0.0039,0.0112416666666666
202508,PRIME,2026-07-01,27081.480499012152,-205.81925179249237,-105.6177739461474,304.4409766097265,26770.043473273512,-0.0076,-0.0039,0.0112416666666666
202508,PRIME,2026-08-01,26770.043473273512,-203.4523303968787,-104.40316954576669,300.9399053787146,26462.187973330867,-0.0076,-0.0039,0.0112416666666666
202508,PRIME,2026-09-01,26462.187973330867,-201.1126285973146,-103.20253309599038,297.4790964668594,26157.87281163756,-0.0076,-0.0039,0.0112416666666666
202508,PRIME,2026-10-01,26157.87281163756,-198.79983336844546,-102.01570396538648,294.0580868574905,25857.05727430373,-0.0076,-0.0039,0.0112416666666666
202508,PRIME,2026-11-01,25857.05727430373,-196.51363528470836,-100.84252336978454,290.67641885862935,25559.701115649237,-0.0076,-0.0039,0.0112416666666666
202508,PRIME,2026-12-01,25559.701115649237,-194.2537284789342,-99.68283435103201,287.33364004175513,25265.76455281927,-0.0076,-0.0039,0.0112416666666666
202508,PRIME,2027-01-01,25265.76455281927,-192.01981060142646,-98.53648175599514,284.02930318127494,24975.208260461848,-0.0076,-0.0039,0.0112416666666666
202508,PRIME,2027-02-01,24975.208260461848,-189.81158277951005,-97.40331221580121,280.76296619469025,24687.993365466536,-0.0076,-0.0039,0.0112416666666666
202508,PRIME,2027-03-01,24687.993365466536,-187.62874957754568,-96.28317412531949,277.53419208345133,24404.08144176367,-0.0076,-0.0039,0.0112416666666666
202508,PRIME,2027-04-01,24404.08144176367,-185.47101895740388,-95.1759176228783,274.3425488744916,24123.434505183388,-0.0076,-0.0039,0.0112416666666666
202508,PRIME,2027-05-01,24123.434505183388,-183.33810223939375,-94.08139457021521,271.18760956243494,23846.01500837378,-0.0076,-0.0039,0.0112416666666666
202508,PRIME,2027-06-01,23846.01500837378,-181.22971406364073,-92.99945853265774,268.06895205246695,23571.785835777482,-0.0076,-0.0039,0.0112416666666666
202508,PRIME,2027-07-01,23571.785835777482,-179.14557235190887,-91.92996475953218,264.9861591038636,23300.71029866604,-0.0076,-0.0039,0.0112416666666666
202508,PRIME,2027-08-01,23300.71029866604,-177.0853982698619,-90.87277016479754,261.93881827416914,23032.75213023138,-0.0076,-0.0039,0.0112416666666666
202508,PRIME,2027-09-01,23032.75213023138,-175.0489161897585,-89.82773330790238,258.9265218640162,22767.87548073372,-0.0076,-0.0039,0.0112416666666666
202508,PRIME,2027-10-01,22767.87548073372,-173.03585365357628,-88.79471437486151,255.94886686258005,22506.044912705285,-0.0076,-0.0039,0.0112416666666666
202508,PRIME,2027-11-01,22506.044912705285,-171.04594133656016,-87.7735751595506,253.0054548936604,22247.225396209175,-0.0076,-0.0039,0.0112416666666666
202508,PRIME,2027-12-01,22247.225396209175,-169.0789130111897,-86.76417904521578,250.0958921623833,21991.382304152772,-0.0076,-0.0039,0.0112416666666666
202509,NON PRIME,2025-10-01,11481431.49,-206665.76682,-42481.296513,435528.9678539996,11232284.426667,-0.018,-0.0037,0.0379333333333333
202509,NON PRIME,2025-11-01,11232284.426667,-202181.11968000597,-41559.4523786679,426077.98925156775,10988543.854608325,-0.018,-0.0037,0.0379333333333333
202509,NON PRIME,2025-12-01,10988543.854608325,-197793.78938294985,-40657.6122620508,416832.09688480874,10750092.452963324,-0.018,-0.0037,0.0379333333333333
202509,NON PRIME,2026-01-01,10750092.452963324,-193501.66415333984,-39775.342075964305,407786.8403824084,10516815.44673402,-0.018,-0.0037,0.0379333333333333
202509,NON PRIME,2026-02-01,10516815.44673402,-189302.67804121235,-38912.21715291588,398937.86594611016,10288600.551539892,-0.018,-0.0037,0.0379333333333333
202509,NON PRIME,2026-03-01,10288600.551539892,-185194.80992771804,-38067.8220406976,390280.9142550796,10065337.919571476,-0.018,-0.0037,0.0379333333333333
202509,NON PRIME,2026-04-01,10065337.919571476,-181176.08255228656,-37241.75030241446,381811.8184157443,9846920.086716775,-0.018,-0.0037,0.0379333333333333
202509,NON PRIME,2026-05-01,9846920.086716775,-177244.56156090193,-36433.60432085207,373526.50195612264,9633241.92083502,-0.018,-0.0037,0.0379333333333333
202509,NON PRIME,2026-06-01,9633241.92083502,-173398.35457503036,-35642.99510708958,365420.97686367476,9424200.5711529,-0.018,-0.0037,0.0379333333333333
202509,NON PRIME,2026-07-01,9424200.5711529,-169635.61028075218,-34869.54211326573,357491.34166573297,9219695.418758882,-0.018,-0.0037,0.0379333333333333
202509,NON PRIME,2026-08-01,9219695.418758882,-165954.51753765988,-34112.87304940786,349733.7795515866,9019628.028171815,-0.018,-0.0037,0.0379333333333333
202509,NON PRIME,2026-09-01,9019628.028171815,-162353.30450709266,-33372.62370423572,342144.5565353172,8823902.099960485,-0.018,-0.0037,0.0379333333333333
202509,NON PRIME,2026-10-01,8823902.099960485,-158830.23779928873,-32648.437769853797,334720.0196585008,8632423.424391342,-0.018,-0.0037,0.0379333333333333
202509,NON PRIME,2026-11-01,8632423.424391342,-155383.62163904414,-31939.966670247966,327456.5952319113,8445099.836082049,-0.018,-0.0037,0.0379333333333333
202509,NON PRIME,2026-12-01,8445099.836082049,-152011.79704947685,-31246.86939350358,320350.7871153788,8261841.169639069,-0.018,-0.0037,0.0379333333333333
202509,NON PRIME,2027-01-01,8261841.169639069,-148713.14105350323,-30568.812327664557,313399.17503497505,8082559.216257901,-0.018,-0.0037,0.0379333333333333
202509,NON PRIME,2027-02-01,8082559.216257901,-145486.06589264222,-29905.469100154234,306598.4129367161,7907167.681265105,-0.018,-0.0037,0.0379333333333333
202509,NON PRIME,2027-03-01,7907167.681265105,-142329.01826277186,-29256.52042068089,299945.2273759894,7735582.142581652,-0.018,-0.0037,0.0379333333333333
202509,NON PRIME,2027-04-01,7735582.142581652,-139240.4785664697,-28621.653927552114,293436.4159419304,7567720.01008763,-0.018,-0.0037,0.0379333333333333
202509,NON PRIME,2027-05-01,7567720.01008763,-136218.96018157733,-28000.56403732423,287068.84571599046,7403500.485868729,-0.018,-0.0037,0.0379333333333333
202509,NON PRIME,2027-06-01,7403500.485868729,-133263.0087456371,-27392.951797714297,280839.4517639535,7242844.5253253775,-0.018,-0.0037,0.0379333333333333
202509,NON PRIME,2027-07-01,7242844.5253253775,-130371.20145585679,-26798.524743703896,274745.23566067574,7085674.799125817,-0.018,-0.0037,0.0379333333333333
202509,NON PRIME,2027-08-01,7085674.799125817,-127542.14638426469,-26216.996756765522,268783.2640468391,6931915.655984787,-0.018,-0.0037,0.0379333333333333
202509,NON PRIME,2027-09-01,6931915.655984787,-124774.48180772616,-25648.087927143715,262950.6672170227,6781493.086249917,-0.018,-0.0037,0.0379333333333333
202509,NON PRIME,2027-10-01,6781493.086249917,-122066.87555249849,-25091.524419124693,257244.63773841326,6634334.686278294,-0.018,-0.0037,0.0379333333333333
202509,NON PRIME,2027-11-01,6634334.686278294,-119418.02435300928,-24547.03833922969,251662.4290994897,6490369.623586055,-0.018,-0.0037,0.0379333333333333
202509,NON PRIME,2027-12-01,6490369.623586055,-116826.65322454898,-24014.367607268403,246201.3543880308,6349528.602754237,-0.018,-0.0037,0.0379333333333333
202509,NRP-L,2025-10-01,15353.37,-299.390715,-138.18033,235.16245049999898,14915.798955000002,-0.0195,-0.009,0.0153166666666666
202509,NRP-L,2025-11-01,14915.798955000002,-290.85807962250004,-134.242190595,228.46032066074903,14490.698684782503,-0.0195,-0.009,0.0153166666666666
202509,NRP-L,2025-12-01,14490.698684782503,-282.5686243532588,-130.4162881630425,221.9492015219177,14077.713772266203,-0.0195,-0.009,0.0153166666666666
202509,NRP-L,2026-01-01,14077.713772266203,-274.51541855919095,-126.69942395039581,215.62364927854307,13676.498929756615,-0.0195,-0.009,0.0153166666666666
202509,NRP-L,2026-02-01,13676.498929756615,-266.691729130254,-123.08849036780953,209.4783752741046,13286.718710258552,-0.0195,-0.009,0.0153166666666666
202509,NRP-L,2026-03-01,13286.718710258552,-259.09101485004174,-119.58046839232696,203.5082415787926,12908.047227016183,-0.0195,-0.009,0.0153166666666666
202509,NRP-L,2026-04-01,12908.047227016183,-251.70692092681557,-116.17242504314564,197.708256693797,12540.167881046222,-0.0195,-0.009,0.0153166666666666
202509,NRP-L,2026-05-01,12540.167881046222,-244.53327368040132,-112.86151092941599,192.0735713780238,12182.773096436405,-0.0195,-0.009,0.0153166666666666
202509,NRP-L,2026-06-01,12182.773096436405,-237.5640753805099,-109.64495786792764,186.59947459375013,11835.564063187969,-0.0195,-0.009,0.0153166666666666
202509,NRP-L,2026-07-01,11835.564063187969,-230.7934992321654,-106.5200765686917,181.28138956782826,11498.250487387111,-0.0195,-0.009,0.0153166666666666
202509,NRP-L,2026-08-01,11498.250487387111,-224.21588450404866,-103.484254386484,176.11486996514515,11170.55034849658,-0.0195,-0.009,0.0153166666666666
202509,NRP-L,2026-09-01,11170.55034849658,-217.8257317956833,-100.53495313646921,171.09559617113854,10852.189663564426,-0.0195,-0.009,0.0153166666666666
202509,NRP-L,2026-10-01,10852.189663564426,-211.6176984395063,-97.66970697207982,166.21937168026108,10542.90225815284,-0.0195,-0.009,0.0153166666666666
202509,NRP-L,2026-11-01,10542.90225815284,-205.5865940339804,-94.88612032337556,161.48211958737363,10242.429543795484,-0.0195,-0.009,0.0153166666666666
202509,NRP-L,2026-12-01,10242.429543795484,-199.72737610401194,-92.18186589415936,156.8798791791335,9950.520301797313,-0.0195,-0.009,0.0153166666666666
202509,NRP-L,2027-01-01,9950.520301797313,-194.0351458850476,-89.5546827161758,152.40880262252819,9666.93047319609,-0.0195,-0.009,0.0153166666666666
202509,NRP-L,2027-02-01,9666.93047319609,-188.50514422732374,-87.0023742587648,148.06515174778613,9391.42295471,-0.0195,-0.009,0.0153166666666666
202509,NRP-L,2027-03-01,9391.42295471,-183.132747616845,-84.52280659239,143.8452949229742,9123.767400500767,-0.0195,-0.009,0.0153166666666666
202509,NRP-L,2027-04-01,9123.767400500767,-177.91346430976495,-82.1139066045069,139.74570401766945,8863.740029586495,-0.0195,-0.009,0.0153166666666666
202509,NRP-L,2027-05-01,8863.740029586495,-172.84293057693665,-79.77366026627845,135.7629514531659,8611.12343874328,-0.0195,-0.009,0.0153166666666666
202509,NRP-L,2027-06-01,8611.12343874328,-167.91690705549397,-77.50011094868951,131.89370733675065,8365.706420739096,-0.0195,-0.009,0.0153166666666666
202509,NRP-L,2027-07-01,8365.706420739096,-163.13127520441236,-75.29135778665186,128.13473667765325,8127.2837877480315,-0.0195,-0.009,0.0153166666666666
202509,NRP-L,2027-08-01,8127.2837877480315,-158.48203386108662,-73.14555408973227,124.48289668234014,7895.656199797212,-0.0195,-0.009,0.0153166666666666
202509,NRP-L,2027-09-01,7895.656199797212,-153.96529589604563,-71.0609057981749,120.93513412689344,7670.6299981029915,-0.0195,-0.009,0.0153166666666666
202509,NRP-L,2027-10-01,7670.6299981029915,-149.57728496300834,-69.03566998292692,117.48848280427697,7452.017043157056,-0.0195,-0.009,0.0153166666666666
202509,NRP-L,2027-11-01,7452.017043157056,-145.3143323415626,-67.06815338841349,114.14006104435508,7239.63455742708,-0.0195,-0.009,0.0153166666666666
202509,NRP-L,2027-12-01,7239.63455742708,-141.17287386982807,-65.15671101684372,110.88706930459095,7033.304972540408,-0.0195,-0.009,0.0153166666666666
202509,NRP-M,2025-10-01,8727304.43,-112582.227147,-13963.687088,137455.0447725,8600758.515765,-0.0129,-0.0016,0.01575
202509,NRP-M,2025-11-01,8600758.515765,-110949.7848533685,-13761.213625224002,135461.94662329875,8476047.517286407,-0.0129,-0.0016,0.01575
202509,NRP-M,2025-12-01,8476047.517286407,-109341.01297299465,-13561.676027658252,133497.7483972609,8353144.828285754,-0.0129,-0.0016,0.01575
202509,NRP-M,2026-01-01,8353144.828285754,-107755.56828488622,-13365.031725257206,131562.03104550063,8232024.22827561,-0.0129,-0.0016,0.01575
202509,NRP-M,2026-02-01,8232024.22827561,-106193.11254475536,-13171.238765240976,129654.38159534086,8112659.876965614,-0.0129,-0.0016,0.01575
202509,NRP-M,2026-03-01,8112659.876965614,-104653.31241285642,-12980.255803144983,127774.39306220842,7995026.308749613,-0.0129,-0.0016,0.01575
202509,NRP-M,2026-04-01,7995026.308749613,-103135.83938287,-12792.042093999382,125921.6643628064,7879098.427272744,-0.0129,-0.0016,0.01575
202509,NRP-M,2026-05-01,7879098.427272744,-101640.36971181839,-12606.55748363639,124095.80022954571,7764851.500077289,-0.0129,-0.0016,0.01575
202509,NRP-M,2026-06-01,7764851.500077289,-100166.58435099703,-12423.762400123662,122296.4111262173,7652261.153326169,-0.0129,-0.0016,0.01575
202509,NRP-M,2026-07-01,7652261.153326169,-98714.16887790758,-12243.61784532187,120523.11316488715,7541303.366602939,-0.0129,-0.0016,0.01575
202509,NRP-M,2026-08-01,7541303.366602939,-97282.81342917791,-12066.085386564702,118775.52802399629,7431954.467787196,-0.0129,-0.0016,0.01575
202509,NRP-M,2026-09-01,7431954.467787196,-95872.21263445483,-11891.127148459515,117053.28286764833,7324191.128004282,-0.0129,-0.0016,0.01575
202509,NRP-M,2026-10-01,7324191.128004282,-94482.06555125523,-11718.705804806852,115356.01026606745,7217990.35664822,-0.0129,-0.0016,0.01575
202509,NRP-M,2026-11-01,7217990.35664822,-93112.07560076204,-11548.784570637152,113683.34811720946,7113329.496476821,-0.0129,-0.0016,0.01575
202509,NRP-M,2026-12-01,7113329.496476821,-91761.95050455099,-11381.327194362913,112034.93956950992,7010186.218777907,-0.0129,-0.0016,0.01575
202509,NRP-M,2027-01-01,7010186.218777907,-90431.402222235,-11216.297950044653,110410.43294575204,6908538.518605628,-0.0129,-0.0016,0.01575
202509,NRP-M,2027-02-01,6908538.518605628,-89120.1468900126,-11053.661629769005,108809.48166803864,6808364.7100858465,-0.0129,-0.0016,0.01575
202509,NRP-M,2027-03-01,6808364.7100858465,-87827.90476010741,-10893.383536137355,107231.74418385209,6709643.421789601,-0.0129,-0.0016,0.01575
202509,NRP-M,2027-04-01,6709643.421789601,-86554.40014108586,-10735.429474863362,105676.88389318623,6612353.592173653,-0.0129,-0.0016,0.01575
202509,NRP-M,2027-05-01,6612353.592173653,-85299.36133904012,-10579.765747477844,104144.56907673503,6516474.465087134,-0.0129,-0.0016,0.01575
202509,NRP-M,2027-06-01,6516474.465087134,-84062.52059962404,-10426.359144139415,102634.47282512237,6421985.585343371,-0.0129,-0.0016,0.01575
202509,NRP-M,2027-07-01,6421985.585343371,-82843.6140509295,-10275.176936549395,101146.27296915809,6328866.794355893,-0.0129,-0.0016,0.01575
202509,NRP-M,2027-08-01,6328866.794355893,-81642.38164719101,-10126.186870969428,99679.65201110531,6237098.225837732,-0.0129,-0.0016,0.01575
202509,NRP-M,2027-09-01,6237098.225837732,-80458.56711330674,-9979.357161340371,98234.29705694427,6146660.301563085,-0.0129,-0.0016,0.01575
202509,NRP-M,2027-10-01,6146660.301563085,-79291.9178901638,-9834.656482500937,96809.89974961859,6057533.72719042,-0.0129,-0.0016,0.01575
202509,NRP-M,2027-11-01,6057533.72719042,-78142.18508075642,-9692.053963504672,95406.15620324912,5969699.488146159,-0.0129,-0.0016,0.01575
202509,NRP-M,2027-12-01,5969699.488146159,-77009.12339708545,-9551.519181033855,94022.766938302,5883138.845568039,-0.0129,-0.0016,0.01575
202509,NRP-S,2025-10-01,3314123.22,-55677.270096,-8285.308050000001,67967.1437034999,3250160.6418540003,-0.0168,-0.0025,0.0205083333333333
202509,NRP-S,2025-11-01,3250160.6418540003,-54602.6987831472,-8125.401604635001,66655.37783002235,3187432.541466218,-0.0168,-0.0025,0.0205083333333333
202509,NRP-S,2025-12-01,3187432.541466218,-53548.86669663246,-7968.581353665545,65368.92903790291,3125915.09341592,-0.0168,-0.0025,0.0205083333333333
202509,NRP-S,2026-01-01,3125915.09341592,-52515.373569387455,-7814.787733539801,64107.308707471384,3065584.9321129927,-0.0168,-0.0025,0.0205083333333333
202509,NRP-S,2026-02-01,3065584.9321129927,-51501.82685949827,-7663.962330282482,62870.03764941719,3006419.1429232117,-0.0168,-0.0025,0.0205083333333333
202509,NRP-S,2026-03-01,3006419.1429232117,-50507.841601109954,-7516.047857308029,61656.64592278343,2948395.253464794,-0.0168,-0.0025,0.0205083333333333
202509,NRP-S,2026-04-01,2948395.253464794,-49533.04025820853,-7370.988133661985,60466.67265647371,2891491.225072923,-0.0168,-0.0025,0.0205083333333333
202509,NRP-S,2026-05-01,2891491.225072923,-48577.05258122511,-7228.728062682308,59299.66587420376,2835685.4444290157,-0.0168,-0.0025,0.0205083333333333
202509,NRP-S,2026-06-01,2835685.4444290157,-47639.51546640746,-7089.21361107254,58155.182322831635,2780956.715351536,-0.0168,-0.0025,0.0205083333333333
202509,NRP-S,2026-07-01,2780956.715351536,-46720.0728179058,-6952.39178837884,57032.78730400099,2727284.2507452513,-0.0168,-0.0025,0.0205083333333333
202509,NRP-S,2026-08-01,2727284.2507452513,-45818.37541252022,-6818.210626863129,55932.05450903377,2674647.6647058683,-0.0168,-0.0025,0.0205083333333333
202509,NRP-S,2026-09-01,2674647.6647058683,-44934.080767058585,-6686.619161764671,54852.565857009424,2623026.964777045,-0.0168,-0.0025,0.0205083333333333
202509,NRP-S,2026-10-01,2623026.964777045,-44066.85300825435,-6557.567411942612,53793.91133596914,2572402.544356848,-0.0168,-0.0025,0.0205083333333333
202509,NRP-S,2026-11-01,2572402.544356848,-43216.362745195045,-6431.00636089212,52755.68884718494,2522755.1752507607,-0.0168,-0.0025,0.0205083333333333
202509,NRP-S,2026-12-01,2522755.1752507607,-42382.28694421278,-6306.887938126902,51737.50405243426,2474066.000368421,-0.0168,-0.0025,0.0205083333333333
202509,NRP-S,2027-01-01,2474066.000368421,-41564.30880618947,-6185.1650009210525,50738.97022422228,2426316.5265613105,-0.0168,-0.0025,0.0205083333333333
202509,NRP-S,2027-02-01,2426316.5265613105,-40762.11764623001,-6065.791316403276,49759.70809889479,2379488.6175986775,-0.0168,-0.0025,0.0205083333333333
202509,NRP-S,2027-03-01,2379488.6175986775,-39975.40877565778,-5948.721543996694,48799.34573258613,2333564.487279023,-0.0168,-0.0025,0.0205083333333333
202509,NRP-S,2027-04-01,2333564.487279023,-39203.88338628758,-5833.911218197558,47857.518359947215,2288526.692674538,-0.0168,-0.0025,0.0205083333333333
202509,NRP-S,2027-05-01,2288526.692674538,-38447.24843693224,-5721.3167316863455,46933.86825560024,2244358.1275059194,-0.0168,-0.0025,0.0205083333333333
202509,NRP-S,2027-06-01,2244358.1275059194,-37705.21654209944,-5610.8953187647985,46028.04459826715,2201042.015645055,-0.0168,-0.0025,0.0205083333333333
202509,NRP-S,2027-07-01,2201042.015645055,-36977.50586283692,-5502.605039112638,45139.703337520594,2158561.9047431056,-0.0168,-0.0025,0.0205083333333333
202509,NRP-S,2027-08-01,2158561.9047431056,-36263.83999968417,-5396.404761857764,44268.50706310645,2116901.6599815637,-0.0168,-0.0025,0.0205083333333333
202509,NRP-S,2027-09-01,2116901.6599815637,-35563.947887690265,-5292.254149953909,43414.1248767885,2076045.4579439196,-0.0168,-0.0025,0.0205083333333333
202509,NRP-S,2027-10-01,2076045.4579439196,-34877.56369345784,-5190.113644859799,42576.23226666648,2035977.780605602,-0.0168,-0.0025,0.0205083333333333
202509,NRP-S,2027-11-01,2035977.780605602,-34204.426714174115,-5089.944451514005,41754.51098391982,1996683.409439914,-0.0168,-0.0025,0.0205083333333333
202509,NRP-S,2027-12-01,1996683.409439914,-33544.281278590555,-4991.708523599785,40948.648921930166,1958147.4196377234,-0.0168,-0.0025,0.0205083333333333
202509,PRIME,2025-10-01,24414.84,-183.1113,-107.425296,274.4634929999984,24124.303404,-0.0075,-0.0044,0.0112416666666666
202509,PRIME,2025-11-01,24124.303404,-180.93227552999997,-106.1469349776,271.19737743329836,23837.224193492395,-0.0075,-0.0044,0.0112416666666666
202509,PRIME,2025-12-01,23837.224193492395,-178.77918145119295,-104.88378645136655,267.97012864184205,23553.561225589834,-0.0075,-0.0044,0.0112416666666666
202509,PRIME,2026-01-01,23553.561225589834,-176.65170919192374,-103.63566939259528,264.78128411100414,23273.273847005315,-0.0075,-0.0044,0.0112416666666666
202509,PRIME,2026-02-01,23273.273847005315,-174.54955385253987,-102.4024049268234,261.6303868300832,22996.321888225953,-0.0075,-0.0044,0.0112416666666666
202509,PRIME,2026-03-01,22996.321888225953,-172.47241416169464,-101.1838163081942,258.5169852268052,22722.665657756064,-0.0075,-0.0044,0.0112416666666666
202509,PRIME,2026-04-01,22722.665657756064,-170.41999243317048,-99.9797288941267,255.44063310260623,22452.26593642877,-0.0075,-0.0044,0.0112416666666666
202509,PRIME,2026-05-01,22452.26593642877,-168.39199452321574,-98.78997012028658,252.40088956868522,22185.083971785265,-0.0075,-0.0044,0.0112416666666666
202509,PRIME,2026-06-01,22185.083971785265,-166.38812978838948,-97.61436947585517,249.39731898281786,21921.081472521022,-0.0075,-0.0044,0.0112416666666666
202509,PRIME,2026-07-01,21921.081472521022,-164.40811104390767,-96.45275847909251,246.42949088692234,21660.220602998023,-0.0075,-0.0044,0.0112416666666666
202509,PRIME,2026-08-01,21660.220602998023,-162.45165452248517,-95.3049706531913,243.49697994536797,21402.463977822343,-0.0075,-0.0044,0.0112416666666666
202509,PRIME,2026-09-01,21402.463977822343,-160.51847983366756,-94.17084150241831,240.59936588401806,21147.774656486257,-0.0075,-0.0044,0.0112416666666666
202509,PRIME,2026-10-01,21147.774656486257,-158.6083099236469,-93.05020848853954,237.73623342999826,20896.11613807407,-0.0075,-0.0044,0.0112416666666666
202509,PRIME,2026-11-01,20896.11613807407,-156.72087103555552,-91.94291100752592,234.90717225218128,20647.45235603099,-0.0075,-0.0044,0.0112416666666666
202509,PRIME,2026-12-01,20647.45235603099,-154.8558926702324,-90.84879036653636,232.1117769023803,20401.74767299422,-0.0075,-0.0044,0.0112416666666666
202509,PRIME,2027-01-01,20401.74767299422,-153.01310754745666,-89.76768976117458,229.349646757242,20158.96687568559,-0.0075,-0.0044,0.0112416666666666
202509,PRIME,2027-02-01,20158.96687568559,-151.19225156764193,-88.6994542530166,226.62038596083082,19919.075169864933,-0.0075,-0.0044,0.0112416666666666
202509,PRIME,2027-03-01,19919.075169864933,-149.393063773987,-87.6439307474057,223.92360336789696,19682.03817534354,-0.0075,-0.0044,0.0112416666666666
202509,PRIME,2027-04-01,19682.03817534354,-147.61528631507653,-86.60096797151158,221.25891248781898,19447.82192105695,-0.0075,-0.0044,0.0112416666666666
202509,PRIME,2027-05-01,19447.82192105695,-145.85866440792714,-85.57041645265059,218.62593142921392,19216.392840196375,-0.0075,-0.0044,0.0112416666666666
202509,PRIME,2027-06-01,19216.392840196375,-144.1229463014728,-84.55212849686406,216.0242828452063,18987.71776539804,-0.0075,-0.0044,0.0112416666666666
202509,PRIME,2027-07-01,18987.71776539804,-142.4078832404853,-83.54595816775138,213.45359387934835,18761.763923989805,-0.0075,-0.0044,0.0112416666666666
202509,PRIME,2027-08-01,18761.763923989805,-140.71322942992353,-82.55176126555514,210.91349611218413,18538.498933294326,-0.0075,-0.0044,0.0112416666666666
202509,PRIME,2027-09-01,18538.498933294326,-139.03874199970744,-81.56939530649504,208.40362550844912,18317.890795988125,-0.0075,-0.0044,0.0112416666666666
202509,PRIME,2027-10-01,18317.890795988125,-137.38418096991094,-80.59871950234776,205.92362236489862,18099.907895515866,-0.0075,-0.0044,0.0112416666666666
202509,PRIME,2027-11-01,18099.907895515866,-135.749309216369,-79.63959474026981,203.4731312587563,17884.518991559227,-0.0075,-0.0044,0.0112416666666666
202509,PRIME,2027-12-01,17884.518991559227,-134.1338924366942,-78.69188356286061,201.0518009967771,17671.693215559673,-0.0075,-0.0044,0.0112416666666666
