Cohort,Segment,ForecastMonth,OpeningGBV,Coll_Principal,Coll_Interest,InterestRevenue,ClosingGBV,Principal_Rate,Interest_Rate,Revenue_Rate
201912,NRP-S,2025-10-01,60918.41999999999,0.0,-246.76357354376523,507.6534999999979,60671.656426456226,0.0,-0.0040507218267277,0.0083333333333333
201912,NRP-S,2025-11-01,60671.656426456226,0.0,-245.76400295037018,505.5971368871332,60425.89242350586,0.0,-0.0040507218267277,0.0083333333333333
201912,NRP-S,2025-12-01,60425.89242350586,0.0,-244.76848133939515,503.5491035292135,60181.123942166465,0.0,-0.0040507218267277,0.0083333333333333
201912,NRP-S,2026-01-01,60181.123942166465,0.0,-243.77699230953868,501.50936618471854,59937.346949856925,0.0,-0.0040507218267277,0.0083333333333333
201912,NRP-S,2026-02-01,59937.346949856925,0.0,-242.7895195259364,499.47789124880575,59694.55743033099,0.0,-0.0040507218267277,0.0083333333333333
201912,NRP-S,2026-03-01,59694.55743033099,0.0,-241.80604671989198,497.4546452527563,59452.7513836111,0.0,-0.0040507218267277,0.0083333333333333
201912,NRP-S,2026-04-01,59452.7513836111,0.0,-240.82655768860897,495.4395948634239,59211.92482592249,0.0,-0.0040507218267277,0.0083333333333333
201912,NRP-S,2026-05-01,59211.92482592249,0.0,-239.85103629492403,493.43270688268547,58972.07378962757,0.0,-0.0040507218267277,0.0083333333333333
201912,NRP-S,2026-06-01,58972.07378962757,0.0,-238.8794664670409,491.43394824689443,58733.194323160526,0.0,-0.0040507218267277,0.0083333333333333
201912,NRP-S,2026-07-01,58733.194323160526,0.0,-237.9118321982658,489.4432860263358,58495.28249096226,0.0,-0.0040507218267277,0.0083333333333333
201912,NRP-S,2026-08-01,58495.28249096226,0.0,-236.9481175467435,487.46068742468356,58258.33437341551,0.0,-0.0040507218267277,0.0083333333333333
201912,NRP-S,2026-09-01,58258.33437341551,0.0,-235.98830663519487,485.4861197784607,58022.346066780316,0.0,-0.0040507218267277,0.0083333333333333
201912,NRP-S,2026-10-01,58022.346066780316,0.0,-235.03238365065516,483.5195505565007,57787.31368312966,0.0,-0.0040507218267277,0.0083333333333333
201912,NRP-S,2026-11-01,57787.31368312966,0.0,-234.08033284421361,481.5609473594119,57553.233350285445,0.0,-0.0040507218267277,0.0083333333333333
201912,NRP-S,2026-12-01,57553.233350285445,0.0,-233.13213853075388,479.6102779190435,57320.10121175469,0.0,-0.0040507218267277,0.0083333333333333
201912,NRP-S,2027-01-01,57320.10121175469,0.0,-232.18778508869565,477.6675100979539,57087.913426666,0.0,-0.0040507218267277,0.0083333333333333
201912,NRP-S,2027-02-01,57087.913426666,0.0,-231.24725695973729,475.7326118888814,56856.66616970626,0.0,-0.0040507218267277,0.0083333333333333
201912,NRP-S,2027-03-01,56856.66616970626,0.0,-230.3105386485996,473.80555141421695,56626.35563105766,0.0,-0.0040507218267277,0.0083333333333333
201912,NRP-S,2027-04-01,56626.35563105766,0.0,-229.3776147227703,471.88629692547863,56396.97801633489,0.0,-0.0040507218267277,0.0083333333333333
201912,NRP-S,2027-05-01,56396.97801633489,0.0,-228.44846981225004,469.9748168027889,56168.529546522645,0.0,-0.0040507218267277,0.0083333333333333
201912,NRP-S,2027-06-01,56168.529546522645,0.0,-227.523088609299,468.0710795543535,55941.00645791335,0.0,-0.0040507218267277,0.0083333333333333
201912,NRP-S,2027-07-01,55941.00645791335,0.0,-226.60145586818484,466.1750538159427,55714.40500204516,0.0,-0.0040507218267277,0.0083333333333333
201912,NRP-S,2027-08-01,55714.40500204516,0.0,-225.6835564049313,464.2867083503745,55488.72144564023,0.0,-0.0040507218267277,0.0083333333333333
201912,NRP-S,2027-09-01,55488.72144564023,0.0,-224.76937509706832,462.40601204700005,55263.952070543164,0.0,-0.0040507218267277,0.0083333333333333
201912,NRP-S,2027-10-01,55263.952070543164,0.0,-223.8588968833827,460.5329339211912,55040.093173659785,0.0,-0.0040507218267277,0.0083333333333333
201912,NRP-S,2027-11-01,55040.093173659785,0.0,-222.95210676367,458.66744311382973,54817.14106689612,0.0,-0.0040507218267277,0.0083333333333333
201912,NRP-S,2027-12-01,54817.14106689612,0.0,-222.0489897984875,456.8095088907992,54595.09207709763,0.0,-0.0040507218267277,0.0083333333333333
202001,NON PRIME,2025-10-01,98748.52000000002,4937.426000000001,103.76980693564792,822.9043333333302,103789.71580693567,0.05,0.0010508492373926,0.0083333333333333
202001,NON PRIME,2025-11-01,103789.71580693567,5189.485790346784,109.06734370491301,864.9142983911271,109088.26894098736,0.05,0.0010508492373926,0.0083333333333333
202001,NON PRIME,2025-12-01,109088.26894098736,5454.413447049368,114.63532422511541,909.0689078415577,114657.31771226185,0.05,0.0010508492373926,0.0083333333333333
202001,NON PRIME,2026-01-01,114657.31771226185,5732.865885613093,120.4875548794114,955.4776476021783,120510.67115275435,0.05,0.0010508492373926,0.0083333333333333
202001,NON PRIME,2026-02-01,120510.67115275435,6025.533557637718,126.6385468785423,1004.2555929396157,126662.84325727062,0.05,0.0010508492373926,0.0083333333333333
202001,NON PRIME,2026-03-01,126662.84325727062,6333.142162863532,133.10355224288125,1055.5236938105843,133129.08897237704,0.05,0.0010508492373926,0.0083333333333333
202001,NON PRIME,2026-04-01,133129.08897237704,6656.454448618852,139.898601621394,1109.4090747698042,139925.44202261727,0.05,0.0010508492373926,0.0083333333333333
202001,NON PRIME,2026-05-01,139925.44202261727,6996.272101130864,147.0405440412898,1166.0453501884726,147068.7546677894,0.05,0.0010508492373926,0.0083333333333333
202001,NON PRIME,2026-06-01,147068.7546677894,7353.437733389471,154.54708868692586,1225.5729555649068,154576.7394898658,0.05,0.0010508492373926,0.0083333333333333
202001,NON PRIME,2026-07-01,154576.7394898658,7728.836974493291,162.43684881156005,1288.1394957488767,162468.01331317067,0.05,0.0010508492373926,0.0083333333333333
202001,NON PRIME,2026-08-01,162468.01331317067,8123.400665658533,170.72938789083616,1353.9001109430835,170762.14336672003,0.05,0.0010508492373926,0.0083333333333333
202001,NON PRIME,2026-09-01,170762.14336672003,8538.107168336002,179.44526813244354,1423.017861389328,179479.69580318846,0.05,0.0010508492373926,0.0083333333333333
202001,NON PRIME,2026-10-01,179479.69580318846,8973.984790159424,188.6061014622364,1495.6641316932312,188642.28669481011,0.05,0.0010508492373926,0.0083333333333333
202001,NON PRIME,2026-11-01,188642.28669481011,9432.114334740507,198.2346031132374,1572.019055790078,198272.63563266385,0.05,0.0010508492373926,0.0083333333333333
202001,NON PRIME,2026-12-01,198272.63563266385,9913.631781633194,208.35464795040565,1652.2719636055256,208394.62206224745,0.05,0.0010508492373926,0.0083333333333333
202001,NON PRIME,2027-01-01,208394.62206224745,10419.731103112374,218.99132967083182,1736.6218505187219,219033.34449503064,0.05,0.0010508492373926,0.0083333333333333
202001,NON PRIME,2027-02-01,219033.34449503064,10951.667224751533,230.17102302615356,1825.277870791915,230215.18274280833,0.05,0.0010508492373926,0.0083333333333333
202001,NON PRIME,2027-03-01,230215.18274280833,11510.759137140418,241.92144922147816,1918.4598561900618,241967.8633291702,0.05,0.0010508492373926,0.0083333333333333
202001,NON PRIME,2027-04-01,241967.8633291702,12098.39316645851,254.27174465297537,2016.3988610764104,254320.5282402817,0.05,0.0010508492373926,0.0083333333333333
202001,NON PRIME,2027-05-01,254320.5282402817,12716.026412014086,267.2525331545832,2119.3377353356727,267303.80718545034,0.05,0.0010508492373926,0.0083333333333333
202001,NON PRIME,2027-06-01,267303.80718545034,13365.190359272518,280.89600193296906,2227.5317265454105,280949.89354665583,0.05,0.0010508492373926,0.0083333333333333
202001,NON PRIME,2027-07-01,280949.89354665583,14047.494677332792,295.2359813790354,2341.249112888789,295292.6242053677,0.05,0.0010508492373926,0.0083333333333333
202001,NON PRIME,2027-08-01,295292.6242053677,14764.631210268386,310.30802895387023,2460.7718683780545,310367.5634445899,0.05,0.0010508492373926,0.0083333333333333
202001,NON PRIME,2027-09-01,310367.5634445899,15518.378172229495,326.1495173571467,2586.3963620382387,326212.0911341766,0.05,0.0010508492373926,0.0083333333333333
202001,NON PRIME,2027-10-01,326212.0911341766,16310.60455670883,342.79972719659474,2718.4340927847943,342865.495418082,0.05,0.0010508492373926,0.0083333333333333
202001,NON PRIME,2027-11-01,342865.495418082,17143.2747709041,360.2999443883274,2857.2124618173384,360369.0701333744,0.05,0.0010508492373926,0.0083333333333333
202001,NON PRIME,2027-12-01,360369.0701333744,18018.45350666872,378.69356252953685,3003.075584444775,378766.2172025727,0.05,0.0010508492373926,0.0083333333333333
202001,NRP-S,2025-10-01,4571.870000000001,-914.3740000000003,0.0,38.098916666666526,3657.4960000000005,-0.2,0.0,0.0083333333333333
202001,NRP-S,2025-11-01,3657.4960000000005,-731.4992000000002,0.0,30.479133333333216,2925.9968000000003,-0.2,0.0,0.0083333333333333
202001,NRP-S,2025-12-01,2925.9968000000003,-585.1993600000001,0.0,24.383306666666574,2340.7974400000003,-0.2,0.0,0.0083333333333333
202001,NRP-S,2026-01-01,2340.7974400000003,-468.15948800000007,0.0,19.506645333333257,1872.6379520000003,-0.2,0.0,0.0083333333333333
202001,NRP-S,2026-02-01,1872.6379520000003,-374.52759040000007,0.0,15.605316266666607,1498.1103616000003,-0.2,0.0,0.0083333333333333
202001,NRP-S,2026-03-01,1498.1103616000003,-299.6220723200001,0.0,12.484253013333285,1198.4882892800001,-0.2,0.0,0.0083333333333333
202001,NRP-S,2026-04-01,1198.4882892800001,-239.69765785600003,0.0,9.987402410666627,958.7906314240001,-0.2,0.0,0.0083333333333333
202001,NRP-S,2026-05-01,958.7906314240001,-191.75812628480003,0.0,7.9899219285333025,767.0325051392001,-0.2,0.0,0.0083333333333333
202001,NRP-S,2026-06-01,767.0325051392001,-153.40650102784002,0.0,6.391937542826642,613.6260041113601,-0.2,0.0,0.0083333333333333
202001,NRP-S,2026-07-01,613.6260041113601,-122.72520082227203,0.0,5.113550034261314,490.90080328908806,-0.2,0.0,0.0083333333333333
202001,NRP-S,2026-08-01,490.90080328908806,-98.18016065781762,0.0,4.090840027409051,392.72064263127044,-0.2,0.0,0.0083333333333333
202001,NRP-S,2026-09-01,392.72064263127044,-78.5441285262541,0.0,3.2726720219272405,314.17651410501634,-0.2,0.0,0.0083333333333333
202001,NRP-S,2026-10-01,314.17651410501634,-62.83530282100327,0.0,2.6181376175417923,251.34121128401307,-0.2,0.0,0.0083333333333333
202001,NRP-S,2026-11-01,251.34121128401307,-50.268242256802615,0.0,2.094510094033434,201.07296902721046,-0.2,0.0,0.0083333333333333
202001,NRP-S,2026-12-01,201.07296902721046,-40.21459380544209,0.0,1.6756080752267473,160.85837522176837,-0.2,0.0,0.0083333333333333
202001,NRP-S,2027-01-01,160.85837522176837,-32.17167504435368,0.0,1.3404864601813977,128.6867001774147,-0.2,0.0,0.0083333333333333
202001,NRP-S,2027-02-01,128.6867001774147,-25.737340035482944,0.0,1.0723891681451183,102.94936014193176,-0.2,0.0,0.0083333333333333
202001,NRP-S,2027-03-01,102.94936014193176,-20.589872028386353,0.0,0.8579113345160946,82.35948811354541,-0.2,0.0,0.0083333333333333
202001,NRP-S,2027-04-01,82.35948811354541,-16.471897622709083,0.0,0.6863290676128757,65.88759049083633,-0.2,0.0,0.0083333333333333
202001,NRP-S,2027-05-01,65.88759049083633,-13.177518098167267,0.0,0.5490632540903005,52.71007239266906,-0.2,0.0,0.0083333333333333
202001,NRP-S,2027-06-01,52.71007239266906,-10.542014478533813,0.0,0.4392506032722404,42.16805791413525,-0.2,0.0,0.0083333333333333
202001,NRP-S,2027-07-01,42.16805791413525,-8.43361158282705,0.0,0.35140048261779233,33.7344463313082,-0.2,0.0,0.0083333333333333
202001,NRP-S,2027-08-01,33.7344463313082,-6.74688926626164,0.0,0.2811203860942339,26.98755706504656,-0.2,0.0,0.0083333333333333
202001,NRP-S,2027-09-01,26.98755706504656,-5.397511413009312,0.0,0.2248963088753871,21.590045652037247,-0.2,0.0,0.0083333333333333
202001,NRP-S,2027-10-01,21.590045652037247,-4.318009130407449,0.0,0.17991704710030967,17.272036521629797,-0.2,0.0,0.0083333333333333
202001,NRP-S,2027-11-01,17.272036521629797,-3.4544073043259598,0.0,0.14393363768024775,13.817629217303837,-0.2,0.0,0.0083333333333333
202001,NRP-S,2027-12-01,13.817629217303837,-2.7635258434607675,0.0,0.11514691014419819,11.05410337384307,-0.2,0.0,0.0083333333333333
202101,NON PRIME,2025-10-01,832148.8999999999,-13334.100790022494,-17895.195797989476,6934.574166666638,800919.6034119879,-0.0160236957472665,-0.021504800160151,0.0083333333333333
202101,NON PRIME,2025-11-01,800919.6034119879,-12833.692043095041,-17223.616015722193,6674.330028433206,770862.2953531707,-0.0160236957472665,-0.021504800160151,0.0083333333333333
202101,NON PRIME,2025-12-01,770862.2953531707,-12352.062883778694,-16577.239612565234,6423.852461276397,741932.9928568267,-0.0160236957472665,-0.021504800160151,0.0083333333333333
202101,NON PRIME,2026-01-01,741932.9928568267,-11888.508542396641,-15955.120743608799,6182.774940473531,714089.3635708214,-0.0160236957472665,-0.021504800160151,0.0083333333333333
202101,NON PRIME,2026-02-01,714089.3635708214,-11442.350698218012,-15356.349060079925,5950.744696423488,687290.6638125235,-0.0160236957472665,-0.021504800160151,0.0083333333333333
202101,NON PRIME,2026-03-01,687290.6638125235,-11012.936486868703,-14780.048377225843,5727.422198437673,661497.678948429,-0.0160236957472665,-0.021504800160151,0.0083333333333333
202101,NON PRIME,2026-04-01,661497.678948429,-10599.637544992602,-14225.37539218969,5512.480657903553,636672.6660112466,-0.0160236957472665,-0.021504800160151,0.0083333333333333
202101,NON PRIME,2026-05-01,636672.6660112466,-10201.849090765238,-13691.51845000242,5305.605550093701,612779.298470479,-0.0160236957472665,-0.021504800160151,0.0083333333333333
202101,NON PRIME,2026-06-01,612779.298470479,-9818.989038914364,-13177.696355885175,5106.4941539206375,589782.6130756795,-0.0160236957472665,-0.021504800160151,0.0083333333333333
202101,NON PRIME,2026-07-01,589782.6130756795,-9450.497148952489,-12683.15723212415,4914.855108963977,567648.958694603,-0.0160236957472665,-0.021504800160151,0.0083333333333333
202101,NON PRIME,2026-08-01,567648.958694603,-9095.834205374966,-12207.177417845247,4730.4079891216725,546345.9470713828,-0.0160236957472665,-0.021504800160151,0.0083333333333333
202101,NON PRIME,2026-09-01,546345.9470713828,-8754.481228624005,-11749.060410078522,4552.882892261505,525842.4054326803,-0.0160236957472665,-0.021504800160151,0.0083333333333333
202101,NON PRIME,2026-10-01,525842.4054326803,-8425.938715664026,-11308.13584456289,4382.020045272318,506108.33087245334,-0.0160236957472665,-0.021504800160151,0.0083333333333333
202101,NON PRIME,2026-11-01,506108.33087245334,-8109.725909057077,-10883.75851479969,4217.569423937094,487114.84644859657,-0.0160236957472665,-0.021504800160151,0.0083333333333333
202101,NON PRIME,2026-12-01,487114.84644859657,-7805.380093468751,-10475.30742791971,4059.290387071622,468834.1589272081,-0.0160236957472665,-0.021504800160151,0.0083333333333333
202101,NON PRIME,2027-01-01,468834.1589272081,-7512.4559185751705,-10082.184895982085,3906.951324393385,451239.51811265084,-0.0160236957472665,-0.021504800160151,0.0083333333333333
202101,NON PRIME,2027-02-01,451239.51811265084,-7230.524747380268,-9703.815661375394,3760.329317605409,434305.17770389514,-0.0160236957472665,-0.021504800160151,0.0083333333333333
202101,NON PRIME,2027-03-01,434305.17770389514,-6959.174028989726,-9339.646055041134,3619.209814199112,418006.3576198643,-0.0160236957472665,-0.021504800160151,0.0083333333333333
202101,NON PRIME,2027-04-01,418006.3576198643,-6698.006694923779,-8989.143186287794,3483.386313498855,402319.2077386527,-0.0160236957472665,-0.021504800160151,0.0083333333333333
202101,NON PRIME,2027-05-01,402319.2077386527,-6446.640578085477,-8651.794163010003,3352.6600644887594,387220.7729975572,-0.0160236957472665,-0.021504800160151,0.0083333333333333
202101,NON PRIME,2027-06-01,387220.7729975572,-6204.707853534203,-8327.105341171662,3226.8397749796304,372688.9598028513,-0.0160236957472665,-0.021504800160151,0.0083333333333333
202101,NON PRIME,2027-07-01,372688.9598028513,-5971.854500246124,-8014.601602454867,3105.7413316904153,358702.50370015035,-0.0160236957472665,-0.021504800160151,0.0083333333333333
202101,NON PRIME,2027-08-01,358702.50370015035,-5747.739783073945,-7713.825659017559,2989.1875308345743,345240.93825805886,-0.0160236957472665,-0.021504800160151,0.0083333333333333
202101,NON PRIME,2027-09-01,345240.93825805886,-5532.035754147954,-7424.337384342586,2877.0078188171456,332284.5651195683,-0.0160236957472665,-0.021504800160151,0.0083333333333333
202101,NON PRIME,2027-10-01,332284.5651195683,-5324.426772988725,-7145.713169198999,2769.038042663058,319814.42517738056,-0.0160236957472665,-0.021504800160151,0.0083333333333333
202101,NON PRIME,2027-11-01,319814.42517738056,-5124.609044629273,-6877.545301773133,2665.120209811494,307812.2708309782,-0.0160236957472665,-0.021504800160151,0.0083333333333333
202101,NON PRIME,2027-12-01,307812.2708309782,-4932.290175070789,-6619.441371062463,2565.102256924808,296260.5392848449,-0.0160236957472665,-0.021504800160151,0.0083333333333333
202101,NRP-M,2025-10-01,3035583.9,-444402.88064408867,-40896.662124787326,30987.601764138763,2550284.357231124,-0.1463978250260481,-0.0134724202894828,0.010208119025845
202101,NRP-M,2025-11-01,2550284.357231124,-373356.0830965896,-34358.502718311196,26033.606268365922,2142569.771416223,-0.1463978250260481,-0.0134724202894828,0.010208119025845
202101,NRP-M,2025-12-01,2142569.771416223,-313667.55450189207,-28865.60046006045,21871.60724779432,1800036.6164542707,-0.1463978250260481,-0.0134724202894828,0.010208119025845
202101,NRP-M,2026-01-01,1800036.6164542707,-263521.44561615196,-24250.849833330485,18374.988031644498,1512264.3210047884,-0.1463978250260481,-0.0134724202894828,0.010208119025845
202101,NRP-M,2026-02-01,1512264.3210047884,-221392.20745959444,-20373.86052136584,15437.37418735555,1270498.2530238281,-0.1463978250260481,-0.0134724202894828,0.010208119025845
202101,NRP-M,2026-03-01,1270498.2530238281,-185998.18094208217,-17116.686441790673,12969.397388995374,1067383.3856399553,-0.1463978250260481,-0.0134724202894828,0.010208119025845
202101,NRP-M,2026-04-01,1067383.3856399553,-156262.606126629,-14380.237581352578,10895.976646822079,896740.5419319737,-0.1463978250260481,-0.0134724202894828,0.010208119025845
202101,NRP-M,2026-05-01,896740.5419319737,-131280.8649515206,-12081.265471526123,9154.034187342337,753378.411508927,-0.1463978250260481,-0.0134724202894828,0.010208119025845
202101,NRP-M,2026-06-01,753378.411508927,-110292.96086648596,-10149.83059687119,7690.576496185161,632935.6200455698,-0.1463978250260481,-0.0134724202894828,0.010208119025845
202101,NRP-M,2026-07-01,632935.6200455698,-92660.39815618459,-8527.17468943831,6461.082145122184,531748.047199947,-0.1463978250260481,-0.0134724202894828,0.010208119025845
202101,NRP-M,2026-08-01,531748.047199947,-77846.75757192059,-7163.933179989423,5428.147357577704,446737.35644803697,-0.1463978250260481,-0.0134724202894828,0.010208119025845
202101,NRP-M,2026-09-01,446737.35644803697,-65401.37734187899,-6018.633425080443,4560.348107912905,375317.3456810775,-0.1463978250260481,-0.0134724202894828,0.010208119025845
202101,NRP-M,2026-10-01,375317.3456810775,-54945.64310225919,-5056.433022948579,3831.2841371766517,315315.26955586975,-0.1463978250260481,-0.0134724202894828,0.010208119025845
202101,NRP-M,2026-11-01,315315.26955586975,-46161.46966048141,-4248.059835148238,3218.7758022927187,264905.7400602401,-0.1463978250260481,-0.0134724202894828,0.010208119025845
202101,NRP-M,2026-12-01,264905.7400602401,-38781.624181734805,-3568.921467188035,2704.189325164487,222555.19441131724,-0.1463978250260481,-0.0134724202894828,0.010208119025845
202101,NRP-M,2027-01-01,222555.19441131724,-32581.596410066137,-2998.3571167168193,2271.8699143708004,186975.2408845343,-0.1463978250260481,-0.0134724202894828,0.010208119025845
202101,NRP-M,2027-02-01,186975.2408845343,-27372.768599217245,-2519.0090289237337,1908.6655138353663,157083.46325639333,-0.1463978250260481,-0.0134724202894828,0.010208119025845
202101,NRP-M,2027-03-01,157083.46325639333,-22996.677368295124,-2116.2944375176594,1603.5266899132127,131970.49145058054,-0.1463978250260481,-0.0134724202894828,0.010208119025845
202101,NRP-M,2027-04-01,131970.49145058054,-19320.192915983665,-1777.9619266318175,1347.170484626786,110872.33660796504,-0.1463978250260481,-0.0134724202894828,0.010208119025845
202101,NRP-M,2027-05-01,110872.33660796504,-16231.468934961973,-1493.7187172595147,1131.798008767659,93147.14895574356,-0.1463978250260481,-0.0134724202894828,0.010208119025845
202101,NRP-M,2027-06-01,93147.14895574356,-13636.540014498183,-1254.917539498836,950.857183458344,78255.69140174653,-0.1463978250260481,-0.0134724202894828,0.010208119025845
202101,NRP-M,2027-07-01,78255.69140174653,-11456.463017125305,-1054.2935646083947,798.8434122788237,65744.93482001283,-0.1463978250260481,-0.0134724202894828,0.010208119025845
202101,NRP-M,2027-08-01,65744.93482001283,-9624.915464129175,-885.743393799865,671.1321199891123,55234.27596208379,-0.1463978250260481,-0.0134724202894828,0.010208119025845
202101,NRP-M,2027-09-01,55234.27596208379,-8086.177867737597,-744.1393801464698,563.8380633273207,46403.95871419972,-0.1463978250260481,-0.0134724202894828,0.010208119025845
202101,NRP-M,2027-10-01,46403.95871419972,-6793.438628357369,-625.1736348935065,473.697133824948,38985.34645094884,-0.1463978250260481,-0.0134724202894828,0.010208119025845
202101,NRP-M,2027-11-01,38985.34645094884,-5707.369928305873,-525.2269725182794,397.9670568350897,32752.74955012469,-0.1463978250260481,-0.0134724202894828,0.010208119025845
202101,NRP-M,2027-12-01,32752.74955012469,-4794.93129776113,-441.2588075754485,334.3439658313641,27516.55944478811,-0.1463978250260481,-0.0134724202894828,0.010208119025845
202101,NRP-S,2025-10-01,2237190.62,-181572.0855280716,-23417.37078938791,23819.26185674324,2032201.1636825406,-0.0811607575612272,-0.0104673113591849,0.0106469523176989
202101,NRP-S,2025-11-01,2032201.1636825406,-164934.98596128248,-21271.68232476303,21636.748889700226,1845994.4953964953,-0.0811607575612272,-0.0104673113591849,0.0106469523176989
202101,NRP-S,2025-12-01,1845994.4953964953,-149822.31170023492,-19322.599150656533,19654.215371221126,1676849.584545604,-0.0811607575612272,-0.0104673113591849,0.0106469523176989
202101,NRP-S,2026-01-01,1676849.584545604,-136094.38259795032,-17552.10670395868,17853.337570610256,1523203.095243695,-0.0811607575612272,-0.0104673113591849,0.0106469523176989
202101,NRP-S,2026-02-01,1523203.095243695,-123624.3171295844,-15943.841061189929,16217.470725230996,1383634.9370529205,-0.0811607575612272,-0.0104673113591849,0.0106469523176989
202101,NRP-S,2026-03-01,1383634.9370529205,-112296.85967939594,-14482.937693579119,14731.495199904763,1256855.1396799453,-0.0811607575612272,-0.0104673113591849,0.0106469523176989
202101,NRP-S,2026-04-01,1256855.1396799453,-102007.3152811464,-13155.894080421816,13381.676742427167,1141691.930318377,-0.0811607575612272,-0.0104673113591849,0.0106469523176989
202101,NRP-S,2026-05-01,1141691.930318377,-92660.58196617929,-11950.444910911283,12155.539543601375,1037080.9034412865,-0.0811607575612272,-0.0104673113591849,0.0106469523176989
202101,NRP-S,2026-06-01,1037080.9034412865,-84170.27177557674,-10855.448720984718,11041.750928535474,942055.182944725,-0.0811607575612272,-0.0104673113591849,0.0106469523176989
202101,NRP-S,2026-07-01,942055.182944725,-76457.91231227436,-9860.78491741633,10030.016613453601,855736.4857150344,-0.0811607575612272,-0.0104673113591849,0.0106469523176989
202101,NRP-S,2026-08-01,855736.4857150344,-69452.22145341447,-8957.260237393948,9110.985559923198,777327.004024226,-0.0811607575612272,-0.0104673113591849,0.0106469523176989
202101,NRP-S,2026-09-01,777327.004024226,-63088.44851940529,-8136.523779023948,8276.163547105674,706102.0317257968,-0.0811607575612272,-0.0104673113591849,0.0106469523176989
202101,NRP-S,2026-10-01,706102.0317257968,-57307.77581038735,-7390.989817426969,7517.834663214874,641403.2660979824,-0.0811607575612272,-0.0104673113591849,0.0106469523176989
202101,NRP-S,2026-11-01,641403.2660979824,-52056.77497875765,-6713.767693045706,6828.9899905615575,582632.7234261791,-0.0811607575612272,-0.0104673113591849,0.0106469523176989
202101,NRP-S,2026-12-01,582632.7234261791,-47286.913213229665,-6098.598124151679,6203.26282504958,529247.2120887978,-0.0811607575612272,-0.0104673113591849,0.0106469523176989
202101,NRP-S,2027-01-01,529247.2120887978,-42954.10467029431,-5539.795354914014,5634.869831384507,480753.31206358946,-0.0811607575612272,-0.0104673113591849,0.0106469523176989
202101,NRP-S,2027-02-01,480753.31206358946,-39018.30300714999,-5032.194604328974,5118.557590116856,436702.8144521105,-0.0811607575612272,-0.0104673113591849,0.0106469523176989
202101,NRP-S,2027-03-01,436702.8144521105,-35443.13125005333,-4571.104330302592,4649.55404247653,396688.5788717546,-0.0811607575612272,-0.0104673113591849,0.0106469523176989
202101,NRP-S,2027-04-01,396688.5788717546,-32195.545577118228,-4152.262867683232,4223.52438422331,360340.7704269531,-0.0811607575612272,-0.0104673113591849,0.0106469523176989
202101,NRP-S,2027-05-01,360340.7704269531,-29245.52990804777,-3771.799039467485,3836.5310008586553,327323.44147943787,-0.0811607575612272,-0.0104673113591849,0.0106469523176989
202101,NRP-S,2027-06-01,327323.44147943787,-26565.8184780192,-3426.196377125214,3484.9970738966813,297331.42662429344,-0.0811607575612272,-0.0104673113591849,0.0106469523176989
202101,NRP-S,2027-07-01,297331.42662429344,-24131.643831588095,-3112.2606193471183,3165.673521822241,270087.52217335824,-0.0811607575612272,-0.0104673113591849,0.0106469523176989
202101,NRP-S,2027-08-01,270087.52217335824,-21920.507907424504,-2827.0901888192966,2875.6089701851897,245339.92407711444,-0.0811607575612272,-0.0104673113591849,0.0106469523176989
202101,NRP-S,2027-09-01,245339.92407711444,-19911.974098112572,-2568.0493741539412,2612.1224732769056,222859.9006048479,-0.0811607575612272,-0.0104673113591849,0.0106469523176989
202101,NRP-S,2027-10-01,222859.9006048479,-18087.478363109254,-2332.7439691079426,2372.778735266932,202439.6782726307,-0.0811607575612272,-0.0104673113591849,0.0106469523176989
202101,NRP-S,2027-11-01,202439.6782726307,-16430.157649057815,-2118.999143932844,2155.365601779005,183890.52147964004,-0.0811607575612272,-0.0104673113591849,0.0106469523176989
202101,NRP-S,2027-12-01,183890.52147964004,-14924.69403161671,-1924.8393443302712,1957.8736138705128,167040.98810369306,-0.0811607575612272,-0.0104673113591849,0.0106469523176989
202101,PRIME,2025-10-01,3441726.03,-236122.29539272736,0.0,28681.050249999884,3205603.7346072723,-0.068605779,0.0,0.0083333333333333
202101,PRIME,2025-11-01,3205603.7346072723,-219922.9413780412,0.0,26713.364455060495,2985680.793229231,-0.068605779,0.0,0.0083333333333333
202101,PRIME,2025-12-01,2985680.793229231,-204834.95666482934,0.0,24880.67327691016,2780845.8365644016,-0.068605779,0.0,0.0083333333333333
202101,PRIME,2026-01-01,2780845.8365644016,-190782.09489640748,0.0,23173.715304703255,2590063.7416679943,-0.068605779,0.0,0.0083333333333333
202101,PRIME,2026-02-01,2590063.7416679943,-177693.34065678754,0.0,21583.864513899865,2412370.4010112067,-0.068605779,0.0,0.0083333333333333
202101,PRIME,2026-03-01,2412370.4010112067,-165502.55059791624,0.0,20103.08667509331,2246867.8504132903,-0.068605779,0.0,0.0083333333333333
202101,PRIME,2026-04-01,2246867.8504132903,-154148.11918765926,0.0,18723.898753444013,2092719.731225631,-0.068605779,0.0,0.0083333333333333
202101,PRIME,2026-05-01,2092719.731225631,-143572.66738940505,0.0,17439.331093546854,1949147.063836226,-0.068605779,0.0,0.0083333333333333
202101,PRIME,2026-06-01,1949147.063836226,-133722.752700047,0.0,16242.892198635152,1815424.311136179,-0.068605779,0.0,0.0083333333333333
202101,PRIME,2026-07-01,1815424.311136179,-124548.59908103594,0.0,15128.535926134764,1690875.712055143,-0.068605779,0.0,0.0083333333333333
202101,PRIME,2026-08-01,1690875.712055143,-116003.84541772278,0.0,14090.630933792801,1574871.8666374201,-0.068605779,0.0,0.0083333333333333
202101,PRIME,2026-09-01,1574871.8666374201,-108045.31123584433,0.0,13123.93222197845,1466826.5554015758,-0.068605779,0.0,0.0083333333333333
202101,PRIME,2026-10-01,1466826.5554015758,-100632.77849121176,0.0,12223.554628346415,1366193.776910364,-0.068605779,0.0,0.0083333333333333
202101,PRIME,2026-11-01,1366193.776910364,-93728.78832988774,0.0,11384.948140919654,1272464.9885804763,-0.068605779,0.0,0.0083333333333333
202101,PRIME,2026-12-01,1272464.9885804763,-87298.45179178969,0.0,10603.87490483726,1185166.5367886866,-0.068605779,0.0,0.0083333333333333
202101,PRIME,2027-01-01,1185166.5367886866,-81309.27350112001,0.0,9876.38780657235,1103857.2632875666,-0.068605779,0.0,0.0083333333333333
202101,PRIME,2027-02-01,1103857.2632875666,-75730.9874526516,0.0,9198.810527396352,1028126.275834915,-0.068605779,0.0,0.0083333333333333
202101,PRIME,2027-03-01,1028126.275834915,-70535.40406402323,0.0,8567.718965290924,957590.8717708918,-0.068605779,0.0,0.0083333333333333
202101,PRIME,2027-04-01,957590.8717708918,-65696.26772113115,0.0,7979.923931424067,891894.6040497606,-0.068605779,0.0,0.0083333333333333
202101,PRIME,2027-05-01,891894.6040497606,-61189.12409673039,0.0,7432.455033747976,830705.4799530302,-0.068605779,0.0,0.0083333333333333
202101,PRIME,2027-06-01,830705.4799530302,-56991.19657174653,0.0,6922.545666275225,773714.2833812837,-0.068605779,0.0,0.0083333333333333
202101,PRIME,2027-07-01,773714.2833812837,-53081.27113479973,0.0,6447.619028177339,720633.012246484,-0.068605779,0.0,0.0083333333333333
202101,PRIME,2027-08-01,720633.012246484,-49439.58917828658,0.0,6005.27510205401,671193.4230681974,-0.068605779,0.0,0.0083333333333333
202101,PRIME,2027-09-01,671193.4230681974,-46047.74764927026,0.0,5593.27852556829,625145.6754189272,-0.068605779,0.0,0.0083333333333333
202101,PRIME,2027-10-01,625145.6754189272,-42888.60605059666,0.0,5209.547295157706,582257.0693683305,-0.068605779,0.0,0.0083333333333333
202101,PRIME,2027-11-01,582257.0693683305,-39946.19982227136,0.0,4852.142244736068,542310.8695460592,-0.068605779,0.0,0.0083333333333333
202101,PRIME,2027-12-01,542310.8695460592,-37205.65966537477,0.0,4519.257246217142,505105.2098806844,-0.068605779,0.0,0.0083333333333333
202201,NON PRIME,2025-10-01,1301210.18,-23147.93209152444,13469.349773005684,13267.117852058916,1291531.5976814812,-0.0177895411881303,0.0103514020870984,0.01019598375111
202201,NON PRIME,2025-11-01,1291531.5976814812,-22975.754552726437,13369.162875793616,13168.435184005519,1281925.0060045484,-0.0177895411881303,0.0103514020870984,0.01019598375111
202201,NON PRIME,2025-12-01,1281925.0060045484,-22804.857694412094,13269.721182659112,13070.486531363964,1272389.8694927953,-0.0177895411881303,0.0103514020870984,0.01019598375111
202201,NON PRIME,2026-01-01,1272389.8694927953,-22635.231990701817,13171.019150670583,12973.266434425514,1262925.6566527642,-0.0177895411881303,0.0103514020870984,0.01019598375111
202201,NON PRIME,2026-02-01,1262925.6566527642,-22466.86798657085,13073.051278125542,12876.76947409151,1253531.8399443189,-0.0177895411881303,0.0103514020870984,0.01019598375111
202201,NON PRIME,2026-03-01,1253531.8399443189,-22299.756297322216,12975.81210424392,12780.990271571296,1244207.8957512407,-0.0177895411881303,0.0103514020870984,0.01019598375111
202201,NON PRIME,2026-04-01,1244207.8957512407,-22133.887608063626,12879.296208863701,12685.923488082413,1234953.3043520406,-0.0177895411881303,0.0103514020870984,0.01019598375111
202201,NON PRIME,2026-05-01,1234953.3043520406,-21969.25267318824,12783.49821213878,12591.563824553008,1225767.5498909913,-0.0177895411881303,0.0103514020870984,0.01019598375111
202201,NON PRIME,2026-06-01,1225767.5498909913,-21805.84231585935,12688.412774239101,12497.906021326462,1216650.120349371,-0.0177895411881303,0.0103514020870984,0.01019598375111
202201,NON PRIME,2026-07-01,1216650.120349371,-21643.64742749882,12594.034595053,12404.944857868213,1207600.5075169252,-0.0177895411881303,0.0103514020870984,0.01019598375111
202201,NON PRIME,2026-08-01,1207600.5075169252,-21482.658967279393,12500.358413891787,12312.675152474758,1198618.2069635377,-0.0177895411881303,0.0103514020870984,0.01019598375111
202201,NON PRIME,2026-09-01,1198618.2069635377,-21322.86796162074,12407.379009196507,12221.091761984833,1189702.7180111136,-0.0177895411881303,0.0103514020870984,0.01019598375111
202201,NON PRIME,2026-10-01,1189702.7180111136,-21164.265503689272,12315.09119824688,12130.189581492716,1180853.5437056713,-0.0177895411881303,0.0103514020870984,0.01019598375111
202201,NON PRIME,2026-11-01,1180853.5437056713,-21006.842752901663,12223.489836872428,12039.963544063687,1172070.190789642,-0.0177895411881303,0.0103514020870984,0.01019598375111
202201,NON PRIME,2026-12-01,1172070.190789642,-20850.590934432075,12132.569819165721,11950.408620451588,1163352.1696743756,-0.0177895411881303,0.0103514020870984,0.01019598375111
202201,NON PRIME,2027-01-01,1163352.1696743756,-20695.50133872305,12042.326077197784,11861.519818818497,1154698.9944128501,-0.0177895411881303,0.0103514020870984,0.01019598375111
202201,NON PRIME,2027-02-01,1154698.9944128501,-20541.565321000035,11952.753580735602,11773.292184456475,1146110.1826725856,-0.0177895411881303,0.0103514020870984,0.01019598375111
202201,NON PRIME,2027-03-01,1146110.1826725856,-20388.7743007895,11863.847336961731,11685.720799511395,1137585.2557087578,-0.0177895411881303,0.0103514020870984,0.01019598375111
202201,NON PRIME,2027-04-01,1137585.2557087578,-20237.119761440685,11775.602390196003,11598.800782708808,1129123.738337513,-0.0177895411881303,0.0103514020870984,0.01019598375111
202201,NON PRIME,2027-05-01,1129123.738337513,-20086.593249650847,11688.01382161928,11512.527289081861,1120725.1589094815,-0.0177895411881303,0.0103514020870984,0.01019598375111
202201,NON PRIME,2027-06-01,1120725.1589094815,-19937.186374994093,11601.076748999294,11426.895509701246,1112389.0492834868,-0.0177895411881303,0.0103514020870984,0.01019598375111
202201,NON PRIME,2027-07-01,1112389.0492834868,-19788.890809453693,11514.78632641849,11341.900671407131,1104114.9448004514,-0.0177895411881303,0.0103514020870984,0.01019598375111
202201,NON PRIME,2027-08-01,1104114.9448004514,-19641.698286957842,11429.137744003929,11257.538036543116,1095902.3842574975,-0.0177895411881303,0.0103514020870984,0.01019598375111
202201,NON PRIME,2027-09-01,1095902.3842574975,-19495.60060291895,11344.126227659173,11173.80290269215,1087750.9098822377,-0.0177895411881303,0.0103514020870984,0.01019598375111
202201,NON PRIME,2027-10-01,1087750.9098822377,-19350.589613776276,11259.74703879818,11090.690602414412,1079660.0673072597,-0.0177895411881303,0.0103514020870984,0.01019598375111
202201,NON PRIME,2027-11-01,1079660.0673072597,-19206.657236542025,11175.995474081166,11008.196502987148,1071629.4055447988,-0.0177895411881303,0.0103514020870984,0.01019598375111
202201,NON PRIME,2027-12-01,1071629.4055447988,-19063.795448350786,11092.86686515245,10926.316006146437,1063658.4769616006,-0.0177895411881303,0.0103514020870984,0.01019598375111
202201,NRP-M,2025-10-01,194456.57,-11075.691507435997,-1990.7024199615391,2189.8642195374896,181390.17607260248,-0.0569571473333917,-0.0102372597642833,0.0112614565789034
202201,NRP-M,2025-11-01,181390.17607260248,-10331.466983397082,-1856.9383511443168,2042.7175916812553,169201.77073806108,-0.0569571473333917,-0.0102372597642833,0.0112614565789034
202201,NRP-M,2025-12-01,169201.77073806108,-9637.25018499851,-1732.1624796222402,1905.4583942402428,157832.35807344035,-0.0569571473333917,-0.0102372597642833,0.0112614565789034
202201,NRP-M,2026-01-01,157832.35807344035,-8989.680872765577,-1615.7708488071853,1777.422247189982,147226.9063518676,-0.0569571473333917,-0.0102372597642833,0.0112614565789034
202201,NRP-M,2026-02-01,147226.9063518676,-8385.624596522786,-1507.2000846158796,1657.9894131278343,137334.08167072895,-0.0569571473333917,-0.0102372597642833,0.0112614565789034
202201,NRP-M,2026-03-01,137334.08167072895,-7822.157523615758,-1405.9246685525502,1546.5817975384873,128105.99947856065,-0.0569571473333917,-0.0102372597642833,0.0112614565789034
202201,NRP-M,2026-04-01,128105.99947856065,-7296.55228659178,-1311.4543940251665,1442.6601506248326,119497.99279794372,-0.0569571473333917,-0.0102372597642833,0.0112614565789034
202201,NRP-M,2026-05-01,119497.99279794372,-6806.2647818370615,-1223.3319935830048,1345.7214571601544,111468.39602252365,-0.0569571473333917,-0.0102372597642833,0.0112614565789034
202201,NRP-M,2026-06-01,111468.39602252365,-6348.921855271733,-1141.130925590578,1255.2965017276586,103978.34324166134,-0.0569571473333917,-0.0102372597642833,0.0112614565789034
202201,NRP-M,2026-07-01,103978.34324166134,-5922.309815497279,-1064.453309624698,1170.947597562283,96991.58011653935,-0.0569571473333917,-0.0102372597642833,0.0112614565789034
202201,NRP-M,2026-08-01,96991.58011653935,-5524.363718796197,-992.9280006013084,1092.2664680016383,90474.28839714183,-0.0569571473333917,-0.0102372597642833,0.0112614565789034
202201,NRP-M,2026-09-01,90474.28839714183,-5153.157374119779,-926.2087923102235,1018.8722702915965,84394.92223071183,-0.0569571473333917,-0.0102372597642833,0.0112614565789034
202201,NRP-M,2026-10-01,84394.92223071183,-4806.894019684789,-863.9727416622844,950.4097521810907,78724.05546936477,-0.0569571473333917,-0.0102372597642833,0.0112614565789034
202201,NRP-M,2026-11-01,78724.05546936477,-4483.897626050711,-805.9186055377346,886.5475323834341,73434.23923777633,-0.0569571473333917,-0.0102372597642833,0.0112614565789034
202201,NRP-M,2026-12-01,73434.23923777633,-4182.604783581561,-751.7653826696416,826.9764965810225,68499.86907152513,-0.0569571473333917,-0.0102372597642833,0.0112614565789034
202201,NRP-M,2027-01-01,68499.86907152513,-3901.5571350248983,-701.2509535045982,771.4083012095482,63897.06098299563,-0.0569571473333917,-0.0102372597642833,0.0112614565789034
202201,NRP-M,2027-02-01,63897.06098299563,-3639.3943165791966,-654.1308114571775,719.5739777795479,59603.53585495926,-0.0569571473333917,-0.0102372597642833,0.0112614565789034
202201,NRP-M,2027-03-01,59603.53585495926,-3394.8473732820094,-610.1768794169915,671.2226309797356,55598.51160226026,-0.0569571473333917,-0.0102372597642833,0.0112614565789034
202201,NRP-M,2027-04-01,55598.51160226026,-3166.7326168472255,-569.1764057798572,626.1202242605109,51862.602579633174,-0.0569571473333917,-0.0102372597642833,0.0112614565789034
202201,NRP-M,2027-05-01,51862.602579633174,-2953.945896221307,-530.930934659494,584.0484470194625,48377.72574875237,-0.0569571473333917,-0.0102372597642833,0.0112614565789034
202201,NRP-M,2027-06-01,48377.72574875237,-2755.457253126106,-495.2553452952348,544.8036579056718,45127.013150331026,-0.0569571473333917,-0.0102372597642833,0.0112614565789034
202201,NRP-M,2027-07-01,45127.013150331026,-2570.305936719309,-461.9769560061672,508.1958991280556,42094.73025760555,-0.0569571473333917,-0.0102372597642833,0.0112614565789034
202201,NRP-M,2027-08-01,42094.73025760555,-2397.595753241821,-430.9346883545441,474.0479769966761,39266.19981600919,-0.0569571473333917,-0.0102372597642833,0.0112614565789034
202201,NRP-M,2027-09-01,39266.19981600919,-2236.4907281428336,-401.9782874727392,442.1946042465322,36627.73080039362,-0.0569571473333917,-0.0102372597642833,0.0112614565789034
202201,NRP-M,2027-10-01,36627.73080039362,-2086.211059685829,-374.9675947798698,412.48159999239545,34166.552145927926,-0.0569571473333917,-0.0102372597642833,0.0112614565789034
202201,NRP-M,2027-11-01,34166.552145927926,-1946.0293444496274,-349.7718695677952,384.7651434422061,31870.750931910505,-0.0569571473333917,-0.0102372597642833,0.0112614565789034
202201,NRP-M,2027-12-01,31870.750931910505,-1815.2670564546574,-326.26915617274193,358.9110777567552,29729.214719283107,-0.0569571473333917,-0.0102372597642833,0.0112614565789034
202201,NRP-S,2025-10-01,469898.68,-26223.601042715833,-5854.788479390466,4612.575372436444,437820.2904778937,-0.0558069263840363,-0.0124596827541428,0.0098161062560049
202201,NRP-S,2025-11-01,437820.2904778937,-24433.404720137205,-5455.101922681203,4297.690492365935,407931.78383507533,-0.0558069263840363,-0.0124596827541428,0.0098161062560049
202201,NRP-S,2025-12-01,407931.78383507533,-22765.419030192657,-5082.700611916597,4004.3017353267214,380083.66419296607,-0.0558069263840363,-0.0124596827541428,0.0098161062560049
202201,NRP-S,2026-01-01,380083.66419296607,-21211.301067391632,-4735.721875876503,3730.9416338898395,354136.64124969795,-0.0558069263840363,-0.0124596827541428,0.0098161062560049
202201,NRP-S,2026-02-01,354136.64124969795,-19763.277468111766,-4412.430201588917,3476.242899651723,329960.9335799973,-0.0558069263840363,-0.0124596827541428,0.0098161062560049
202201,NRP-S,2026-03-01,329960.9335799973,-18414.1055299068,-4111.20855366755,3238.9315843518284,307435.61949642294,-0.0558069263840363,-0.0124596827541428,0.0098161062560049
202201,NRP-S,2026-04-01,307435.61949642294,-17157.036985067472,-3830.550286248789,3017.820707857579,286448.03222510667,-0.0558069263840363,-0.0124596827541428,0.0098161062560049
202201,NRP-S,2026-05-01,286448.03222510667,-15985.784247238586,-3569.0516070733024,2811.8043211451627,266893.1963707948,-0.0558069263840363,-0.0124596827541428,0.0098161062560049
202201,NRP-S,2026-06-01,266893.1963707948,-14894.48896226509,-3325.4045560192394,2619.851974580503,248673.30285251047,-0.0558069263840363,-0.0124596827541428,0.0098161062560049
202201,NRP-S,2026-07-01,248673.30285251047,-13877.692705965217,-3098.3904629671542,2441.003563831929,231697.2196835781,-0.0558069263840363,-0.0124596827541428,0.0098161062560049
202201,NRP-S,2026-08-01,231697.2196835781,-12930.309682267329,-2886.873852274314,2274.3645276349125,215880.03614903643,-0.0558069263840363,-0.0124596827541428,0.0098161062560049
202201,NRP-S,2026-09-01,215880.03614903643,-12047.601285152372,-2689.7967633698736,2119.1013733891205,201142.6381005142,-0.0558069263840363,-0.0124596827541428,0.0098161062560049
202201,NRP-S,2026-10-01,201142.6381005142,-11225.15239716625,-2506.173459063763,1974.4375082077868,187411.3122442842,-0.0558069263840363,-0.0124596827541428,0.0098161062560049
202201,NRP-S,2026-11-01,187411.3122442842,-10458.84930595241,-2335.0854951013794,1839.6493545672058,174617.37744323042,-0.0558069263840363,-0.0124596827541428,0.0098161062560049
202201,NRP-S,2026-12-01,174617.37744323042,-9744.859128347842,-2175.677126303062,1714.062731127663,162696.84118857954,-0.0558069263840363,-0.0124596827541428,0.0098161062560049
202201,NRP-S,2027-01-01,162696.84118857954,-9079.610639126304,-2027.1510263108544,1597.0494806234512,151590.07952314237,-0.0558069263840363,-0.0124596827541428,0.0098161062560049
202201,NRP-S,2027-02-01,151590.07952314237,-8459.776408498215,-1888.7642995336325,1488.024327955398,141241.53881511054,-0.0558069263840363,-0.0124596827541428,0.0098161062560049
202201,NRP-S,2027-03-01,141241.53881511054,-7882.25615902288,-1759.8247653432238,1386.4419527707655,131599.45789074444,-0.0558069263840363,-0.0124596827541428,0.0098161062560049
202201,NRP-S,2027-04-01,131599.45789074444,-7344.16125868786,-1639.6874959358502,1291.7942618881898,122615.60913612072,-0.0558069263840363,-0.0124596827541428,0.0098161062560049
202201,NRP-S,2027-05-01,122615.60913612072,-6842.800272593258,-1527.7515905420378,1203.607847924926,114245.05727298542,-0.0558069263840363,-0.0124596827541428,0.0098161062560049
202201,NRP-S,2027-06-01,114245.05727298542,-6375.665500973509,-1423.457169850273,1121.44162141499,106445.93460216164,-0.0558069263840363,-0.0124596827541428,0.0098161062560049
202201,NRP-S,2027-07-01,106445.93460216164,-5940.420436222777,-1326.2825756111656,1044.8846045745672,99179.23159032769,-0.0558069263840363,-0.0124596827541428,0.0098161062560049
202201,NRP-S,2027-08-01,99179.23159032769,-5534.888076186705,-1235.7417614151407,973.5538756795744,92408.60175272585,-0.0558069263840363,-0.0124596827541428,0.0098161062560049
202201,NRP-S,2027-09-01,92408.60175272585,-5157.0400352661,-1151.3818615928885,907.0926537735976,86100.17985586687,-0.0558069263840363,-0.0124596827541428,0.0098161062560049
202201,NRP-S,2027-10-01,86100.17985586687,-4804.9863988686475,-1072.7809260787378,845.1685141263217,80222.4125309195,-0.0558069263840363,-0.0124596827541428,0.0098161062560049
202201,NRP-S,2027-11-01,80222.4125309195,-4476.966270462815,-999.5458099072268,787.4717255165647,74745.90045054945,-0.0558069263840363,-0.0124596827541428,0.0098161062560049
202201,NRP-S,2027-12-01,74745.90045054945,-4171.338963952319,-931.3102067865856,733.7137010233579,69643.25127981055,-0.0558069263840363,-0.0124596827541428,0.0098161062560049
202201,PRIME,2025-10-01,114921.47,-9135.257255642873,-917.3052598033702,1023.9632682193607,104868.90748455375,-0.079491301804988,-0.0079820181538173,0.0089101128641964
202201,PRIME,2025-11-01,104868.90748455375,-8336.165974814026,-837.065523312695,934.3938016323445,95695.67598642704,-0.079491301804988,-0.0079820181538173,0.0089101128641964
202201,PRIME,2025-12-01,95695.67598642704,-7606.973861269415,-763.8446229654788,852.659273654634,87324.85750219214,-0.079491301804988,-0.0079820181538173,0.0089101128641964
202201,PRIME,2026-01-01,87324.85750219214,-6941.566602784325,-697.0285978620064,778.0743361943997,79686.26230154581,-0.079491301804988,-0.0079820181538173,0.0089101128641964
202201,PRIME,2026-02-01,79686.26230154581,-6334.364726323615,-636.0571923007858,710.0135908327319,72715.84038292141,-0.079491301804988,-0.0079820181538173,0.0089101128641964
202201,PRIME,2026-03-01,72715.84038292141,-5780.276813882139,-580.4191580065598,647.9063448267201,66355.14441103271,-0.079491301804988,-0.0079820181538173,0.0089101128641964
202201,PRIME,2026-04-01,66355.14441103271,-5274.6568106909635,-529.6479672880316,591.2318258223524,60550.83963305372,-0.079491301804988,-0.0079820181538173,0.0089101128641964
202201,PRIME,2026-05-01,60550.83963305372,-4813.265067816502,-483.3179011799148,539.5148151523651,55254.256664057306,-0.079491301804988,-0.0079820181538173,0.0089101128641964
202201,PRIME,2026-06-01,55254.256664057306,-4392.232792492849,-441.04047976818595,492.32166310402664,50420.983391796275,-0.079491301804988,-0.0079820181538173,0.0089101128641964
202201,PRIME,2026-07-01,50420.983391796275,-4008.029608101565,-402.46120476663845,449.256652744677,46010.492578928075,-0.079491301804988,-0.0079820181538173,0.0089101128641964
202201,PRIME,2026-08-01,46010.492578928075,-3657.433951787732,-367.25658703108,409.95868181552004,41985.802040109265,-0.079491301804988,-0.0079820181538173,0.0089101128641964
202201,PRIME,2026-09-01,41985.802040109265,-3337.506061494806,-335.1314340867316,374.09823487118103,38313.164544527725,-0.079491301804988,-0.0079820181538173,0.0089101128641964
202201,PRIME,2026-10-01,38313.164544527725,-3045.5633259132187,-305.8163749246096,341.37462027626987,34961.7848436899,-0.079491301804988,-0.0079820181538173,0.0089101128641964
202201,PRIME,2026-11-01,34961.7848436899,-2779.1577906508087,-279.0656013121873,311.5134488910281,31903.561451726902,-0.079491301804988,-0.0079820181538173,0.0089101128641964
202201,PRIME,2026-12-01,31903.561451726902,-2536.055632013204,-254.65480667910992,284.26433330471224,29112.851013034586,-0.079491301804988,-0.0079820181538173,0.0089101128641964
202201,PRIME,2027-01-01,29112.851013034586,-2314.2184262807828,-232.37930529542044,259.39878832467264,26566.253281458383,-0.079491301804988,-0.0079820181538173,0.0089101128641964
202201,PRIME,2027-02-01,26566.253281458383,-2111.786057424161,-212.05231597150922,236.70831511662215,24242.414908062714,-0.079491301804988,-0.0079820181538173,0.0089101128641964
202201,PRIME,2027-03-01,24242.414908062714,-1927.0611199385535,-193.50339588852773,216.00265293151617,22121.850392235632,-0.079491301804988,-0.0079820181538173,0.0089101128641964
202201,PRIME,2027-04-01,22121.850392235632,-1758.4946860139946,-176.57701142685517,197.10818375968688,20186.778694794782,-0.079491301804988,-0.0079820181538173,0.0089101128641964
202201,PRIME,2027-05-01,20186.778694794782,-1604.6733176984337,-161.13123400894423,179.8664765351768,18420.974143087406,-0.079491301804988,-0.0079820181538173,0.0089101128641964
202201,PRIME,2027-06-01,18420.974143087406,-1464.307215150041,-147.03655002112274,164.13295868335234,16809.63037791624,-0.079491301804988,-0.0079820181538173,0.0089101128641964
202201,PRIME,2027-07-01,16809.63037791624,-1336.2194016012343,-134.17477483548618,149.77570387265808,15339.23620147952,-0.079491301804988,-0.0079820181538173,0.0089101128641964
202201,PRIME,2027-08-01,15339.23620147952,-1219.3358543498061,-122.43806182590104,136.6743258057498,13997.462285303814,-0.079491301804988,-0.0079820181538173,0.0089101128641964
202201,PRIME,2027-09-01,13997.462285303814,-1112.6764990250224,-111.72799806866803,124.71896877438945,12773.057788210124,-0.079491301804988,-0.0079820181538173,0.0089101128641964
202201,PRIME,2027-10-01,12773.057788210124,-1015.3469916151633,-101.95477914525065,113.80938651385505,11655.75601744971,-0.079491301804988,-0.0079820181538173,0.0089101128641964
202201,PRIME,2027-11-01,11655.75601744971,-926.5312193483999,-93.03645612774882,103.85410163301326,10636.18834197356,-0.079491301804988,-0.0079820181538173,0.0089101128641964
202201,PRIME,2027-12-01,10636.18834197356,-845.4844575465152,-84.89824843305288,94.76963857183439,9705.805635993991,-0.079491301804988,-0.0079820181538173,0.0089101128641964
202301,NON PRIME,2025-10-01,7243912.09,-561611.633026242,-136932.82770767497,111906.02525718986,6545367.629266082,-0.0775287753424741,-0.0189031597852639,0.0154482859353957
202301,NON PRIME,2025-11-01,6545367.629266082,-507454.3364632724,-123728.1301493107,101114.71068918551,5914185.162653499,-0.0775287753424741,-0.0189031597852639,0.0154482859353957
202301,NON PRIME,2025-12-01,5914185.162653499,-458519.5328091568,-111796.78712927605,91364.02346754598,5343868.842715066,-0.0775287753424741,-0.0189031597852639,0.0154482859353957
202301,NON PRIME,2026-01-01,5343868.842715066,-414303.60696650343,-101016.00660533617,82553.61388351445,4828549.2291432265,-0.0775287753424741,-0.0189031597852639,0.0154482859353957
202301,NON PRIME,2026-02-01,4828549.2291432265,-374351.5084163217,-91274.83760950723,74592.80914493905,4362922.883117397,-0.0775287753424741,-0.0189031597852639,0.0154482859353957
202301,NON PRIME,2026-03-01,4362922.883117397,-338252.0680417481,-82473.02839035241,67399.68021247855,3942197.786685297,-0.0775287753424741,-0.0189031597852639,0.0154482859353957
202301,NON PRIME,2026-04-01,3942197.786685297,-305633.766559523,-74519.99466682585,60900.198622598524,3562044.0254589478,-0.0775287753424741,-0.0189031597852639,0.0154482859353957
202301,NON PRIME,2026-05-01,3562044.0254589478,-276160.9110098088,-67333.88737539512,55027.47461975774,3218549.2270737435,-0.0775287753424741,-0.0189031597852639,0.0154482859353957
202301,NON PRIME,2026-06-01,3218549.2270737435,-249530.1799544939,-60840.75031611259,49721.06875698201,2908178.296803137,-0.0775287753424741,-0.0189031597852639,0.0154482859353957
202301,NON PRIME,2026-07-01,2908178.296803137,-225467.50182870936,-54973.75902850631,44926.36988012692,2627737.035945921,-0.0775287753424741,-0.0189031597852639,0.0154482859353957
202301,NON PRIME,2026-08-01,2627737.035945921,-203725.2343189501,-49672.53306414149,40594.033094321756,2374339.2685628296,-0.0775287753424741,-0.0189031597852639,0.0154482859353957
202301,NON PRIME,2026-09-01,2374339.2685628296,-184079.6157392219,-44882.51457806978,36679.47192839687,2145377.1382455383,-0.0775287753424741,-0.0189031597852639,0.0154482859353957
202301,NON PRIME,2026-10-01,2145377.1382455383,-166328.46217591834,-40554.40684390761,33142.39947087802,1938494.2692257124,-0.0775287753424741,-0.0189031597852639,0.0154482859353957
202301,NON PRIME,2026-11-01,1938494.2692257124,-150289.08670147375,-36643.66691399201,29946.413755124737,1751561.5156102467,-0.0775287753424741,-0.0189031597852639,0.0154482859353957
202301,NON PRIME,2026-12-01,1751561.5156102467,-135796.41924227026,-33110.0472032995,27058.623126582148,1582655.0491646768,-0.0775287753424741,-0.0189031597852639,0.0154482859353957
202301,NON PRIME,2027-01-01,1582655.0491646768,-122701.30775132052,-29917.181279314576,24449.307736593666,1430036.5601340416,-0.0775287753424741,-0.0189031597852639,0.0154482859353957
202301,NON PRIME,2027-02-01,1430036.5601340416,-110868.98320215657,-27032.209594982935,22091.61367902036,1292135.367336902,-0.0775287753424741,-0.0189031597852639,0.0154482859353957
202301,NON PRIME,2027-03-01,1292135.367336902,-100177.67260632792,-24425.441312960123,19961.27662185802,1167532.2534176141,-0.0775287753424741,-0.0189031597852639,0.0154482859353957
202301,NON PRIME,2027-04-01,1167532.2534176141,-90517.34578030674,-22070.048740802384,18036.372089592176,1054944.858896505,-0.0775287753424741,-0.0189031597852639,0.0154482859353957
202301,NON PRIME,2027-05-01,1054944.858896505,-81788.58296408519,-19941.791232363314,16297.08982630888,953214.4847000566,-0.0775287753424741,-0.0189031597852639,0.0154482859353957
202301,NON PRIME,2027-06-01,953214.4847000566,-73901.5516375029,-18018.76571391316,14725.529917407344,861294.1673486406,-0.0775287753424741,-0.0189031597852639,0.0154482859353957
202301,NON PRIME,2027-07-01,861294.1673486406,-66775.08200415605,-16281.181267507178,13305.518571690354,778237.9040769774,-0.0775287753424741,-0.0189031597852639,0.0154482859353957
202301,NON PRIME,2027-08-01,778237.9040769774,-60335.83162818189,-14711.155451715982,12022.441667944197,703190.9169970795,-0.0775287753424741,-0.0189031597852639,0.0154482859353957
202301,NON PRIME,2027-09-01,703190.9169970795,-54517.53062673493,-13292.530263542038,10863.094352943988,635380.8561068025,-0.0775287753424741,-0.0189031597852639,0.0154482859353957
202301,NON PRIME,2027-10-01,635380.8561068025,-49260.29965001315,-12010.705847484656,9815.545143014395,574109.8506093047,-0.0775287753424741,-0.0189031597852639,0.0154482859353957
202301,NON PRIME,2027-11-01,574109.8506093047,-44510.03362979015,-10852.490240361674,8869.013130539848,518747.3267391529,-0.0775287753424741,-0.0189031597852639,0.0154482859353957
202301,NON PRIME,2027-12-01,518747.3267391529,-40217.84495426879,-9805.963605528706,8013.757031688573,468723.5181793554,-0.0775287753424741,-0.0189031597852639,0.0154482859353957
202301,NRP-L,2025-10-01,1160678.27,-43145.2433508788,0.0,12008.559083856813,1117533.0266491212,-0.03717244,0.0,0.0103461565484954
202301,NRP-L,2025-11-01,1117533.0266491212,-41541.42938113286,0.0,11562.171641825691,1075991.5972679884,-0.03717244,0.0,0.0103461565484954
202301,NRP-L,2025-12-01,1075991.5972679884,-39997.233089948466,0.0,11132.377510200224,1035994.36417804,-0.03717244,0.0,0.0103461565484954
202301,NRP-L,2026-01-01,1035994.36417804,-38510.43834274634,0.0,10718.559875144956,997483.9258352936,-0.03717244,0.0,0.0103461565484954
202301,NRP-L,2026-02-01,997483.9258352936,-37078.9113840769,0.0,10320.124851299723,960405.0144512167,-0.03717244,0.0,0.0103461565484954
202301,NRP-L,2026-03-01,960405.0144512167,-35700.59777538699,0.0,9936.500629472275,924704.4166758297,-0.03717244,0.0,0.0103461565484954
202301,NRP-L,2026-04-01,924704.4166758297,-34373.519446617276,0.0,9567.136656013256,890330.8972292125,-0.03717244,0.0,0.0103461565484954
202301,NRP-L,2026-05-01,890330.8972292125,-33095.771857399064,0.0,9211.502842695802,857235.1253718134,-0.03717244,0.0,0.0103461565484954
202301,NRP-L,2026-06-01,857235.1253718134,-31865.521263776212,0.0,8869.088805965863,825369.6041080372,-0.03717244,0.0,0.0103461565484954
202301,NRP-L,2026-07-01,825369.6041080372,-30681.002086529767,0.0,8539.403134471426,794688.6020215075,-0.03717244,0.0,0.0103461565484954
202301,NRP-L,2026-08-01,794688.6020215075,-29540.514377328367,0.0,8221.972683819475,765148.0876441791,-0.03717244,0.0,0.0103461565484954
202301,NRP-L,2026-09-01,765148.0876441791,-28442.42137906799,0.0,7916.3418975485565,736705.6662651112,-0.03717244,0.0,0.0103461565484954
202301,NRP-L,2026-10-01,736705.6662651112,-27385.14717689987,0.0,7622.072153342448,709320.5190882114,-0.03717244,0.0,0.0103461565484954
202301,NRP-L,2026-11-01,709320.5190882114,-26367.17443657539,0.0,7338.741133546655,682953.344651636,-0.03717244,0.0,0.0103461565484954
202301,NRP-L,2026-12-01,682953.344651636,-25387.04222686226,0.0,7065.94221908436,657566.3024247737,-0.03717244,0.0,0.0103461565484954
202301,NRP-L,2027-01-01,657566.3024247737,-24443.343922906755,0.0,6803.28390590198,633122.9585018669,-0.03717244,0.0,0.0103461565484954
202301,NRP-L,2027-02-01,633122.9585018669,-23534.72518753314,0.0,6550.389243106872,609588.2333143337,-0.03717244,0.0,0.0103461565484954
202301,NRP-L,2027-03-01,609588.2333143337,-22659.882027583073,0.0,6306.895291990836,586928.3512867506,-0.03717244,0.0,0.0103461565484954
202301,NRP-L,2027-04-01,586928.3512867506,-21817.55892250566,0.0,6072.452605163024,565110.7923642449,-0.03717244,0.0,0.0103461565484954
202301,NRP-L,2027-05-01,565110.7923642449,-21006.547022512354,0.0,5846.724725044757,544104.2453417326,-0.03717244,0.0,0.0103461565484954
202301,NRP-L,2027-06-01,544104.2453417326,-20225.682413710838,0.0,5629.387701006515,523878.56292802177,-0.03717244,0.0,0.0103461565484954
202301,NRP-L,2027-07-01,523878.56292802177,-19473.844447728115,0.0,5420.129624454113,504404.71848029364,-0.03717244,0.0,0.0103461565484954
202301,NRP-L,2027-08-01,504404.71848029364,-18749.954133425606,0.0,5218.650181196869,485654.76434686803,-0.03717244,0.0,0.0103461565484954
202301,NRP-L,2027-09-01,485654.76434686803,-18052.97258839809,0.0,5024.660220455339,467601.79175846995,-0.03717244,0.0,0.0103461565484954
202301,NRP-L,2027-10-01,467601.79175846995,-17381.89954803422,0.0,4837.881339890077,450219.8922104357,-0.03717244,0.0,0.0103461565484954
202301,NRP-L,2027-11-01,450219.8922104357,-16735.77192999889,0.0,4658.045486055893,433484.1202804368,-0.03717244,0.0,0.0103461565484954
202301,NRP-L,2027-12-01,433484.1202804368,-16113.662452077322,0.0,4484.894569708209,417370.4578283595,-0.03717244,0.0,0.0103461565484954
202301,NRP-M,2025-10-01,11951897.25,-462241.9328599192,0.0,162870.71471905315,11489655.31714008,-0.038675193,0.0,0.013627184982623
202301,NRP-M,2025-11-01,11489655.31714008,-444364.63689386874,0.0,156571.6583932458,11045290.680246212,-0.038675193,0.0,0.013627184982623
202301,NRP-M,2025-12-01,11045290.680246212,-427178.74879962346,0.0,150516.21928655697,10618111.931446588,-0.038675193,0.0,0.013627184982623
202301,NRP-M,2026-01-01,10618111.931446588,-410657.5282442995,0.0,144694.97545601905,10207454.403202288,-0.038675193,0.0,0.013627184982623
202301,NRP-M,2026-02-01,10207454.403202288,-394775.2690825483,0.0,139098.86935412724,9812679.13411974,-0.038675193,0.0,0.013627184982623
202301,NRP-M,2026-03-01,9812679.13411974,-379507.2593591538,0.0,133719.19373577458,9433171.874760587,-0.038675193,0.0,0.013627184982623
202301,NRP-M,2026-04-01,9433171.874760587,-364829.7428585375,0.0,128547.57811023913,9068342.13190205,-0.038675193,0.0,0.013627184982623
202301,NRP-M,2026-05-01,9068342.13190205,-350719.8821413432,0.0,123575.97571714307,8717622.249760708,-0.038675193,0.0,0.013627184982623
202301,NRP-M,2026-06-01,8717622.249760708,-337155.72301058954,0.0,118796.65100611925,8380466.5267501185,-0.038675193,0.0,0.013627184982623
202301,NRP-M,2026-07-01,8380466.5267501185,-324116.16035210044,0.0,114202.16760070395,8056350.366398018,-0.038675193,0.0,0.013627184982623
202301,NRP-M,2026-08-01,8056350.366398018,-311580.90529606404,0.0,109785.37672772838,7744769.461101954,-0.038675193,0.0,0.013627184982623
202301,NRP-M,2026-09-01,7744769.461101954,-299530.453648624,0.0,105539.40609420578,7445239.00745333,-0.038675193,0.0,0.013627184982623
202301,NRP-M,2026-10-01,7445239.00745333,-287946.0555443859,0.0,101457.64919440699,7157292.951908944,-0.038675193,0.0,0.013627184982623
202301,NRP-M,2026-11-01,7157292.951908944,-276809.6862726181,0.0,97533.75503048701,6880483.265636326,-0.038675193,0.0,0.013627184982623
202301,NRP-M,2026-12-01,6880483.265636326,-266104.0182317551,0.0,93761.6182306682,6614379.247404571,-0.038675193,0.0,0.013627184982623
202301,NRP-M,2027-01-01,6614379.247404571,-255812.3939685665,0.0,90135.36954960479,6358566.853436004,-0.038675193,0.0,0.013627184982623
202301,NRP-M,2027-02-01,6358566.853436004,-245918.80026004015,0.0,86649.36673614751,6112648.053175964,-0.038675193,0.0,0.013627184982623
202301,NRP-M,2027-03-01,6112648.053175964,-236407.84319765467,0.0,83298.18575429922,5876240.209978309,-0.038675193,0.0,0.013627184982623
202301,NRP-M,2027-04-01,5876240.209978309,-227264.72423527163,0.0,80076.61234370185,5648975.485743037,-0.038675193,0.0,0.013627184982623
202301,NRP-M,2027-05-01,5648975.485743037,-218475.2171633807,0.0,76979.63390652298,5430500.268579656,-0.038675193,0.0,0.013627184982623
202301,NRP-M,2027-06-01,5430500.268579656,-210025.64597387004,0.0,74002.43170811886,5220474.622605787,-0.038675193,0.0,0.013627184982623
202301,NRP-M,2027-07-01,5220474.622605787,-201902.86358088095,0.0,71140.37337933805,5018571.759024906,-0.038675193,0.0,0.013627184982623
202301,NRP-M,2027-08-01,5018571.759024906,-194094.2313646377,0.0,68389.00570880009,4824477.527660268,-0.038675193,0.0,0.013627184982623
202301,NRP-M,2027-09-01,4824477.527660268,-186587.5995064237,0.0,65744.04771393415,4637889.928153845,-0.038675193,0.0,0.013627184982623
202301,NRP-M,2027-10-01,4637889.928153845,-179371.28808410605,0.0,63201.383979996535,4458518.640069738,-0.038675193,0.0,0.013627184982623
202301,NRP-M,2027-11-01,4458518.640069738,-172434.06889879465,0.0,60757.05825670306,4286084.571170944,-0.038675193,0.0,0.013627184982623
202301,NRP-M,2027-12-01,4286084.571170944,-165765.14800435846,0.0,58407.26730251283,4120319.423166585,-0.038675193,0.0,0.013627184982623
202301,NRP-S,2025-10-01,4875102.47,-633430.4309142099,-79347.97749793746,73406.76792225394,4162324.061587852,-0.1299317162689731,-0.0162761660880407,0.0150574820476038
202301,NRP-S,2025-11-01,4162324.061587852,-540817.9089897525,-67746.67773865203,62674.11983366842,3553759.474859447,-0.1299317162689731,-0.0162761660880407,0.0150574820476038
202301,NRP-S,2025-12-01,3553759.474859447,-461746.0677756125,-57841.57944976067,53510.66949419803,3034171.827634074,-0.1299317162689731,-0.0162761660880407,0.0150574820476038
202301,NRP-S,2026-01-01,3034171.827634074,-394235.153019462,-49384.68460622619,45686.987823945274,2590551.990008386,-0.1299317162689731,-0.0162761660880407,0.0150574820476038
202301,NRP-S,2026-02-01,2590551.990008386,-336594.86614579323,-42164.25444908084,39007.190082935565,2211792.869413512,-0.1299317162689731,-0.0162761660880407,0.0150574820476038
202301,NRP-S,2026-03-01,2211792.869413512,-287382.0435543743,-35999.508094918434,33304.03142421205,1888411.3177642191,-0.1299317162689731,-0.0162761660880407,0.0150574820476038
202301,NRP-S,2026-04-01,1888411.3177642191,-245364.5235388581,-30736.096250466235,28434.719515726563,1612310.6979748947,-0.1299317162689731,-0.0162761660880407,0.0150574820476038
202301,NRP-S,2026-05-01,1612310.6979748947,-209490.296146704,-26242.236705764215,24277.339389916528,1376578.1651224266,-0.1299317162689731,-0.0162761660880407,0.0150574820476038
202301,NRP-S,2026-06-01,1376578.1651224266,-178861.16357275072,-22405.414848702934,20727.801008454317,1175311.5867009729,-0.1299317162689731,-0.0162761660880407,0.0150574820476038
202301,NRP-S,2026-07-01,1175311.5867009729,-152710.2516108674,-19129.566590343682,17697.233117090636,1003471.7684997617,-0.1299317162689731,-0.0162761660880407,0.0150574820476038
202301,NRP-S,2026-08-01,1003471.7684997617,-130382.80910863569,-16332.67316876205,15109.758139462398,856756.286222364,-0.1299317162689731,-0.0162761660880407,0.0150574820476038
202301,NRP-S,2026-09-01,856756.286222364,-111319.81469310331,-13944.707611528134,12900.59239896495,731491.7639177326,-0.1299317162689731,-0.0162761660880407,0.0150574820476038
202301,NRP-S,2026-10-01,731491.7639177326,-95043.98032244948,-11905.881441558875,11014.424103161296,624541.9021537243,-0.1299317162689731,-0.0162761660880407,0.0150574820476038
202301,NRP-S,2026-11-01,624541.9021537243,-81147.80122872247,-10165.147728394883,9404.028479656034,533228.9531966071,-0.1299317162689731,-0.0162761660880407,0.0150574820476038
202301,NRP-S,2026-12-01,533228.9531966071,-69283.35305314309,-8678.923005180059,8029.0853900204775,455266.6771382839,-0.1299317162689731,-0.0162761660880407,0.0150574820476038
202301,NRP-S,2027-01-01,455266.6771382839,-59153.58072064968,-7409.996051453111,6855.169817881945,388703.1003661811,-0.1299317162689731,-0.0162761660880407,0.0150574820476038
202301,NRP-S,2027-02-01,388703.1003661811,-50504.86094964881,-6326.596220496318,5852.88995561171,331871.64319603593,-0.1299317162689731,-0.0162761660880407,0.0150574820476038
202301,NRP-S,2027-03-01,331871.64319603593,-43120.652181465215,-5401.597984569664,4997.151309533085,283349.393030001,-0.1299317162689731,-0.0162761660880407,0.0150574820476038
202301,NRP-S,2027-04-01,283349.393030001,-36816.07294015984,-4611.841781901819,4266.528398748674,241921.4783079394,-0.1299317162689731,-0.0162761660880407,0.0150574820476038
202301,NRP-S,2027-05-01,241921.4783079394,-31433.272878877713,-3937.5541612043576,3642.7283165515696,206550.65126785735,-0.1299317162689731,-0.0162761660880407,0.0150574820476038
202301,NRP-S,2027-06-01,206550.65126785735,-26837.48061570685,-3361.8527056286207,3110.132723386635,176351.3179465219,-0.1299317162689731,-0.0162761660880407,0.0150574820476038
202301,NRP-S,2027-07-01,176351.3179465219,-22913.629407086944,-2870.323340742463,2655.4068040510233,150567.36519869248,-0.1299317162689731,-0.0162761660880407,0.0150574820476038
202301,NRP-S,2027-08-01,150567.36519869248,-19563.476174363364,-2450.659443412598,2267.165398434317,128553.22958091651,-0.1299317162689731,-0.0162761660880407,0.0150574820476038
202301,NRP-S,2027-09-01,128553.22958091651,-16703.141751367802,-2092.353715813024,1935.6879465761401,109757.73411373569,-0.1299317162689731,-0.0162761660880407,0.0150574820476038
202301,NRP-S,2027-10-01,109757.73411373569,-14261.010767191294,-1786.4351098821728,1652.6751110032462,93710.2882366622,-0.1299317162689731,-0.0162761660880407,0.0150574820476038
202301,NRP-S,2027-11-01,93710.2882366622,-12175.938582649682,-1525.2442154980808,1411.0409827993187,80009.10543851444,-0.1299317162689731,-0.0162761660880407,0.0150574820476038
202301,NRP-S,2027-12-01,80009.10543851444,-10395.72038677141,-1302.2414886728216,1204.7356687852707,68311.1435630702,-0.1299317162689731,-0.0162761660880407,0.0150574820476038
202404,NON PRIME,2025-10-01,1439613.0899999996,-96006.49040278666,-36956.19781079501,29336.792878272157,1306650.401786418,-0.0666890924163427,-0.0256709237138119,0.0203782482127001
202404,NON PRIME,2025-11-01,1306650.401786418,-87139.32940058575,-33542.9227848808,26627.246214827937,1185968.1496009515,-0.0666890924163427,-0.0256709237138119,0.0203782482127001
202404,NON PRIME,2025-12-01,1185968.1496009515,-79091.1395315768,-30444.897895416685,24167.953324924834,1076432.112173958,-0.0666890924163427,-0.0256709237138119,0.0203782482127001
202404,NON PRIME,2026-01-01,1076432.112173958,-71786.28060868806,-27633.00663471509,21935.80076600195,977012.8249305548,-0.0666890924163427,-0.0256709237138119,0.0203782482127001
202404,NON PRIME,2026-02-01,977012.8249305548,-65156.098573745825,-25080.821696208135,19909.809853426155,886775.9046606009,-0.0666890924163427,-0.0256709237138119,0.0203782482127001
202404,NON PRIME,2026-03-01,886775.9046606009,-59138.28025849672,-22764.35659978882,18070.939494215403,804873.2678023153,-0.0666890924163427,-0.0256709237138119,0.0203782482127001
202404,NON PRIME,2026-04-01,804873.2678023153,-53676.26773991236,-20661.84025703973,16401.90723104262,730535.1598053632,-0.0666890924163427,-0.0256709237138119,0.0203782482127001
202404,NON PRIME,2026-05-01,730535.1598053632,-48718.726785647545,-18753.512357620864,14887.026814618222,663062.9206620947,-0.0666890924163427,-0.0256709237138119,0.0203782482127001
202404,NON PRIME,2026-06-01,663062.9206620947,-44219.064393884546,-17021.437653773944,13512.06077789004,601822.4186144363,-0.0666890924163427,-0.0256709237138119,0.0203782482127001
202404,NON PRIME,2026-07-01,601822.4186144363,-40134.990893205024,-15449.337397512965,12264.086626492486,546238.0903237183,-0.0666890924163427,-0.0256709237138119,0.0203782482127001
202404,NON PRIME,2026-08-01,546238.0903237183,-36428.122486925,-14022.436346278466,11131.375387848027,495787.5314905148,-0.0666890924163427,-0.0256709237138119,0.0203782482127001
202404,NON PRIME,2026-09-01,495787.5314905148,-33063.62050644136,-12727.323899152121,10103.281377475578,449996.58708492137,-0.0666890924163427,-0.0256709237138119,0.0203782482127001
202404,NON PRIME,2026-10-01,449996.58708492137,-30009.86398314513,-11551.82805853273,9170.142146484442,408434.8950432435,-0.0666890924163427,-0.0256709237138119,0.0203782482127001
202404,NON PRIME,2026-11-01,408434.8950432435,-27238.152461598096,-10484.901032713873,8323.187669919329,370711.8415489315,-0.0666890924163427,-0.0256709237138119,0.0203782482127001
202404,NON PRIME,2026-12-01,370711.8415489315,-24722.436260889284,-9516.515404209345,7554.457922471275,336472.8898838329,-0.0666890924163427,-0.0256709237138119,0.0203782482127001
202404,NON PRIME,2027-01-01,336472.8898838329,-22439.071649056834,-8637.569887973706,6856.728066897254,305396.2483468023,-0.0666890924163427,-0.0256709237138119,0.0203782482127001
202404,NON PRIME,2027-02-01,305396.2483468023,-20366.598629604247,-7839.803793795116,6223.44055203854,277189.8459234029,-0.0666890924163427,-0.0256709237138119,0.0203782482127001
202404,NON PRIME,2027-03-01,277189.8459234029,-18485.539251657614,-7115.719388942951,5648.643482267202,251588.58728280236,-0.0666890924163427,-0.0256709237138119,0.0203782482127001
202404,NON PRIME,2027-04-01,251588.58728280236,-16778.214548199907,-6458.511431402526,5126.93467913151,228351.86130319993,-0.0666890924163427,-0.0256709237138119,0.0203782482127001
202404,NON PRIME,2027-05-01,228351.86130319993,-15228.57838189297,-5862.003211421401,4653.410909468675,207261.27970988557,-0.0666890924163427,-0.0256709237138119,0.0203782482127001
202404,NON PRIME,2027-06-01,207261.27970988557,-13822.066636902013,-5320.588500259502,4223.621802809911,188118.62457272405,-0.0666890924163427,-0.0256709237138119,0.0203782482127001
202404,NON PRIME,2027-07-01,188118.62457272405,-12545.46033936567,-4829.178860553619,3833.5280249747148,170743.98537280475,-0.0666890924163427,-0.0256709237138119,0.0203782482127001
202404,NON PRIME,2027-08-01,170743.98537280475,-11386.761420061643,-4383.155823097485,3479.46331475265,154974.06812964563,-0.0666890924163427,-0.0256709237138119,0.0203782482127001
202404,NON PRIME,2027-09-01,154974.06812964563,-10335.079951634527,-3978.327480575221,3158.1000268778143,140660.6606974359,-0.0666890924163427,-0.0256709237138119,0.0203782482127001
202404,NON PRIME,2027-10-01,140660.6606974359,-9380.531800595127,-3610.8890902982566,2866.417857454738,127669.23980654254,-0.0666890924163427,-0.0256709237138119,0.0203782482127001
202404,NON PRIME,2027-11-01,127669.23980654254,-8514.145732182733,-3277.387315674111,2601.675457904456,115877.70675868569,-0.0666890924163427,-0.0256709237138119,0.0203782482127001
202404,NON PRIME,2027-12-01,115877.70675868569,-7727.779095023849,-2974.687770333686,2361.3846706469726,105175.23989332815,-0.0666890924163427,-0.0256709237138119,0.0203782482127001
202404,NRP-L,2025-10-01,312423.2,-8457.394764674933,-4550.1281324032125,4071.5191508889425,299415.6771029219,-0.0270703160478317,-0.0145639892696932,0.0130320640429038
202404,NRP-L,2025-11-01,299415.6771029219,-8105.277008851621,-4360.686708504878,3902.004279454683,286949.7133855654,-0.0270703160478317,-0.0145639892696932,0.0130320640429038
202404,NRP-L,2025-12-01,286949.7133855654,-7767.819431181978,-4179.132546688913,3739.547041933578,275002.7614076945,-0.0270703160478317,-0.0145639892696932,0.0130320640429038
202404,NRP-L,2026-01-01,275002.7614076945,-7444.411665332745,-4005.1372662776616,3583.853598640468,263553.21247608407,-0.0270703160478317,-0.0145639892696932,0.0130320640429038
202404,NRP-L,2026-02-01,263553.21247608407,-7134.468757148937,-3838.3861584948604,3434.6423437013605,252580.35756044026,-0.0270703160478317,-0.0145639892696932,0.0130320640429038
202404,NRP-L,2026-03-01,252580.35756044026,-6837.430106635455,-3678.5776172455235,3291.6433957071986,242064.34983655927,-0.0270703160478317,-0.0145639892696932,0.0130320640429038
202404,NRP-L,2026-04-01,242064.34983655927,-6552.758453988557,-3525.42259359491,3154.5981095739103,231986.1687889758,-0.0270703160478317,-0.0145639892696932,0.0130320640429038
202404,NRP-L,2026-05-01,231986.1687889758,-6279.938907843205,-3378.644072959879,3023.2586087258233,222327.58580817273,-0.0270703160478317,-0.0145639892696932,0.0130320640429038
202404,NRP-L,2026-06-01,222327.58580817273,-6018.478013978658,-3237.976574067022,2897.387336756297,213071.13122012705,-0.0270703160478317,-0.0145639892696932,0.0130320640429038
202404,NRP-L,2026-07-01,213071.13122012705,-5767.90286279786,-3103.165668771322,2776.756627754655,204200.06268855787,-0.0270703160478317,-0.0145639892696932,0.0130320640429038
202404,NRP-L,2026-08-01,204200.06268855787,-5527.760233966307,-2973.9675218668353,2661.148294522257,195698.3349327247,-0.0270703160478317,-0.0145639892696932,0.0130320640429038
202404,NRP-L,2026-09-01,195698.3349327247,-5297.6157766632805,-2850.1484500570286,2550.3532339329063,187550.57070600442,-0.0270703160478317,-0.0145639892696932,0.0130320640429038
202404,NRP-L,2026-10-01,187550.57070600442,-5077.0532239627455,-2731.484499287084,2444.171048723807,179742.03298275458,-0.0270703160478317,-0.0145639892696932,0.0130320640429038
202404,NRP-L,2026-11-01,179742.03298275458,-4865.673639922956,-2617.7610396736786,2342.4096850329847,172258.59830315795,-0.0270703160478317,-0.0145639892696932,0.0130320640429038
202404,NRP-L,2026-12-01,172258.59830315795,-4663.094698022971,-2508.7723772995837,2244.8850850275944,165086.7312278354,-0.0270703160478317,-0.0145639892696932,0.0130320640429038
202404,NRP-L,2027-01-01,165086.7312278354,-4468.949989640952,-2404.32138217092,2151.4208539947977,158213.45985602355,-0.0270703160478317,-0.0145639892696932,0.0130320640429038
202404,NRP-L,2027-02-01,158213.45985602355,-4282.888361323491,-2304.219131664163,2061.8479412930883,151626.3523630359,-0.0270703160478317,-0.0145639892696932,0.0130320640429038
202404,NRP-L,2027-03-01,151626.3523630359,-4104.573279647275,-2208.284568817975,1976.0043345869817,145313.49451457066,-0.0270703160478317,-0.0145639892696932,0.0130320640429038
202404,NRP-L,2027-04-01,145313.49451457066,-3933.682222524286,-2116.3441748518285,1893.7347668120349,139263.46811719454,-0.0270703160478317,-0.0145639892696932,0.0130320640429038
202404,NRP-L,2027-05-01,139263.46811719454,-3769.9060958495897,-2028.2316553190824,1814.8904353401708,133465.33036602588,-0.0270703160478317,-0.0145639892696932,0.0130320640429038
202404,NRP-L,2027-06-01,133465.33036602588,-3612.94867443659,-1943.7876393268589,1739.3287328373626,127908.59405226244,-0.0270703160478317,-0.0145639892696932,0.0130320640429038
202404,NRP-L,2027-07-01,127908.59405226244,-3462.5260662285505,-1862.8593912786937,1666.9129893268682,122583.20859475521,-0.0270703160478317,-0.0145639892696932,0.0130320640429038
202404,NRP-L,2027-08-01,122583.20859475521,-3318.366198817303,-1785.300534618578,1597.5122249914855,117479.54186131933,-0.0270703160478317,-0.0145639892696932,0.0130320640429038
202404,NRP-L,2027-09-01,117479.54186131933,-3180.2083273403887,-1710.970787076728,1531.0009132677114,112588.36274690222,-0.0270703160478317,-0.0145639892696932,0.0130320640429038
202404,NRP-L,2027-10-01,112588.36274690222,-3047.802562866564,-1639.7357069382094,1467.258753803314,107900.82447709744,-0.0270703160478317,-0.0145639892696932,0.0130320640429038
202404,NRP-L,2027-11-01,107900.82447709744,-2920.9094204166427,-1571.4664498754964,1406.1704548676557,103408.4486068053,-0.0270703160478317,-0.0145639892696932,0.0130320640429038
202404,NRP-L,2027-12-01,103408.4486068053,-2799.299385802181,-1506.0395359051329,1347.6255248212128,99103.10968509798,-0.0270703160478317,-0.0145639892696932,0.0130320640429038
202404,NRP-M,2025-10-01,2980564.9000000004,-100798.42047918146,-44660.07811349124,43066.65947594429,2835106.401407328,-0.0338185625413429,-0.014983763015357,0.0144491601159043
202404,NRP-M,2025-11-01,2835106.401407328,-95879.22314735533,-42480.562442008995,40964.906339559726,2696746.6158179636,-0.0338185625413429,-0.014983763015357,0.0144491601159043
202404,NRP-M,2025-12-01,2696746.6158179636,-91200.0940851946,-40407.412203882355,38965.72364397682,2565139.1095288866,-0.0338185625413429,-0.014983763015357,0.0144491601159043
202404,NRP-M,2026-01-01,2565139.1095288866,-86749.31740284729,-38435.43651860472,37064.10571315106,2439954.3556074346,-0.0338185625413429,-0.014983763015357,0.0144491601159043
202404,NRP-M,2026-02-01,2439954.3556074346,-82515.74897313204,-36559.6978327099,35255.29115966992,2320878.9088015924,-0.0338185625413429,-0.014983763015357,0.0144491601159043
202404,NRP-M,2026-03-01,2320878.9088015924,-78488.78852819031,-34775.49955682341,33534.75096289946,2207614.6207165783,-0.0338185625413429,-0.014983763015357,0.0144491601159043
202404,NRP-M,2026-04-01,2207614.6207165783,-74658.35311788658,-33078.37430605444,31898.17712894518,2099877.8932926375,-0.0338185625413429,-0.014983763015357,0.0144491601159043
202404,NRP-M,2026-05-01,2099877.8932926375,-71014.85186350043,-31464.072714283993,30341.471904033122,1997398.968714853,-0.0338185625413429,-0.014983763015357,0.0144491601159043
202404,NRP-M,2026-06-01,1997398.968714853,-67549.16194349706,-29928.552794341827,28860.737514303033,1899921.253977014,-0.0338185625413429,-0.014983763015357,0.0144491601159043
202404,NRP-M,2026-07-01,1899921.253977014,-64252.60575124827,-28467.969817431473,27452.266406323553,1807200.6784083343,-0.0338185625413429,-0.014983763015357,0.0144491601159043
202404,NRP-M,2026-08-01,1807200.6784083343,-61116.92916750957,-27078.66668646288,26112.531963892896,1719005.0825543618,-0.0338185625413429,-0.014983763015357,0.0144491601159043
202404,NRP-M,2026-09-01,1719005.0825543618,-58134.280893250994,-25757.16477918875,24838.17967788126,1635113.636881922,-0.0338185625413429,-0.014983763015357,0.0144491601159043
202404,NRP-M,2026-10-01,1635113.636881922,-55297.19279109392,-24500.155238217216,23626.01874700549,1555316.2888526109,-0.0338185625413429,-0.014983763015357,0.0144491601159043
202404,NRP-M,2026-11-01,1555316.2888526109,-52598.56118613136,-23304.490686092053,22473.014088505435,1479413.2369803875,-0.0338185625413429,-0.014983763015357,0.0144491601159043
202404,NRP-M,2026-12-01,1479413.2369803875,-50031.62907931177,-22167.17734469631,21376.27873871789,1407214.4305563793,-0.0338185625413429,-0.014983763015357,0.0144491601159043
202404,NRP-M,2027-01-01,1407214.4305563793,-47589.96922885114,-21085.367539247334,20333.066624520216,1338539.0937882809,-0.0338185625413429,-0.014983763015357,0.0144491601159043
202404,NRP-M,2027-02-01,1338539.0937882809,-45267.468057311424,-20056.352568114315,19340.76568754431,1273215.273162855,-0.0338185625413429,-0.014983763015357,0.0144491601159043
202404,NRP-M,2027-03-01,1273215.273162855,-43058.310344050995,-19077.555920605246,18396.891343944924,1211079.4068981986,-0.0338185625413429,-0.014983763015357,0.0144491601159043
202404,NRP-M,2027-04-01,1211079.4068981986,-40956.96466471919,-18146.52682574172,17499.080263346485,1151975.9154077377,-0.0338185625413429,-0.014983763015357,0.0144491601159043
202404,NRP-M,2027-05-01,1151975.9154077377,-38958.169541337316,-17260.934115868484,16645.084451391827,1095756.811750532,-0.0338185625413429,-0.014983763015357,0.0144491601159043
202404,NRP-M,2027-06-01,1095756.811750532,-37056.92026828786,-16418.56038973312,15832.765621076242,1042281.3310925108,-0.0338185625413429,-0.014983763015357,0.0144491601159043
202404,NRP-M,2027-07-01,1042281.3310925108,-35248.4563812262,-15617.296460421026,15060.08983877355,991415.5782508636,-0.0338185625413429,-0.014983763015357,0.0144491601159043
202404,NRP-M,2027-08-01,991415.5782508636,-33528.24973753846,-14855.136074244063,14325.122431548576,943032.192439081,-0.0338185625413429,-0.014983763015357,0.0144491601159043
202404,NRP-M,2027-09-01,943032.192439081,-31891.993178500772,-14130.170887359727,13626.023143004557,897010.0283732205,-0.0338185625413429,-0.014983763015357,0.0144491601159043
202404,NRP-M,2027-10-01,897010.0283732205,-30335.589744751524,-13440.585687542993,12961.04152553652,853233.8529409259,-0.0338185625413429,-0.014983763015357,0.0144491601159043
202404,NRP-M,2027-11-01,853233.8529409259,-28855.14241807367,-12784.653849146798,12328.51255745338,811594.0566737053,-0.0338185625413429,-0.014983763015357,0.0144491601159043
202404,NRP-M,2027-12-01,811594.0566737053,-27446.944363801897,-12160.733009871019,11726.852473994677,771986.3793000325,-0.0338185625413429,-0.014983763015357,0.0144491601159043
202404,NRP-S,2025-10-01,1135465.04,-53051.85769616192,-19718.21882582886,17843.036354173193,1062694.9634780094,-0.0467225813453155,-0.0173657648022601,0.0157142983056292
202404,NRP-S,2025-11-01,1062694.9634780094,-49651.85187635838,-18454.5107923055,16699.505663983167,994588.6008093456,-0.0467225813453155,-0.0173657648022601,0.0157142983056292
202404,NRP-S,2025-12-01,994588.6008093456,-46469.746806438176,-17271.791716664055,15629.261964496416,930847.0622862433,-0.0467225813453155,-0.0173657648022601,0.0157142983056292
202404,NRP-S,2026-01-01,930847.0622862433,-43491.577587716965,-16164.87115053766,14627.608413684633,871190.6135479887,-0.0467225813453155,-0.0173657648022601,0.0157142983056292
202404,NRP-S,2026-02-01,871190.6135479887,-40704.27430877122,-15128.891292811044,13690.149182357223,815357.4479464064,-0.0467225813453155,-0.0173657648022601,0.0157142983056292
202404,NRP-S,2026-03-01,815357.4479464064,-38095.60468718482,-14159.305670808328,12812.770162746363,763102.5375884133,-0.0467225813453155,-0.0173657648022601,0.0157142983056292
202404,NRP-S,2026-04-01,763102.5375884133,-35654.12038729132,-13251.859187768234,11991.620913446946,714196.5580133538,-0.0467225813453155,-0.0173657648022601,0.0157142983056292
202404,NRP-S,2026-05-01,714196.5580133538,-33369.106778323265,-12402.569449043614,11223.097761475454,668424.881785987,-0.0467225813453155,-0.0173657648022601,0.0157142983056292
202404,NRP-S,2026-06-01,668424.881785987,-31230.53591247867,-11607.709285073961,10503.827987289933,625586.6365884343,-0.0467225813453155,-0.0173657648022601,0.0157142983056292
202404,NRP-S,2026-07-01,625586.6365884343,-29229.022516545447,-10863.790394431715,9830.655023365904,585493.8236774572,-0.0467225813453155,-0.0173657648022601,0.0157142983056292
202404,NRP-S,2026-08-01,585493.8236774572,-27355.7828039498,-10167.548035158667,9200.624601371028,547970.4928383487,-0.0467225813453155,-0.0173657648022601,0.0157142983056292
202404,NRP-S,2026-09-01,547970.4928383487,-25602.59592647237,-9515.926697209317,8610.97178714446,512851.97021466703,-0.0467225813453155,-0.0173657648022601,0.0157142983056292
202404,NRP-S,2026-10-01,512851.97021466703,-23961.7678964601,-8906.06669312361,8059.10884658294,479984.13562508335,-0.0467225813453155,-0.0173657648022601,0.0157142983056292
202404,NRP-S,2026-11-01,479984.13562508335,-22426.097821203904,-8335.29160808131,7542.613889182144,449222.74619579816,-0.0467225813453155,-0.0173657648022601,0.0157142983056292
202404,NRP-S,2026-12-01,449222.74619579816,-20988.846301299196,-7801.096554261614,7059.220239394727,420432.80334023735,-0.0467225813453155,-0.0173657648022601,0.0157142983056292
202404,NRP-S,2027-01-01,420432.80334023735,-19643.705854303273,-7301.1371779614365,6606.806489160427,393487.9603079727,-0.0467225813453155,-0.0173657648022601,0.0157142983056292
202404,NRP-S,2027-02-01,393487.9603079727,-18384.77323389153,-6833.219371229312,6183.387187953065,368269.96770285186,-0.0467225813453155,-0.0173657648022601,0.0157142983056292
202404,NRP-S,2027-03-01,368269.96770285186,-17206.523523033207,-6395.289642863649,5787.104129487046,344668.154536955,-0.0467225813453155,-0.0173657648022601,0.0157142983056292
202404,NRP-S,2027-04-01,344668.154536955,-16103.785887492653,-5985.426106517798,5416.218196844416,322578.94254294457,-0.0467225813453155,-0.0173657648022601,0.0157142983056292
202404,NRP-S,2027-05-01,322578.94254294457,-15071.720883248581,-5601.83004636255,5069.101730234253,301905.3916133334,-0.0467225813453155,-0.0173657648022601,0.0157142983056292
202404,NRP-S,2027-06-01,301905.3916133334,-14105.799218243303,-5242.818023291377,4744.231383889725,282556.7743717988,-0.0467225813453155,-0.0173657648022601,0.0157142983056292
202404,NRP-S,2027-07-01,282556.7743717988,-13201.781875256327,-4906.814487025932,4440.18144075481,264448.1780095165,-0.0467225813453155,-0.0173657648022601,0.0157142983056292
202404,NRP-S,2027-08-01,264448.1780095165,-12355.701508670109,-4592.344861699476,4155.617555621674,247500.13163914692,-0.0467225813453155,-0.0173657648022601,0.0157142983056292
202404,NRP-S,2027-09-01,247500.13163914692,-11563.845033486336,-4298.029074573839,3889.2908992600505,231638.25753108674,-0.0467225813453155,-0.0173657648022601,0.0157142983056292
202404,NRP-S,2027-10-01,231638.25753108674,-10822.73733018334,-4022.5754994902068,3640.0326778396566,216792.94470141322,-0.0467225813453155,-0.0173657648022601,0.0157142983056292
202404,NRP-S,2027-11-01,216792.94470141322,-10129.125993902264,-3764.775288474122,3406.7490035937826,202899.0434190368,-0.0467225813453155,-0.0173657648022601,0.0157142983056292
202404,NRP-S,2027-12-01,202899.0434190368,-9479.967061032648,-3523.4970666185536,3188.416094213556,189895.5792913856,-0.0467225813453155,-0.0173657648022601,0.0157142983056292
202405,NON PRIME,2025-10-01,1749500.3,-107321.01328305803,-44425.853804205486,35767.55791250493,1597753.4329127364,-0.0613438095912633,-0.0253934530929806,0.0204444422858944
202405,NON PRIME,2025-11-01,1597753.4329127364,-98012.28236238619,-40572.4768528183,32665.177846274088,1459168.673697532,-0.0613438095912633,-0.0253934530929806,0.0204444422858944
202405,NON PRIME,2025-12-01,1459168.673697532,-89510.96528083761,-37053.33127028499,29831.889734794266,1332604.3771464094,-0.0613438095912633,-0.0253934530929806,0.0204444422858944
202405,NON PRIME,2026-01-01,1332604.3771464094,-81747.02917215336,-33839.42674256797,27244.353278500017,1217017.921231688,-0.0613438095912633,-0.0253934530929806,0.0204444422858944
202405,NON PRIME,2026-02-01,1217017.921231688,-74656.51562919175,-30904.287496113626,24881.25265152042,1111457.1181063827,-0.0613438095912633,-0.0253934530929806,0.0204444422858944
202405,NON PRIME,2026-03-01,1111457.1181063827,-68181.01382197218,-28223.734193493827,22723.120904372456,1015052.3700909166,-0.0613438095912633,-0.0253934530929806,0.0204444422858944
202405,NON PRIME,2026-04-01,1015052.3700909166,-62267.17931601772,-25775.684746822473,20752.179597484068,927009.5060280765,-0.0613438095912633,-0.0253934530929806,0.0204444422858944
202405,NON PRIME,2026-05-01,927009.5060280765,-56866.294627077375,-23539.972408071077,18952.192344466486,846603.2389929281,-0.0613438095912633,-0.0253934530929806,0.0204444422858944
202405,NON PRIME,2026-06-01,846603.2389929281,-51933.867892128954,-21498.179637732363,17308.33105864218,773171.1914630667,-0.0613438095912633,-0.0253934530929806,0.0204444422858944
202405,NON PRIME,2026-07-01,773171.1914630667,-47429.266350560545,-19633.48638326131,15807.053800982876,706108.4387292449,-0.0613438095912633,-0.0253934530929806,0.0204444422858944
202405,NON PRIME,2026-08-01,706108.4387292449,-43315.38161619101,-17930.531517428844,14435.993223183048,644862.525595625,-0.0613438095912633,-0.0253934530929806,0.0204444422858944
202405,NON PRIME,2026-09-01,644862.525595625,-39558.32398267918,-16375.286295133505,13183.854686875855,588928.9153178124,-0.0613438095912633,-0.0253934530929806,0.0204444422858944
202405,NON PRIME,2026-10-01,588928.9153178124,-36127.14324404511,-14954.93878622281,12040.323219709404,537846.8332875444,-0.0613438095912633,-0.0253934530929806,0.0204444422858944
202405,NON PRIME,2026-11-01,537846.8332875444,-32993.573730455064,-13657.788332295415,10995.978541798268,491195.47122479393,-0.0613438095912633,-0.0253934530929806,0.0204444422858944
202405,NON PRIME,2026-12-01,491195.47122479393,-30131.80145890461,-12473.149158031307,10042.217462548002,448590.52060785796,-0.0613438095912633,-0.0253934530929806,0.0204444422858944
202405,NON PRIME,2027-01-01,448590.52060785796,-27518.251480614115,-11391.262343011387,9171.183008566673,409681.00678423245,-0.0613438095912633,-0.0253934530929806,0.0204444422858944
202405,NON PRIME,2027-02-01,409681.00678423245,-25131.393673329003,-10403.215428860472,8375.699698827351,374146.39768204297,-0.0613438095912633,-0.0253934530929806,0.0204444422858944
202405,NON PRIME,2027-03-01,374146.39768204297,-22951.56537866432,-9500.868999446624,7649.214433885822,341693.96330393205,-0.0613438095912633,-0.0253934530929806,0.0204444422858944
202405,NON PRIME,2027-04-01,341693.96330393205,-20960.80942340052,-8676.789629313032,6985.7425122057575,312056.3642512185,-0.0613438095912633,-0.0253934530929806,0.0204444422858944
202405,NON PRIME,2027-05-01,312056.3642512185,-19142.726190368652,-7924.188647979385,6379.8183288800765,284989.44941287045,-0.0613438095912633,-0.0253934530929806,0.0204444422858944
202405,NON PRIME,2027-06-01,284989.44941287045,-17482.33852030209,-7236.866215660093,5826.450350610251,260270.24467690827,-0.0613438095912633,-0.0253934530929806,0.0204444422858944
202405,NON PRIME,2027-07-01,260270.24467690827,-15965.968331731772,-6609.160249701654,5321.079996032665,237695.11609547486,-0.0613438095912633,-0.0253934530929806,0.0204444422858944
202405,NON PRIME,2027-08-01,237695.11609547486,-14581.123942534035,-6035.899781001019,4859.544082652905,217078.0923719398,-0.0613438095912633,-0.0253934530929806,0.0204444422858944
202405,NON PRIME,2027-09-01,217078.0923719398,-13316.39716489894,-5512.362356160563,4438.040531030177,198249.33285088028,-0.0613438095912633,-0.0253934530929806,0.0204444422858944
202405,NON PRIME,2027-10-01,198249.33285088028,-12161.36932599938,-5034.235134463526,4053.09704368689,181053.72839041738,-0.0613438095912633,-0.0253934530929806,0.0204444422858944
202405,NON PRIME,2027-11-01,181053.72839041738,-11106.525440170066,-4597.579359191313,3701.542500723888,165349.623591056,-0.0613438095912633,-0.0253934530929806,0.0204444422858944
202405,NON PRIME,2027-12-01,165349.623591056,-10143.175825556798,-4198.797910601479,3380.4808365017075,151007.64985489773,-0.0613438095912633,-0.0253934530929806,0.0204444422858944
202405,NRP-L,2025-10-01,474179.94,-14740.035795950036,-6702.905431246278,6115.0406409045245,452736.9987728037,-0.0310853213148368,-0.0141357844687531,0.0128960340264595
202405,NRP-L,2025-11-01,452736.9987728037,-14073.475077967478,-6399.79263568249,5838.5117412112295,432263.73105915374,-0.0310853213148368,-0.0141357844687531,0.0128960340264595
202405,NRP-L,2025-12-01,432263.73105915374,-13437.056972723994,-6110.386935911253,5574.487784143185,412716.2871505185,-0.0310853213148368,-0.0141357844687531,0.0128960340264595
202405,NRP-L,2026-01-01,412716.2871505185,-12829.418397940319,-5834.068481903744,5322.403282367117,394052.8002706744,-0.0310853213148368,-0.0141357844687531,0.0128960340264595
202405,NRP-L,2026-02-01,394052.8002706744,-12249.257911425124,-5570.245453934866,5081.7183205122665,376233.2969053144,-0.0310853213148368,-0.0141357844687531,0.0128960340264595
202405,NRP-L,2026-03-01,376233.2969053144,-11695.332923642092,-5318.352795021917,4851.917398777974,359219.6111866504,-0.0310853213148368,-0.0141357844687531,0.0128960340264595
202405,NRP-L,2026-04-01,359219.6111866504,-11166.457036327773,-5077.8510006837805,4632.508328834595,342975.3031496389,-0.0310853213148368,-0.0141357844687531,0.0128960340264595
202405,NRP-L,2026-05-01,342975.3031496389,-10661.497501460082,-4848.224963428552,4423.021179653005,327465.5806847502,-0.0310853213148368,-0.0141357844687531,0.0128960340264595
202405,NRP-L,2026-06-01,327465.5806847502,-10179.372795135077,-4628.982869494707,4223.007271004858,312657.22502012044,-0.0310853213148368,-0.0141357844687531,0.0128960340264595
202405,NRP-L,2026-07-01,312657.22502012044,-9719.050301155676,-4419.655145482862,4032.038212477878,298518.5195734819,-0.0310853213148368,-0.0141357844687531,0.0128960340264595
202405,NRP-L,2026-08-01,298518.5195734819,-9279.544099371085,-4219.793452621994,3849.7049859479393,285019.18202148884,-0.0310853213148368,-0.0141357844687531,0.0128960340264595
202405,NRP-L,2026-09-01,285019.18202148884,-8859.912854029937,-4028.969726516075,3675.617069542774,272130.2994409429,-0.0310853213148368,-0.0141357844687531,0.0128960340264595
202405,NRP-L,2026-10-01,272130.2994409429,-8459.257797624463,-3846.775260314411,3509.4016012210122,259824.26638300403,-0.0310853213148368,-0.0141357844687531,0.0128960340264595
202405,NRP-L,2026-11-01,259824.26638300403,-8076.72080590743,-3672.819829342037,3350.702580175097,248074.72574775456,-0.0310853213148368,-0.0141357844687531,0.0128960340264595
202405,NRP-L,2026-12-01,248074.72574775456,-7711.4825599589685,-3506.730855315294,3199.1801043476516,236856.5123324803,-0.0310853213148368,-0.0141357844687531,0.0128960340264595
202405,NRP-L,2027-01-01,236856.5123324803,-7362.760791366756,-3348.1526083525023,3054.5096424281905,226145.59893276106,-0.0310853213148368,-0.0141357844687531,0.0128960340264595
202405,NRP-L,2027-02-01,226145.59893276106,-7029.808606761092,-3196.7454450705914,2916.3813387709497,215919.04488092937,-0.0310853213148368,-0.0141357844687531,0.0128960340264595
202405,NRP-L,2027-03-01,215919.04488092937,-6711.912888116358,-3052.185081135845,2784.499349745101,206154.9469116772,-0.0310853213148368,-0.0141357844687531,0.0128960340264595
202405,NRP-L,2027-04-01,206154.9469116772,-6408.392765392608,-2914.1618967107065,2658.581210095941,196832.39224957387,-0.0310853213148368,-0.0141357844687531,0.0128960340264595
202405,NRP-L,2027-05-01,196832.39224957387,-6118.598158245996,-2782.3802733090442,2538.357227959928,187931.41381801883,-0.0310853213148368,-0.0141357844687531,0.0128960340264595
202405,NRP-L,2027-06-01,187931.41381801883,-5841.908383684676,-2656.5579606395627,2423.569907237812,179432.9474736946,-0.0310853213148368,-0.0141357844687531,0.0128960340264595
202405,NRP-L,2027-07-01,179432.9474736946,-5577.730826688031,-2536.4254720812432,2313.9733960886856,171318.79117492534,-0.0310853213148368,-0.0141357844687531,0.0128960340264595
202405,NRP-L,2027-08-01,171318.79117492534,-5325.499670941982,-2421.7255074960653,2209.3329603637467,163571.56599648728,-0.0310853213148368,-0.0141357844687531,0.0128960340264595
202405,NRP-L,2027-09-01,163571.56599648728,-5084.674686971841,-2312.2124021427676,2109.4244808519657,156174.67890737267,-0.0310853213148368,-0.0141357844687531,0.0128960340264595
202405,NRP-L,2027-10-01,156174.67890737267,-4854.740075077145,-2207.6516005113413,2014.0339732608647,149112.2872317842,-0.0310853213148368,-0.0141357844687531,0.0128960340264595
202405,NRP-L,2027-11-01,149112.2872317842,-4635.203360590249,-2107.8191539513064,1922.9571299042914,142369.26471724265,-0.0310853213148368,-0.0141357844687531,0.0128960340264595
202405,NRP-L,2027-12-01,142369.26471724265,-4425.594339092546,-2012.5012410177974,1835.9988821155812,135931.1691371323,-0.0310853213148368,-0.0141357844687531,0.0128960340264595
202405,NRP-M,2025-10-01,2724042.47,-83908.61330752975,-43065.21353596386,39416.482097209555,2597068.6431565066,-0.0308029754424239,-0.015809303272707,0.0144698485913142
202405,NRP-M,2025-11-01,2597068.6431565066,-79997.44163743903,-41057.84579969889,37579.190047724456,2476013.3557193684,-0.0308029754424239,-0.015809303272707,0.0144698485913142
202405,NRP-M,2025-12-01,2476013.3557193684,-76268.5785913373,-39144.04604784045,35827.53836733105,2360600.7310801907,-0.0308029754424239,-0.015809303272707,0.0144698485913142
202405,NRP-M,2026-01-01,2360600.7310801907,-72713.52634883102,-37319.45286342059,34157.53516327597,2250567.751867939,-0.0308029754424239,-0.015809303272707,0.0144698485913142
202405,NRP-M,2026-02-01,2250567.751867939,-69324.18319229929,-35579.90812505464,32565.374614023458,2145663.660550585,-0.0308029754424239,-0.015809303272707,0.0144698485913142
202405,NRP-M,2026-03-01,2145663.660550585,-66092.82504364105,-33921.44753087084,31047.428296051952,2045649.3879760732,-0.0308029754424239,-0.015809303272707,0.0144698485913142
202405,NRP-M,2026-04-01,2045649.3879760732,-63012.087861636464,-32340.291564141204,29600.236914928337,1950297.0085502956,-0.0308029754424239,-0.015809303272707,0.0144698485913142
202405,NRP-M,2026-05-01,1950297.0085502956,-60074.95085980755,-30832.83688002486,28220.502421815792,1859389.2208104634,-0.0308029754424239,-0.015809303272707,0.0144698485913142
202405,NRP-M,2026-06-01,1859389.2208104634,-57274.720506532416,-29395.64809379498,26905.08049744909,1772718.8522101361,-0.0308029754424239,-0.015809303272707,0.0144698485913142
202405,NRP-M,2026-07-01,1772718.8522101361,-54605.0152709507,-28025.4499518351,25650.973386448964,1690088.3869873502,-0.0308029754424239,-0.015809303272707,0.0144698485913142
202405,NRP-M,2026-08-01,1690088.3869873502,-52059.75107989717,-26719.119867563208,24455.323065645396,1611309.5160398898,-0.0308029754424239,-0.015809303272707,0.0144698485913142
202405,NRP-M,2026-09-01,1611309.5160398898,-49633.12745272066,-25473.68080527336,23315.404730840964,1536202.7077818958,-0.0308029754424239,-0.015809303272707,0.0144698485913142
202405,NRP-M,2026-10-01,1536202.7077818958,-47319.61428239083,-24286.29449567768,22228.620587170924,1464596.7990038274,-0.0308029754424239,-0.015809303272707,0.0144698485913142
202405,NRP-M,2026-11-01,1464596.7990038274,-45113.939232767545,-23154.254967687404,21192.493928908818,1396328.6048033724,-0.0308029754424239,-0.015809303272707,0.0144698485913142
202405,NRP-M,2026-12-01,1396328.6048033724,-43011.07572331231,-22074.982381692353,20204.6634952258,1331242.5466983677,-0.0308029754424239,-0.015809303272707,0.0144698485913142
202405,NRP-M,2027-01-01,1331242.5466983677,-41006.23147385967,-21046.017150285305,19262.878089040903,1269190.2980742226,-0.0308029754424239,-0.015809303272707,0.0144698485913142
202405,NRP-M,2027-02-01,1269190.2980742226,-39094.837583342945,-20065.01433303278,18364.99144669894,1210030.4461578468,-0.0308029754424239,-0.015809303272707,0.0144698485913142
202405,NRP-M,2027-03-01,1210030.4461578468,-37272.53811758539,-19129.73829251836,17508.957346784413,1153628.169747743,-0.0308029754424239,-0.015809303272707,0.0144698485913142
202405,NRP-M,2027-04-01,1153628.169747743,-35535.18018242816,-18238.05759947998,16692.824946924757,1099854.931965835,-0.0308029754424239,-0.015809303272707,0.0144698485913142
202405,NRP-M,2027-05-01,1099854.931965835,-33878.80445957242,-17387.94017543041,15914.734337955811,1048588.1873308322,-0.0308029754424239,-0.015809303272707,0.0144698485913142
202405,NRP-M,2027-06-01,1048588.1873308322,-32299.636183567418,-16577.448661691225,15172.912305317754,999711.1024855735,-0.0308029754424239,-0.015809303272707,0.0144698485913142
202405,NRP-M,2027-07-01,999711.1024855735,-30794.076539381644,-15804.7360042867,14465.668288022041,953112.2899419052,-0.0308029754424239,-0.015809303272707,0.0144698485913142
202405,NRP-M,2027-08-01,953112.2899419052,-29358.694460952913,-15068.041244635824,13791.390525980127,908685.5542363165,-0.0308029754424239,-0.015809303272707,0.0144698485913142
202405,NRP-M,2027-09-01,908685.5542363165,-27990.218812026607,-14365.685506449772,13148.542386913927,866329.64991784,-0.0308029754424239,-0.015809303272707,0.0144698485913142
202405,NRP-M,2027-10-01,866329.64991784,-26685.53093146292,-13696.068169689217,12535.658864477382,825948.0508166879,-0.0308029754424239,-0.015809303272707,0.0144698485913142
202405,NRP-M,2027-11-01,825948.0508166879,-25441.657526024323,-13057.663222862231,11951.343239608559,787448.7300678014,-0.0308029754424239,-0.015809303272707,0.0144698485913142
202405,NRP-M,2027-12-01,787448.7300678014,-24255.763894446372,-12449.015785349864,11394.263897503732,750743.9503880051,-0.0308029754424239,-0.015809303272707,0.0144698485913142
202405,NRP-S,2025-10-01,1006382.04,-51969.97650177678,-18132.55063742672,16398.41969318072,936279.5128607965,-0.051640405369095,-0.01801756183708,0.0162944280018955
202405,NRP-S,2025-11-01,936279.5128607965,-48349.85358291033,-16869.474019760542,15256.139111960041,871060.1852581257,-0.051640405369095,-0.01801756183708,0.0162944280018955
202405,NRP-S,2025-12-01,871060.1852581257,-44981.901067608596,-15694.38075170664,14193.427474006285,810383.9034388104,-0.051640405369095,-0.01801756183708,0.0162944280018955
202405,NRP-S,2026-01-01,810383.9034388104,-41848.553278169704,-14601.142091983034,13204.742168478731,753934.2080686577,-0.051640405369095,-0.01801756183708,0.0162944280018955
202405,NRP-S,2026-02-01,753934.2080686577,-38933.4681262931,-13584.056214966979,12284.926671540845,701416.6837273977,-0.051640405369095,-0.01801756183708,0.0162944280018955
202405,NRP-S,2026-03-01,701416.6837273977,-36221.44188032912,-12637.818472617973,11429.18365232439,652557.4233744505,-0.051640405369095,-0.01801756183708,0.0162944280018955
202405,NRP-S,2026-04-01,652557.4233744505,-33698.32986966877,-11757.493727894756,10633.049952277424,607101.599776887,-0.051640405369095,-0.01801756183708,0.0162944280018955
202405,NRP-S,2026-05-01,607101.599776887,-31350.97271270452,-10938.490615370256,9892.373307400063,564812.1364488122,-0.051640405369095,-0.01801756183708,0.0162944280018955
202405,NRP-S,2026-06-01,564812.1364488122,-29167.12768360126,-10176.53759479974,9203.290691961947,525468.4711704112,-0.051640405369095,-0.01801756183708,0.0162944280018955
202405,NRP-S,2026-07-01,525468.4711704112,-27135.404859918643,-9467.660672748774,8562.208170752367,488865.4056377438,-0.051640405369095,-0.01801756183708,0.0162944280018955
202405,NRP-S,2026-08-01,488865.4056377438,-25245.207718060152,-8808.162676087248,7965.782154781656,454812.0352435964,-0.051640405369095,-0.01801756183708,0.0162944280018955
202405,NRP-S,2026-09-01,454812.0352435964,-23486.67786672244,-8194.603969249707,7410.901962672341,423130.75340762426,-0.051640405369095,-0.01801756183708,0.0162944280018955
202405,NRP-S,2026-10-01,423130.75340762426,-21850.64363010029,-7623.784514692119,6894.673596788333,393656.3252628318,-0.051640405369095,-0.01801756183708,0.0162944280018955
202405,NRP-S,2026-11-01,393656.3252628318,-20328.57221268095,-7092.7271829807505,6414.40464948597,366235.02586717013,-0.051640405369095,-0.01801756183708,0.0162944280018955
202405,NRP-S,2026-12-01,366235.02586717013,-18912.525196141658,-6598.662225466332,5967.5902607649405,340723.8384455621,-0.051640405369095,-0.01801756183708,0.0162944280018955
202405,NRP-S,2027-01-01,340723.8384455621,-17595.11713624286,-6139.012828560171,5551.9000540806865,316989.70848075906,-0.051640405369095,-0.01801756183708,0.0162944280018955
202405,NRP-S,2027-02-01,316989.70848075906,-16369.477043777648,-5711.381674270039,5165.165982181572,294908.8497627114,-0.051640405369095,-0.01801756183708,0.0162944280018955
202405,NRP-S,2027-03-01,294908.8497627114,-15229.21254867995,-5313.538436901788,4805.371019580318,274366.0987771296,-0.051640405369095,-0.01801756183708,0.0162944280018955
202405,NRP-S,2027-04-01,274366.0987771296,-14168.376560388133,-4943.408150715332,4470.638642684888,255254.31406602613,-0.051640405369095,-0.01801756183708,0.0162944280018955
202405,NRP-S,2027-05-01,255254.31406602613,-13181.436250579876,-4599.060387866065,4159.223042722085,237473.8174275802,-0.051640405369095,-0.01801756183708,0.0162944280018955
202405,NRP-S,2027-06-01,237473.8174275802,-12263.244196506697,-4278.699190188872,3869.5000204089824,220931.87404088464,-0.051640405369095,-0.01801756183708,0.0162944280018955
202405,NRP-S,2027-07-01,220931.87404088464,-11409.011534425119,-3980.653702313609,3599.95851488304,205542.20880414592,-0.051640405369095,-0.01801756183708,0.0162944280018955
202405,NRP-S,2027-08-01,205542.20880414592,-10614.282983105262,-3703.3694572587083,3349.192722709727,191224.55636378197,-0.051640405369095,-0.01801756183708,0.0162944280018955
202405,NRP-S,2027-09-01,191224.55636378197,-9874.913607151055,-3445.4002690526318,3115.8947658640536,177904.2424875783,-0.051640405369095,-0.01801756183708,0.0162944280018955
202405,NRP-S,2027-10-01,177904.2424875783,-9187.047198940318,-3205.400690098817,2898.8478704456033,165511.79459853916,-0.051640405369095,-0.01801756183708,0.0162944280018955
202405,NRP-S,2027-11-01,165511.79459853916,-8547.09616643495,-2982.118993945263,2696.920020550413,153982.57943815892,-0.051640405369095,-0.01801756183708,0.0162944280018955
202405,NRP-S,2027-12-01,153982.57943815892,-7951.722821965399,-2774.3906468601117,2509.0580542012353,143256.4659693334,-0.051640405369095,-0.01801756183708,0.0162944280018955
202405,PRIME,2025-10-01,4824.29,-75.24825476478337,-49.82222019014479,48.60369542417588,4699.219525045072,-0.0155977884341081,-0.0103273684190098,0.0100747872586797
202405,PRIME,2025-11-01,4699.219525045072,-73.29743195708299,-48.530571316944716,47.34363699666296,4577.391521771045,-0.0155977884341081,-0.0103273684190098,0.0100747872586797
202405,PRIME,2025-12-01,4577.391521771045,-71.39718453666488,-47.272408643381496,46.1162457815274,4458.721928590998,-0.0155977884341081,-0.0103273684190098,0.0100747872586797
202405,PRIME,2026-01-01,4458.721928590998,-69.54620132868082,-46.046864034477146,44.92067487616436,4343.12886322784,-0.0155977884341081,-0.0103273684190098,0.0100747872586797
202405,PRIME,2026-02-01,4343.12886322784,-67.74320515069627,-44.85309186178913,43.75609933405189,4230.532566215355,-0.0155977884341081,-0.0103273684190098,0.0100747872586797
202405,PRIME,2026-03-01,4230.532566215355,-65.98695193143152,-43.69026841992494,42.62171559553598,4120.855345863998,-0.0155977884341081,-0.0103273684190098,0.0100747872586797
202405,PRIME,2026-04-01,4120.855345863998,-64.27622985235,-42.557591358183565,41.51674093337273,4014.021524653465,-0.0155977884341081,-0.0103273684190098,0.0100747872586797
202405,PRIME,2026-05-01,4014.021524653465,-62.609858511500775,-41.454279126931766,40.44041291264479,3909.957387015032,-0.0155977884341081,-0.0103273684190098,0.0100747872586797
202405,PRIME,2026-06-01,3909.957387015032,-60.986688109038596,-40.379570438333126,39.39198886467961,3808.59112846766,-0.0155977884341081,-0.0103273684190098,0.0100747872586797
202405,PRIME,2026-07-01,3808.59112846766,-59.405598653859585,-39.33272374105781,38.370745374606514,3709.8528060727426,-0.0155977884341081,-0.0103273684190098,0.0100747872586797
202405,PRIME,2026-08-01,3709.8528060727426,-57.865499190804904,-38.31301670861053,37.375977782198795,3613.6742901733273,-0.0155977884341081,-0.0103273684190098,0.0100747872586797
202405,PRIME,2026-09-01,3613.6742901733273,-56.36532704789932,-37.31974574092368,36.406999695656644,3519.989217384504,-0.0155977884341081,-0.0103273684190098,0.0100747872586797
202405,PRIME,2026-10-01,3519.989217384504,-54.90404710310524,-36.35222547887175,35.46314251799533,3428.732944802527,-0.0155977884341081,-0.0103273684190098,0.0100747872586797
202405,PRIME,2026-11-01,3428.732944802527,-53.48065107008626,-35.40978833137209,34.54375498571182,3339.8425054010686,-0.0155977884341081,-0.0103273684190098,0.0100747872586797
202405,PRIME,2026-12-01,3339.8425054010686,-52.094156802487404,-34.49178401474557,33.64820271941157,3253.256564583836,-0.0155977884341081,-0.0103273684190098,0.0100747872586797
202405,PRIME,2027-01-01,3253.256564583836,-50.74360761625201,-33.597579104019424,32.77586778608532,3168.915377863564,-0.0155977884341081,-0.0103273684190098,0.0100747872586797
202405,PRIME,2027-02-01,3168.915377863564,-49.4280716295076,-32.72655659586268,31.926148272734,3086.760749638194,-0.0155977884341081,-0.0103273684190098,0.0100747872586797
202405,PRIME,2027-03-01,3086.760749638194,-48.146641119565466,-31.8781154828525,31.098457871047472,3006.7359930357757,-0.0155977884341081,-0.0103273684190098,0.0100747872586797
202405,PRIME,2027-04-01,3006.7359930357757,-46.898431896589955,-31.051670338777743,30.292225472850486,2928.7858908004077,-0.0155977884341081,-0.0103273684190098,0.0100747872586797
202405,PRIME,2027-05-01,2928.7858908004077,-45.68258269350559,-30.246650914693618,29.50689477603682,2852.856657192209,-0.0155977884341081,-0.0103273684190098,0.0100747872586797
202405,PRIME,2027-06-01,2852.856657192209,-44.49825457172093,-29.462501745448687,28.741923900719623,2778.8959008750394,-0.0155977884341081,-0.0103273684190098,0.0100747872586797
202405,PRIME,2027-07-01,2778.8959008750394,-43.344630342259094,-28.698681766412673,27.996785015333092,2706.8525887663673,-0.0155977884341081,-0.0103273684190098,0.0100747872586797
202405,PRIME,2027-08-01,2706.8525887663673,-42.220914001895615,-27.954663940140705,27.270963972427555,2636.677010824331,-0.0155977884341081,-0.0103273684190098,0.0100747872586797
202405,PRIME,2027-09-01,2636.677010824331,-41.12633018391446,-27.229934892716358,26.563959953906643,2568.3207457477,-0.0155977884341081,-0.0103273684190098,0.0100747872586797
202405,PRIME,2027-10-01,2568.3207457477,-40.060123623103365,-26.5239945595225,25.875285125461673,2501.7366275650743,-0.0155977884341081,-0.0103273684190098,0.0100747872586797
202405,PRIME,2027-11-01,2501.7366275650743,-39.02155863461912,-25.836355840195633,25.20446429996493,2436.8787130902597,-0.0155977884341081,-0.0103273684190098,0.0100747872586797
202405,PRIME,2027-12-01,2436.8787130902597,-38.009918606363485,-25.166544262525594,24.551034609589532,2373.7022502213704,-0.0155977884341081,-0.0103273684190098,0.0100747872586797
202406,NON PRIME,2025-10-01,2338555.87,-141845.22394788254,-63152.51992069591,51572.93669268569,2133558.1261314214,-0.0606550503101226,-0.0270049224527169,0.0220533267365067
202406,NON PRIME,2025-11-01,2133558.1261314214,-129411.07548007228,-57616.57174454302,47052.05446690521,1946530.478906806,-0.0606550503101226,-0.0270049224527169,0.0220533267365067
202406,NON PRIME,2025-12-01,1946530.478906806,-118066.90412827936,-52565.904634728184,42927.47265390066,1775897.6701437987,-0.0606550503101226,-0.0270049224527169,0.0220533267365067
202406,NON PRIME,2026-01-01,1775897.6701437987,-107717.16252820163,-47957.9788661939,39164.451570282195,1620222.528749403,-0.0606550503101226,-0.0270049224527169,0.0220533267365067
202406,NON PRIME,2026-02-01,1620222.528749403,-98274.67899488911,-43753.98374502251,35731.29681235971,1478193.8660094915,-0.0606550503101226,-0.0270049224527169,0.0220533267365067
202406,NON PRIME,2026-03-01,1478193.8660094915,-89659.92331092033,-39918.51072166811,32599.092307007322,1348615.431976903,-0.0606550503101226,-0.0270049224527169,0.0220533267365067
202406,NON PRIME,2026-04-01,1348615.431976903,-81800.33687556678,-36419.25515907357,29741.45676328177,1230395.8399422627,-0.0606550503101226,-0.0270049224527169,0.0220533267365067
202406,NON PRIME,2026-05-01,1230395.8399422627,-74629.7215730635,-33226.74424378628,27134.32147348532,1122539.3741254131,-0.0606550503101226,-0.0270049224527169,0.0220533267365067
202406,NON PRIME,2026-06-01,1122539.3741254131,-68087.68221267048,-30314.088748378144,24755.727592181473,1024137.6031643645,-0.0606550503101226,-0.0270049224527169,0.0220533267365067
202406,NON PRIME,2026-07-01,1024137.6031643645,-62119.11784442291,-27656.756554365016,22585.64118572657,934361.7287655765,-0.0606550503101226,-0.0270049224527169,0.0220533267365067
202406,NON PRIME,2026-08-01,934361.7287655765,-56673.757666129175,-25232.366028100896,20605.78449455451,852455.6050713464,-0.0606550503101226,-0.0270049224527169,0.0220533267365067
202406,NON PRIME,2026-09-01,852455.6050713464,-51705.73761274852,-23020.49750933557,18799.48198700492,777729.3699492624,-0.0606550503101226,-0.0270049224527169,0.0220533267365067
202406,NON PRIME,2026-10-01,777729.3699492624,-47173.214061932464,-21002.5213246802,17151.519908068578,709553.6345626498,-0.0606550503101226,-0.0270049224527169,0.0220533267365067
202406,NON PRIME,2026-11-01,709553.6345626498,-43038.01140212787,-19161.440877407782,15648.01814008599,647354.1822831141,-0.0606550503101226,-0.0270049224527169,0.0220533267365067
202406,NON PRIME,2026-12-01,647354.1822831141,-39265.30049485056,-17481.749491997456,14276.313296133632,590607.132296266,-0.0606550503101226,-0.0270049224527169,0.0220533267365067
202406,NON PRIME,2027-01-01,590607.132296266,-35823.30532294725,-15949.299807682175,13024.852061440793,538834.5271656367,-0.0606550503101226,-0.0270049224527169,0.0220533267365067
202406,NON PRIME,2027-02-01,538834.5271656367,-32683.035354062817,-14551.184620954395,11883.093884494881,491600.30719061947,-0.0606550503101226,-0.0270049224527169,0.0220533267365067
202406,NON PRIME,2027-03-01,491600.30719061947,-29818.041365118752,-13275.628173414485,10841.422198241795,448506.6376520862,-0.0606550503101226,-0.0270049224527169,0.0220533267365067
202406,NON PRIME,2027-04-01,448506.6376520862,-27204.192671211218,-12111.886969323386,9891.063423633475,409190.5580115516,-0.0606550503101226,-0.0270049224527169,0.0220533267365067
202406,NON PRIME,2027-05-01,409190.5580115516,-24819.473882617804,-11050.159287485907,9024.013073322247,373320.9248414479,-0.0606550503101226,-0.0270049224527169,0.0220533267365067
202406,NON PRIME,2027-06-01,373320.9248414479,-22643.799478079523,-10081.502625319854,8232.968333103312,340595.6227380485,-0.0606550503101226,-0.0270049224527169,0.0220533267365067
202406,NON PRIME,2027-07-01,340595.6227380485,-20658.84463258387,-9197.75837977582,7511.266553266155,310739.01972568885,-0.0606550503101226,-0.0270049224527169,0.0220533267365067
202406,NON PRIME,2027-08-01,310739.01972568885,-18847.890874779838,-8391.483130725494,6852.829131792417,283499.6457201835,-0.0606550503101226,-0.0270049224527169,0.0220533267365067
202406,NON PRIME,2027-09-01,283499.6457201835,-17195.685274059666,-7655.88594804627,6252.1103167511,258648.0744980776,-0.0606550503101226,-0.0270049224527169,0.0220533267365067
202406,NON PRIME,2027-10-01,258648.0744980776,-15688.311971297235,-6984.771194365128,5704.050496674432,235974.99133241523,-0.0606550503101226,-0.0270049224527169,0.0220533267365067
202406,NON PRIME,2027-11-01,235974.99133241523,-14313.074971198392,-6372.486341712416,5204.033585498089,215289.43001950442,-0.0606550503101226,-0.0270049224527169,0.0220533267365067
202406,NON PRIME,2027-12-01,215289.43001950442,-13058.39120907066,-5813.874362566338,4747.848143136425,196417.16444786743,-0.0606550503101226,-0.0270049224527169,0.0220533267365067
202406,NRP-L,2025-10-01,263352.54000000004,-7931.8882760775405,-3788.601109297826,3974.268288154491,251632.05061462466,-0.0301188979459911,-0.0143860435494483,0.0150910573642255
202406,NRP-L,2025-11-01,251632.05061462466,-7578.880052402347,-3619.9896385789693,3797.3937105029954,240433.18092364335,-0.0301188979459911,-0.0143860435494483,0.0150910573642255
202406,NRP-L,2025-12-01,240433.18092364335,-7241.582439069228,-3458.8822114999157,3628.39092558191,229732.7162730742,-0.0301188979459911,-0.0143860435494483,0.0150910573642255
202406,NRP-L,2026-01-01,229732.7162730742,-6919.296236284051,-3304.9448610374957,3466.909599716304,219508.47517575268,-0.0301188979459911,-0.0143860435494483,0.0150910573642255
202406,NRP-L,2026-02-01,219508.47517575268,-6611.353362098615,-3157.858483351369,3312.614990810953,209739.2633303027,-0.0301188979459911,-0.0143860435494483,0.0150910573642255
202406,NRP-L,2026-03-01,209739.2633303027,-6317.11546751274,-3017.3181762989398,3165.187254447996,200404.82968649102,-0.0301188979459911,-0.0143860435494483,0.0150910573642255
202406,NRP-L,2026-04-01,200404.82968649102,-6035.972613211151,-2883.0326073896294,3024.3207808666775,191485.82446589024,-0.0301188979459911,-0.0143860435494483,0.0150910573642255
202406,NRP-L,2026-05-01,191485.82446589024,-5767.342005192114,-2754.72340986831,2889.7235614507645,182963.7590508298,-0.0301188979459911,-0.0143860435494483,0.0150910573642255
202406,NRP-L,2026-06-01,182963.7590508298,-5510.666786666849,-2632.1246056760033,2761.116583410405,174820.96765848694,-0.0301188979459911,-0.0143860435494483,0.0150910573642255
202406,NRP-L,2026-07-01,174820.96765848694,-5265.414883725379,-2514.982054091686,2638.2332514036375,167040.57072066987,-0.0301188979459911,-0.0143860435494483,0.0150910573642255
202406,NRP-L,2026-08-01,167040.57072066987,-5031.077902375965,-2403.0529249122555,2520.8188348985955,159606.43989338167,-0.0301188979459911,-0.0143860435494483,0.0150910573642255
202406,NRP-L,2026-09-01,159606.43989338167,-4807.170074671725,-2296.1051950785914,2408.629940130832,152503.16462363134,-0.0301188979459911,-0.0143860435494483,0.0150910573642255
202406,NRP-L,2026-10-01,152503.16462363134,-4593.227251739832,-2193.917167704244,2301.4340055611456,145716.02020418728,-0.0301188979459911,-0.0143860435494483,0.0150910573642255
202406,NRP-L,2026-11-01,145716.02020418728,-4388.805941625894,-2096.277012509727,2199.0088197880323,139230.93725005165,-0.0301188979459911,-0.0143860435494483,0.0150910573642255
202406,NRP-L,2026-12-01,139230.93725005165,-4193.4823899589965,-2002.9823267097465,2101.1420609154106,133034.4725333829,-0.0301188979459911,-0.0143860435494483,0.0150910573642255
202406,NRP-L,2027-01-01,133034.4725333829,-4006.851701531716,-1913.8397154431304,2007.6308564207632,127113.78111640806,-0.0301188979459911,-0.0143860435494483,0.0150910573642255
202406,NRP-L,2027-02-01,127113.78111640806,-3828.5270009741453,-1828.6643908756855,1918.2813626113182,121456.58972455823,-0.0301188979459911,-0.0143860435494483,0.0150910573642255
202406,NRP-L,2027-03-01,121456.58972455823,-3658.138630782081,-1747.2797891449698,1832.9083627965097,116051.17130463118,-0.0301188979459911,-0.0143860435494483,0.0150910573642255
202406,NRP-L,2027-04-01,116051.17130463118,-3495.333385036917,-1669.5172043529092,1751.3348833437494,110886.32071524134,-0.0301188979459911,-0.0143860435494483,0.0150910573642255
202406,NRP-L,2027-05-01,110886.32071524134,-3339.773777228793,-1595.215438847553,1673.3918268216134,105951.331499165,-0.0301188979459911,-0.0143860435494483,0.0150910573642255
202406,NRP-L,2027-06-01,105951.331499165,-3191.137340665223,-1524.2204690690212,1598.9176214699712,101235.97368943074,-0.0301188979459911,-0.0143860435494483,0.0150910573642255
202406,NRP-L,2027-07-01,101235.97368943074,-3049.1159600150045,-1456.385126266953,1527.757886270423,96730.4726031488,-0.0301188979459911,-0.0143860435494483,0.0150910573642255
202406,NRP-L,2027-08-01,96730.4726031488,-2913.4152326017265,-1391.5687914276143,1459.7651109227616,92425.48857911945,-0.0301188979459911,-0.0143860435494483,0.0150910573642255
202406,NRP-L,2027-09-01,92425.48857911945,-2783.7538581228646,-1329.637103778249,1394.7983500640605,88312.09761721834,-0.0301188979459911,-0.0143860435494483,0.0150910573642255
202406,NRP-L,2027-10-01,88312.09761721834,-2659.863055529403,-1270.4616822644325,1332.7229310965242,84381.7728794245,-0.0301188979459911,-0.0143860435494483,0.0150910573642255
202406,NRP-L,2027-11-01,84381.7728794245,-2541.4860058571862,-1213.9198594230566,1273.4101750184427,80626.36701414427,-0.0301188979459911,-0.0143860435494483,0.0150910573642255
202406,NRP-L,2027-12-01,80626.36701414427,-2428.3773198550343,-1159.8944270992815,1216.7371296795498,77038.09526718996,-0.0301188979459911,-0.0143860435494483,0.0150910573642255
202406,NRP-M,2025-10-01,2559981.85,-92219.17801855973,-38327.31713762305,36366.6985470154,2429435.354843817,-0.0360233718135774,-0.0149717144039998,0.0142058423371304
202406,NRP-M,2025-11-01,2429435.354843817,-87516.45308458917,-36372.812295701544,34512.17561916172,2305546.089463527,-0.0360233718135774,-0.0149717144039998,0.0142058423371304
202406,NRP-M,2025-12-01,2305546.089463527,-83053.54401408401,-34517.97759670649,32752.2242479064,2187974.567852736,-0.0360233718135774,-0.0149717144039998,0.0142058423371304
202406,NRP-M,2026-01-01,2187974.567852736,-78818.22137641044,-32757.730353106042,31082.02174856699,2076398.6161232197,-0.0360233718135774,-0.0149717144039998,0.0142058423371304
202406,NRP-M,2026-02-01,2076398.6161232197,-74798.8793818043,-31087.24706945726,29496.991369682208,1970512.4896719581,-0.0360233718135774,-0.0149717144039998,0.0142058423371304
202406,NRP-M,2026-03-01,1970512.4896719581,-70984.50407875104,-29501.950224883163,27992.789751626133,1870026.035368324,-0.0360233718135774,-0.0149717144039998,0.0142058423371304
202406,NRP-M,2026-04-01,1870026.035368324,-67364.64317314318,-27997.495729578575,26565.295024771447,1774663.896465602,-0.0360233718135774,-0.0149717144039998,0.0142058423371304
202406,NRP-M,2026-05-01,1774663.896465602,-63929.37738651241,-26569.761020972463,25210.59551458785,1684164.7580581172,-0.0360233718135774,-0.0149717144039998,0.0142058423371304
202406,NRP-M,2026-06-01,1684164.7580581172,-60669.29327485118,-25214.83376692755,23924.97902272498,1598280.6310163385,-0.0360233718135774,-0.0149717144039998,0.0142058423371304
202406,NRP-M,2026-07-01,1598280.6310163385,-57575.457433540665,-23929.001145021204,22704.922654707392,1516776.1724377766,-0.0360233718135774,-0.0149717144039998,0.0142058423371304
202406,NRP-M,2026-08-01,1516776.1724377766,-54639.39201770081,-22708.739668530343,21547.083166367167,1439428.0407515455,-0.0360233718135774,-0.0149717144039998,0.0142058423371304
202406,NRP-M,2026-09-01,1439428.0407515455,-51853.051510882164,-21550.705531241125,20448.287802560968,1366024.2837094222,-0.0360233718135774,-0.0149717144039998,0.0142058423371304
202406,NRP-M,2026-10-01,1366024.2837094222,-49208.80067844025,-20451.725444625867,19405.525603067537,1296363.757586356,-0.0360233718135774,-0.0149717144039998,0.0142058423371304
202406,NRP-M,2026-11-01,1296363.757586356,-46699.39364517962,-19408.787942278952,18415.939151841707,1230255.5759988974,-0.0360233718135774,-0.0149717144039998,0.0142058423371304
202406,NRP-M,2026-12-01,1230255.5759988974,-44317.95403993511,-18419.03512778376,17476.816747015884,1167518.5868311787,-0.0360233718135774,-0.0149717144039998,0.0142058423371304
202406,NRP-M,2027-01-01,1167518.5868311787,-42057.956152682,-17479.754843397848,16585.584970193013,1107980.875835099,-0.0360233718135774,-0.0149717144039998,0.0142058423371304
202406,NRP-M,2027-02-01,1107980.875835099,-39913.20705254091,-16588.373238096665,15739.801634669071,1051479.2955444613,-0.0360233718135774,-0.0149717144039998,0.0142058423371304
202406,NRP-M,2027-03-01,1051479.2955444613,-37877.829617676565,-15742.447714610575,14937.149093261558,997859.0182121742,-0.0360233718135774,-0.0149717144039998,0.0142058423371304
202406,NRP-M,2027-04-01,997859.0182121742,-35946.24643058845,-14939.660236128306,14175.427887405878,946973.1115454575,-0.0360233718135774,-0.0149717144039998,0.0142058423371304
202406,NRP-M,2027-05-01,946973.1115454575,-34113.16449466232,-14177.810974325635,13452.55072011657,898682.1360764696,-0.0360233718135774,-0.0149717144039998,0.0142058423371304
202406,NRP-M,2027-06-01,898682.1360764696,-32373.56073010262,-13454.812281313387,12766.536736297894,852853.7630650536,-0.0360233718135774,-0.0149717144039998,0.0142058423371304
202406,NRP-M,2027-07-01,852853.7630650536,-30722.66820950107,-12768.682968986495,12115.506094730517,809362.4118865661,-0.0360233718135774,-0.0149717144039998,0.0142058423371304
202406,NRP-M,2027-08-01,809362.4118865661,-29155.963095323546,-12117.54288009812,11497.674816860153,768088.9059111445,-0.0360233718135774,-0.0149717144039998,0.0142058423371304
202406,NRP-M,2027-09-01,768088.9059111445,-27669.152243521025,-11499.607736182328,10911.349898272703,728920.1459314411,-0.0360233718135774,-0.0149717144039998,0.0142058423371304
202406,NRP-M,2027-10-01,728920.1459314411,-26258.1614392954,-10913.184248207393,10354.924669460135,691748.8002439383,-0.0360233718135774,-0.0149717144039998,0.0142058423371304
202406,NRP-M,2027-11-01,691748.8002439383,-24919.12423278347,-10356.665476561751,9826.874393164499,656473.0105345931,-0.0360233718135774,-0.0149717144039998,0.0142058423371304
202406,NRP-M,2027-12-01,656473.0105345931,-23648.37134406616,-9828.52642765788,9325.752086235774,622996.1127628691,-0.0360233718135774,-0.0149717144039998,0.0142058423371304
202406,NRP-S,2025-10-01,1206635.83,-61599.586151985066,-22453.88948149039,20022.244106390688,1122582.3543665246,-0.0510506854018955,-0.0186086712521129,0.0165934440272594
202406,NRP-S,2025-11-01,1122582.3543665246,-57308.59861048462,-20889.765985829563,18627.50746317,1044383.9897702106,-0.0510506854018955,-0.0186086712521129,0.0165934440272594
202406,NRP-S,2025-12-01,1044383.9897702106,-53316.51850053547,-19434.59832660389,17329.92727721784,971632.8729430712,-0.0510506854018955,-0.0186086712521129,0.0165934440272594
202406,NRP-S,2026-01-01,971632.8729430712,-49602.52412275663,-18080.796710343595,16122.735692226095,903949.552109971,-0.0510506854018955,-0.0186086712521129,0.0165934440272594
202406,NRP-S,2026-02-01,903949.552109971,-46147.24420395047,-16821.300043709147,14999.636296403005,840981.0078623113,-0.0510506854018955,-0.0186086712521129,0.0165934440272594
202406,NRP-S,2026-03-01,840981.0078623113,-42932.65686134786,-15649.539104580326,13954.771281951458,782398.8118963832,-0.0510506854018955,-0.0186086712521129,0.0165934440272594
202406,NRP-S,2026-04-01,782398.8118963832,-39941.995604939075,-14559.402278623515,12982.69089219689,727897.4140128206,-0.0510506854018955,-0.0186086712521129,0.0165934440272594
202406,NRP-S,2026-05-01,727897.4140128206,-37159.66188762178,-13545.203682627696,12078.3249970086,677192.5484425712,-0.0510506854018955,-0.0186086712521129,0.0165934440272594
202406,NRP-S,2026-06-01,677192.5484425712,-34571.14374704958,-12601.653508348347,11236.956648258954,630019.7511871732,-0.0510506854018955,-0.0186086712521129,0.0165934440272594
202406,NRP-S,2026-07-01,630019.7511871732,-32162.94011483686,-11723.830432180072,10454.197477392252,586132.9806401562,-0.0510506854018955,-0.0186086712521129,0.0165934440272594
202406,NRP-S,2026-08-01,586132.9806401562,-29922.49039833592,-10907.15594675372,9725.964806783148,545303.3342950665,-0.0510506854018955,-0.0186086712521129,0.0165934440272594
202406,NRP-S,2026-09-01,545303.3342950665,-27838.108967702097,-10147.370480577916,9048.460355503106,507317.85484678653,-0.0510506854018955,-0.0186086712521129,0.0165934440272594
202406,NRP-S,2026-10-01,507317.85484678653,-25898.924206547785,-9440.511181170981,8418.15042842946,471978.41945906775,-0.0510506854018955,-0.0186086712521129,0.0165934440272594
202406,NRP-S,2026-11-01,471978.41945906775,-24094.821808288743,-8782.891245805638,7831.747485368399,439100.70640497335,-0.0510506854018955,-0.0186086712521129,0.0165934440272594
202406,NRP-S,2026-12-01,439100.70640497335,-22416.392022430377,-8171.080692060695,7286.192994060988,408513.2336904823,-0.0510506854018955,-0.0186086712521129,0.0165934440272594
202406,NRP-S,2027-01-01,408513.2336904823,-20854.88057564383,-7601.888467883757,6778.641477637756,380056.4646469547,-0.0510506854018955,-0.0186086712521129,0.0165934440272594
202406,NRP-S,2027-02-01,380056.4646469547,-19402.143011648302,-7072.345807855449,6306.445673317333,353581.9758274509,-0.0510506854018955,-0.0186086712521129,0.0165934440272594
202406,NRP-S,2027-03-01,353581.9758274509,-18050.602211747817,-6579.6907488455645,5867.142724940592,328951.6828668575,-0.0510506854018955,-0.0186086712521129,0.0165934440272594
202406,NRP-S,2027-04-01,328951.6828668575,-16793.20887446004,-6121.353724298651,5458.441337323984,306037.12026809884,-0.0510506854018955,-0.0186086712521129,0.0165934440272594
202406,NRP-S,2027-05-01,306037.12026809884,-15623.404748108771,-5694.944162012389,5078.209825432351,284718.7713579777,-0.0510506854018955,-0.0186086712521129,0.0165934440272594
202406,NRP-S,2027-06-01,284718.7713579777,-14535.088424610336,-5298.2380155061055,4724.46499603867,264885.44491786126,-0.0510506854018955,-0.0186086712521129,0.0165934440272594
202406,NRP-S,2027-07-01,264885.44491786126,-13522.583516042854,-4929.16616394614,4395.361803880233,246433.69523787225,-0.0510506854018955,-0.0186086712521129,0.0165934440272594
202406,NRP-S,2027-08-01,246433.69523787225,-12580.60904801521,-4585.803620124945,4089.183728360334,229267.2825697321,-0.0510506854018955,-0.0186086712521129,0.0165934440272594
202406,NRP-S,2027-09-01,229267.2825697321,-11704.251915414874,-4266.359490205419,3804.3338206027142,213296.67116411182,-0.0510506854018955,-0.0186086712521129,0.0165934440272594
202406,NRP-S,2027-10-01,213296.67116411182,-10888.941256870628,-3969.167632862986,3539.3263741624432,198438.5622743782,-0.0510506854018955,-0.0186086712521129,0.0165934440272594
202406,NRP-S,2027-11-01,198438.5622743782,-10130.42461427373,-3692.6779691058373,3292.779175949723,184615.45969099863,-0.0510506854018955,-0.0186086712521129,0.0165934440272594
202406,NRP-S,2027-12-01,184615.45969099863,-9424.745753011492,-3435.4483974474942,3063.4062969493493,171755.26554053964,-0.0510506854018955,-0.0186086712521129,0.0165934440272594
202407,NON PRIME,2025-10-01,2523024.380000001,-165474.87449232297,-68880.68233220944,57502.55351617673,2288668.8231754685,-0.0655859197414188,-0.0273008389765181,0.0227911208357712
202407,NON PRIME,2025-11-01,2288668.8231754685,-150104.44975147367,-62482.57901209064,52161.327702054376,2076081.7944119044,-0.0655859197414188,-0.0273008389765181,0.0227911208357712
202407,NON PRIME,2025-12-01,2076081.7944119044,-136161.73394491986,-56678.77477132015,47316.23104138642,1883241.2856956644,-0.0655859197414188,-0.0273008389765181,0.0227911208357712
202407,NON PRIME,2026-01-01,1883241.2856956644,-123514.11181736218,-51414.067094708254,42921.179705203,1708313.1067835938,-0.0655859197414188,-0.0273008389765181,0.0227911208357712
202407,NON PRIME,2026-02-01,1708313.1067835938,-112041.28631472257,-46638.38104977427,38934.3704420366,1549633.4394190968,-0.0655859197414188,-0.0273008389765181,0.0227911208357712
202407,NON PRIME,2026-03-01,1549633.4394190968,-101634.13438635964,-42306.29300220868,35317.88296895236,1405693.0120305284,-0.0655859197414188,-0.0273008389765181,0.0227911208357712
202407,NON PRIME,2026-04-01,1405693.0120305284,-92193.66906810748,-38376.598571862174,32037.319295186953,1275122.744390559,-0.0655859197414188,-0.0273008389765181,0.0227911208357712
202407,NON PRIME,2026-05-01,1275122.744390559,-83630.09797405687,-34811.9207199025,29061.47654784542,1156680.7256965996,-0.0655859197414188,-0.0273008389765181,0.0227911208357712
202407,NON PRIME,2026-06-01,1156680.7256965996,-75861.96924198323,-31578.35423948497,26362.050187758723,1049240.4022151313,-0.0655859197414188,-0.0273008389765181,0.0227911208357712
202407,NON PRIME,2026-07-01,1049240.4022151313,-68815.39680913558,-28645.143268532385,23913.364792658234,951779.8621374634,-0.0655859197414188,-0.0273008389765181,0.0227911208357712
202407,NON PRIME,2026-08-01,951779.8621374634,-62423.35764964632,-25984.388757307486,21692.129847028584,863372.1157305096,-0.0655859197414188,-0.0273008389765181,0.0227911208357712
202407,NON PRIME,2026-09-01,863372.1157305096,-56625.054289280146,-23570.78310837439,19677.218215849483,783176.2783328551,-0.0655859197414188,-0.0273008389765181,0.0227911208357712
202407,NON PRIME,2026-10-01,783176.2783328551,-51365.3365341217,-21381.369464993997,17849.46519519368,710429.5723337395,-0.0655859197414188,-0.0273008389765181,0.0227911208357712
202407,NON PRIME,2026-11-01,710429.5723337395,-46594.17691301111,-19395.32335844004,16191.486228363514,644440.0720622883,-0.0655859197414188,-0.0273008389765181,0.0227911208357712
202407,NON PRIME,2026-12-01,644440.0720622883,-42266.19484443138,-17593.754637388254,14687.511553784712,584580.1225804687,-0.0655859197414188,-0.0273008389765181,0.0227911208357712
202407,NON PRIME,2027-01-01,584580.1225804687,-38340.22500199138,-15959.527795442587,13323.236211921401,530280.3697830347,-0.0655859197414188,-0.0273008389765181,0.0227911208357712
202407,NON PRIME,2027-02-01,530280.3697830347,-34778.92577303999,-14477.098987855104,12085.683984562578,481024.3450221396,-0.0655859197414188,-0.0273008389765181,0.0227911208357712
202407,NON PRIME,2027-03-01,481024.3450221396,-31548.42408629059,-13132.368187234519,10963.08397234728,436343.5527486145,-0.0655859197414188,-0.0273008389765181,0.0227911208357712
202407,NON PRIME,2027-04-01,436343.5527486145,-28617.99323025617,-11912.545072031757,9944.758636603377,395813.0144463266,-0.0655859197414188,-0.0273008389765181,0.0227911208357712
202407,NON PRIME,2027-05-01,395813.0144463266,-25959.760598085813,-10806.027372209395,9021.022240617081,359047.22647603136,-0.0655859197414188,-0.0273008389765181,0.0227911208357712
202407,NON PRIME,2027-06-01,359047.22647603136,-23548.44257903601,-9802.290514987559,8183.088724363739,325696.4933820078,-0.0655859197414188,-0.0273008389765181,0.0227911208357712
202407,NON PRIME,2027-07-01,325696.4933820078,-21361.104075013904,-8891.787521038788,7422.988136456295,295443.60178595514,-0.0655859197414188,-0.0273008389765181,0.0227911208357712
202407,NON PRIME,2027-08-01,295443.60178595514,-19376.940354849346,-8065.858199000896,6733.490828459171,268000.8032321049,-0.0655859197414188,-0.0273008389765181,0.0227911208357712
202407,NON PRIME,2027-09-01,268000.8032321049,-17577.079171416604,-7316.646774617208,6108.038690546644,243107.07728607111,-0.0655859197414188,-0.0273008389765181,0.0227911208357712
202407,NON PRIME,2027-10-01,243107.07728607111,-15944.401259455157,-6637.027171038968,5540.682774458015,220525.648855577,-0.0655859197414188,-0.0273008389765181,0.0227911208357712
202407,NON PRIME,2027-11-01,220525.648855577,-14463.377506766175,-6020.53522959828,5026.0267104543045,200041.73611921252,-0.0655859197414188,-0.0273008389765181,0.0227911208357712
202407,NON PRIME,2027-12-01,200041.73611921252,-13119.92125004875,-5461.307226373746,4559.175380090429,181460.50764279,-0.0655859197414188,-0.0273008389765181,0.0227911208357712
202407,NRP-L,2025-10-01,471704.42,-12660.866768812835,-7141.795974607194,6891.6162479444665,451901.75725658,-0.026840678679273,-0.0151404050328958,0.0146100311036824
202407,NRP-L,2025-11-01,451901.75725658,-12129.34986112269,-6841.975639941979,6602.298729327367,432930.43175551534,-0.026840678679273,-0.0151404050328958,0.0146100311036824
202407,NRP-L,2025-12-01,432930.43175551534,-11620.146609228714,-6554.742087844956,6325.12707367873,414755.5430584417,-0.026840678679273,-0.0151404050328958,0.0146100311036824
202407,NRP-L,2026-01-01,414755.5430584417,-11132.320261679011,-6279.566911543461,6059.591384508519,397343.6558852192,-0.026840678679273,-0.0151404050328958,0.0146100311036824
202407,NRP-L,2026-02-01,397343.6558852192,-10664.97339286279,-6015.94388735379,5805.203171333929,380662.73860500264,-0.026840678679273,-0.0151404050328958,0.0146100311036824
202407,NRP-L,2026-03-01,380662.73860500264,-10217.246252068964,-5763.388043411081,5561.494451032012,364682.1043095226,-0.026840678679273,-0.0151404050328958,0.0146100311036824
202407,NRP-L,2026-04-01,364682.1043095226,-9788.315181853015,-5521.434767494927,5328.0168869184745,349372.3543601747,-0.026840678679273,-0.0151404050328958,0.0146100311036824
202407,NRP-L,2026-05-01,349372.3543601747,-9377.391102802552,-5289.638952309443,5104.340963968902,334705.3243050627,-0.026840678679273,-0.0151404050328958,0.0146100311036824
202407,NRP-L,2026-06-01,334705.3243050627,-8983.71806191405,-5067.574176645392,4890.055198665071,320654.0320665033,-0.026840678679273,-0.0151404050328958,0.0146100311036824
202407,NRP-L,2026-07-01,320654.0320665033,-8606.571841910316,-4854.831920918018,4684.765382012787,307192.628303675,-0.026840678679273,-0.0151404050328958,0.0146100311036824
202407,NRP-L,2026-08-01,307192.628303675,-8245.258628940284,-4651.020815637449,4488.093854338638,294296.3488590973,-0.026840678679273,-0.0151404050328958,0.0146100311036824
202407,NRP-L,2026-09-01,294296.3488590973,-7899.113736210261,-4455.765921429134,4299.678810531578,281941.46920145786,-0.026840678679273,-0.0151404050328958,0.0146100311036824
202407,NRP-L,2026-10-01,281941.46920145786,-7567.500381198475,-4268.708039279789,4119.173634451213,270105.2607809796,-0.026840678679273,-0.0151404050328958,0.0146100311036824
202407,NRP-L,2026-11-01,270105.2607809796,-7249.8085142035125,-4089.5030497399757,3946.246261278358,258765.94921703608,-0.026840678679273,-0.0151404050328958,0.0146100311036824
202407,NRP-L,2026-12-01,258765.94921703608,-6945.4536960715395,-3917.821279867672,3780.5785666347974,247902.67424109686,-0.026840678679273,-0.0151404050328958,0.0146100311036824
202407,NRP-L,2027-01-01,247902.67424109686,-6653.876023037768,-3753.346896748231,3621.865781348471,237495.45132131086,-0.026840678679273,-0.0151404050328958,0.0146100311036824
202407,NRP-L,2027-02-01,237495.45132131086,-6374.539096704227,-3595.7773264750344,3469.815930787441,227525.1348981316,-0.026840678679273,-0.0151404050328958,0.0146100311036824
202407,NRP-L,2027-03-01,227525.1348981316,-6106.929037258994,-3444.8226975219673,3324.1492977312364,217973.38316335063,-0.026840678679273,-0.0151404050328958,0.0146100311036824
202407,NRP-L,2027-04-01,217973.38316335063,-5850.5535381215495,-3300.2053074837186,3184.5979077914344,208822.62431774536,-0.026840678679273,-0.0151404050328958,0.0146100311036824
202407,NRP-L,2027-05-01,208822.62431774536,-5604.940960275143,-3161.659112202901,3050.9050364348445,200056.0242452673,-0.026840678679273,-0.0151404050328958,0.0146100311036824
202407,NRP-L,2027-06-01,200056.0242452673,-5369.639464620068,-3028.929236344169,2922.8247367023955,191657.45554430305,-0.026840678679273,-0.0151404050328958,0.0146100311036824
202407,NRP-L,2027-07-01,191657.45554430305,-5144.216180751688,-2901.771504514969,2800.1213867548945,183611.4678590364,-0.026840678679273,-0.0151404050328958,0.0146100311036824
202407,NRP-L,2027-08-01,183611.4678590364,-4928.256410634058,-2779.95199207034,2682.5692564133033,175903.25945633202,-0.026840678679273,-0.0151404050328958,0.0146100311036824
202407,NRP-L,2027-09-01,175903.25945633202,-4721.362865704197,-2663.246594775425,2569.952091896126,168518.64999585238,-0.026840678679273,-0.0151404050328958,0.0146100311036824
202407,NRP-L,2027-10-01,168518.64999585238,-4523.154936003543,-2551.440616534009,2462.062717989971,161444.05444331482,-0.026840678679273,-0.0151404050328958,0.0146100311036824
202407,NRP-L,2027-11-01,161444.05444331482,-4333.2679899920695,-2444.3283744246673,2358.7026569214245,154666.45807889808,-0.026840678679273,-0.0151404050328958,0.0146100311036824
202407,NRP-L,2027-12-01,154666.45807889808,-4151.352703756951,-2341.712820317916,2259.681763229091,148173.39255482322,-0.026840678679273,-0.0151404050328958,0.0146100311036824
202407,NRP-M,2025-10-01,4349482.11,-124697.56276280715,-67496.77567632926,62562.11194923122,4157287.771560864,-0.0286695196368579,-0.0155183476950384,0.014383807167615
202407,NRP-M,2025-11-01,4157287.771560864,-119187.44340283342,-64514.23710741286,59797.62564641535,3973586.091050618,-0.0286695196368579,-0.0155183476950384,0.014383807167615
202407,NRP-M,2025-12-01,3973586.091050618,-113920.80446612112,-61663.490557092,57155.29609758915,3798001.796027405,-0.0286695196368579,-0.0155183476950384,0.014383807167615
202407,NRP-M,2026-01-01,3798001.796027405,-108886.88707202926,-58938.71241713359,54629.72545631364,3630176.1965382425,-0.0286695196368579,-0.0155183476950384,0.014383807167615
202407,NRP-M,2026-02-01,3630176.1965382425,-104075.40775190727,-56334.3364121325,52215.75439547213,3469766.4523742027,-0.0286695196368579,-0.0155183476950384,0.014383807167615
202407,NRP-M,2026-03-01,3469766.4523742027,-99476.53744165298,-53845.042228522776,49908.45156761013,3316444.8727040268,-0.0286695196368579,-0.0155183476950384,0.014383807167615
202407,NRP-M,2026-04-01,3316444.8727040268,-95080.8814025448,-51465.74464604846,47703.1035310002,3169898.2466554334,-0.0286695196368579,-0.0155183476950384,0.014383807167615
202407,NRP-M,2026-05-01,3169898.2466554334,-90879.46002932938,-49191.58314949161,45595.205120852646,3029827.2034766125,-0.0286695196368579,-0.0155183476950384,0.014383807167615
202407,NRP-M,2026-06-01,3029827.2034766125,-86863.690506359,-47017.91199943593,43580.45024600181,2895945.6009708173,-0.0286695196368579,-0.0155183476950384,0.014383807167615
202407,NRP-M,2026-07-01,2895945.6009708173,-83025.3692743051,-44940.290741782075,41654.72309226717,2767979.94095473,-0.0286695196368579,-0.0155183476950384,0.014383807167615
202407,NRP-M,2026-08-01,2767979.94095473,-79356.6552716304,-42954.47513662736,39814.08971451919,2645668.810546472,-0.0286695196368579,-0.0155183476950384,0.014383807167615
202407,NRP-M,2026-09-01,2645668.810546472,-75850.05391658457,-41056.408487978835,38054.7900002738,2528762.3481419086,-0.0286695196368579,-0.0155183476950384,0.014383807167615
202407,NRP-M,2026-10-01,2528762.3481419086,-72498.40179700135,-39242.21335658788,36373.229988398525,2417021.7329883194,-0.0286695196368579,-0.0155183476950384,0.014383807167615
202407,NRP-M,2026-11-01,2417021.7329883194,-69294.85203662094,-37508.183638977,34765.97452723862,2310218.6973127215,-0.0286695196368579,-0.0155183476950384,0.014383807167615
202407,NRP-M,2026-12-01,2310218.6973127215,-66232.86030804335,-35850.776996477485,33229.740257164915,2208135.060008201,-0.0286695196368579,-0.0155183476950384,0.014383807167615
202407,NRP-M,2027-01-01,2208135.060008201,-63306.17146373951,-34266.607618811744,31761.38890320794,2110562.2809256497,-0.0286695196368579,-0.0155183476950384,0.014383807167615
202407,NRP-M,2027-02-01,2110562.2809256497,-60508.806757809514,-32752.439307437544,30357.920864076223,2017301.0348604026,-0.0286695196368579,-0.0155183476950384,0.014383807167615
202407,NRP-M,2027-03-01,2017301.0348604026,-57835.05163238408,-31305.178864524507,29016.469084462216,1928160.804363494,-0.0286695196368579,-0.0155183476950384,0.014383807167615
202407,NRP-M,2027-04-01,1928160.804363494,-55279.44404371892,-29921.869774057614,27734.293198117928,1842959.4905457175,-0.0286695196368579,-0.0155183476950384,0.014383807167615
202407,NRP-M,2027-05-01,1842959.4905457175,-52836.76330413408,-28599.68616215928,26508.77392973558,1761523.041079424,-0.0286695196368579,-0.0155183476950384,0.014383807167615
202407,NRP-M,2027-06-01,1761523.041079424,-50502.019417004194,-27335.927024291916,25337.407744197193,1683685.094638128,-0.0286695196368579,-0.0155183476950384,0.014383807167615
202407,NRP-M,2027-07-01,1683685.094638128,-48270.442883012765,-26128.010707548106,24217.801732262447,1609286.6410475671,-0.0286695196368579,-0.0155183476950384,0.014383807167615
202407,NRP-M,2027-08-01,1609286.6410475671,-46137.474956846316,-24973.469636756603,23147.668722247065,1538175.696453964,-0.0286695196368579,-0.0155183476950384,0.014383807167615
202407,NRP-M,2027-09-01,1538175.696453964,-44098.7583344245,-23869.94527363046,22124.822607705722,1470206.992845909,-0.0286695196368579,-0.0155183476950384,0.014383807167615
202407,NRP-M,2027-10-01,1470206.992845909,-42150.12825164159,-22815.18329865965,21147.17388157468,1405241.6812956077,-0.0286695196368579,-0.0155183476950384,0.014383807167615
202407,NRP-M,2027-11-01,1405241.6812956077,-40287.60397643564,-21807.02900590558,20212.725367651117,1343147.0483132664,-0.0286695196368579,-0.0155183476950384,0.014383807167615
202407,NRP-M,2027-12-01,1343147.0483132664,-38507.38067680492,-20843.422901289807,19319.56814068929,1283796.2447351718,-0.0286695196368579,-0.0155183476950384,0.014383807167615
202407,NRP-S,2025-10-01,1186959.49,-62295.80950875607,-21942.109611856868,19998.069974421138,1102721.5708793872,-0.052483517789437,-0.0184859801844264,0.0168481486882262
202407,NRP-S,2025-11-01,1102721.5708793872,-57874.707182044236,-20384.889108215903,18578.81698789028,1024461.974589127,-0.052483517789437,-0.0184859801844264,0.0168481486882262
202407,NRP-S,2025-12-01,1024461.974589127,-53767.3682679502,-18938.183761952943,17260.28767331142,951756.4225592238,-0.052483517789437,-0.0184859801844264,0.0168481486882262
202407,NRP-S,2026-01-01,951756.4225592238,-49951.52513459794,-17594.15036783037,16035.333722252046,884210.7470567955,-0.052483517789437,-0.0184859801844264,0.0168481486882262
202407,NRP-S,2026-02-01,884210.7470567955,-46406.49047276671,-16345.502348948787,14897.314138140457,821458.7542350801,-0.052483517789437,-0.0184859801844264,0.0168481486882262
202407,NRP-S,2026-03-01,821458.7542350801,-43113.04514118558,-15185.470253113286,13840.059232597692,763160.2388407812,-0.052483517789437,-0.0184859801844264,0.0168481486882262
202407,NRP-S,2026-04-01,763160.2388407812,-40053.33397139113,-14107.765052752799,12857.8371769317,708999.1398166373,-0.052483517789437,-0.0184859801844264,0.0168481486882262
202407,NRP-S,2026-05-01,708999.1398166373,-37210.76896726201,-13106.54404942572,11945.32292745518,658681.8267999495,-0.052483517789437,-0.0184859801844264,0.0168481486882262
202407,NRP-S,2026-06-01,658681.8267999495,-34569.93937443401,-12176.37919806565,11097.569356158005,611935.5082274498,-0.052483517789437,-0.0184859801844264,0.0168481486882262
202407,NRP-S,2026-07-01,611935.5082274498,-32116.528132043535,-11312.227679239537,10309.980430221342,568506.7524161667,-0.052483517789437,-0.0184859801844264,0.0168481486882262
202407,NRP-S,2026-08-01,568506.7524161667,-29837.234253848943,-10509.404559877863,9578.286294968175,528160.11360244,-0.052483517789437,-0.0184859801844264,0.0168481486882262
202407,NRP-S,2026-09-01,528160.11360244,-27719.700717924727,-9763.557394259102,8898.520125164348,490676.85549025616,-0.052483517789437,-0.0184859801844264,0.0168481486882262
202407,NRP-S,2026-10-01,490676.85549025616,-25752.447473987868,-9070.642627549532,8266.996619171116,455853.76538871875,-0.052483517789437,-0.0184859801844264,0.0168481486882262
202407,NRP-S,2026-11-01,455853.76538871875,-23924.80920516066,-8426.903673972016,7680.292019356915,423502.0525095861,-0.052483517789437,-0.0184859801844264,0.0168481486882262
202407,NRP-S,2026-12-01,423502.0525095861,-22226.877506749945,-7828.850550756118,7135.225550450486,393446.32445208007,-0.052483517789437,-0.0184859801844264,0.0168481486882262
202407,NRP-S,2027-01-01,393446.32445208007,-20649.447168569346,-7273.240957456553,6628.8421752047325,365523.63632605417,-0.052483517789437,-0.0184859801844264,0.0168481486882262
202407,NRP-S,2027-02-01,365523.63632605417,-19183.966269578166,-6757.0626980629195,6158.39657388248,339582.6073584131,-0.052483517789437,-0.0184859801844264,0.0168481486882262
202407,NRP-S,2027-03-01,339582.6073584131,-17822.489814278673,-6277.517350603475,5721.33826071008,315482.60019353096,-0.052483517789437,-0.0184859801844264,0.0168481486882262
202407,NRP-S,2027-04-01,315482.60019353096,-16557.636659515025,-5832.00509570893,5315.297756608829,293092.958438307,-0.052483517789437,-0.0184859801844264,0.0168481486882262
202407,NRP-S,2027-05-01,293092.958438307,-15382.549498155604,-5418.110621885454,4938.073743240698,272292.29831826594,-0.052483517789437,-0.0184859801844264,0.0168481486882262
202407,NRP-S,2027-06-01,272292.29831826594,-14290.857682713397,-5033.590031083386,4587.621128724989,252967.85060446916,-0.052483517789437,-0.0184859801844264,0.0168481486882262
202407,NRP-S,2027-07-01,252967.85060446916,-13276.6426873553,-4676.358673571155,4262.039960325088,235014.8492435427,-0.052483517789437,-0.0184859801844264,0.0168481486882262
202407,NRP-S,2027-08-01,235014.8492435427,-12334.406021055329,-4344.4798461620885,3959.5651239962717,218335.9633763253,-0.052483517789437,-0.0184859801844264,0.0168481486882262
202407,NRP-S,2027-09-01,218335.9633763253,-11459.039417935235,-4036.1542925223976,3678.5567749514385,202840.76966586764,-0.052483517789437,-0.0184859801844264,0.0168481486882262
202407,NRP-S,2027-10-01,202840.76966586764,-10645.797143181659,-3749.710448637029,3417.4914473647805,188445.26207404895,-0.052483517789437,-0.0184859801844264,0.0168481486882262
202407,NRP-S,2027-11-01,188445.26207404895,-9890.270264398467,-3483.595380549909,3174.95379501533,175071.3964291006,-0.052483517789437,-0.0184859801844264,0.0168481486882262
202407,NRP-S,2027-12-01,175071.3964291006,-9188.36274890828,-3236.3663652482123,2949.62891809288,162646.6673149441,-0.052483517789437,-0.0184859801844264,0.0168481486882262
202407,PRIME,2025-10-01,3074.04,-138.3724358069766,-31.85533678756466,30.840851179462337,2903.8122274054585,-0.0450132190234924,-0.0103626943005181,0.0100326772519103
202407,PRIME,2025-11-01,2903.8122274054585,-130.70993579529724,-30.091318418709314,29.133010877709722,2743.010973191452,-0.0450132190234924,-0.0103626943005181,0.0100326772519103
202407,PRIME,2025-12-01,2743.010973191452,-123.47175372010989,-28.42498417814967,27.519743792478216,2591.1142352931925,-0.0450132190234924,-0.0103626943005181,0.0100326772519103
202407,PRIME,2026-01-01,2591.1142352931925,-116.6343925881415,-26.850924718064082,25.995812845526967,2447.628917986987,-0.0450132190234924,-0.0103626943005181,0.0100326772519103
202407,PRIME,2026-02-01,2447.628917986987,-110.17565657358196,-25.364030238207032,24.556270966605865,2312.089231175198,-0.0450132190234924,-0.0103626943005181,0.0100326772519103
202407,PRIME,2026-03-01,2312.089231175198,-104.07457896474736,-23.959473898188502,23.196445033998184,2184.0551783122623,-0.0450132190234924,-0.0103626943005181,0.0100326772519103
202407,PRIME,2026-04-01,2184.0551783122623,-98.31135410076261,-22.632696148313524,21.911920704370328,2063.1111280631862,-0.0450132190234924,-0.0103626943005181,0.0100326772519103
202407,PRIME,2026-05-01,2063.1111280631862,-92.86727307731269,-21.37938992811585,20.698528082682525,1948.8644650577576,-0.0450132190234924,-0.0103626943005181,0.0100326772519103
202407,PRIME,2026-06-01,1948.8644650577576,-87.72466301274619,-20.19548668453628,19.5523281856413,1840.9443153604752,-0.0450132190234924,-0.0103626943005181,0.0100326772519103
202407,PRIME,2026-07-01,1840.9443153604752,-82.86682967737434,-19.077143164357192,18.469600154750623,1739.0003425187435,-0.0450132190234924,-0.0103626943005181,0.0100326772519103
202407,PRIME,2026-08-01,1739.0003425187435,-78.27800329972452,-18.020728938018006,17.44682917745202,1642.701610281001,-0.0450132190234924,-0.0103626943005181,0.0100326772519103
202407,PRIME,2026-09-01,1642.701610281001,-73.94328737382236,-17.022814614310835,16.480695077142617,1551.7355082928677,-0.0450132190234924,-0.0103626943005181,0.0100326772519103
202407,PRIME,2026-10-01,1551.7355082928677,-69.84861030131717,-16.08016070769806,15.56806153503132,1465.8067372838525,-0.0450132190234924,-0.0103626943005181,0.0100326772519103
202407,PRIME,2026-11-01,1465.8067372838525,-65.98067971146884,-15.189707122112411,14.705965908844565,1384.6363504502713,-0.0450132190234924,-0.0103626943005181,0.0100326772519103
202407,PRIME,2026-12-01,1384.6363504502713,-62.326939310707246,-14.348563217101209,13.891609615330536,1307.9608479224628,-0.0450132190234924,-0.0103626943005181,0.0100326772519103
202407,PRIME,2027-01-01,1307.9608479224628,-58.875528121686656,-13.553998424066927,13.122349045341,1235.5313213767092,-0.0450132190234924,-0.0103626943005181,0.0100326772519103
202407,PRIME,2027-02-01,1235.5313213767092,-55.61524197951479,-12.803433382142023,12.395686981998786,1167.1126460150524,-0.0450132190234924,-0.0103626943005181,0.0100326772519103
202407,PRIME,2027-03-01,1167.1126460150524,-52.53549716016331,-12.094431564922782,11.709264494092055,1102.4827172899663,-0.0450132190234924,-0.0103626943005181,0.0100326772519103
202407,PRIME,2027-04-01,1102.4827172899663,-49.626296022988306,-11.424691370880442,11.0608532783793,1041.4317298960975,-0.0450132190234924,-0.0103626943005181,0.0100326772519103
202407,PRIME,2027-05-01,1041.4317298960975,-46.87819455582762,-10.792038651772996,10.44834842594617,983.761496688497,-0.0450132190234924,-0.0103626943005181,0.0100326772519103
202407,PRIME,2027-06-01,983.761496688497,-44.28227171731801,-10.194419654803044,9.869761589131913,929.2848053163759,-0.0450132190234924,-0.0103626943005181,0.0100326772519103
202407,PRIME,2027-07-01,929.2848053163759,-41.83010047690953,-9.629894355610082,9.323214526843497,877.8248104838564,-0.0450132190234924,-0.0103626943005181,0.0100326772519103
202407,PRIME,2027-08-01,877.8248104838564,-39.51372045856554,-9.09663016045444,8.806933007303856,829.2144598648364,-0.0450132190234924,-0.0103626943005181,0.0100326772519103
202407,PRIME,2027-09-01,829.2144598648364,-37.325612099342834,-8.592895957148535,8.31924104844103,783.295951808345,-0.0450132190234924,-0.0103626943005181,0.0100326772519103
202407,PRIME,2027-10-01,783.295951808345,-35.25867223896398,-8.117056495423236,7.858555477221009,739.9202230739578,-0.0450132190234924,-0.0103626943005181,0.0100326772519103
202407,PRIME,2027-11-01,739.9202230739578,-33.30619106113942,-7.667567078486584,7.423380790262491,698.9464649343317,-0.0450132190234924,-0.0103626943005181,0.0100326772519103
202407,PRIME,2027-12-01,698.9464649343317,-31.461830311784826,-7.242968548542274,7.012304299049791,660.2416660740046,-0.0450132190234924,-0.0103626943005181,0.0100326772519103
202408,NON PRIME,2025-10-01,2642668.7499999995,-171940.6316165429,-74597.09262117064,58003.657415011476,2396131.025762286,-0.0650632553234464,-0.02822793913205,0.0219488944329521
202408,NON PRIME,2025-11-01,2396131.025762286,-155900.08471760314,-67637.84074763434,52592.42693197765,2172593.1002970487,-0.0650632553234464,-0.02822793913205,0.0219488944329521
202408,NON PRIME,2025-12-01,2172593.1002970487,-141355.97959858485,-61327.82579389689,47686.01660418004,1969909.294904567,-0.0650632553234464,-0.02822793913205,0.0219488944329521
202408,NON PRIME,2026-01-01,1969909.294904567,-128168.7114184061,-55606.47967222565,43237.33115635145,1786134.1038139353,-0.0650632553234464,-0.02822793913205,0.0219488944329521
202408,NON PRIME,2026-02-01,1786134.1038139353,-116211.69923836118,-50418.88476413844,39203.66888770757,1619503.5198114358,-0.0650632553234464,-0.02822793913205,0.0219488944329521
202408,NON PRIME,2026-03-01,1619503.5198114358,-105370.17100671158,-45715.246781377944,35546.31179013556,1468418.1020233461,-0.0650632553234464,-0.02822793913205,0.0219488944329521
202408,NON PRIME,2026-04-01,1468418.1020233461,-95540.06189351552,-41450.4168043154,32230.153904746312,1331427.6233255153,-0.0650632553234464,-0.02822793913205,0.0219488944329521
202408,NON PRIME,2026-05-01,1331427.6233255153,-86627.01540111742,-37583.45790996264,29223.36434948805,1207217.1500144352,-0.0650632553234464,-0.02822793913205,0.0219488944329521
202408,NON PRIME,2026-06-01,1207217.1500144352,-78545.47766223249,-34077.25222977435,26497.081783316138,1094594.4201224283,-0.0650632553234464,-0.02822793913205,0.0219488944329521
202408,NON PRIME,2026-07-01,1094594.4201224283,-71217.87623204531,-30898.14466549747,24025.137374165603,992478.3992248855,-0.0650632553234464,-0.02822793913205,0.0219488944329521
202408,NON PRIME,2026-08-01,992478.3992248855,-64573.87549177409,-28015.619843194487,21783.803611572304,899888.903889917,-0.0650632553234464,-0.02822793913205,0.0219488944329521
202408,NON PRIME,2026-09-01,899888.903889917,-58549.70151652598,-25402.009204611768,19751.566552864766,815937.1931687793,-0.0650632553234464,-0.02822793913205,0.0219488944329521
202408,NON PRIME,2026-10-01,815937.1931687793,-53087.529927036485,-23032.225424344022,17908.919316780783,739817.4378173987,-0.0650632553234464,-0.02822793913205,0.0219488944329521
202408,NON PRIME,2026-11-01,739817.4378173987,-48134.93084945134,-20883.521603538717,16238.17484231119,670798.9853644086,-0.0650632553234464,-0.02822793913205,0.0219488944329521
202408,NON PRIME,2026-12-01,670798.9853644086,-43644.365655473295,-18935.272928707425,14723.296115494786,608219.3467802278,-0.0650632553234464,-0.02822793913205,0.0219488944329521
202408,NON PRIME,2027-01-01,608219.3467802278,-39572.73065222175,-17168.778699847484,13349.742234558307,551477.8374281586,-0.0650632553234464,-0.02822793913205,0.0219488944329521
202408,NON PRIME,2027-02-01,551477.8374281586,-35880.94334181034,-15567.082827596627,12104.328835823375,500029.8112587516,-0.0650632553234464,-0.02822793913205,0.0219488944329521
202408,NON PRIME,2027-03-01,500029.8112587516,-32533.56727926287,-14114.81107642249,10975.101540647303,453381.4329030662,-0.0650632553234464,-0.02822793913205,0.0219488944329521
202408,NON PRIME,2027-04-01,453381.4329030662,-29498.47192788218,-12798.023491589365,9951.221208649957,411084.9374835947,-0.0650632553234464,-0.02822793913205,0.0219488944329521
202408,NON PRIME,2027-05-01,411084.9374835947,-26746.524247118123,-11604.08059338949,9022.859895804135,372734.3326430871,-0.0650632553234464,-0.02822793913205,0.0219488944329521
202408,NON PRIME,2027-06-01,372734.3326430871,-24251.309052571574,-10521.52205427434,8181.106518719971,337961.50153624115,-0.0650632553234464,-0.02822793913205,0.0219488944329521
202408,NON PRIME,2027-07-01,337961.50153624115,-21988.875463947777,-9539.956694341237,7417.881319620937,306432.6693779521,-0.0650632553234464,-0.02822793913205,0.0219488944329521
202408,NON PRIME,2027-08-01,306432.6693779521,-19937.507007182932,-8649.962739272434,6725.858310984385,277845.19963149674,-0.0650632553234464,-0.02822793913205,0.0219488944329521
202408,NON PRIME,2027-09-01,277845.19963149674,-18077.513164018008,-7842.997383330171,6098.394955414224,251924.68908414856,-0.0650632553234464,-0.02822793913205,0.0219488944329521
202408,NON PRIME,2027-10-01,251924.68908414856,-16391.040368161808,-7111.3147893279665,5529.468405762257,228422.3339266588,-0.0650632553234464,-0.02822793913205,0.0219488944329521
202408,NON PRIME,2027-11-01,228422.3339266588,-14861.900633847732,-6447.891738482524,5013.617693484767,207112.54155432855,-0.0650632553234464,-0.02822793913205,0.0219488944329521
202408,NON PRIME,2027-12-01,207112.54155432855,-13475.41617183718,-5846.360216479762,4545.891310316362,187790.7651660116,-0.0650632553234464,-0.02822793913205,0.0219488944329521
202408,NRP-L,2025-10-01,570319.56,-12747.828436094738,-8851.562449687644,8717.401304607716,548720.1691142177,-0.0223520800094858,-0.0155203557277391,0.0152851171799328
202408,NRP-L,2025-11-01,548720.1691142177,-12265.037122859574,-8516.332219637816,8387.25208390336,527938.7997717203,-0.0223520800094858,-0.0155203557277391,0.0152851171799328
202408,NRP-L,2025-12-01,527938.7997717203,-11800.530292609397,-8193.797974932724,8069.606418343825,507944.4715041782,-0.0223520800094858,-0.0155203557277391,0.0152851171799328
202408,NRP-L,2026-01-01,507944.4715041782,-11353.615467437372,-7883.478887683282,7763.990767840401,488707.3771490575,-0.0223520800094858,-0.0155203557277391,0.0152851171799328
202408,NRP-L,2026-02-01,488707.3771490575,-10923.626395261686,-7584.9123401237275,7469.949526420957,470198.8384136721,-0.0223520800094858,-0.0155203557277391,0.0152851171799328
202408,NRP-L,2026-03-01,470198.8384136721,-10509.922056589685,-7297.6532349499075,7187.044343021266,452391.2631221325,-0.0223520800094858,-0.0155203557277391,0.0152851171799328
202408,NRP-L,2026-04-01,452391.2631221325,-10111.88570889825,-7021.273331776715,6914.853467999607,435258.10408145754,-0.0223520800094858,-0.0155203557277391,0.0152851171799328
202408,NRP-L,2026-05-01,435258.10408145754,-9728.923967205837,-6755.36060872551,6652.971124400466,418773.81950552616,-0.0223520800094858,-0.0155203557277391,0.0152851171799328
202408,NRP-L,2026-06-01,418773.81950552616,-9360.465919465487,-6499.518648189773,6401.006903029996,402913.8349378709,-0.0223520800094858,-0.0155203557277391,0.0152851171799328
202408,NRP-L,2026-07-01,402913.8349378709,-9005.962275460046,-6253.366045863311,6158.58518044146,387654.50661654753,-0.0223520800094858,-0.0155203557277391,0.0152851171799328
202408,NRP-L,2026-08-01,387654.50661654753,-8664.884547930813,-6016.535842150008,5925.344558962964,372973.08622646675,-0.0223520800094858,-0.0155203557277391,0.0152851171799328
202408,NRP-L,2026-09-01,372973.08622646675,-8336.724264718832,-5788.674975107472,5700.937327932725,358847.68698664044,-0.0223520800094858,-0.0155203557277391,0.0152851171799328
202408,NRP-L,2026-10-01,358847.68698664044,-8020.9922107443035,-5569.443754109033,5485.028945338646,345257.2510217871,-0.0223520800094858,-0.0155203557277391,0.0152851171799328
202408,NRP-L,2026-11-01,345257.2510217871,-7717.217698694109,-5358.515353439449,5277.29753908949,332181.5179696536,-0.0223520800094858,-0.0155203557277391,0.0152851171799328
202408,NRP-L,2026-12-01,332181.5179696536,-7424.947867330143,-5155.5753250693815,5077.433427174108,319600.99477725406,-0.0223520800094858,-0.0155203557277391,0.0152851171799328
202408,NRP-L,2027-01-01,319600.99477725406,-7143.747006372437,-4960.321129882269,4885.138655993419,307496.9266409994,-0.0223520800094858,-0.0155203557277391,0.0152851171799328
202408,NRP-L,2027-02-01,307496.9266409994,-6873.195906950604,-4772.461686654805,4700.126556176876,295851.26904739393,-0.0223520800094858,-0.0155203557277391,0.0152851171799328
202408,NRP-L,2027-03-01,295851.26904739393,-6612.8912366552595,-4591.716938118601,4522.121315221242,284646.66087262006,-0.0223520800094858,-0.0155203557277391,0.0152851171799328
202408,NRP-L,2027-04-01,284646.66087262006,-6362.444938257775,-4417.817433456178,4350.85756631459,273866.39850090607,-0.0223520800094858,-0.0155203557277391,0.0152851171799328
202408,NRP-L,2027-05-01,273866.39850090607,-6121.483651201975,-4250.503926608816,4186.0799927325215,263494.41092309525,-0.0223520800094858,-0.0155203557277391,0.0152851171799328
202408,NRP-L,2027-06-01,263494.41092309525,-5889.648155005354,-4089.5269897975013,4027.542947216876,253515.23577829238,-0.0223520800094858,-0.0155203557277391,0.0152851171799328
202408,NRP-L,2027-07-01,253515.23577829238,-5666.592833740048,-3934.6466416807484,3875.0100857694915,243913.9963028716,-0.0223520800094858,-0.0155203557277391,0.0152851171799328
202408,NRP-L,2027-08-01,243913.9963028716,-5451.98516079521,-3785.6319895950064,3728.254015315088,234676.37915248136,-0.0223520800094858,-0.0155203557277391,0.0152851171799328
202408,NRP-L,2027-09-01,234676.37915248136,-5245.505203152689,-3642.2608853442866,3587.0559547080165,225788.61306398438,-0.0223520800094858,-0.0155203557277391,0.0152851171799328
202408,NRP-L,2027-10-01,225788.61306398438,-5046.845144437009,-3504.319594025877,3451.205408577507,217237.4483255215,-0.0223520800094858,-0.0155203557277391,0.0152851171799328
202408,NRP-L,2027-11-01,217237.4483255215,-4855.708826028594,-3371.602475398434,3320.4998535251925,209010.13702409447,-0.0223520800094858,-0.0155203557277391,0.0152851171799328
202408,NRP-L,2027-12-01,209010.13702409447,-4671.81130555615,-3243.9116773174387,3194.744436207095,201094.41404122088,-0.0223520800094858,-0.0155203557277391,0.0152851171799328
202408,NRP-M,2025-10-01,2983355.65,-93614.41224928248,-49410.656230820954,45845.82021587022,2840330.5815198966,-0.0313788978693447,-0.0165621072468584,0.015367199085322
202408,NRP-M,2025-11-01,2840330.5815198966,-89126.44323268929,-47041.85970766422,43647.92551434466,2704162.278579543,-0.0313788978693447,-0.0165621072468584,0.015367199085322
202408,NRP-M,2025-12-01,2704162.278579543,-84853.63196168194,-44786.62567074337,41555.40009394981,2574522.020947118,-0.0313788978693447,-0.0165621072468584,0.015367199085322
202408,NRP-M,2026-01-01,2574522.020947118,-80785.66355767853,-42639.5098203248,39563.19244543989,2451096.8475691145,-0.0313788978693447,-0.0165621072468584,0.015367199085322
202408,NRP-M,2026-02-01,2451096.8475691145,-76912.71764774401,-40595.328861876216,37666.49323399973,2333588.8010594943,-0.0313788978693447,-0.0165621072468584,0.015367199085322
202408,NRP-M,2026-03-01,2333588.8010594943,-73225.44465749242,-38649.14799321506,35860.723689159124,2221714.208408787,-0.0313788978693447,-0.0165621072468584,0.015367199085322
202408,NRP-M,2026-04-01,2221714.208408787,-69714.94324053134,-36796.26899153545,34141.5245513064,2115202.99617672,-0.0313788978693447,-0.0165621072468584,0.015367199085322
202408,NRP-M,2026-05-01,2115202.99617672,-66372.73878996122,-35032.21887155506,32504.745548117247,2013798.0385152039,-0.0313788978693447,-0.0165621072468584,0.015367199085322
202408,NRP-M,2026-06-01,2013798.0385152039,-63190.762980055275,-33352.73908740189,30946.43537549408,1917254.5364477467,-0.0313788978693447,-0.0165621072468584,0.015367199085322
202408,NRP-M,2026-07-01,1917254.5364477467,-60161.33428873167,-31753.77525217337,29462.832158829267,1825339.4269068416,-0.0313788978693447,-0.0165621072468584,0.015367199085322
202408,NRP-M,2026-08-01,1825339.4269068416,-57277.13945379797,-30231.46735035016,28050.354371564998,1737830.8201026933,-0.0313788978693447,-0.0165621072468584,0.015367199085322
202408,NRP-M,2026-09-01,1737830.8201026933,-54531.21581820196,-28782.140419436695,26705.592189126488,1654517.4638650548,-0.0313788978693447,-0.0165621072468584,0.015367199085322
202408,NRP-M,2026-10-01,1654517.4638650548,-51916.93452166877,-27402.29567833321,25425.299257356342,1575198.2336650528,-0.0313788978693447,-0.0165621072468584,0.015367199085322
202408,NRP-M,2026-11-01,1575198.2336650528,-49427.98449814787,-26088.602081022524,24206.384855578428,1499681.6470858825,-0.0313788978693447,-0.0165621072468584,0.015367199085322
202408,NRP-M,2026-12-01,1499681.6470858825,-47058.357240438556,-24837.888275181638,23045.906435372362,1427785.4015702624,-0.0313788978693447,-0.0165621072468584,0.015367199085322
202408,NRP-M,2027-01-01,1427785.4015702624,-44802.332295214575,-23647.134946305476,21941.06251704664,1359335.9343287423,-0.0313788978693447,-0.0165621072468584,0.015367199085322
202408,NRP-M,2027-02-01,1359335.9343287423,-42654.46345343186,-22513.4675288611,20889.185926661976,1294168.0033464495,-0.0313788978693447,-0.0165621072468584,0.015367199085322
202408,NRP-M,2027-03-01,1294168.0033464495,-40609.56560278199,-21434.1492668765,19887.737357278555,1232124.288476791,-0.0313788978693447,-0.0165621072468584,0.015367199085322
202408,NRP-M,2027-04-01,1232124.288476791,-38662.70221045223,-20406.57460721171,18934.299238883563,1173055.0116591272,-0.0313788978693447,-0.0165621072468584,0.015367199085322
202408,NRP-M,2027-05-01,1173055.0116591272,-36809.17340597471,-19428.262909563196,18026.56990220053,1116817.5753435893,-0.0313788978693447,-0.0165621072468584,0.015367199085322
202408,NRP-M,2027-06-01,1116817.5753435893,-35044.50463539567,-18496.85245801689,17162.358022291537,1063276.2182501766,-0.0313788978693447,-0.0165621072468584,0.015367199085322
202408,NRP-M,2027-07-01,1063276.2182501766,-33364.435859375364,-17610.094759693446,16339.57732853875,1012301.6876311078,-0.0313788978693447,-0.0165621072468584,0.015367199085322
202408,NRP-M,2027-08-01,1012301.6876311078,-31764.911269141816,-16765.84911672216,15556.241568234675,963770.9272452438,-0.0313788978693447,-0.0165621072468584,0.015367199085322
202408,NRP-M,2027-09-01,963770.9272452438,-30242.06949547215,-15962.077458439893,14810.459711623045,917566.7802913318,-0.0313788978693447,-0.0165621072468584,0.015367199085322
202408,NRP-M,2027-10-01,917566.7802913318,-28792.234287065152,-15196.839421339597,14100.431386814806,873577.7065829271,-0.0313788978693447,-0.0165621072468584,0.015367199085322
202408,NRP-M,2027-11-01,873577.7065829271,-27411.905635802046,-14468.28766489104,13424.442533558848,831697.5132822341,-0.0313788978693447,-0.0165621072468584,0.015367199085322
202408,NRP-M,2027-12-01,831697.5132822341,-26097.751327471182,-13774.6634119258,12780.861265375328,791825.0985428371,-0.0313788978693447,-0.0165621072468584,0.015367199085322
202408,NRP-S,2025-10-01,1318156.9200000002,-62075.949179147254,-25125.754645039215,22786.435967414895,1230955.2161758137,-0.0470929888826493,-0.0190612773515912,0.0172865882822319
202408,NRP-S,2025-11-01,1230955.2161758137,-57969.360310406766,-23463.578782915087,21279.016015897058,1149522.277082492,-0.0470929888826493,-0.0190612773515912,0.0172865882822319
202408,NRP-S,2025-12-01,1149522.277082492,-54134.439815003505,-21911.362945302044,19871.318325178734,1073476.4743221863,-0.0470929888826493,-0.0190612773515912,0.0172865882822319
202408,NRP-S,2026-01-01,1073476.4743221863,-50553.21567104029,-20461.83280746346,18556.74584226952,1002461.4258436825,-0.0470929888826493,-0.0190612773515912,0.0172865882822319
202408,NRP-S,2026-02-01,1002461.4258436825,-47208.90478254131,-19108.195272278004,17329.137937378884,936144.3257888631,-0.0470929888826493,-0.0190612773515912,0.0172865882822319
202408,NRP-S,2026-03-01,936144.3257888631,-44085.834326930155,-17844.106634979868,16182.741532659644,874214.3848269532,-0.0470929888826493,-0.0190612773515912,0.0172865882822319
202408,NRP-S,2026-04-01,874214.3848269532,-41169.36830570781,-16663.642853937235,15112.184140908177,816381.3736673081,-0.0470929888826493,-0.0190612773515912,0.0172865882822319
202408,NRP-S,2026-05-01,816381.3736673081,-38445.83895411651,-15561.271788145572,14112.44868786967,762374.2629250461,-0.0470929888826493,-0.0190612773515912,0.0172865882822319
202408,NRP-S,2026-06-01,762374.2629250461,-35902.482688347154,-14531.827271329215,13178.850000155284,711939.9529653698,-0.0470929888826493,-0.0190612773515912,0.0172865882822319
202408,NRP-S,2026-07-01,711939.9529653698,-33527.38029011203,-13570.484901151707,12307.01284858389,664842.0877741061,-0.0470929888826493,-0.0190612773515912,0.0172865882822319
202408,NRP-S,2026-08-01,664842.0877741061,-31309.401048263328,-12672.739430073176,11492.851444050453,620859.9472957696,-0.0470929888826493,-0.0190612773515912,0.0172865882822319
202408,NRP-S,2026-09-01,620859.9472957696,-29238.15059568191,-11834.383651898957,10732.550289830166,579787.4130481888,-0.0470929888826493,-0.0190612773515912,0.0172865882822319
202408,NRP-S,2026-10-01,579787.4130481888,-27303.922196978354,-11051.488685073093,10022.546300584367,541432.0021661373,-0.0470929888826493,-0.0190612773515912,0.0172865882822319
202408,NRP-S,2026-11-01,541432.0021661373,-25497.65125872046,-10320.38556031607,9359.512104270507,505613.9653471008,-0.0470929888826493,-0.0190612773515912,0.0172865882822319
202408,NRP-S,2026-12-01,505613.9653471008,-23810.872849003248,-9637.64802631891,8740.340448701998,472165.44447177864,-0.0470929888826493,-0.0190612773515912,0.0172865882822319
202408,NRP-S,2027-01-01,472165.44447177864,-22235.68202728064,-9000.076492913906,8162.129639680666,440929.68595158414,-0.0470929888826493,-0.0190612773515912,0.0172865882822319
202408,NRP-S,2027-02-01,440929.68595158414,-20764.696798548,-8404.68303647315,7622.169942458846,411760.306116563,-0.0470929888826493,-0.0190612773515912,0.0172865882822319
202408,NRP-S,2027-03-01,411760.306116563,-19391.023518263573,-7848.677397263901,7117.930882802798,384520.6052010355,-0.0470929888826493,-0.0190612773515912,0.0172865882822319
202408,NRP-S,2027-04-01,384520.6052010355,-18108.224585881948,-7329.453903138639,6647.049388144938,359082.92671201495,-0.0470929888826493,-0.0190612773515912,0.0172865882822319
202408,NRP-S,2027-05-01,359082.92671201495,-16910.288275598094,-6844.579258278813,6207.318713249453,335328.05917813804,-0.0470929888826493,-0.0190612773515912,0.0172865882822319
202408,NRP-S,2027-06-01,335328.05917813804,-15791.600562916423,-6391.781139765276,5796.678098492366,313144.6774754563,-0.0470929888826493,-0.0190612773515912,0.0172865882822319
202408,NRP-S,2027-07-01,313144.6774754563,-14746.918815012466,-5968.937548534246,5413.203112290511,292428.82111190964,-0.0470929888826493,-0.0190612773515912,0.0172865882822319
202408,NRP-S,2027-08-01,292428.82111190964,-13771.347221589402,-5574.066864812958,5055.096632420025,273083.40702550724,-0.0470929888826493,-0.0190612773515912,0.0172865882822319
202408,NRP-S,2027-09-01,273083.40702550724,-12860.313851088207,-5205.318561430662,4720.680423959098,255017.77461298837,-0.0470929888826493,-0.0190612773515912,0.0172865882822319
202408,NRP-S,2027-10-01,255017.77461298837,-12009.549224727427,-4860.964531483744,4408.38727438574,238147.2608567772,-0.0470929888826493,-0.0190612773515912,0.0172865882822319
202408,NRP-S,2027-11-01,238147.2608567772,-11215.066307961592,-4539.390989712769,4116.753648972388,222392.80355910285,-0.0470929888826493,-0.0190612773515912,0.0172865882822319
202408,NRP-S,2027-12-01,222392.80355910285,-10473.14182559004,-4239.090909637997,3844.412832057488,207680.5708238748,-0.0470929888826493,-0.0190612773515912,0.0172865882822319
202409,NON PRIME,2025-10-01,2580823.24,-163844.05404191307,-72606.54664897139,59016.01860577472,2344372.6393091157,-0.0634851901139549,-0.0281330954881557,0.0228671292520501
202409,NON PRIME,2025-11-01,2344372.6393091157,-148832.9427044934,-65954.45932150296,53609.07215805138,2129585.2372831195,-0.0634851901139549,-0.0281330954881557,0.0228671292520501
202409,NON PRIME,2025-12-01,2129585.2372831195,-135197.1236527906,-59911.82483065272,48697.50087421088,1934476.288799676,-0.0634851901139549,-0.0281330954881557,0.0228671292520501
202409,NON PRIME,2026-01-01,1934476.288799676,-122810.59496538536,-54422.80615237435,44235.91933100839,1757242.8876819166,-0.0634851901139549,-0.0281330954881557,0.0228671292520501
202409,NON PRIME,2026-02-01,1757242.8876819166,-111558.89880088156,-49436.68195503782,40183.100239868145,1596247.3069259971,-0.0634851901139549,-0.0281330954881557,0.0228671292520501
202409,NON PRIME,2026-03-01,1596247.3069259971,-101338.06374908544,-44907.377908460454,36501.59348571366,1450001.8652684512,-0.0634851901139549,-0.0281330954881557,0.0228671292520501
202409,NON PRIME,2026-04-01,1450001.8652684512,-92053.64408215684,-40793.040933601216,33157.380068807404,1317155.180252693,-0.0634851901139549,-0.0281330954881557,0.0228671292520501
202409,NON PRIME,2026-05-01,1317155.180252693,-83619.84702792275,-37055.652458767945,30119.557751845674,1196479.6807660023,-0.0634851901139549,-0.0281330954881557,0.0228671292520501
202409,NON PRIME,2026-06-01,1196479.6807660023,-75958.74000091372,-33660.67710862799,27360.055507527817,1086860.2636564607,-0.0634851901139549,-0.0281330954881557,0.0228671292520501
202409,NON PRIME,2026-07-01,1086860.2636564607,-68999.53046553355,-30576.74357972929,24853.374127949537,987283.9896111978,-0.0634851901139549,-0.0281330954881557,0.0228671292520501
202409,NON PRIME,2026-08-01,987283.9896111978,-62677.91177693077,-27775.35475365915,22576.350598918947,896830.723080608,-0.0634851901139549,-0.0281330954881557,0.0228671292520501
202409,NON PRIME,2026-09-01,896830.723080608,-56935.468954808035,-25230.624369138466,20507.944061893813,814664.6297566614,-0.0634851901139549,-0.0281330954881557,0.0228671292520501
202409,NON PRIME,2026-10-01,814664.6297566614,-51719.13889921633,-22919.037819767163,18629.041385719116,740026.4530376779,-0.0634851901139549,-0.0281330954881557,0.0228671292520501
202409,NON PRIME,2026-11-01,740026.4530376779,-46980.720060452695,-20819.23486707016,16922.280551548763,672226.4981101551,-0.0634851901139549,-0.0281330954881557,0.0228671292520501
202409,NON PRIME,2026-12-01,672226.4981101551,-42676.42703216134,-18911.812261001513,15371.89021893793,610638.2588169922,-0.0634851901139549,-0.0281330954881557,0.0228671292520501
202409,NON PRIME,2027-01-01,610638.2588169922,-38766.485951851144,-17179.144444019574,13963.54399061498,554692.6284211215,-0.0634851901139549,-0.0281330954881557,0.0228671292520501
202409,NON PRIME,2027-02-01,554692.6284211215,-35214.76697012424,-15605.22068194748,12684.228029265185,503872.6407690498,-0.0634851901139549,-0.0281330954881557,0.0228671292520501
202409,NON PRIME,2027-03-01,503872.6407690498,-31988.45039244363,-14175.497116624852,11522.120803037671,457708.69325998134,-0.0634851901139549,-0.0281330954881557,0.0228671292520501
202409,NON PRIME,2027-04-01,457708.69325998134,-29057.72340841978,-12876.762373242023,10466.483848562946,415774.2074783196,-0.0634851901139549,-0.0281330954881557,0.0228671292520501
202409,NON PRIME,2027-05-01,415774.2074783196,-26395.504606240047,-11697.015480499826,9507.56254207543,377681.68739157973,-0.0634851901139549,-0.0281330954881557,0.0228671292520501
202409,NON PRIME,2027-06-01,377681.68739157973,-23977.19372661372,-10625.354975515083,8636.495961715635,343079.1386894509,-0.0634851901139549,-0.0281330954881557,0.0228671292520501
202409,NON PRIME,2027-07-01,343079.1386894509,-21780.444343831692,-9651.878168744535,7845.235008093696,311646.8161768747,-0.0634851901139549,-0.0281330954881557,0.0228671292520501
202409,NON PRIME,2027-08-01,311646.8161768747,-19784.957373397643,-8767.589638083722,7126.468026506491,283094.2691653933,-0.0634851901139549,-0.0281330954881557,0.0228671292520501
202409,NON PRIME,2027-09-01,283094.2691653933,-17972.293498136114,-7964.318106579662,6473.55324351971,257157.65756067756,-0.0634851901139549,-0.0281330954881557,0.0228671292520501
202409,NON PRIME,2027-10-01,257157.65756067756,-16325.702779498926,-7234.6409356649865,5880.457393594452,233597.31384551362,-0.0634851901139549,-0.0281330954881557,0.0228671292520501
202409,NON PRIME,2027-11-01,233597.31384551362,-14829.969879591621,-6571.81553619251,5341.699968637072,212195.5284297295,-0.0634851901139549,-0.0281330954881557,0.0228671292520501
202409,NON PRIME,2027-12-01,212195.5284297295,-13471.273463692498,-5969.717063473237,4852.302575309695,192754.53790256375,-0.0634851901139549,-0.0281330954881557,0.0228671292520501
202409,NRP-L,2025-10-01,604094.49,-16578.64236347733,-9533.234722558554,9197.97618137056,577982.6129139641,-0.0274437900658179,-0.0157810324053089,0.0152260554162157
202409,NRP-L,2025-11-01,577982.6129139641,-15862.03349050372,-9121.162344100378,8800.395293837166,552999.41707936,-0.0274437900658179,-0.0157810324053089,0.0152260554162157
202409,NRP-L,2025-12-01,552999.41707936,-15176.39990884563,-8726.901721046313,8419.999769585314,529096.115449468,-0.0274437900658179,-0.0157810324053089,0.0152260554162157
202409,NRP-L,2026-01-01,529096.115449468,-14520.402717034951,-8349.682943431115,8056.04677433806,506226.0297890019,-0.0274437900658179,-0.0157810324053089,0.0152260554162157
202409,NRP-L,2026-02-01,506226.0297890019,-13892.760887381846,-7988.7693805111085,7707.825582698203,484344.4995211089,-0.0274437900658179,-0.0157810324053089,0.0152260554162157
202409,NRP-L,2026-03-01,484344.4995211089,-13292.248764390952,-7643.456242275742,7374.656190247663,463408.79451444227,-0.0274437900658179,-0.0157810324053089,0.0152260554162157
202409,NRP-L,2026-04-01,463408.79451444227,-12717.6936713081,-7313.069203137547,7055.887985638612,443378.0316399966,-0.0274437900658179,-0.0157810324053089,0.0152260554162157
202409,NRP-L,2026-05-01,443378.0316399966,-12167.973620123634,-6996.963085112862,6750.898480083227,424213.0949347601,-0.0274437900658179,-0.0157810324053089,0.0152260554162157
202409,NRP-L,2026-06-01,424213.0949347601,-11642.015120560436,-6694.520597921831,6459.092091761029,405876.55921627785,-0.0274437900658179,-0.0157810324053089,0.0152260554162157
202409,NRP-L,2026-07-01,405876.55921627785,-11138.791083768036,-6405.151133547358,6179.89898277,388332.6169989625,-0.0274437900658179,-0.0157810324053089,0.0152260554162157
202409,NRP-L,2026-08-01,388332.6169989625,-10657.318816629193,-6128.289612899037,5912.773946350269,371547.0085694343,-0.0274437900658179,-0.0157810324053089,0.0152260554162157
202409,NRP-L,2026-09-01,371547.0085694343,-10196.658102762198,-5863.395382329826,5657.195342207376,355486.9550843423,-0.0274437900658179,-0.0157810324053089,0.0152260554162157
202409,NRP-L,2026-10-01,355486.9550843423,-9755.909366471526,-5609.951157850595,5412.664077855977,340121.09456002014,-0.0274437900658179,-0.0157810324053089,0.0152260554162157
202409,NRP-L,2026-11-01,340121.09456002014,-9334.211916061391,-5367.462014980811,5178.702633994807,325419.42062897794,-0.0274437900658179,-0.0157810324053089,0.0152260554162157
202409,NRP-L,2026-12-01,325419.42062897794,-8930.742263081762,-5135.454422262749,4954.854132009625,311353.22394363343,-0.0274437900658179,-0.0157810324053089,0.0152260554162157
202409,NRP-L,2027-01-01,311353.22394363343,-8544.712514224662,-4913.475316551879,4740.681441783179,297895.03611285693,-0.0274437900658179,-0.0157810324053089,0.0152260554162157
202409,NRP-L,2027-02-01,297895.03611285693,-8175.368832730487,-4701.091218277661,4535.766328069937,285018.5760618488,-0.0274437900658179,-0.0157810324053089,0.0152260554162157
202409,NRP-L,2027-03-01,285018.5760618488,-7821.989966299729,-4497.887384947036,4339.708633768599,272698.698710602,-0.0274437900658179,-0.0157810324053089,0.0152260554162157
202409,NRP-L,2027-04-01,272698.698710602,-7483.885838635488,-4303.467001237579,4152.125498497535,260911.34587072892,-0.0274437900658179,-0.0157810324053089,0.0152260554162157
202409,NRP-L,2027-05-01,260911.34587072892,-7160.396201866289,-4117.450404098732,3972.6506109471397,249633.4992647639,-0.0274437900658179,-0.0157810324053089,0.0152260554162157
202409,NRP-L,2027-06-01,249633.4992647639,-6850.889347217687,-3939.474341347895,3800.933493549136,238843.1355761983,-0.0274437900658179,-0.0157810324053089,0.0152260554162157
202409,NRP-L,2027-07-01,238843.1355761983,-6554.760871414869,-3769.191262313573,3636.638818065915,228519.18344246986,-0.0274437900658179,-0.0157810324053089,0.0152260554162157
202409,NRP-L,2027-08-01,228519.18344246986,-6271.432496407272,-3606.2686391403463,3479.4457507634074,218641.48230692223,-0.0274437900658179,-0.0157810324053089,0.0152260554162157
202409,NRP-L,2027-09-01,218641.48230692223,-6000.350940110412,-3450.388317430313,3329.0473258887423,209190.7430493815,-0.0274437900658179,-0.0157810324053089,0.0152260554162157
202409,NRP-L,2027-10-01,209190.7430493815,-5740.986835959681,-3301.2458949529373,3185.149846229222,200148.51031846888,-0.0274437900658179,-0.0157810324053089,0.0152260554162157
202409,NRP-L,2027-11-01,200148.51031846888,-5492.833699166247,-3158.5501272100605,3047.472309582027,191497.12649209256,-0.0274437900658179,-0.0157810324053089,0.0152260554162157
202409,NRP-L,2027-12-01,191497.12649209256,-5255.406937656363,-3022.02235869525,2915.745860014669,183219.69719574094,-0.0274437900658179,-0.0157810324053089,0.0152260554162157
202409,NRP-M,2025-10-01,3038266.8,-103562.15959906188,-49910.5501874416,46491.62920452676,2884794.0902134962,-0.0340859333351047,-0.0164273098687191,0.0153020232471114
202409,NRP-M,2025-11-01,2884794.0902134962,-98330.89904452124,-47389.406427386704,44143.1862315765,2739073.7847415884,-0.0340859333351047,-0.0164273098687191,0.0153020232471114
202409,NRP-M,2025-12-01,2739073.7847415884,-93363.88642663471,-44995.61381523527,41913.370729669194,2600714.2844997183,-0.0340859333351047,-0.0164273098687191,0.0153020232471114
202409,NRP-M,2026-01-01,2600714.2844997183,-88647.77372511191,-42722.73943148096,39796.19044050938,2469343.7713431255,-0.0340859333351047,-0.0164273098687191,0.0153020232471114
202409,NRP-M,2026-02-01,2469343.7713431255,-84169.8871714578,-40564.67530424497,37785.955794202244,2344609.2088674223,-0.0340859333351047,-0.0164273098687191,0.0153020232471114
202409,NRP-M,2026-03-01,2344609.2088674223,-79918.19319032753,-38515.62199511749,35877.26461948077,2226175.3936819774,-0.0340859333351047,-0.0164273098687191,0.0153020232471114
202409,NRP-M,2026-04-01,2226175.3936819774,-75881.26606129434,-36570.07301413158,34064.987626268994,2113724.0546065513,-0.0340859333351047,-0.0164273098687191,0.0153020232471114
202409,NRP-M,2026-05-01,2113724.0546065513,-72048.25721412612,-34722.800021987154,32344.254621568016,2006952.997370438,-0.0340859333351047,-0.0164273098687191,0.0153020232471114
202409,NRP-M,2026-06-01,2006952.997370438,-68408.8660750573,-32968.83877975878,30710.44142162235,1905575.292515622,-0.0340859333351047,-0.0164273098687191,0.0153020232471114
202409,NRP-M,2026-07-01,1905575.292515622,-64953.31238571013,-31303.475808329164,29159.157425195153,1809318.5043215826,-0.0340859333351047,-0.0164273098687191,0.0153020232471114
202409,NRP-M,2026-08-01,1809318.5043215826,-61672.309920276806,-29722.235721698016,27686.233814557687,1717923.9586796078,-0.0340859333351047,-0.0164273098687191,0.0153020232471114
202409,NRP-M,2026-09-01,1717923.9586796078,-58557.04153033227,-28220.869200126508,26287.712352485003,1631146.047949149,-0.0340859333351047,-0.0164273098687191,0.0153020232471114
202409,NRP-M,2026-10-01,1631146.047949149,-55599.13545021419,-26795.341570797216,24959.834745151766,1548751.5709281377,-0.0340859333351047,-0.0164273098687191,0.0153020232471114
202409,NRP-M,2026-11-01,1548751.5709281377,-52790.64279929518,-25441.82196530201,23699.032542342666,1470519.1061635404,-0.0340859333351047,-0.0164273098687191,0.0153020232471114
202409,NRP-M,2026-12-01,1470519.1061635404,-50124.01622068819,-24156.67302482032,22501.917547835972,1396238.4169180319,-0.0340859333351047,-0.0164273098687191,0.0153020232471114
202409,NRP-M,2027-01-01,1396238.4169180319,-47592.08959898016,-22936.44112532232,21365.272714189745,1325709.8861937292,-0.0340859333351047,-0.0164273098687191,0.0153020232471114
202409,NRP-M,2027-02-01,1325709.8861937292,-45188.0588024887,-21777.847096528723,20286.043497461855,1258743.980294712,-0.0340859333351047,-0.0164273098687191,0.0153020232471114
202409,NRP-M,2027-03-01,1258743.980294712,-42905.463398289896,-20677.77740968608,19261.329648631217,1195160.739486736,-0.0340859333351047,-0.0164273098687191,0.0153020232471114
202409,NRP-M,2027-04-01,1195160.739486736,-40738.16929087932,-19633.275810476076,18288.377419660887,1134789.2943853806,-0.0340859333351047,-0.0164273098687191,0.0153020232471114
202409,NRP-M,2027-05-01,1134789.2943853806,-38680.352237810584,-18641.53537457375,17364.572163258235,1077467.4067729963,-0.0340859333351047,-0.0164273098687191,0.0153020232471114
202409,NRP-M,2027-06-01,1077467.4067729963,-36726.48219801249,-17699.89096450522,16487.431306445225,1023041.0336104785,-0.0340859333351047,-0.0164273098687191,0.0153020232471114
202409,NRP-M,2027-07-01,1023041.0336104785,-34871.30847072338,-16805.812067534003,15654.597679056418,971363.9130722212,-0.0340859333351047,-0.0164273098687191,0.0153020232471114
202409,NRP-M,2027-08-01,971363.9130722212,-33109.845585106166,-15956.895995328903,14863.833179236226,922297.1714917861,-0.0340859333351047,-0.0164273098687191,0.0153020232471114
202409,NRP-M,2027-09-01,922297.1714917861,-31437.35990262465,-15150.861427138732,14113.012758912402,875708.9501620228,-0.0340859333351047,-0.0164273098687191,0.0153020232471114
202409,NRP-M,2027-10-01,875708.9501620228,-29849.356896177236,-14385.54227912224,13400.118713082793,831474.0509867233,-0.0340859333351047,-0.0164273098687191,0.0153020232471114
202409,NRP-M,2027-11-01,831474.0509867233,-28341.569071802896,-13658.881883358048,12723.23525756873,789473.6000315624,-0.0340859333351047,-0.0164273098687191,0.0153020232471114
202409,NRP-M,2027-12-01,789473.6000315624,-26909.944500500947,-12968.927460891682,12080.543380663696,749594.7280701698,-0.0340859333351047,-0.0164273098687191,0.0153020232471114
202409,NRP-S,2025-10-01,1203094.8800000004,-59563.36280253984,-22730.654689234052,20296.703799482897,1120800.8625082264,-0.0495084500754752,-0.0188934846844615,0.0168704099210221
202409,NRP-S,2025-11-01,1120800.8625082264,-55489.11354603807,-21175.833930130415,18908.369990348907,1044135.9150320579,-0.0495084500754752,-0.0188934846844615,0.0168704099210221
202409,NRP-S,2025-12-01,1044135.9150320579,-51693.550821375255,-19727.36591915438,17615.000899852315,972714.9982915283,-0.0495084500754752,-0.0188934846844615,0.0168704099210221
202409,NRP-S,2026-01-01,972714.9982915283,-48157.611930582076,-18377.975922566984,16410.10075750439,906179.4104383793,-0.0495084500754752,-0.0188934846844615,0.0168704099210221
202409,NRP-S,2026-02-01,906179.4104383793,-44863.53810111205,-17120.88681249187,15287.61811608559,844194.9855247753,-0.0495084500754752,-0.0188934846844615,0.0168704099210221
202409,NRP-S,2026-03-01,844194.9855247753,-41794.78529481985,-15949.78502971154,14241.915459074276,786450.4152002439,-0.0495084500754752,-0.0188934846844615,0.0168704099210221
202409,NRP-S,2026-04-01,786450.4152002439,-38935.94111777802,-14858.788874674196,13267.740886986143,732655.6852077916,-0.0495084500754752,-0.0188934846844615,0.0168704099210221
202409,NRP-S,2026-05-01,732655.6852077916,-36272.647413623024,-13842.418967457057,12360.201740422772,682540.6188267116,-0.0495084500754752,-0.0188934846844615,0.0168704099210221
202409,NRP-S,2026-06-01,682540.6188267116,-33791.52815166619,-12895.570728325349,11514.740027354717,635853.51994672,-0.0495084500754752,-0.0188934846844615,0.0168704099210221
202409,NRP-S,2026-07-01,635853.51994672,-31480.12224759736,-12013.48874067429,10727.109531225968,592359.9089584483,-0.0495084500754752,-0.0188934846844615,0.0168704099210221
202409,NRP-S,2026-08-01,592359.9089584483,-29326.820979382373,-11191.742867595452,9993.354484908354,551841.3451114706,-0.0495084500754752,-0.0188934846844615,0.0168704099210221
202409,NRP-S,2026-09-01,551841.3451114706,-27320.80968403432,-10426.206002116201,9309.789703398732,514094.32942532003,-0.0495084500754752,-0.0188934846844615,0.0168704099210221
202409,NRP-S,2026-10-01,514094.32942532003,-25452.013442438358,-9713.03333936579,8672.982075478121,478929.2826435159,-0.0495084500754752,-0.0188934846844615,0.0168704099210221
202409,NRP-S,2026-11-01,478929.2826435159,-23711.046479439658,-9048.6430665654,8079.733321377167,446169.59309751086,-0.0495084500754752,-0.0188934846844615,0.0168704099210221
202409,NRP-S,2026-12-01,446169.59309751086,-22089.1650250632,-8429.698373860241,7527.06392985064,415650.72969858744,-0.0495084500754752,-0.0188934846844615,0.0168704099210221
202409,NRP-S,2027-01-01,415650.72969858744,-20578.223400117353,-7853.090695645508,7012.198193987124,387219.4156028246,-0.0495084500754752,-0.0188934846844615,0.0168704099210221
202409,NRP-S,2027-02-01,387219.4156028246,-19170.633105627123,-7315.924098218099,6532.550270598271,360732.85839897936,-0.0495084500754752,-0.0188934846844615,0.0168704099210221
202409,NRP-S,2027-03-01,360732.85839897936,-17859.324710629335,-6815.500735343136,6085.711193172801,336058.03295300686,-0.0495084500754752,-0.0188934846844615,0.0168704099210221
202409,NRP-S,2027-04-01,336058.03295300686,-16637.712346916338,-6349.307298687893,5669.436773169578,313071.01330740267,-0.0495084500754752,-0.0188934846844615,0.0168704099210221
202409,NRP-S,2027-05-01,313071.01330740267,-15499.660632407977,-5915.002395072254,5281.636328885647,291656.3502799224,-0.0495084500754752,-0.0188934846844615,0.0168704099210221
202409,NRP-S,2027-06-01,291656.3502799224,-14439.453857028846,-5510.404787139652,4920.362185291499,271706.4916357539,-0.0495084500754752,-0.0188934846844615,0.0168704099210221
202409,NRP-S,2027-07-01,271706.4916357539,-13451.76727633124,-5133.482438388883,4583.79989209793,253121.24192103377,-0.0495084500754752,-0.0188934846844615,0.0168704099210221
202409,NRP-S,2027-08-01,253121.24192103377,-12531.64036868978,-4782.342307546925,4270.259110926043,235807.25924479705,-0.0495084500754752,-0.0188934846844615,0.0168704099210221
202409,NRP-S,2027-09-01,235807.25924479705,-11674.451921755672,-4455.220841026416,3978.165125812454,219677.58648201494,-0.0495084500754752,-0.0188934846844615,0.0168704099210221
202409,NRP-S,2027-10-01,219677.58648201494,-10875.896823045721,-4150.475115717416,3706.0509344123748,204651.21454325182,-0.0495084500754752,-0.0188934846844615,0.0168704099210221
202409,NRP-S,2027-11-01,204651.21454325182,-10131.964438099947,-3866.5745876293727,3452.5498801796975,190652.6755175225,-0.0495084500754752,-0.0188934846844615,0.0168704099210221
202409,NRP-S,2027-12-01,190652.6755175225,-9438.918467615034,-3602.0934049419193,3216.3887885202184,177611.66364496553,-0.0495084500754752,-0.0188934846844615,0.0168704099210221
202409,PRIME,2025-10-01,10148.72,-380.4775686688086,-104.86764496099197,102.08063711180488,9663.3747863702,-0.0374902025741974,-0.0103330907701653,0.0100584740845944
202409,PRIME,2025-11-01,9663.3747863702,-362.2818782914103,-99.85252881368997,97.1988048584276,9201.240379265098,-0.0374902025741974,-0.0103330907701653,0.0100584740845944
202409,PRIME,2025-12-01,9201.240379265098,-344.95636575253343,-95.07725203705644,92.55043790096154,8761.206761475509,-0.0374902025741974,-0.0103330907701653,0.0100584740845944
202409,PRIME,2026-01-01,8761.206761475509,-328.4594162821448,-90.5303447225124,88.12437116007465,8342.217000470851,-0.0374902025741974,-0.0103330907701653,0.0100584740845944
202409,PRIME,2026-02-01,8342.217000470851,-312.7514052655656,-86.20088549028141,83.90997350729889,7943.264709715004,-0.0374902025741974,-0.0103330907701653,0.0100584740845944
202409,PRIME,2026-03-01,7943.264709715004,-297.7946030676888,-82.07847525693585,79.89712222974163,7563.391631390379,-0.0374902025741974,-0.0103330907701653,0.0100584740845944
202409,PRIME,2026-04-01,7563.391631390379,-283.55308440881464,-78.1532122574654,76.07617871597829,7201.685334724099,-0.0374902025741974,-0.0103330907701653,0.0100584740845944
202409,PRIME,2026-05-01,7201.685334724099,-269.9926420744331,-74.41566826187238,72.4379653047259,6857.277024387794,-0.0374902025741974,-0.0103330907701653,0.0100584740845944
202409,PRIME,2026-06-01,6857.277024387794,-257.08070475168796,-70.85686592916808,68.97374324068923,6529.339453706938,-0.0374902025741974,-0.0103330907701653,0.0100584740845944
202409,PRIME,2026-07-01,6529.339453706938,-244.78625879517247,-67.4682572443753,65.675191684631,6217.0849376673905,-0.0374902025741974,-0.0103330907701653,0.0100584740845944
202409,PRIME,2026-08-01,6217.0849376673905,-233.07977373414187,-64.24170298674461,62.534387727249644,5919.763460946504,-0.0374902025741974,-0.0103330907701653,0.0100584740845944
202409,PRIME,2026-09-01,5919.763460946504,-221.9331313422163,-61.16945317986811,59.54378735885927,5636.660876424419,-0.0374902025741974,-0.0103330907701653,0.0100584740845944
202409,PRIME,2026-10-01,5636.660876424419,-211.31955809920453,-58.24412847673301,56.69620734916218,5367.097189848482,-0.0374902025741974,-0.0103330907701653,0.0100584740845944
202409,PRIME,2026-11-01,5367.097189848482,-201.2135608828252,-55.45870243500347,53.984807993590394,5110.424926530654,-0.0374902025741974,-0.0103330907701653,0.0100584740845944
202409,PRIME,2026-12-01,5110.424926530654,-191.59086573586208,-52.80648463995658,51.40307668477383,4866.0275761548355,-0.0374902025741974,-0.0103330907701653,0.0100584740845944
202409,PRIME,2027-01-01,4866.0275761548355,-182.42835956167553,-50.28110463453535,48.94481226967512,4633.318111958625,-0.0374902025741974,-0.0103330907701653,0.0100584740845944
202409,PRIME,2027-02-01,4633.318111958625,-173.7040346080267,-47.87649661791938,46.60411015481769,4411.737580732679,-0.0374902025741974,-0.0103330907701653,0.0100584740845944
202409,PRIME,2027-03-01,4411.737580732679,-165.39693560586767,-45.58688487586023,44.37534812383085,4200.753760250951,-0.0374902025741974,-0.0103330907701653,0.0100584740845944
202409,PRIME,2027-04-01,4200.753760250951,-157.4871094361296,-43.40676990778628,42.25317283324667,3999.859880907035,-0.0374902025741974,-0.0103330907701653,0.0100584740845944
202409,PRIME,2027-05-01,3999.859880907035,-149.95555720360983,-41.330915217354956,40.232486954112254,3808.57340848607,-0.0374902025741974,-0.0103330907701653,0.0100584740845944
202409,PRIME,2027-06-01,3808.57340848607,-142.7841886028442,-39.354334734724404,38.3084369285325,3626.4348851485015,-0.0374902025741974,-0.0103330907701653,0.0100584740845944
202409,PRIME,2027-07-01,3626.4348851485015,-135.9557784663536,-37.47228084033344,36.47640131173527,3453.0068258418146,-0.0374902025741974,-0.0103330907701653,0.0100584740845944
202409,PRIME,2027-08-01,3453.0068258418146,-129.453925390896,-35.68023296142383,34.73197967165746,3287.8726674894947,-0.0374902025741974,-0.0103330907701653,0.0100584740845944
202409,PRIME,2027-09-01,3287.8726674894947,-123.26301234234792,-33.97388671391446,33.07098201938935,3130.6357684332324,-0.0374902025741974,-0.0103330907701653,0.0100584740845944
202409,PRIME,2027-10-01,3130.6357684332324,-117.36816914459003,-32.34914356354678,31.489418745089946,2980.9184557250956,-0.0374902025741974,-0.0103330907701653,0.0100584740845944
202409,PRIME,2027-11-01,2980.9184557250956,-111.75523676229751,-30.80210098146838,29.983491035200036,2838.3611179813297,-0.0374902025741974,-0.0103330907701653,0.0100584740845944
202409,PRIME,2027-12-01,2838.3611179813297,-106.41073329184545,-29.32904307060894,28.549581747935594,2702.6213416188752,-0.0374902025741974,-0.0103330907701653,0.0100584740845944
202410,NON PRIME,2025-10-01,3386607.26,-203583.61119815742,-100997.6119048538,78632.0939982851,3082026.0368969883,-0.0601143255088154,-0.0298226526287119,0.0232185452759837
202410,NON PRIME,2025-11-01,3082026.0368969883,-185273.91640866987,-91914.19189102449,71560.16107945333,2804837.9285972943,-0.0601143255088154,-0.0298226526287119,0.0232185452759837
202410,NON PRIME,2025-12-01,2804837.9285972943,-168610.9402391693,-83647.70722439294,65124.256436932614,2552579.2811337323,-0.0601143255088154,-0.0298226526287119,0.0232185452759837
202410,NON PRIME,2026-01-01,2552579.2811337323,-153446.58179313122,-76124.68520849843,59267.17760954149,2323008.0141321025,-0.0601143255088154,-0.0298226526287119,0.0232185452759837
202410,NON PRIME,2026-02-01,2323008.0141321025,-139646.05992112405,-69278.26105917555,53936.866752599206,2114083.6931518028,-0.0601143255088154,-0.0298226526287119,0.0232185452759837
202410,NON PRIME,2026-03-01,2114083.6931518028,-127086.7152830061,-63047.58360889057,49085.94794666397,1923949.394259906,-0.0601143255088154,-0.0298226526287119,0.0232185452759837
202410,NON PRIME,2026-04-01,1923949.394259906,-115656.9201490282,-57377.27446023385,44671.30611932504,1750915.1996506439,-0.0601143255088154,-0.0298226526287119,0.0232185452759837
202410,NON PRIME,2026-05-01,1750915.1996506439,-105255.08625013131,-52216.9357815129,40653.70383749652,1593443.1776189997,-0.0601143255088154,-0.0298226526287119,0.0232185452759837
202410,NON PRIME,2026-06-01,1593443.1776189997,-95788.7618591897,-47520.702369722305,36997.432564254086,1450133.7133900877,-0.0601143255088154,-0.0298226526287119,0.0232185452759837
202410,NON PRIME,2026-07-01,1450133.7133900877,-87173.81007803895,-43246.83399961665,33669.99528057812,1319713.0693124323,-0.0601143255088154,-0.0298226526287119,0.0232185452759837
202410,NON PRIME,2026-08-01,1319713.0693124323,-79333.66102688541,-39357.34443567586,30641.817651138128,1201022.063849871,-0.0601143255088154,-0.0298226526287119,0.0232185452759837
202410,NON PRIME,2026-09-01,1201022.063849871,-72198.63128954043,-35817.66380961335,27885.98516695362,1093005.7687507174,-0.0601143255088154,-0.0298226526287119,0.0232185452759837
202410,NON PRIME,2026-10-01,1093005.7687507174,-65705.30456569364,-32596.33136263085,25378.003928649905,994704.132822393,-0.0601143255088154,-0.0298226526287119,0.0232185452759837
202410,NON PRIME,2026-11-01,994704.132822393,-59795.968025449285,-29664.71582150633,23095.582944144837,905243.4489754373,-0.0601143255088154,-0.0298226526287119,0.0232185452759837
202410,NON PRIME,2026-12-01,905243.4489754373,-54418.09935643217,-26996.760923211554,21018.436005823834,823828.5886957935,-0.0601143255088154,-0.0298226526287119,0.0232185452759837
202410,NON PRIME,2027-01-01,823828.5886957935,-49523.899944326935,-24568.75382627662,19128.101386283037,749735.9349251899,-0.0601143255088154,-0.0298226526287119,0.0232185452759837
202410,NON PRIME,2027-02-01,749735.9349251899,-45069.87003774891,-22359.11435053649,17407.777750092493,682306.9505369045,-0.0601143255088154,-0.0298226526287119,0.0232185452759837
202410,NON PRIME,2027-03-01,682306.9505369045,-41016.422121502685,-20348.203172017817,15842.174823159488,620942.325243384,-0.0601143255088154,-0.0298226526287119,0.0232185452759837
202410,NON PRIME,2027-04-01,620942.325243384,-37327.52906188151,-18518.147268198085,14417.377492438109,565096.6489133044,-0.0601143255088154,-0.0298226526287119,0.0232185452759837
202410,NON PRIME,2027-05-01,565096.6489133044,-33970.40389671516,-16852.681062190644,13120.722128100226,514273.5639543987,-0.0601143255088154,-0.0298226526287119,0.0232185452759837
202410,NON PRIME,2027-06-01,514273.5639543987,-30915.208424133318,-15337.001853941685,11940.684028916705,468021.35367632366,-0.0601143255088154,-0.0298226526287119,0.0232185452759837
202410,NON PRIME,2027-07-01,468021.35367632366,-28134.78799997494,-13957.638253508516,10866.774990460903,425928.9274228402,-0.0601143255088154,-0.0298226526287119,0.0232185452759837
202410,NON PRIME,2027-08-01,425928.9274228402,-25604.43018671723,-12702.330447051205,9889.450085718392,387622.16678907175,-0.0601143255088154,-0.0298226526287119,0.0232185452759837
202410,NON PRIME,2027-09-01,387622.16678907175,-23301.645108790595,-11559.921231339113,9000.022829566968,352760.60044894204,-0.0601143255088154,-0.0298226526287119,0.0232185452759837
202410,NON PRIME,2027-10-01,352760.60044894204,-21205.965562072874,-10520.256848284629,8190.587973106957,321034.37803858455,-0.0601143255088154,-0.0298226526287119,0.0232185452759837
202410,NON PRIME,2027-11-01,321034.37803858455,-19298.76510093157,-9574.096738119284,7453.951241636143,292161.5161995337,-0.0601143255088154,-0.0298226526287119,0.0232185452759837
202410,NON PRIME,2027-12-01,292161.5161995337,-17563.092485967813,-8713.031409096478,6783.565391778919,265885.3923044694,-0.0601143255088154,-0.0298226526287119,0.0232185452759837
202410,NRP-L,2025-10-01,463335.09,-15224.033600056337,-7198.4896049012505,7537.15706668177,440912.5667950425,-0.0328575019000964,-0.0155362495961643,0.0162671837927962
202410,NRP-L,2025-11-01,440912.5667950425,-14487.285501244489,-6850.127687813244,7172.405760608488,419575.15360598476,-0.0328575019000964,-0.0155362495961643,0.0162671837927962
202410,NRP-L,2025-12-01,419575.15360598476,-13786.191406841883,-6518.624310771555,6825.306138599251,399270.3378883714,-0.0328575019000964,-0.0155362495961643,0.0162671837927962
202410,NRP-L,2026-01-01,399270.3378883714,-13119.025885819294,-6203.163625778594,6495.0039694419775,379948.1483767735,-0.0328575019000964,-0.0155362495961643,0.0162671837927962
202410,NRP-L,2026-02-01,379948.1483767735,-12484.147007227944,-5902.969266782021,6180.686361377577,361561.03210276354,-0.0328575019000964,-0.0155362495961643,0.0162671837927962
202410,NRP-L,2026-03-01,361561.03210276354,-11879.992299317368,-5617.302438995308,5881.579761528742,344063.7373644508,-0.0328575019000964,-0.0155362495961643,0.0162671837927962
202410,NRP-L,2026-04-01,344063.7373644508,-11305.074904206711,-5345.460100683229,5596.948052143883,327413.2023595609,-0.0328575019000964,-0.0155362495961643,0.0162671837927962
202410,NRP-L,2026-05-01,327413.2023595609,-10757.979918645919,-5086.773232937588,5326.090738970952,311568.44920797733,-0.0328575019000964,-0.0155362495961643,0.0162671837927962
202410,NRP-L,2026-06-01,311568.44920797733,-10237.360911861204,-4840.605193184975,5068.341227302655,296490.4831029312,-0.0328575019000964,-0.0155362495961643,0.0162671837927962
202410,NRP-L,2026-07-01,296490.4831029312,-9741.93661191506,-4606.350148374473,4823.065181450318,282142.19634264166,-0.0328575019000964,-0.0155362495961643,0.0162671837927962
202410,NRP-L,2026-08-01,282142.19634264166,-9270.487752425719,-4383.431583989275,4589.658963608944,268488.27700622665,-0.0328575019000964,-0.0155362495961643,0.0162671837927962
202410,NRP-L,2026-09-01,268488.27700622665,-8821.8540718857,-4171.300885212838,4367.548148271467,255495.1220491281,-0.0328575019000964,-0.0155362495961643,0.0162671837927962
202410,NRP-L,2026-10-01,255495.1220491281,-8394.931458194587,-3969.4359867577155,4156.186108536064,243130.7546041758,-0.0328575019000964,-0.0155362495961643,0.0162671837927962
202410,NRP-L,2026-11-01,243130.7546041758,-7988.669231378577,-3777.340088034248,3955.052670827359,231364.74528476296,-0.0328575019000964,-0.0155362495961643,0.0162671837927962
202410,NRP-L,2026-12-01,231364.74528476296,-7602.067557809418,-3594.540430497055,3763.6528347207172,220168.1372964565,-0.0328575019000964,-0.0155362495961643,0.0162671837927962
202410,NRP-L,2027-01-01,220168.1372964565,-7234.174989559004,-3420.5871341603183,3581.515554719046,209513.3751727372,-0.0328575019000964,-0.0155362495961643,0.0162671837927962
202410,NRP-L,2027-02-01,209513.3751727372,-6884.086122833822,-3255.0520904184577,3408.1925809839804,199374.2369594849,-0.0328575019000964,-0.0155362495961643,0.0162671837927962
202410,NRP-L,2027-03-01,199374.2369594849,-6550.939369726544,-3097.5279084473627,3243.257356168442,189725.76968131098,-0.0328575019000964,-0.0155362495961643,0.0162671837927962
202410,NRP-L,2027-04-01,189725.76968131098,-6233.914837800927,-2947.626912593229,3086.303965635607,180544.22793091682,-0.0328575019000964,-0.0155362495961643,0.0162671837927962
202410,NRP-L,2027-05-01,180544.22793091682,-5932.232312291537,-2804.980188281502,2936.946138480713,171807.01543034377,-0.0328575019000964,-0.0155362495961643,0.0162671837927962
202410,NRP-L,2027-06-01,171807.01543034377,-5645.149335952412,-2669.2366740978723,2794.816296897175,163492.6294202935,-0.0328575019000964,-0.0155362495961643,0.0162671837927962
202410,NRP-L,2027-07-01,163492.6294202935,-5371.95938182905,-2540.0622978068745,2659.5646515474336,155580.60774065758,-0.0328575019000964,-0.0155362495961643,0.0162671837927962
202410,NRP-L,2027-08-01,155580.60774065758,-5111.990114456808,-2417.139154181788,2530.8583407122082,148051.478472019,-0.0328575019000964,-0.0155362495961643,0.0162671837927962
202410,NRP-L,2027-09-01,148051.478472019,-4864.601735206445,-2300.1647226224327,2408.380611099543,140886.71201419013,-0.0328575019000964,-0.0155362495961643,0.0162671837927962
202410,NRP-L,2027-10-01,140886.71201419013,-4629.185407704586,-2188.8511226353776,2291.8300382975794,134068.67548385015,-0.0328575019000964,-0.0155362495961643,0.0162671837927962
202410,NRP-L,2027-11-01,134068.67548385015,-4405.161759454014,-2082.9244053442494,2180.919784952541,127580.58931905188,-0.0328575019000964,-0.0155362495961643,0.0162671837927962
202410,NRP-L,2027-12-01,127580.58931905188,-4191.979455966165,-1982.1238792865233,2075.376894846269,121406.4859837992,-0.0328575019000964,-0.0155362495961643,0.0162671837927962
202410,NRP-M,2025-10-01,2948745.809999999,-78400.24552448819,-48606.07728517588,43349.757291063484,2821739.487190335,-0.0265876581354051,-0.0164836443752932,0.014701083133057
202410,NRP-M,2025-11-01,2821739.487190335,-75023.44483258993,-46512.55022656769,41482.62678101474,2700203.4921311773,-0.0265876581354051,-0.0164836443752932,0.014701083133057
202410,NRP-M,2025-12-01,2700203.4921311773,-71792.08734481076,-44509.194105215145,39695.91601399126,2583902.210681151,-0.0265876581354051,-0.0164836443752932,0.014701083133057
202410,NRP-M,2026-01-01,2583902.210681151,-68699.90863290793,-42592.12514140202,37986.16120691336,2472610.176906841,-0.0265876581354051,-0.0164836443752932,0.014701083133057
202410,NRP-M,2026-02-01,2472610.176906841,-65740.91408572262,-40757.62683486318,36350.04776635024,2366111.635986255,-0.0265876581354051,-0.0164836443752932,0.014701083133057
202410,NRP-M,2026-03-01,2366111.635986255,-62909.36728780663,-39002.14275984063,34784.403862727435,2264200.125938608,-0.0265876581354051,-0.0164836443752932,0.014701083133057
202410,NRP-M,2026-04-01,2264200.125938608,-60199.77889859688,-37322.26967046609,33286.1942813016,2166678.077369545,-0.0265876581354051,-0.0164836443752932,0.014701083133057
202410,NRP-M,2026-05-01,2166678.077369545,-57606.89601057827,-35714.75090310359,31852.514537981788,2073356.4304558635,-0.0265876581354051,-0.0164836443752932,0.014701083133057
202410,NRP-M,2026-06-01,2073356.4304558635,-55125.69196580432,-34176.47006286179,30480.585248589963,1984054.2684271974,-0.0265876581354051,-0.0164836443752932,0.014701083133057
202410,NRP-M,2026-07-01,1984054.2684271974,-52751.35661103359,-32704.44498203644,29167.746740644816,1898598.4668341272,-0.0265876581354051,-0.0164836443752932,0.014701083133057
202410,NRP-M,2026-08-01,1898598.4668341272,-50479.28697259003,-31295.821938770656,27911.453897223066,1816823.3579227666,-0.0265876581354051,-0.0164836443752932,0.014701083133057
202410,NRP-M,2026-09-01,1816823.3579227666,-48305.078332869256,-29947.87012472492,26709.271222902364,1738570.4094651723,-0.0265876581354051,-0.0164836443752932,0.014701083133057
202410,NRP-M,2026-10-01,1738570.4094651723,-46224.51569119126,-28657.976351031786,25558.868122220447,1663687.9174229493,-0.0265876581354051,-0.0164836443752932,0.014701083133057
202410,NRP-M,2026-11-01,1663687.9174229493,-44233.56559244545,-27423.63998227206,24458.014381497247,1592030.7118482317,-0.0265876581354051,-0.0164836443752932,0.014701083133057
202410,NRP-M,2026-12-01,1592030.7118482317,-42328.36830768641,-26242.468088651138,23404.57584526077,1523459.8754518942,-0.0265876581354051,-0.0164836443752932,0.014701083133057
202410,NRP-M,2027-01-01,1523459.8754518942,-40505.23035152179,-25112.170806977498,22396.51027889496,1457842.474293395,-0.0265876581354051,-0.0164836443752932,0.014701083133057
202410,NRP-M,2027-02-01,1457842.474293395,-38760.61732178588,-24030.556901449843,21431.86340948871,1395051.3000701594,-0.0265876581354051,-0.0164836443752932,0.014701083133057
202410,NRP-M,2027-03-01,1395051.3000701594,-37091.14704761784,-22995.52951564695,20508.76513721066,1334964.6235068946,-0.0265876581354051,-0.0164836443752932,0.014701083133057
202410,NRP-M,2027-04-01,1334964.6235068946,-35493.583032661096,-22005.082107484828,19625.425909864996,1277465.9583667486,-0.0265876581354051,-0.0164836443752932,0.014701083133057
202410,NRP-M,2027-05-01,1277465.9583667486,-33964.82818067276,-21057.294559260594,18780.133253599903,1222443.8356268152,-0.0265876581354051,-0.0164836443752932,0.014701083133057
202410,NRP-M,2027-06-01,1222443.8356268152,-32501.91879137911,-20150.3294552418,17971.248453042877,1169791.5873801943,-0.0265876581354051,-0.0164836443752932,0.014701083133057
202410,NRP-M,2027-07-01,1169791.5873801943,-31102.01881493747,-19282.428519584846,17197.203374426947,1119407.140045672,-0.0265876581354051,-0.0164836443752932,0.014701083133057
202410,NRP-M,2027-08-01,1119407.140045672,-29762.414353865868,-18451.90920767689,16456.497425549,1071192.816484129,-0.0265876581354051,-0.0164836443752932,0.014701083133057
202410,NRP-M,2027-09-01,1071192.816484129,-28480.508401781757,-17657.161444293095,15747.694646666652,1025055.1466380542,-0.0265876581354051,-0.0164836443752932,0.014701083133057
202410,NRP-M,2027-10-01,1025055.1466380542,-27253.81580875013,-16896.64450224571,15069.420926693967,980904.6863270584,-0.0265876581354051,-0.0164836443752932,0.014701083133057
202410,NRP-M,2027-11-01,980904.6863270584,-26079.9584634806,-16168.884015473757,14420.361339299285,938655.843848104,-0.0265876581354051,-0.0164836443752932,0.014701083133057
202410,NRP-M,2027-12-01,938655.843848104,-24956.66068303358,-15472.469120782893,13799.257593740747,898226.7140442875,-0.0265876581354051,-0.0164836443752932,0.014701083133057
202410,NRP-S,2025-10-01,1148959.1199999996,-59348.78204458158,-21975.26220816607,19572.89366730428,1067635.075747252,-0.0516543896223058,-0.019126235064104,0.0170353264329407
202410,NRP-S,2025-11-01,1067635.075747252,-55148.03817708852,-20419.83942142442,18187.51202661181,992067.1981487391,-0.0516543896223058,-0.019126235064104,0.0170353264329407
202410,NRP-S,2025-12-01,992067.1981487391,-51244.62558468422,-18974.510431179824,16900.188563876633,921848.0621328751,-0.0516543896223058,-0.019126235064104,0.0170353264329407
202410,NRP-S,2026-01-01,921848.0621328751,-47617.49897397909,-17631.48272974212,15703.982660007328,856599.080429154,-0.0516543896223058,-0.019126235064104,0.0170353264329407
202410,NRP-S,2026-02-01,856599.080429154,-44247.10265059638,-16383.51536798333,14592.444957267464,795968.4624105742,-0.0516543896223058,-0.019126235064104,0.0170353264329407
202410,NRP-S,2026-03-01,795968.4624105742,-41115.26508442347,-15223.879915678071,13559.58258749002,739629.3174104727,-0.0516543896223058,-0.019126235064104,0.0170353264329407
202410,NRP-S,2026-04-01,739629.3174104727,-38205.10093760064,-14146.324185095491,12599.826861460513,687277.8922877766,-0.0516543896223058,-0.019126235064104,0.0170353264329407
202410,NRP-S,2026-05-01,687277.8922877766,-35500.920027029926,-13145.038522257966,11708.003245265732,638631.9337384887,-0.0516543896223058,-0.019126235064104,0.0170353264329407
202410,NRP-S,2026-06-01,638631.9337384887,-32988.14273057447,-12214.624484125627,10879.303461735311,593429.1665237886,-0.0516543896223058,-0.019126235064104,0.0170353264329407
202410,NRP-S,2026-07-01,593429.1665237886,-30653.221380859966,-11350.065732829298,10109.259566560664,551425.8794100994,-0.0516543896223058,-0.019126235064104,0.0170353264329407
202410,NRP-S,2026-08-01,551425.8794100994,-28483.567222871887,-10546.700990027826,9393.719859322437,512395.6111971997,-0.0516543896223058,-0.019126235064104,0.0170353264329407
202410,NRP-S,2026-09-01,512395.6111971997,-26467.482541539666,-9800.19890557288,8728.826499550461,476127.92975008715,-0.0516543896223058,-0.019126235064104,0.0170353264329407
202410,NRP-S,2026-10-01,476127.92975008715,-24594.097593372848,-9106.534704985364,8110.9947071329925,442427.2974517289,-0.0516543896223058,-0.019126235064104,0.0170353264329407
202410,NRP-S,2026-11-01,442427.2974517289,-22853.312002115385,-8461.968489838027,7536.893434933955,411112.01695977553,-0.0516543896223058,-0.019126235064104,0.0170353264329407
202410,NRP-S,2026-12-01,411112.01695977553,-21235.740302452235,-7863.025074050578,7003.427409414429,382013.2515832727,-0.0516543896223058,-0.019126235064104,0.0170353264329407
202410,NRP-S,2027-01-01,382013.2515832727,-19732.661338166297,-7306.475247384374,6507.720442430152,354974.11499772203,-0.0516543896223058,-0.019126235064104,0.0170353264329407
202410,NRP-S,2027-02-01,354974.11499772203,-18335.97124192552,-6789.318365118717,6047.099924230426,329848.82539067784,-0.0516543896223058,-0.019126235064104,0.0170353264329407
202410,NRP-S,2027-03-01,329848.82539067784,-17038.139743189986,-6308.766170040701,5619.082414052256,306501.91947744717,-0.0516543896223058,-0.019126235064104,0.0170353264329407
202410,NRP-S,2027-04-01,306501.91947744717,-15832.169568672654,-5862.2277595247315,5221.360250621218,284807.5221492498,-0.0516543896223058,-0.019126235064104,0.0170353264329407
202410,NRP-S,2027-05-01,284807.5221492498,-14711.558716460837,-5447.295616651559,4851.789110369459,264648.66781613743,-0.0516543896223058,-0.019126235064104,0.0170353264329407
202410,NRP-S,2027-06-01,264648.66781613743,-13670.265400398945,-5061.73263005342,4508.376446290788,245916.66978568508,-0.0516543896223058,-0.019126235064104,0.0170353264329407
202410,NRP-S,2027-07-01,245916.66978568508,-12702.675475729693,-4703.460032502655,4189.270745100831,228510.53427745274,-0.0516543896223058,-0.019126235064104,0.0170353264329407
202410,NRP-S,2027-08-01,228510.53427745274,-11803.572170368809,-4370.546193214556,3892.7515447820924,212336.41591386936,-0.0516543896223058,-0.019126235064104,0.0170353264329407
202410,NRP-S,2027-09-01,212336.41591386936,-10968.10795861898,-4061.196203438019,3617.2201586934293,197307.11175181236,-0.0516543896223058,-0.019126235064104,0.0170353264329407
202410,NRP-S,2027-10-01,197307.11175181236,-10191.778425679948,-3773.7421991846004,3361.191056232834,183341.5911269478,-0.0516543896223058,-0.019126235064104,0.0170353264329407
202410,NRP-S,2027-11-01,183341.5911269478,-9470.397982044846,-3506.6343689208484,3123.2838535823003,170364.55877598212,-0.0516543896223058,-0.019126235064104,0.0170353264329407
202410,NRP-S,2027-12-01,170364.55877598212,-8800.077296846797,-3258.4325977417966,2902.215871352768,158306.0488813935,-0.0516543896223058,-0.019126235064104,0.0170353264329407
202411,NON PRIME,2025-10-01,3628698.04,-222471.59569180003,-112659.00662579514,89947.20087710352,3293567.4376824046,-0.0613089304316432,-0.0310466744225968,0.0247877337506715
202411,NON PRIME,2025-11-01,3293567.4376824046,-201925.09690879588,-102254.315926592,81640.07273515279,2989388.0248470167,-0.0613089304316432,-0.0310466744225968,0.0247877337506715
202411,NON PRIME,2025-12-01,2989388.0248470167,-183276.182448533,-92810.55673023504,74100.1544373536,2713301.285668249,-0.0613089304316432,-0.0310466744225968,0.0247877337506715
202411,NON PRIME,2026-01-01,2713301.285668249,-166349.5997631227,-84238.98162655544,67256.58985449922,2462712.7042785706,-0.0613089304316432,-0.0310466744225968,0.0247877337506715
202411,NON PRIME,2026-02-01,2462712.7042785706,-150986.28185973878,-76459.0395261297,61045.066818053405,2235267.3828927022,-0.0613089304316432,-0.0310466744225968,0.0247877337506715
202411,NON PRIME,2026-03-01,2235267.3828927022,-137041.85247388983,-69397.61868411975,55407.21274870459,2028827.9117346925,-0.0613089304316432,-0.0310466744225968,0.0247877337506715
202411,NON PRIME,2026-04-01,2028827.9117346925,-124385.2692983182,-62988.35963510396,50290.04610201042,1841454.2828012703,-0.0613089304316432,-0.0310466744225968,0.0247877337506715
202411,NON PRIME,2026-05-01,1841454.2828012703,-112897.5925173145,-57171.03158222754,45645.478476111624,1671385.6587017283,-0.0613089304316432,-0.0310466744225968,0.0247877337506715
202411,NON PRIME,2026-06-01,1671385.6587017283,-102470.8670737904,-51890.966380310056,41429.86270258915,1517023.825247628,-0.0613089304316432,-0.0310466744225968,0.0247877337506715
202411,NON PRIME,2026-07-01,1517023.825247628,-93007.10816525207,-47098.54479378549,37603.58267366341,1376918.1722885903,-0.0613089304316432,-0.0310466744225968,0.0247877337506715
202411,NON PRIME,2026-08-01,1376918.1722885903,-84417.38043490649,-42748.73020160091,34130.68105115081,1249752.061652083,-0.0613089304316432,-0.0310466744225968,0.0247877337506715
202411,NON PRIME,2026-09-01,1249752.061652083,-76620.96220463021,-38800.64536708134,30978.521358584625,1134330.4540803714,-0.0613089304316432,-0.0310466744225968,0.0247877337506715
202411,NON PRIME,2026-10-01,1134330.4540803714,-69544.58689570773,-35217.188295469685,28117.481281022552,1029568.6788891939,-0.0613089304316432,-0.0310466744225968,0.0247877337506715
202411,NON PRIME,2026-11-01,1029568.6788891939,-63121.75450861639,-31964.683569175915,25520.67429033594,934482.2408114016,-0.0613089304316432,-0.0310466744225968,0.0247877337506715
202411,NON PRIME,2026-12-01,934482.2408114016,-57292.10669151227,-29012.565884170286,23163.696979963912,848177.5682357191,-0.0613089304316432,-0.0310466744225968,0.0247877337506715
202411,NON PRIME,2027-01-01,848177.5682357191,-52000.859524644,-26333.092813564253,21024.399734719012,769843.6158975109,-0.0613089304316432,-0.0310466744225968,0.0247877337506715
202411,NON PRIME,2027-02-01,769843.6158975109,-47198.28869030514,-23901.08409908469,19082.67858052172,698744.2431081211,-0.0613089304316432,-0.0310466744225968,0.0247877337506715
202411,NON PRIME,2027-03-01,698744.2431081211,-42839.262190226975,-21693.685020441666,17320.286257978583,634211.2958974525,-0.0613089304316432,-0.0310466744225968,0.0247877337506715
202411,NON PRIME,2027-04-01,634211.2958974525,-38882.8162191392,-19690.15161886141,15720.660744374392,575638.328059452,-0.0613089304316432,-0.0310466744225968,0.0247877337506715
202411,NON PRIME,2027-05-01,575638.328059452,-35291.77020878435,-17871.655756429776,14268.769612619391,522474.90209423786,-0.0613089304316432,-0.0310466744225968,0.0247877337506715
202411,NON PRIME,2027-06-01,522474.90209423786,-32032.37742477522,-16221.108179297942,12950.968764520127,474221.4164901647,-0.0613089304316432,-0.0310466744225968,0.0247877337506715
202411,NON PRIME,2027-07-01,474221.4164901647,-29074.0078327908,-14722.997921992821,11754.874210824502,430424.41073538107,-0.0613089304316432,-0.0310466744225968,0.0247877337506715
202411,NON PRIME,2027-08-01,430424.41073538107,-26388.860253856496,-13363.246543639456,10669.245693098297,390672.3039378851,-0.0613089304316432,-0.0310466744225968,0.0247877337506715
202411,NON PRIME,2027-09-01,390672.3039378851,-23951.701103697564,-12129.075826285301,9683.881053773708,354591.5270079022,-0.0613089304316432,-0.0310466744225968,0.0247877337506715
202411,NON PRIME,2027-10-01,354591.5270079022,-21739.627260977606,-11008.88769202578,8789.520361715922,321843.01205489883,-0.0613089304316432,-0.0310466744225968,0.0247877337506715
202411,NON PRIME,2027-11-01,321843.01205489883,-19731.850835984296,-9992.155210456342,7977.75889233099,292119.0060084582,-0.0613089304316432,-0.0310466744225968,0.0247877337506715
202411,NON PRIME,2027-12-01,292119.0060084582,-17909.503817133325,-9069.3236721972,7240.96814444847,265140.1785191277,-0.0613089304316432,-0.0310466744225968,0.0247877337506715
202411,NRP-L,2025-10-01,587145.5900000001,-15099.840345366749,-8986.103236110877,8296.276910033988,563059.6464185225,-0.0257173699377811,-0.0153047274630997,0.0141298462448368
202411,NRP-L,2025-11-01,563059.6464185225,-14480.413223981364,-8617.474433904767,7955.946230565896,539961.7587606363,-0.0257173699377811,-0.0153047274630997,0.0141298462448368
202411,NRP-L,2025-12-01,539961.7587606363,-13886.396302302199,-8263.967558327526,7629.576629379451,517811.39490000653,-0.0257173699377811,-0.0153047274630997,0.0141298462448368
202411,NRP-L,2026-01-01,517811.39490000653,-13316.747200641925,-7924.962276232094,7316.595393761562,496569.68542313256,-0.0257173699377811,-0.0153047274630997,0.0141298462448368
202411,NRP-L,2026-02-01,496569.68542313256,-12770.466299914287,-7599.863701838195,7016.45330487584,476199.3554213801,-0.0257173699377811,-0.0153047274630997,0.0141298462448368
202411,NRP-L,2026-03-01,476199.3554213801,-12246.594987504537,-7288.101352827971,6728.623673994492,456664.6590810476,-0.0257173699377811,-0.0153047274630997,0.0141298462448368
202411,NRP-L,2026-04-01,456664.6590810476,-11744.213975097988,-6989.12814926477,6452.601418266017,437931.3169566848,-0.0257173699377811,-0.0153047274630997,0.0141298462448368
202411,NRP-L,2026-05-01,437931.3169566848,-11262.441685514732,-6702.419453578394,6187.902174396847,419966.45581759163,-0.0257173699377811,-0.0153047274630997,0.0141298462448368
202411,NRP-L,2026-06-01,419966.45581759163,-10800.432705719806,-6427.472149932141,5934.0614486916165,402738.55096193973,-0.0257173699377811,-0.0153047274630997,0.0141298462448368
202411,NRP-L,2026-07-01,402738.55096193973,-10357.37630329411,-6163.803761356177,5690.633801960578,386217.3708972895,-0.0257173699377811,-0.0153047274630997,0.0141298462448368
202411,NRP-L,2026-08-01,386217.3708972895,-9932.495003762806,-5910.951603097909,5457.192067863807,370373.92429042875,-0.0257173699377811,-0.0153047274630997,0.0141298462448368
202411,NRP-L,2026-09-01,370373.92429042875,-9525.043226284686,-5668.471970703734,5233.326603320584,355180.40909344034,-0.0257173699377811,-0.0153047274630997,0.0141298462448368
202411,NRP-L,2026-10-01,355180.40909344034,-9134.305975308434,-5435.939361407362,5018.644569668546,340610.16375672456,-0.0257173699377811,-0.0153047274630997,0.0141298462448368
202411,NRP-L,2026-11-01,340610.16375672456,-8759.597585899886,-5212.945727458428,4812.769243311202,326637.62044336624,-0.0257173699377811,-0.0153047274630997,0.0141298462448368
202411,NRP-L,2026-12-01,326637.62044336624,-8400.26052053858,-4999.099760081123,4615.339354644127,313238.26016274653,-0.0257173699377811,-0.0153047274630997,0.0141298462448368
202411,NRP-L,2027-01-01,313238.26016274653,-8055.6642152722725,-4794.026202806355,4426.008454099797,300388.5697446679,-0.0257173699377811,-0.0153047274630997,0.0141298462448368
202411,NRP-L,2027-02-01,300388.5697446679,-7725.203973204584,-4597.365192972458,4244.444304198593,288066.00057849084,-0.0257173699377811,-0.0153047274630997,0.0141298462448368
202411,NRP-L,2027-03-01,288066.00057849084,-7408.2999033741135,-4408.771630238923,4070.328296539144,276248.9290448778,-0.0257173699377811,-0.0153047274630997,0.0141298462448368
202411,NRP-L,2027-04-01,276248.9290448778,-7104.395903162965,-4227.914571005022,3903.3548927049546,264916.61857070983,-0.0257173699377811,-0.0153047274630997,0.0141298462448368
202411,NRP-L,2027-05-01,264916.61857070983,-6812.958682448995,-4054.476647670651,3743.231088106207,254049.1832405902,-0.0257173699377811,-0.0153047274630997,0.0141298462448368
202411,NRP-L,2027-06-01,254049.1832405902,-6533.476827789396,-3888.153511720309,3589.6758978159096,243627.55290108052,-0.0257173699377811,-0.0153047274630997,0.0141298462448368
202411,NRP-L,2027-07-01,243627.55290108052,-6265.459904993422,-3728.6532996529418,3442.419863498111,233633.43969643416,-0.0257173699377811,-0.0153047274630997,0.0141298462448368
202411,NRP-L,2027-08-01,233633.43969643416,-6008.437598509469,-3575.6961208204634,3301.204580562965,224049.3059771042,-0.0257173699377811,-0.0153047274630997,0.0141298462448368
202411,NRP-L,2027-09-01,224049.3059771042,-5761.958886116299,-3429.0135662762145,3165.782244718877,214858.3335247117,-0.0257173699377811,-0.0153047274630997,0.0141298462448368
202411,NRP-L,2027-10-01,214858.3335247117,-5525.591247470165,-3288.34823777149,3035.9152171260403,206044.39403947003,-0.0257173699377811,-0.0153047274630997,0.0141298462448368
202411,NRP-L,2027-11-01,206044.39403947003,-5298.91990511899,-3153.4532960736133,2911.3756073882796,197592.0208382774,-0.0257173699377811,-0.0153047274630997,0.0141298462448368
202411,NRP-L,2027-12-01,197592.0208382774,-5081.547096651732,-3024.0920278129524,2791.9448736514487,189486.3817138127,-0.0257173699377811,-0.0153047274630997,0.0141298462448368
202411,NRP-M,2025-10-01,3285945.9,-110443.90313215596,-56890.009553207485,51261.1793705087,3118611.9873146364,-0.0336109925401255,-0.0173131303084471,0.0156001288306386
202411,NRP-M,2025-11-01,3118611.9873146364,-104819.6442411782,-53992.935717863475,48650.748774882195,2959799.4073555944,-0.0336109925401255,-0.0173131303084471,0.0156001288306386
202411,NRP-M,2025-12-01,2959799.4073555944,-99481.79580089675,-51243.39282641191,46173.25206759505,2809074.2187282857,-0.0336109925401255,-0.0173131303084471,0.0156001288306386
202411,NRP-M,2026-01-01,2809074.2187282857,-94415.77261033528,-48633.86799494205,43821.91970698673,2666024.5781230084,-0.0336109925401255,-0.0173131303084471,0.0156001288306386
202411,NRP-M,2026-02-01,2666024.5781230084,-89607.73220708367,-46157.23092656635,41590.32688436785,2530259.6149893585,-0.0336109925401255,-0.0173131303084471,0.0156001288306386
202411,NRP-M,2026-03-01,2530259.6149893585,-85044.53704398815,-43806.71442851196,39472.37596879601,2401408.3635168583,-0.0336109925401255,-0.0173131303084471,0.0156001288306386
202411,NRP-M,2026-04-01,2401408.3635168583,-80713.7185919601,-41575.89592136207,37462.279845836,2279118.749003536,-0.0336109925401255,-0.0173131303084471,0.0156001288306386
202411,NRP-M,2026-05-01,2279118.749003536,-76603.44327081801,-39458.67988992316,35554.54610477904,2163056.6258427952,-0.0336109925401255,-0.0173131303084471,0.0156001288306386
202411,NRP-M,2026-06-01,2163056.6258427952,-72702.48011507123,-37449.281227766216,33743.96203111404,2052904.8644999578,-0.0336109925401255,-0.0173131303084471,0.0156001288306386
202411,NRP-M,2026-07-01,2052904.8644999578,-69000.17008629543,-35542.20942993271,32025.58036324402,1948362.4849837297,-0.0336109925401255,-0.0173131303084471,0.0156001288306386
202411,NRP-M,2026-08-01,1948362.4849837297,-65486.39694824852,-33732.253590613116,30394.705774529346,1849143.834444868,-0.0336109925401255,-0.0173131303084471,0.0156001288306386
202411,NRP-M,2026-09-01,1849143.834444868,-62151.55962514551,-32014.46816480553,28846.882043720994,1754977.8066549168,-0.0336109925401255,-0.0173131303084471,0.0156001288306386
202411,NRP-M,2026-10-01,1754977.8066549168,-58986.54596756422,-30384.159455049255,27377.87987872826,1665607.1012323033,-0.0336109925401255,-0.0173131303084471,0.0156001288306386
202411,NRP-M,2026-11-01,1665607.1012323033,-55982.707854299006,-28836.87278630971,25983.68536045044,1580787.5205916944,-0.0336109925401255,-0.0173131303084471,0.0156001288306386
202411,NRP-M,2026-12-01,1580787.5205916944,-53131.837562130924,-27368.38033397101,24660.4889750962,1500287.3026955924,-0.0336109925401255,-0.0173131303084471,0.0156001288306386
202411,NRP-M,2027-01-01,1500287.3026955924,-50426.14533894656,-25974.669571677412,23404.67520502253,1423886.4877849685,-0.0336109925401255,-0.0173131303084471,0.0156001288306386
202411,NRP-M,2027-02-01,1423886.4877849685,-47858.23811892607,-24651.932307458228,22212.812649651023,1351376.3173585841,-0.0336109925401255,-0.0173131303084471,0.0156001288306386
202411,NRP-M,2027-03-01,1351376.3173585841,-45421.09932164164,-23396.55427817853,21081.644649467864,1282558.6637587638,-0.0336109925401255,-0.0173131303084471,0.0156001288306386
202411,NRP-M,2027-04-01,1282558.6637587638,-43108.06967986914,-22205.10527388327,20008.080387488408,1217245.4888050114,-0.0336109925401255,-0.0173131303084471,0.0156001288306386
202411,NRP-M,2027-05-01,1217245.4888050114,-40912.829043726655,-21074.32976505055,18989.186443871833,1155258.3299962343,-0.0336109925401255,-0.0173131303084471,0.0156001288306386
202411,NRP-M,2027-06-01,1155258.3299962343,-38829.37911142127,-20001.138007143785,18022.178780609654,1096427.8128776692,-0.0336109925401255,-0.0173131303084471,0.0156001288306386
202411,NRP-M,2027-07-01,1096427.8128776692,-36852.02703941746,-18982.597598156743,17104.415134386953,1040593.1882400949,-0.0336109925401255,-0.0173131303084471,0.0156001288306386
202411,NRP-M,2027-08-01,1040593.1882400949,-34975.36988724324,-18015.925466083187,16233.387796830444,987601.8928867684,-0.0336109925401255,-0.0173131303084471,0.0156001288306386
202411,NRP-M,2027-09-01,987601.8928867684,-33194.279854431,-17098.480264417638,15406.71676241613,937309.1327679198,-0.0336109925401255,-0.0173131303084471,0.0156001288306386
202411,NRP-M,2027-10-01,937309.1327679198,-31503.890269254054,-16227.75515490854,14622.143225313688,889577.4873437572,-0.0336109925401255,-0.0173131303084471,0.0156001288306386
202411,NRP-M,2027-11-01,889577.4873437572,-29899.58229097461,-15401.37095784342,13877.52340739839,844276.5340949392,-0.0336109925401255,-0.0173131303084471,0.0156001288306386
202411,NRP-M,2027-12-01,844276.5340949392,-28376.972289268015,-14617.069651149764,13170.822700566094,801282.4921545214,-0.0336109925401255,-0.0173131303084471,0.0156001288306386
202411,NRP-S,2025-10-01,1289490.97,-64136.227434320914,-25559.413899104828,23232.89435483686,1199795.3286665743,-0.0497376320784324,-0.0198213205782316,0.018017105117717
202411,NRP-S,2025-11-01,1199795.3286665743,-59674.97862663995,-23781.527837764916,21616.838556331488,1116338.8222021693,-0.0497376320784324,-0.0198213205782316,0.018017105117717
202411,NRP-S,2025-12-01,1116338.8222021693,-55524.04961356206,-22127.30966879469,20113.193906604876,1038687.4629198126,-0.0497376320784324,-0.0198213205782316,0.018017105117717
202411,NRP-S,2026-01-01,1038687.4629198126,-51661.85487518604,-20588.157183123654,18714.141203881045,966437.450861503,-0.0497376320784324,-0.0198213205782316,0.018017105117717
202411,NRP-S,2026-02-01,966437.450861503,-48068.310357767536,-19156.0665323348,17412.40514187016,899213.0739714007,-0.0497376320784324,-0.0198213205782316,0.018017105117717
202411,NRP-S,2026-03-01,899213.0739714007,-44724.72903330575,-17823.590607324222,16201.21647696816,836664.7543307707,-0.0497376320784324,-0.0198213205782316,0.018017105117717
202411,NRP-S,2026-04-01,836664.7543307707,-41613.723723895906,-16583.80031209759,15074.276827066366,778467.2302947771,-0.0497376320784324,-0.0198213205782316,0.018017105117717
202411,NRP-S,2026-05-01,778467.2302947771,-38719.11668551793,-15430.248531320824,14025.725918919008,724317.8650779383,-0.0497376320784324,-0.0198213205782316,0.018017105117717
202411,NRP-S,2026-06-01,724317.8650779383,-36025.85548108214,-14356.936604250119,13050.111113749575,673935.0729926061,-0.0497376320784324,-0.0198213205782316,0.018017105117717
202411,NRP-S,2026-07-01,673935.0729926061,-33519.93470525773,-13358.28313070036,12142.359052624064,627056.855156648,-0.0497376320784324,-0.0198213205782316,0.018017105117717
202411,NRP-S,2026-08-01,627056.855156648,-31188.323154040234,-12429.094946837658,11297.74927414237,583439.4370557701,-0.0497376320784324,-0.0198213205782316,0.018017105117717
202411,NRP-S,2026-09-01,583439.4370557701,-29018.896060327614,-11564.540119865396,10511.889667255442,542856.000875577,-0.0497376320784324,-0.0198213205782316,0.018017105117717
202411,NRP-S,2026-10-01,542856.000875577,-27000.372043118627,-10760.122821171586,9780.693631558743,505095.50601128675,-0.0497376320784324,-0.0198213205782316,0.018017105117717
202411,NRP-S,2026-11-01,505095.50601128675,-25122.254442459023,-10011.659947273822,9100.358826291813,469961.5916215539,-0.0497376320784324,-0.0198213205782316,0.018017105117717
202411,NRP-S,2026-12-01,469961.5916215539,-23374.776735067346,-9315.259366986782,8467.347397535126,437271.5555194997,-0.0497376320784324,-0.0198213205782316,0.018017105117717
202411,NRP-S,2027-01-01,437271.5555194997,-21748.851746792705,-8667.299681694001,7878.367580782452,406855.40409101296,-0.0497376320784324,-0.0198213205782316,0.018017105117717
202411,NRP-S,2027-02-01,406855.40409101296,-20236.024397800746,-8064.411393473929,7330.356583219008,378554.9682997383,-0.0497376320784324,-0.0198213205782316,0.018017105117717
202411,NRP-S,2027-03-01,378554.9682997383,-18828.427734755027,-7503.459383151415,6820.464656690412,352223.08118183183,-0.0497376320784324,-0.0198213205782316,0.018017105117717
202411,NRP-S,2027-04-01,352223.08118183183,-17518.74202135378,-6981.526607157583,6346.040278539233,327722.81255332043,-0.0497376320784324,-0.0198213205782316,0.018017105117717
202411,NRP-S,2027-05-01,327722.81255332043,-16300.15667448612,-6495.898928419068,5904.616363247039,304926.75695041526,-0.0497376320784324,-0.0198213205782316,0.018017105117717
202411,NRP-S,2027-06-01,304926.75695041526,-15166.334848069335,-6044.051002394692,5493.897433180175,283716.3710999512,-0.0497376320784324,-0.0198213205782316,0.018017105117717
202411,NRP-S,2027-07-01,283716.3710999512,-14111.380480397365,-5623.633144864657,5111.747681725027,263981.3574746892,-0.0497376320784324,-0.0198213205782316,0.018017105117717
202411,NRP-S,2027-08-01,263981.3574746892,-13129.807633641232,-5232.459113182569,4756.179866739104,245619.0907278654,-0.0497376320784324,-0.0198213205782316,0.018017105117717
202411,NRP-S,2027-09-01,245619.0907278654,-12216.511966061677,-4868.494737450773,4425.34497656202,228534.08402435298,-0.0497376320784324,-0.0198213205782316,0.018017105117717
202411,NRP-S,2027-10-01,228534.08402435298,-11366.744188584826,-4529.847342499218,4117.522614847937,212637.49249326895,-0.0497376320784324,-0.0198213205782316,0.018017105117717
202411,NRP-S,2027-11-01,212637.49249326895,-10576.085367710642,-4214.7559056604,3831.1120542189865,197846.6512198979,-0.0497376320784324,-0.0198213205782316,0.018017105117717
202411,NRP-S,2027-12-01,197846.6512198979,-9840.423946325222,-3921.5818991591727,3564.6239122171933,184084.6453744135,-0.0497376320784324,-0.0198213205782316,0.018017105117717
202412,NON PRIME,2025-10-01,3930024.390000001,-240047.3090465898,-128839.92664497766,97722.86814427987,3561137.1543084336,-0.0610803611441683,-0.0327834928894621,0.0248657154375268
202412,NON PRIME,2025-11-01,3561137.1543084336,-217515.54346907494,-116746.51457666983,88550.22311303747,3226875.0962626887,-0.0610803611441683,-0.0327834928894621,0.0248657154375268
202412,NON PRIME,2025-12-01,3226875.0962626887,-197098.6962468479,-105788.23677351019,80238.55789610992,2923988.163242331,-0.0610803611441683,-0.0327834928894621,0.0248657154375268
202412,NON PRIME,2026-01-01,2923988.163242331,-178598.2529921149,-95858.54515852629,72707.05760988046,2649531.3650916894,-0.0610803611441683,-0.0327834928894621,0.0248657154375268
202412,NON PRIME,2026-02-01,2649531.3650916894,-161834.33264260163,-86860.8926678902,65882.49296717187,2400836.1397811975,-0.0610803611441683,-0.0327834928894621,0.0248657154375268
202412,NON PRIME,2026-03-01,2400836.1397811975,-146643.93846580648,-78707.79451728052,59698.50826392957,2175484.4067981103,-0.0610803611441683,-0.0327834928894621,0.0248657154375268
202412,NON PRIME,2026-04-01,2175484.4067981103,-132879.37323073533,-71319.97758140152,54094.9761982186,1971285.0559859734,-0.0610803611441683,-0.0327834928894621,0.0248657154375268
202412,NON PRIME,2026-05-01,1971285.0559859734,-120406.80313772529,-64625.60961601906,49017.413248396304,1786252.6432322292,-0.0610803611441683,-0.0327834928894621,0.0248657154375268
202412,NON PRIME,2026-06-01,1786252.6432322292,-109104.95654334978,-58559.60082818667,44416.44992614269,1618588.085860693,-0.0610803611441683,-0.0327834928894621,0.0248657154375268
202412,NON PRIME,2026-07-01,1618588.085860693,-98863.94482801922,-53062.97100378209,40247.35075358318,1466661.1700288916,-0.0610803611441683,-0.0327834928894621,0.0248657154375268
202412,NON PRIME,2026-08-01,1466661.1700288916,-89584.19394149313,-48082.276038892334,36469.57929720853,1328994.7000485063,-0.0610803611441683,-0.0327834928894621,0.0248657154375268
202412,NON PRIME,2026-09-01,1328994.7000485063,-81175.47623764838,-43569.08829917302,33046.40402938744,1204250.135511685,-0.0610803611441683,-0.0327834928894621,0.0248657154375268
202412,NON PRIME,2026-10-01,1204250.135511685,-73556.03318496734,-39479.52575468109,29944.541185236645,1091214.5765720366,-0.0610803611441683,-0.0327834928894621,0.0248657154375268
202412,NON PRIME,2026-11-01,1091214.5765720366,-66651.78042280069,-35773.825311926754,27133.83114232156,988788.9708373091,-0.0610803611441683,-0.0327834928894621,0.0248657154375268
202412,NON PRIME,2026-12-01,988788.9708373091,-60395.58743411334,-32415.95619462347,24586.945176605514,895977.4272085723,-0.0610803611441683,-0.0327834928894621,0.0248657154375268
202412,NON PRIME,2027-01-01,895977.4272085723,-54726.62483092236,-29373.269614010773,22279.11974341574,811877.5327636391,-0.0610803611441683,-0.0327834928894621,0.0248657154375268
202412,NON PRIME,2027-02-01,811877.5327636391,-49589.77290603941,-26616.181322470795,20187.91569982199,735671.578535129,-0.0610803611441683,-0.0327834928894621,0.0248657154375268
202412,NON PRIME,2027-03-01,735671.578535129,-44935.085700426054,-24117.883963885757,18293.000127330666,666618.6088708172,-0.0610803611441683,-0.0327834928894621,0.0248657154375268
202412,NON PRIME,2027-04-01,666618.6088708172,-40717.30537525259,-21854.086423899553,16575.94863354172,604047.2170716651,-0.0610803611441683,-0.0327834928894621,0.0248657154375268
202412,NON PRIME,2027-05-01,604047.2170716651,-36895.42216686713,-19802.777645768303,15020.066210534005,547349.0172590297,-0.0610803611441683,-0.0327834928894621,0.0248657154375268
202412,NON PRIME,2027-06-01,547349.0172590297,-33432.27564608714,-17944.012615365467,13610.224908172977,495972.7289975771,-0.0610803611441683,-0.0327834928894621,0.0248657154375268
202412,NON PRIME,2027-07-01,495972.7289975771,-30294.193404830723,-16259.71843445918,12332.716744027348,449418.8171582872,-0.0610803611441683,-0.0327834928894621,0.0248657154375268
202412,NON PRIME,2027-08-01,449418.8171582872,-27450.663657013127,-14733.518596699176,11175.120419727857,407234.6349045749,-0.0610803611441683,-0.0327834928894621,0.0248657154375268
202412,NON PRIME,2027-09-01,407234.6349045749,-24874.03857038496,-13350.573757736825,10126.180547842278,369010.0225764531,-0.0610803611441683,-0.0327834928894621,0.0248657154375268
202412,NON PRIME,2027-10-01,369010.0225764531,-22539.265444787456,-12097.437451275398,9175.698214981423,334373.31968039024,-0.0610803611441683,-0.0327834928894621,0.0248657154375268
202412,NON PRIME,2027-11-01,334373.31968039024,-20423.643123052676,-10961.92534816791,8314.431817073762,302987.7512091697,-0.0610803611441683,-0.0327834928894621,0.0248657154375268
202412,NON PRIME,2027-12-01,302987.7512091697,-18506.6012661155,-9932.996787359925,7534.00720262338,274548.15315569425,-0.0610803611441683,-0.0327834928894621,0.0248657154375268
202412,NRP-L,2025-10-01,52967.3,-1118.2640005487922,-806.4363268042217,655.9467427946604,51042.59967264699,-0.0211123466846298,-0.0152251733957408,0.0123839943284755
202412,NRP-L,2025-11-01,51042.59967264699,-1077.629059973695,-777.132430585433,632.1112648567057,49187.83818208786,-0.0211123466846298,-0.0152251733957408,0.0123839943284755
202412,NRP-L,2025-12-01,49187.83818208786,-1038.4706923677097,-748.8933652839276,609.1419090769466,47400.47412443622,-0.0211123466846298,-0.0152251733957408,0.0123839943284755
202412,NRP-L,2026-01-01,47400.47412443622,-1000.7352427309218,-721.6804375848666,587.0072027240678,45678.058444120434,-0.0211123466846298,-0.0152251733957408,0.0123839943284755
202412,NRP-L,2026-02-01,45678.058444120434,-964.3710057530524,-695.4563601925158,565.6768167077598,44018.23107817486,-0.0211123466846298,-0.0152251733957408,0.0123839943284755
202412,NRP-L,2026-03-01,44018.23107817486,-929.3281549665735,-670.1852007389987,545.1215240216414,42418.717722469286,-0.0211123466846298,-0.0152251733957408,0.0123839943284755
202412,NRP-L,2026-04-01,42418.717722469286,-895.5586744742218,-645.8323325495782,525.3131596962628,40877.32671544548,-0.0211123466846298,-0.0152251733957408,0.0123839943284755
202412,NRP-L,2026-05-01,40877.32671544548,-863.0162931573647,-622.3643871970052,506.2245822073168,39391.94603509111,-0.0211123466846298,-0.0152251733957408,0.0123839943284755
202412,NRP-L,2026-06-01,39391.94603509111,-831.6564212750718,-599.7492087799264,487.82963628618126,37960.54040503611,-0.0211123466846298,-0.0152251733957408,0.0123839943284755
202412,NRP-L,2026-07-01,37960.54040503611,-801.4360893670197,-577.9558098626994,470.10311708183224,36581.14850580639,-0.0211123466846298,-0.0152251733957408,0.0123839943284755
202412,NRP-L,2026-08-01,36581.14850580639,-772.313889376512,-556.9543290162468,453.02073562502636,35251.88028741363,-0.0211123466846298,-0.0152251733957408,0.0123839943284755
202412,NRP-L,2026-09-01,35251.88028741363,-744.2499179129438,-536.7159899017695,436.5590855474276,33970.914379598915,-0.0211123466846298,-0.0152251733957408,0.0123839943284755
202412,NRP-L,2026-10-01,33970.914379598915,-717.205721575968,-517.213061841258,420.69561101007974,32736.495596181685,-0.0211123466846298,-0.0152251733957408,0.0123839943284755
202412,NRP-L,2026-11-01,32736.495596181685,-691.1442442664445,-498.4188218207712,405.40857579727714,31546.93253009447,-0.0211123466846298,-0.0152251733957408,0.0123839943284755
202412,NRP-L,2026-12-01,31546.93253009447,-666.02977641198,-480.3075178744243,390.6770335334891,30400.595235808065,-0.0211123466846298,-0.0152251733957408,0.0123839943284755
202412,NRP-L,2027-01-01,30400.595235808065,-641.8279060374849,-462.85433379890947,376.4807989825264,29295.91299597167,-0.0211123466846298,-0.0152251733957408,0.0123839943284755
202412,NRP-L,2027-02-01,29295.91299597167,-618.5054716137056,-446.035355150205,362.80042038962483,28231.37216920776,-0.0211123466846298,-0.0152251733957408,0.0123839943284755
202412,NRP-L,2027-03-01,28231.37216920776,-596.0305166191235,-429.8275364758792,349.61715282854993,27205.514116112758,-0.0211123466846298,-0.0152251733957408,0.0123839943284755
202412,NRP-L,2027-04-01,27205.514116112758,-574.3722457529624,-414.20866973809075,336.91293251720055,26216.933200621705,-0.0211123466846298,-0.0152251733957408,0.0123839943284755
202412,NRP-L,2027-05-01,26216.933200621705,-553.5009827393067,-399.15735388401924,324.6703520665202,25264.274863998377,-0.0211123466846298,-0.0152251733957408,0.0123839943284755
202412,NRP-L,2027-06-01,25264.274863998377,-533.3881296645121,-384.6529655220311,312.872636628802,24346.233768811835,-0.0211123466846298,-0.0152251733957408,0.0123839943284755
202412,NRP-L,2027-07-01,24346.233768811835,-514.0061277921967,-370.6756306634002,301.50362091270443,23461.552010356238,-0.0211123466846298,-0.0152251733957408,0.0123839943284755
202412,NRP-L,2027-08-01,23461.552010356238,-495.3284198021142,-357.20619749086484,290.5477270334846,22609.01739306326,-0.0211123466846298,-0.0152251733957408,0.0123839943284755
202412,NRP-L,2027-09-01,22609.01739306326,-477.3294134011766,-344.22621011670776,279.98994316809933,21787.461769545374,-0.0211123466846298,-0.0152251733957408,0.0123839943284755
202412,NRP-L,2027-10-01,21787.461769545374,-459.98444625675984,-331.717883294402,269.81580298592667,20995.759439994214,-0.0211123466846298,-0.0152251733957408,0.0123839943284755
202412,NRP-L,2027-11-01,20995.759439994214,-443.2697522042467,-319.66407804917367,260.01136582692425,20232.825609740794,-0.0211123466846298,-0.0152251733957408,0.0123839943284755
202412,NRP-L,2027-12-01,20232.825609740794,-427.162428682504,-308.04827819408865,250.56319760006383,19497.614902864203,-0.0211123466846298,-0.0152251733957408,0.0123839943284755
202412,NRP-M,2025-10-01,2716445.1100000003,-85077.96879071085,-46627.85880666343,41179.07731998392,2584739.282402626,-0.0313195979839662,-0.0171650288956744,0.0151591788725611
202412,NRP-M,2025-11-01,2584739.282402626,-80952.99521821551,-44367.12447022579,39182.52512087663,2459419.1627141843,-0.0313195979839662,-0.0171650288956744,0.0151591788725611
202412,NRP-M,2025-12-01,2459419.1627141843,-77028.019450271,-42216.00099456432,37282.77501018877,2340175.1422693487,-0.0313195979839662,-0.0171650288956744,0.0151591788725611
202412,NRP-M,2026-01-01,2340175.1422693487,-73293.3446679469,-40169.173937992324,35475.13357478218,2226712.6236634096,-0.0313195979839662,-0.0171650288956744,0.0151591788725611
202412,NRP-M,2026-02-01,2226712.6236634096,-69739.7441989606,-38221.58652754538,33755.13495990346,2118751.2929369034,-0.0313195979839662,-0.0171650288956744,0.0151591788725611
202412,NRP-M,2026-03-01,2118751.2929369034,-66358.43872279242,-36368.427166009446,32118.52983610062,2016024.4270481016,-0.0313195979839662,-0.0171650288956744,0.0151591788725611
202412,NRP-M,2026-04-01,2016024.4270481016,-63141.07458100233,-34605.11754466609,30561.274901074677,1918278.234922433,-0.0313195979839662,-0.0171650288956744,0.0151591788725611
202412,NRP-M,2026-05-01,1918278.234922433,-60079.70313916287,-32927.30133238685,29079.522890529945,1825271.2304508833,-0.0313195979839662,-0.0171650288956744,0.0151591788725611
202412,NRP-M,2026-06-01,1825271.2304508833,-57166.761149420985,-31330.833413132583,27669.613073344633,1736773.6358883297,-0.0313195979839662,-0.0171650288956744,0.0151591788725611
202412,NRP-M,2026-07-01,1736773.6358883297,-54395.052065173775,-29811.769645268672,26328.062207579493,1652566.8141778873,-0.0313195979839662,-0.0171650288956744,0.0151591788725611
202412,NRP-M,2026-08-01,1652566.8141778873,-51757.7282616952,-28366.357117396023,25051.555934981036,1572442.728798796,-0.0313195979839662,-0.0171650288956744,0.0151591788725611
202412,NRP-M,2026-09-01,1572442.728798796,-49248.27411878908,-26991.02487662444,23836.94059271903,1496203.4298033826,-0.0313195979839662,-0.0171650288956744,0.0151591788725611
202412,NRP-M,2026-10-01,1496203.4298033826,-46860.48992367333,-25682.37510638221,22681.215422128895,1423660.5647733272,-0.0313195979839662,-0.0171650288956744,0.0151591788725611
202412,NRP-M,2026-11-01,1423660.5647733272,-44588.47655432688,-24437.1747319663,21581.525155210227,1354634.913487034,-0.0313195979839662,-0.0171650288956744,0.0151591788725611
202412,NRP-M,2026-12-01,1354634.913487034,-42426.62090545873,-23252.34743309433,20535.15296056628,1288955.9451484808,-0.0313195979839662,-0.0171650288956744,0.0151591788725611
202412,NRP-M,2027-01-01,1288955.9451484808,-40369.58202109361,-22124.966043724984,19539.513731356874,1226461.3970836622,-0.0313195979839662,-0.0171650288956744,0.0151591788725611
202412,NRP-M,2027-02-01,1226461.3970836622,-38412.277899513836,-21052.245320370257,18592.147698682424,1166996.8738637783,-0.0313195979839662,-0.0171650288956744,0.0151591788725611
202412,NRP-M,2027-03-01,1166996.8738637783,-36549.87293795885,-20031.53506103345,17690.71435462064,1110415.465864786,-0.0313195979839662,-0.0171650288956744,0.0151591788725611
202412,NRP-M,2027-04-01,1110415.465864786,-34777.765986063634,-19060.313557772803,16832.986669902555,1056577.3863209495,-0.0313195979839662,-0.0171650288956744,0.0151591788725611
202412,NRP-M,2027-05-01,1056577.3863209495,-33091.57897852189,-18136.181366715235,16016.845591942365,1005349.6259757124,-0.0313195979839662,-0.0171650288956744,0.0151591788725611
202412,NRP-M,2027-06-01,1005349.6259757124,-31487.146118890094,-17256.855380128556,15240.274809628225,956605.6244766937,-0.0313195979839662,-0.0171650288956744,0.0151591788725611
202412,NRP-M,2027-07-01,956605.6244766937,-29960.50358781098,-16420.163185907102,14501.355771940212,910224.9577029756,-0.0313195979839662,-0.0171650288956744,0.0151591788725611
202412,NRP-M,2027-08-01,910224.9577029756,-28507.879750229833,-15624.037700535586,13798.262948088768,866093.0402522101,-0.0313195979839662,-0.0171650288956744,0.0151591788725611
202412,NRP-M,2027-09-01,866093.0402522101,-27125.685837410274,-14866.512062271679,13129.259317463515,824100.8423525281,-0.0313195979839662,-0.0171650288956744,0.0151591788725611
202412,NRP-M,2027-10-01,824100.8423525281,-25810.507080729087,-14145.71477193076,12492.692078250251,784144.6204998683,-0.0313195979839662,-0.0171650288956744,0.0151591788725611
202412,NRP-M,2027-11-01,784144.6204998683,-24559.094275345615,-13459.865069267877,11886.988564114044,746125.6611552548,-0.0313195979839662,-0.0171650288956744,0.0151591788725611
202412,NRP-M,2027-12-01,746125.6611552548,-23368.355752903564,-12807.268533534116,11310.652358860421,709950.036868817,-0.0313195979839662,-0.0171650288956744,0.0151591788725611
202412,NRP-S,2025-10-01,1376252.91,-70899.28383698908,-28225.326485714668,24437.48539782607,1277128.2996772963,-0.0515161736057576,-0.0205088223833181,0.0177565367675234
202412,NRP-S,2025-11-01,1277128.2996772963,-65792.76320300161,-26192.397458790718,22677.375610064555,1185143.139015504,-0.0515161736057576,-0.0205088223833181,0.0177565367675234
202412,NRP-S,2025-12-01,1185143.139015504,-61054.039697195214,-24305.890136877042,21044.03772270689,1099783.2091814317,-0.0515161736057576,-0.0205088223833181,0.0177565367675234
202412,NRP-S,2026-01-01,1099783.2091814317,-56656.62273288786,-22555.258497257557,19528.34099013497,1020571.3279512862,-0.0515161736057576,-0.0205088223833181,0.0177565367675234
202412,NRP-S,2026-02-01,1020571.3279512862,-52575.92970779704,-20930.716094460015,18121.812308647193,947064.6821490292,-0.0515161736057576,-0.0205088223833181,0.0177565367675234
202412,NRP-S,2026-03-01,947064.6821490292,-48789.14858147103,-19423.18135170805,16816.588849802098,878852.3522158501,-0.0515161736057576,-0.0205088223833181,0.0177565367675234
202412,NRP-S,2026-04-01,878852.3522158501,-45275.110350580166,-18024.226792756188,15605.374105345167,815553.0150725137,-0.0515161736057576,-0.0205088223833181,0.0177565367675234
202412,NRP-S,2026-05-01,815553.0150725137,-42014.170709174665,-16726.03193030173,14481.397097999654,756812.8124330373,-0.0515161736057576,-0.0205088223833181,0.0177565367675234
202412,NRP-S,2026-06-01,756812.8124330373,-38988.10023236202,-15521.339547608597,13438.374530100016,702303.3726530666,-0.0515161736057576,-0.0205088223833181,0.0177565367675234
202412,NRP-S,2026-07-01,702303.3726530666,-36179.98246950446,-14403.415128947005,12470.475658469864,651719.9750546152,-0.0515161736057576,-0.0205088223833181,0.0177565367675234
202412,NRP-S,2026-08-01,651719.9750546152,-33574.11937725357,-13366.009212055606,11572.289699186707,604779.846465306,-0.0515161736057576,-0.0205088223833181,0.0177565367675234
202412,NRP-S,2026-09-01,604779.846465306,-31155.94356377013,-12403.322452167351,10738.795580018363,561220.5804493685,-0.0515161736057576,-0.0205088223833181,0.0177565367675234
202412,NRP-S,2026-10-01,561220.5804493685,-28911.936853553718,-11509.973202298783,9965.333871440034,520798.6703935159,-0.0515161736057576,-0.0205088223833181,0.0177565367675234
202412,NRP-S,2026-11-01,520798.6703935159,-26829.554717640098,-10680.967428568843,9247.580739319765,483288.14824730693,-0.0515161736057576,-0.0205088223833181,0.0177565367675234
202412,NRP-S,2026-12-01,483288.14824730693,-24897.15614671338,-9911.670792366724,8581.523773661605,448479.32130822685,-0.0515161736057576,-0.0205088223833181,0.0177565367675234
202412,NRP-S,2027-01-01,448479.32130822685,-23103.93857510696,-9197.782743301472,7963.43955828347,416177.5999898184,-0.0515161736057576,-0.0205088223833181,0.0177565367675234
202412,NRP-S,2027-02-01,416177.5999898184,-21439.87749190303,-8535.312478106795,7389.872856038856,386202.41001980857,-0.0515161736057576,-0.0205088223833181,0.0177565367675234
202412,NRP-S,2027-03-01,386202.41001980857,-19895.670401542437,-7920.556631105644,6857.617293222878,358386.18298716046,-0.0515161736057576,-0.0205088223833181,0.0177565367675234
202412,NRP-S,2027-04-01,358386.18298716046,-18462.68482067137,-7350.078571519012,6363.6974351838835,332573.41959497007,-0.0515161736057576,-0.0205088223833181,0.0177565367675234
202412,NRP-S,2027-05-01,332573.41959497007,-17132.910020514944,-6820.689191885964,5905.352152939073,308619.8203825691,-0.0515161736057576,-0.0205088223833181,0.0177565367675234
202412,NRP-S,2027-06-01,308619.8203825691,-15898.912245006159,-6329.429080197645,5480.019187809556,286391.4790573653,-0.0515161736057576,-0.0205088223833181,0.0177565367675234
202412,NRP-S,2027-07-01,286391.4790573653,-14753.793154328921,-5873.551976083269,5085.320827787514,265764.1339269531,-0.0515161736057576,-0.0205088223833181,0.0177565367675234
202412,NRP-S,2027-08-01,265764.1339269531,-13691.151261564728,-5450.509418564244,4719.050615562955,246622.4732468241,-0.0515161736057576,-0.0205088223833181,0.0177565367675234
202412,NRP-S,2027-09-01,246622.4732468241,-12705.0461468647,-5057.936499553735,4379.161013904788,228859.49060040567,-0.0515161736057576,-0.0205088223833181,0.0177565367675234
202412,NRP-S,2027-10-01,228859.49060040567,-11789.965249095749,-4693.638643460378,4063.751959442779,212375.88670784954,-0.0515161736057576,-0.0205088223833181,0.0177565367675234
202412,NRP-S,2027-11-01,212375.88670784954,-10940.793049318285,-4355.579338990973,3771.060240863314,197079.5143195403,-0.0515161736057576,-0.0205088223833181,0.0177565367675234
202412,NRP-S,2027-12-01,197079.5143195403,-10152.782473823829,-4041.8687545700477,3499.4496421405715,182884.8630911464,-0.0515161736057576,-0.0205088223833181,0.0177565367675234
202501,NON PRIME,2025-10-01,4363554.399999999,-252011.68321147695,-146081.31841514888,112186.83193227957,3965461.398373374,-0.057753762210797,-0.033477597624347,0.0257099652366611
202501,NON PRIME,2025-11-01,3965461.398373374,-229020.31465775036,-132754.1210896242,101951.87469950096,3603686.962625999,-0.057753762210797,-0.033477597624347,0.0257099652366611
202501,NON PRIME,2025-12-01,3603686.962625999,-208126.47992165125,-120642.7820988984,92650.66653292326,3274917.7006054497,-0.057753762210797,-0.033477597624347,0.0257099652366611
202501,NON PRIME,2026-01-01,3274917.7006054497,-189138.81814069723,-109636.37703372096,84198.02023549222,2976142.505431032,-0.057753762210797,-0.033477597624347,0.0257099652366611
202501,NON PRIME,2026-02-01,2976142.505431032,-171883.42656410942,-99634.10126953604,76516.52035398131,2704624.977597386,-0.057753762210797,-0.033477597624347,0.0257099652366611
202501,NON PRIME,2026-03-01,2704624.977597386,-156202.26782554158,-90544.34672476382,69535.8141522341,2457878.3630470806,-0.057753762210797,-0.033477597624347,0.0257099652366611
202501,NON PRIME,2026-04-01,2457878.3630470806,-141951.72252248408,-82283.86284767884,63191.967269881934,2233642.7776769176,-0.057753762210797,-0.033477597624347,0.0257099652366611
202501,NON PRIME,2026-05-01,2233642.7776769176,-129001.2738458168,-74776.99414759662,57426.87816519269,2029864.509683504,-0.057753762210797,-0.033477597624347,0.0257099652366611
202501,NON PRIME,2026-06-01,2029864.509683504,-117232.31221239713,-67954.98728712677,52187.74597909502,1844677.2101839802,-0.057753762210797,-0.033477597624347,0.0257099652366611
202501,NON PRIME,2026-07-01,1844677.2101839802,-106537.04895264198,-61755.36138934227,47426.58694669112,1676384.799841996,-0.057753762210797,-0.033477597624347,0.0257099652366611
202501,NON PRIME,2026-08-01,1676384.799841996,-96817.52910386916,-56121.335792681835,43099.7949272048,1523445.934945445,-0.057753762210797,-0.033477597624347,0.0257099652366611
202501,NON PRIME,2026-09-01,1523445.934945445,-87984.73426784454,-51001.310012550726,39167.74202738006,1384459.8906650497,-0.057753762210797,-0.033477597624347,0.0257099652366611
202501,NON PRIME,2026-10-01,1384459.8906650497,-79957.7673158553,-46348.39114673198,35594.415660550054,1258153.7322024624,-0.057753762210797,-0.033477597624347,0.0257099652366611
202501,NON PRIME,2026-11-01,1258153.7322024624,-72663.11147424778,-42119.96439624447,32347.08871730073,1143370.6563319701,-0.057753762210797,-0.033477597624347,0.0257099652366611
202501,NON PRIME,2026-12-01,1143370.6563319701,-66033.95700459949,-38277.30276816724,29396.01982691334,1039059.3965592034,-0.057753762210797,-0.033477597624347,0.0257099652366611
202501,NON PRIME,2027-01-01,1039059.3965592034,-60009.589311774456,-34785.21238580582,26714.180964363182,944264.5948616231,-0.057753762210797,-0.033477597624347,0.0257099652366611
202501,NON PRIME,2027-02-01,944264.5948616231,-54534.832875712746,-31611.71015769446,24277.00990810221,858118.051828216,-0.057753762210797,-0.033477597624347,0.0257099652366611
202501,NON PRIME,2027-03-01,858118.051828216,-49559.54591407916,-28727.73085329356,22062.185281454782,779830.7750608432,-0.057753762210797,-0.033477597624347,0.0257099652366611
202501,NON PRIME,2027-04-01,779830.7750608432,-45038.16114752546,-26106.860902569566,20049.42211729276,708685.7530107482,-0.057753762210797,-0.033477597624347,0.0257099652366611
202501,NON PRIME,2027-05-01,708685.7530107482,-40929.268461562366,-23725.09648140119,18220.28607362333,644031.3880677846,-0.057753762210797,-0.033477597624347,0.0257099652366611
202501,NON PRIME,2027-06-01,644031.3880677846,-37195.23564275636,-21560.62366718297,16558.02459854134,585275.5287578453,-0.057753762210797,-0.033477597624347,0.0257099652366611
202501,NON PRIME,2027-07-01,585275.5287578453,-33801.86371567908,-19593.618651132078,15047.413498232647,531880.0463910341,-0.057753762210797,-0.033477597624347,0.0257099652366611
202501,NON PRIME,2027-08-01,531880.0463910341,-30718.073723935464,-17806.066177498058,13674.617502787181,483355.9064896006,-0.057753762210797,-0.033477597624347,0.0257099652366611
202501,NON PRIME,2027-09-01,483355.9064896006,-27915.622086584623,-16181.594546810345,12427.063552782445,439258.6898562056,-0.057753762210797,-0.033477597624347,0.0257099652366611
202501,NON PRIME,2027-10-01,439258.6898562056,-25368.841922981526,-14705.325672003886,11293.325646104346,399184.52226122015,-0.057753762210797,-0.033477597624347,0.0257099652366611
202501,NON PRIME,2027-11-01,399184.52226122015,-23054.40797690511,-13363.738814128317,10263.02019034914,362766.3754701867,-0.057753762210797,-0.033477597624347,0.0257099652366611
202501,NON PRIME,2027-12-01,362766.3754701867,-20951.122986977865,-12144.546749633695,9326.71090236805,329670.70573357516,-0.057753762210797,-0.033477597624347,0.0257099652366611
202501,NRP-L,2025-10-01,60436.42,-1563.8943557848363,-991.4103958526738,1035.5203833947332,57881.11524836248,-0.025876687530215,-0.0164041880020801,0.0171340457193648
202501,NRP-L,2025-11-01,57881.11524836248,-1497.7715331822387,-949.4926963042034,991.7376749532659,55433.85101887604,-0.025876687530215,-0.0164041880020801,0.0171340457193648
202501,NRP-L,2025-12-01,55433.85101887604,-1434.4444414119457,-909.347313792942,949.8061377578791,53090.05926367116,-0.025876687530215,-0.0164041880020801,0.0171340457193648
202501,NRP-L,2026-01-01,53090.05926367116,-1373.7948745266149,-870.8993132028359,909.6475026675284,50845.365075941714,-0.025876687530215,-0.0164041880020801,0.0171340457193648
202501,NRP-L,2026-02-01,50845.365075941714,-1315.7096244298502,-834.0769277401456,871.1868098289797,48695.578523771714,-0.025876687530215,-0.0164041880020801,0.0171340457193648
202501,NRP-L,2026-03-01,48695.578523771714,-1260.0802695626887,-798.8114249740054,834.3522687572232,46636.68682923502,-0.025876687530215,-0.0164041880020801,0.0171340457193648
202501,NRP-L,2026-04-01,46636.68682923502,-1206.8029725246079,-765.0369785409041,799.075124331811,44664.846878169505,-0.025876687530215,-0.0164041880020801,0.0171340457193648
202501,NRP-L,2026-05-01,44664.846878169505,-1155.778286251291,-732.690545273613,765.2895284589845,42776.378046644604,-0.025876687530215,-0.0164041880020801,0.0171340457193648
202501,NRP-L,2026-06-01,42776.378046644604,-1106.910968387371,-701.7117475252101,732.9324171600414,40967.75533073203,-0.025876687530215,-0.0164041880020801,0.0171340457193648
202501,NRP-L,2026-07-01,40967.75533073203,-1060.1098035076525,-672.0427604685474,701.9433928565136,39235.60276675583,-0.025876687530215,-0.0164041880020801,0.0171340457193648
202501,NRP-L,2026-08-01,39235.60276675583,-1015.2874328549797,-643.6282041607967,672.2646116324305,37576.68712974005,-0.025876687530215,-0.0164041880020801,0.0171340457193648
202501,NRP-L,2026-09-01,37576.68712974005,-972.3601912769348,-616.4150401715995,643.8406752632329,35987.91189829152,-0.025876687530215,-0.0164041880020801,0.0171340457193648
202501,NRP-L,2026-10-01,35987.91189829152,-931.2479510569962,-590.3524725818694,616.6185278097994,34466.31147465265,-0.025876687530215,-0.0164041880020801,0.0171340457193648
202501,NRP-L,2026-11-01,34466.31147465265,-891.8739723486503,-565.3918531684526,590.5473565845662,33009.04564913554,-0.025876687530215,-0.0164041880020801,0.0171340457193648
202501,NRP-L,2026-12-01,33009.04564913554,-854.1647599332834,-541.4865905976636,565.5784973048882,31613.3942986046,-0.025876687530215,-0.0164041880020801,0.0171340457193648
202501,NRP-L,2027-01-01,31613.3942986046,-818.0499260344716,-518.592063458197,541.6653432565977,30276.75230911193,-0.025876687530215,-0.0164041880020801,0.0171340457193648
202501,NRP-L,2027-02-01,30276.75230911193,-783.4620589326048,-496.66553697108486,518.7632582982076,28996.62471320824,-0.025876687530215,-0.0164041880020801,0.0171340457193648
202501,NRP-L,2027-03-01,28996.62471320824,-750.3365971345997,-475.66608322122994,496.82949354337325,27770.62203285241,-0.025876687530215,-0.0164041880020801,0.0171340457193648
202501,NRP-L,2027-04-01,27770.62203285241,-718.6117088638259,-455.5545047616188,475.8231075660927,26596.455819226965,-0.025876687530215,-0.0164041880020801,0.0171340457193648
202501,NRP-L,2027-05-01,26596.455819226965,-688.2281766453045,-436.29326144761643,455.70488997970085,25471.934381134044,-0.025876687530215,-0.0164041880020801,0.0171340457193648
202501,NRP-L,2027-06-01,25471.934381134044,-659.129286770746,-417.84640036477066,436.4372882470109,24394.958693998527,-0.025876687530215,-0.0164041880020801,0.0171340457193648
202501,NRP-L,2027-07-01,24394.958693998527,-631.2607234371017,-400.17948871933027,417.9843375849866,23363.518481842093,-0.025876687530215,-0.0164041880020801,0.0171340457193648
202501,NRP-L,2027-08-01,23363.518481842093,-604.570467361031,-383.25954956621075,400.31159383310694,22375.688464914852,-0.025876687530215,-0.0164041880020801,0.0171340457193648
202501,NRP-L,2027-09-01,22375.688464914852,-579.0086986800378,-367.0550002544383,383.3860691601147,21429.624765980378,-0.025876687530215,-0.0164041880020801,0.0171340457193648
202501,NRP-L,2027-10-01,21429.624765980378,-554.527703959031,-351.53559347517387,367.17617048914,20523.561468546173,-0.025876687530215,-0.0164041880020801,0.0171340457193648
202501,NRP-L,2027-11-01,20523.561468546173,-531.0817871287298,-336.67236080227855,351.6516405262639,19655.807320615164,-0.025876687530215,-0.0164041880020801,0.0171340457193648
202501,NRP-L,2027-12-01,19655.807320615164,-508.6271841896711,-322.4375586200335,336.78350128244557,18824.74257780546,-0.025876687530215,-0.0164041880020801,0.0171340457193648
202501,NRP-M,2025-10-01,4943312.740000001,-137725.1597752971,-85102.60295315839,77460.4536574987,4720484.977271546,-0.0278609036124421,-0.017215702794713,0.0156697457214691
202501,NRP-M,2025-11-01,4720484.977271546,-131516.97695574348,-81266.46641561449,73968.79927585996,4507701.533900187,-0.0278609036124421,-0.017215702794713,0.0156697457214691
202501,NRP-M,2025-12-01,4507701.533900187,-125588.63794965053,-77603.24989489753,70634.53682449216,4304509.64605564,-0.0278609036124421,-0.017215702794713,0.0156697457214691
202501,NRP-M,2026-01-01,4304509.64605564,-119927.52834758344,-74105.15874346915,67450.57160930283,4110476.958964587,-0.0278609036124421,-0.017215702794713,0.0156697457214691
202501,NRP-M,2026-02-01,4110476.958964587,-114521.60235487648,-70764.74967005003,64410.128740932654,3925190.6069396604,-0.0278609036124421,-0.017215702794713,0.0156697457214691
202501,NRP-M,2026-03-01,3925190.6069396604,-109359.35716040898,-67574.91490167232,61506.73871904344,3748256.334877579,-0.0278609036124421,-0.017215702794713,0.0156697457214691
202501,NRP-M,2026-04-01,3748256.334877579,-104429.80846074973,-64528.86705965264,58734.22366641739,3579297.6593571766,-0.0278609036124421,-0.017215702794713,0.0156697457214691
202501,NRP-M,2026-05-01,3579297.6593571766,-99722.46708758992,-61620.12471730504,56086.68418357648,3417955.0675522815,-0.0278609036124421,-0.017215702794713,0.0156697457214691
202501,NRP-M,2026-06-01,3417955.0675522815,-95227.31668873214,-58842.49860866327,53558.48679595099,3263885.252254886,-0.0278609036124421,-0.017215702794713,0.0156697457214691
202501,NRP-M,2026-07-01,3263885.252254886,-90934.79241514465,-56190.078458866985,51144.25196688709,3116760.381380874,-0.0278609036124421,-0.017215702794713,0.0156697457214691
202501,NRP-M,2026-08-01,3116760.381380874,-86835.76056873081,-53657.22040818947,48838.842650987346,2976267.4004039536,-0.0278609036124421,-0.017215702794713,0.0156697457214691
202501,NRP-M,2026-09-01,2976267.4004039536,-82921.49916750817,-51238.53500294754,46637.35336342781,2842107.3662334983,-0.0278609036124421,-0.017215702794713,0.0156697457214691
202501,NRP-M,2026-10-01,2842107.3662334983,-79183.67938684317,-48928.87572774044,44535.09974199317,2713994.8111189147,-0.0278609036124421,-0.017215702794713,0.0156697457214691
202501,NRP-M,2026-11-01,2713994.8111189147,-75614.34783725209,-46723.32805461648,42527.60857961995,2591657.135227046,-0.0278609036124421,-0.017215702794713,0.0156697457214691
202501,NRP-M,2026-12-01,2591657.135227046,-72205.90964105855,-44617.19898586614,40610.608306238864,2474834.026600121,-0.0278609036124421,-0.017215702794713,0.0156697457214691
202501,NRP-M,2027-01-01,2474834.026600121,-68951.11227189795,-42606.00706819053,38780.01989966339,2363276.9072600324,-0.0278609036124421,-0.017215702794713,0.0156697457214691
202501,NRP-M,2027-02-01,2363276.9072600324,-65843.03012268203,-40685.472856997236,37031.948206184614,2256748.4042803533,-0.0278609036124421,-0.017215702794713,0.0156697457214691
202501,NRP-M,2027-03-01,2256748.4042803533,-62875.04976918744,-38851.50981053338,35362.67365240428,2155021.8447006326,-0.0278609036124421,-0.017215702794713,0.0156697457214691
202501,NRP-M,2027-04-01,2155021.8447006326,-60040.85589791149,-37100.21559448024,33768.644330670184,2057880.7732082407,-0.0278609036124421,-0.017215702794713,0.0156697457214691
202501,NRP-M,2027-05-01,2057880.7732082407,-57334.41786825262,-35427.86377850726,32246.46844127335,1965118.4915614808,-0.0278609036124421,-0.017215702794713,0.0156697457214691
202501,NRP-M,2027-06-01,1965118.4915614808,-54749.97688042203,-33830.89590711718,30792.90707532532,1876537.6187739414,-0.0278609036124421,-0.017215702794713,0.0156697457214691
202501,NRP-M,2027-07-01,1876537.6187739414,-52282.0337217824,-32305.91392791062,29404.86732295878,1791949.6711242483,-0.0278609036124421,-0.017215702794713,0.0156697457214691
202501,NRP-M,2027-08-01,1791949.6711242483,-49925.33706554,-30849.67296115876,28079.395692187147,1711174.6610975496,-0.0278609036124421,-0.017215702794713,0.0156697457214691
202501,NRP-M,2027-09-01,1711174.6610975496,-47674.87229689211,-29459.074395299154,26813.671824419664,1634040.7144053583,-0.0278609036124421,-0.017215702794713,0.0156697457214691
202501,NRP-M,2027-10-01,1634040.7144053583,-45525.85084285372,-28131.159293663153,25605.00249325967,1560383.7042688413,-0.0278609036124421,-0.017215702794713,0.0156697457214691
202501,NRP-M,2027-11-01,1560383.7042688413,-43473.699983059545,-26863.102098405714,24450.81587381678,1490046.9021873758,-0.0278609036124421,-0.017215702794713,0.0156697457214691
202501,NRP-M,2027-12-01,1490046.9021873758,-41514.05311986042,-25652.204618240652,23348.656070338915,1422880.6444492748,-0.0278609036124421,-0.017215702794713,0.0156697457214691
202501,NRP-S,2025-10-01,2185314.64,-105257.19552958998,-45215.91628677905,39098.29048622637,2034841.5281836311,-0.0481656936731042,-0.0206908037218746,0.0178913780974928
202501,NRP-S,2025-11-01,2034841.5281836311,-98009.553719804,-42102.50666476687,36406.1191492134,1894729.4677990603,-0.0481656936731042,-0.0206908037218746,0.0178913780974928
202501,NRP-S,2025-12-01,1894729.4677990603,-91260.95913941329,-39203.47552428227,33899.3213008543,1764265.0331353648,-0.0481656936731042,-0.0206908037218746,0.0178913780974928
202501,NRP-S,2026-01-01,1764265.0331353648,-84977.04914416702,-36504.06151397042,31565.13277201048,1642783.9224772274,-0.0481656936731042,-0.0206908037218746,0.0178913780974928
202501,NRP-S,2026-02-01,1642783.9224772274,-79125.8271811387,-33990.51969742757,29391.66828952238,1529667.575598661,-0.0481656936731042,-0.0206908037218746,0.0178913780974928
202501,NRP-S,2026-03-01,1529667.575598661,-73677.49986796507,-31650.05156642767,27367.8609585108,1424340.0241642685,-0.0481656936731042,-0.0206908037218746,0.0178913780974928
202501,NRP-S,2026-04-01,1424340.0241642685,-68604.32529023799,-29470.739873193004,25483.405911714963,1326264.9590008375,-0.0481656936731042,-0.0206908037218746,0.0178913780974928
202501,NRP-S,2026-05-01,1326264.9590008375,-63880.47174460644,-27441.487949886392,23728.707838939772,1234942.9993063447,-0.0481656936731042,-0.0206908037218746,0.0178913780974928
202501,NRP-S,2026-06-01,1234942.9993063447,-59481.886208333926,-25551.963206350698,22094.832129441602,1149909.1498916599,-0.0481656936731042,-0.0206908037218746,0.0178913780974928
202501,NRP-S,2026-07-01,1149909.1498916599,-55386.17186558135,-23792.54451839601,20573.45937847821,1070730.4335076825,-0.0481656936731042,-0.0206908037218746,0.0178913780974928
202501,NRP-S,2026-08-01,1070730.4335076825,-51572.4740668011,-22154.27323874516,19156.843026378323,997003.6862021362,-0.0481656936731042,-0.0206908037218746,0.0178913780974928
202501,NRP-S,2026-09-01,997003.6862021362,-48021.3741405678,-20628.807581193854,17837.769914436485,928353.5044803745,-0.0481656936731042,-0.0206908037218746,0.0178913780974928
202501,NRP-S,2026-10-01,928353.5044803745,-44714.790517154484,-19208.38014571786,16609.523556790857,864430.3338175021,-0.0481656936731042,-0.0206908037218746,0.0178913780974928
202501,NRP-S,2026-11-01,864430.3338175021,-41635.886660393015,-17885.758368252475,15465.849941270848,804908.6887888567,-0.0481656936731042,-0.0206908037218746,0.0178913780974928
202501,NRP-S,2026-12-01,804908.6887888567,-38768.98533902403,-16654.20769376168,14400.9256850786,749485.4957560711,-0.0481656936731042,-0.0206908037218746,0.0178913780974928
202501,NRP-S,2027-01-01,749485.4957560711,-36099.48880102156,-15507.457285080744,13409.328383158703,697878.5496699688,-0.0481656936731042,-0.0206908037218746,0.0178913780974928
202501,NRP-S,2027-02-01,697878.5496699688,-33613.804444433954,-14439.668092927837,12486.008998275322,649825.0771326069,-0.0481656936731042,-0.0206908037218746,0.0178913780974928
202501,NRP-S,2027-03-01,649825.0771326069,-31299.27560627045,-13445.40312450279,11626.266152211892,605080.3984018337,-0.0481656936731042,-0.0206908037218746,0.0178913780974928
202501,NRP-S,2027-04-01,605080.3984018337,-29144.11711702257,-12519.599759286026,10825.722187188787,563416.6815255252,-0.0481656936731042,-0.0206908037218746,0.0178913780974928
202501,NRP-S,2027-05-01,563416.6815255252,-27137.35529267535,-11657.543971074572,10080.300875607858,524621.7822617752,-0.0481656936731042,-0.0206908037218746,0.0178913780974928
202501,NRP-S,2027-06-01,524621.7822617752,-25268.772058658637,-10854.846324998423,9386.206664625963,488498.16387811815,-0.0481656936731042,-0.0206908037218746,0.0178913780974928
202501,NRP-S,2027-07-01,488498.16387811815,-23528.852921227295,-10107.419627298275,8739.905349874412,454861.8913295926,-0.0481656936731042,-0.0206908037218746,0.0178913780974928
202501,NRP-S,2027-08-01,454861.8913295926,-21908.73852134997,-9411.458114061254,8138.106079918424,423541.6946941814,-0.0481656936731042,-0.0206908037218746,0.0178913780974928
202501,NRP-S,2027-09-01,423541.6946941814,-20400.179524427364,-8763.418072947443,7577.74459982646,394378.0970968066,-0.0481656936731042,-0.0206908037218746,0.0178913780974928
202501,NRP-S,2027-10-01,394378.0970968066,-18995.494616146534,-8159.999799236429,7055.9676485286955,367222.60268142365,-0.0481656936731042,-0.0206908037218746,0.0178913780974928
202501,NRP-S,2027-11-01,367222.60268142365,-17687.531390593504,-7598.130794317278,6570.118430518724,341936.94049651286,-0.0481656936731042,-0.0206908037218746,0.0178913780974928
202501,NRP-S,2027-12-01,341936.94049651286,-16469.629931473497,-7074.950121071662,6117.723087923009,318392.3604439677,-0.0481656936731042,-0.0206908037218746,0.0178913780974928
202502,NON PRIME,2025-10-01,5958651.75,-318622.4820280461,-214619.60452739324,162369.19386168997,5425409.663444561,-0.0534722442921834,-0.0360181486571007,0.0272493175761933
202502,NON PRIME,2025-11-01,5425409.663444561,-290108.83090888005,-195413.21178361686,147838.71090014884,4939887.6207520645,-0.0534722442921834,-0.0360181486571007,0.0272493175761933
202502,NON PRIME,2025-12-01,4939887.6207520645,-264146.877632787,-177925.60667361933,134608.56656857894,4497815.136445657,-0.0534722442921834,-0.0360181486571007,0.0272493175761933
202502,NON PRIME,2026-01-01,4497815.136445657,-240508.2697571024,-162002.97421665734,122562.39305201692,4095303.892471898,-0.0534722442921834,-0.0360181486571007,0.0272493175761933
202502,NON PRIME,2026-02-01,4095303.892471898,-218985.09018898688,-147505.26439505597,111594.23633698732,3728813.537887855,-0.0534722442921834,-0.0360181486571007,0.0272493175761933
202502,NON PRIME,2026-03-01,3728813.537887855,-199388.02841794005,-134304.96032225437,101607.62427631505,3395120.5491476604,-0.0534722442921834,-0.0360181486571007,0.0272493175761933
202502,NON PRIME,2026-04-01,3395120.5491476604,-181544.71540543553,-122285.9566479778,92514.71805318439,3091289.877094247,-0.0534722442921834,-0.0360181486571007,0.0272493175761933
202502,NON PRIME,2026-05-01,3091289.877094247,-165298.20748593716,-111342.53833537114,84235.5395810127,2814649.1312729386,-0.0534722442921834,-0.0360181486571007,0.0272493175761933
202502,NON PRIME,2026-06-01,2814649.1312729386,-150505.60594420834,-101378.45082776804,76697.26804361289,2562765.074500962,-0.0534722442921834,-0.0360181486571007,0.0272493175761933
202502,NON PRIME,2026-07-01,2562765.074500962,-137036.80012719103,-92306.0534266014,69833.5993882534,2333422.2209471697,-0.0534722442921834,-0.0360181486571007,0.0272493175761933
202502,NON PRIME,2026-08-01,2333422.2209471697,-124773.3230352962,-84045.54843385723,63584.16313793572,2124603.3494780166,-0.0534722442921834,-0.0360181486571007,0.0272493175761933
202502,NON PRIME,2026-09-01,2124603.3494780166,-113607.3093272796,-76524.27927887328,57893.991393370474,1934471.7608718637,-0.0534722442921834,-0.0360181486571007,0.0272493175761933
202502,NON PRIME,2026-10-01,1934471.7608718637,-103440.54657367048,-69676.09145604614,52713.03535417528,1761355.122842147,-0.0534722442921834,-0.0360181486571007,0.0272493175761933
202502,NON PRIME,2026-11-01,1761355.122842147,-94183.61141390399,-63440.750652474315,47995.72510678063,1603730.7607757687,-0.0534722442921834,-0.0360181486571007,0.0272493175761933
202502,NON PRIME,2026-12-01,1603730.7607757687,-85755.08301909103,-57763.41294758684,43700.568807089,1460212.2648090909,-0.0534722442921834,-0.0360181486571007,0.0272493175761933
202502,NON PRIME,2027-01-01,1460212.2648090909,-78080.8269423141,-52594.14242481553,39789.78773243538,1329537.2954419611,-0.0534722442921834,-0.0360181486571007,0.0272493175761933
202502,NON PRIME,2027-02-01,1329537.2954419611,-71093.34305744137,-47887.47195238817,36228.98399289114,1210556.4804321318,-0.0534722442921834,-0.0360181486571007,0.0272493175761933
202502,NON PRIME,2027-03-01,1210556.4804321318,-64731.171851152685,-43602.00327002114,32986.83797921399,1102223.3053109578,-0.0534722442921834,-0.0360181486571007,0.0272493175761933
202502,NON PRIME,2027-04-01,1102223.3053109578,-58938.353846125385,-39700.04286401097,30034.83288629976,1003584.9086008214,-0.0534722442921834,-0.0360181486571007,0.0272493175761933
202502,NON PRIME,2027-05-01,1003584.9086008214,-53663.93740065167,-36147.27042800721,27347.00388913871,913773.7007721625,-0.0534722442921834,-0.0360181486571007,0.0272493175761933
202502,NON PRIME,2027-06-01,913773.7007721625,-48861.53055546157,-32912.4369933608,24899.709765114087,831999.7332233402,-0.0534722442921834,-0.0360181486571007,0.0272493175761933
202502,NON PRIME,2027-07-01,831999.7332233402,-44488.89298594987,-29967.090073906395,22671.4249539109,757543.750163484,-0.0534722442921834,-0.0360181486571007,0.0272493175761933
202502,NON PRIME,2027-08-01,757543.750163484,-40507.56447075857,-27285.32340764592,20642.55022606521,689750.8622850796,-0.0534722442921834,-0.0360181486571007,0.0272493175761933
202502,NON PRIME,2027-09-01,689750.8622850796,-36882.52660885192,-24843.549094147387,18795.2402948593,628024.7865820802,-0.0534722442921834,-0.0360181486571007,0.0272493175761933
202502,NON PRIME,2027-10-01,628024.7865820802,-33581.89480966333,-22620.290123457304,17113.246855296125,571822.6016489596,-0.0534722442921834,-0.0360181486571007,0.0272493175761933
202502,NON PRIME,2027-11-01,571822.6016489596,-30576.63784716504,-20595.9914716823,15581.775669577573,520649.97233011224,-0.0534722442921834,-0.0360181486571007,0.0272493175761933
202502,NON PRIME,2027-12-01,520649.97233011224,-27840.32251115429,-18752.848101701347,14187.356442059483,474056.8017172566,-0.0534722442921834,-0.0360181486571007,0.0272493175761933
202502,NRP-L,2025-10-01,127420.87,-3370.4672336018325,-2144.9710248948727,1974.4279535227245,121905.4317415033,-0.0264514536245266,-0.0168337496431697,0.0154953262642354
202502,NRP-L,2025-11-01,121905.4317415033,-3224.5758742882676,-2052.1255180789794,1888.9644382170718,116628.73034913607,-0.0264514536245266,-0.0168337496431697,0.0154953262642354
202502,NRP-L,2025-12-01,116628.73034913607,-3084.999452117591,-1963.2988478981044,1807.2002285433964,111580.43204912037,-0.0264514536245266,-0.0168337496431697,0.0154953262642354
202502,NRP-L,2026-01-01,111580.43204912037,-2951.464623751949,-1878.317058191601,1728.975199305468,106750.65036717682,-0.0264514536245266,-0.0168337496431697,0.0154953262642354
202502,NRP-L,2026-02-01,106750.65036717682,-2823.709877575431,-1797.0137225265962,1654.1361563587252,102129.9267670748,-0.0264514536245266,-0.0168337496431697,0.0154953262642354
202502,NRP-L,2026-03-01,102129.9267670748,-2701.4850215555766,-1719.229618272193,1582.536536598292,97709.21212724702,-0.0264514536245266,-0.0168337496431697,0.0154953262642354
202502,NRP-L,2026-04-01,97709.21212724702,-2584.5506932729068,-1644.8124147814372,1514.0361209330788,93479.84901919268,-0.0264514536245266,-0.0168337496431697,0.0154953262642354
202502,NRP-L,2026-05-01,93479.84901919268,-2472.6778911589236,-1573.6163750703922,1448.5007596838561,89433.55475296338,-0.0264514536245266,-0.0168337496431697,0.0154953262642354
202502,NRP-L,2026-06-01,89433.55475296338,-2365.647526024571,-1505.502070410095,1385.802109867528,85562.40515652872,-0.0264514536245266,-0.0168337496431697,0.0154953262642354
202502,NRP-L,2026-07-01,85562.40515652872,-2263.249992000875,-1440.3361072724567,1325.81738385311,81858.8190572554,-0.0264514536245266,-0.0168337496431697,0.0154953262642354
202502,NRP-L,2026-08-01,81858.8190572554,-2165.2847560515056,-1377.990866095366,1268.429108897183,78315.54343510853,-0.0264514536245266,-0.0168337496431697,0.0154953262642354
202502,NRP-L,2026-09-01,78315.54343510853,-2071.559965253372,-1318.3442513553994,1213.5248970879054,74925.63921849975,-0.0264514536245266,-0.0168337496431697,0.0154953262642354
202502,NRP-L,2026-10-01,74925.63921849975,-1981.8920710761577,-1261.2794524586818,1160.9972252470452,71682.46769496491,-0.0264514536245266,-0.0168337496431697,0.0154953262642354
202502,NRP-L,2026-11-01,71682.46769496491,-1896.1054699249905,-1206.6847149816392,1110.7432243589953,68579.67751005827,-0.0264514536245266,-0.0168337496431697,0.0154953262642354
202502,NRP-L,2026-12-01,68579.67751005827,-1814.0321592422963,-1154.4531218136365,1062.6644781143998,65611.19222900234,-0.0264514536245266,-0.0168337496431697,0.0154953262642354
202502,NRP-L,2027-01-01,65611.19222900234,-1735.5114084953555,-1104.4823837729066,1016.6668301738574,62771.19843673408,-0.0264514536245266,-0.0168337496431697,0.0154953262642354
202502,NRP-L,2027-02-01,62771.19843673408,-1660.389444405228,-1056.6746392857067,972.6601997742576,60054.13435304314,-0.0264514536245266,-0.0168337496431697,0.0154953262642354
202502,NRP-L,2027-03-01,60054.13435304314,-1588.5191498006104,-1010.9362627364052,930.5584053166307,57454.67894050613,-0.0264514536245266,-0.0168337496431697,0.0154953262642354
202502,NRP-L,2027-04-01,57454.67894050613,-1519.759775506863,-967.1776811131747,890.2789955900371,54967.74148388609,-0.0264514536245266,-0.0168337496431697,0.0154953262642354
202502,NRP-L,2027-05-01,54967.74148388609,-1453.97666470598,-925.3131985902119,851.7430883009619,52588.4516205899,-0.0264514536245266,-0.0168337496431697,0.0154953262642354
202502,NRP-L,2027-06-01,52588.4516205899,-1391.0409892276944,-885.2608287029523,814.8752155919993,50312.14980265925,-0.0264514536245266,-0.0168337496431697,0.0154953262642354
202502,NRP-L,2027-07-01,50312.14980265925,-1330.8294972552765,-846.9421337876157,779.6031762472918,48134.37817161636,-0.0264514536245266,-0.0168337496431697,0.0154953262642354
202502,NRP-L,2027-08-01,48134.37817161636,-1273.2242719519356,-810.2820713706423,745.8578942952861,46050.871828293784,-0.0264514536245266,-0.0168337496431697,0.0154953262642354
202502,NRP-L,2027-09-01,46050.871828293784,-1218.1125005351316,-775.2088472071941,713.5732837318988,44057.55048055146,-0.0264514536245266,-0.0168337496431697,0.0154953262642354
202502,NRP-L,2027-10-01,44057.55048055146,-1165.3862533465465,-741.6537746809141,682.6861190991659,42150.510452524,-0.0264514536245266,-0.0168337496431697,0.0154953262642354
202502,NRP-L,2027-11-01,42150.510452524,-1114.9422724850624,-709.5511402895967,653.1359116659239,40326.01703974935,-0.0264514536245266,-0.0168337496431697,0.0154953262642354
202502,NRP-L,2027-12-01,40326.01703974935,-1066.6817695887994,-678.8380749533359,624.8647909680324,38580.49719520721,-0.0264514536245266,-0.0168337496431697,0.0154953262642354
202502,NRP-M,2025-10-01,5151310.039999996,-154902.71041547545,-94425.0602595266,81176.40993682154,4901982.269324995,-0.0300705469507084,-0.0183303003558929,0.0157584011264097
202502,NRP-M,2025-11-01,4901982.269324995,-147405.28798127736,-89854.80733598863,77247.40291457137,4664722.174007729,-0.0300705469507084,-0.0183303003558929,0.0157584011264097
202502,NRP-M,2025-12-01,4664722.174007729,-140270.74714550996,-85505.75852635536,73508.5631612717,4438945.668335863,-0.0300705469507084,-0.0183303003558929,0.0157584011264097
202502,NRP-M,2026-01-01,4438945.668335863,-133481.52413133727,-81367.20736408612,69950.68641997533,4224096.93684044,-0.0300705469507084,-0.0183303003558929,0.0157584011264097
202502,NRP-M,2026-02-01,4224096.93684044,-127020.905263604,-77428.96558469243,66565.01392757015,4019647.0659921435,-0.0300705469507084,-0.0183303003558929,0.0157584011264097
202502,NRP-M,2026-03-01,4019647.0659921435,-120872.98582319402,-73681.33804431964,63343.210852500044,3825092.7421246297,-0.0300705469507084,-0.0183303003558929,0.0157584011264097
202502,NRP-M,2026-04-01,3825092.7421246297,-115022.63089287262,-70115.09885229045,60277.34577611833,3639955.0123794666,-0.0300705469507084,-0.0183303003558929,0.0157584011264097
202502,NRP-M,2026-05-01,3639955.0123794666,-109455.43809822312,-66721.46865885348,57359.87116716122,3463778.1056223903,-0.0300705469507084,-0.0183303003558929,0.0157584011264097
202502,NRP-M,2026-06-01,3463778.1056223903,-104157.70215195388,-63492.093042224136,54583.60480127313,3296128.3104282124,-0.0300705469507084,-0.0183303003558929,0.0157584011264097
202502,NRP-M,2026-07-01,3296128.3104282124,-99116.38111429072,-60419.021941710926,51941.712079842844,3136592.907372211,-0.0300705469507084,-0.0183303003558929,0.0157584011264097
202502,NRP-M,2026-08-01,3136592.907372211,-94319.06428639503,-57494.69008629599,49427.689204622926,2984779.1529995203,-0.0300705469507084,-0.0183303003558929,0.0157584011264097
202502,NRP-M,2026-09-01,2984779.1529995203,-89753.94165776773,-54711.898370488816,47035.347166711836,2840313.3129712637,-0.0300705469507084,-0.0183303003558929,0.0157584011264097
202502,NRP-M,2026-10-01,2840313.3129712637,-85409.7748324245,-52063.7961316045,44758.79651048283,2702839.7420072346,-0.0300705469507084,-0.0183303003558929,0.0157584011264097
202502,NRP-M,2026-11-01,2702839.7420072346,-81275.86936226914,-49543.86428483669,42592.43283495171,2572020.008360129,-0.0300705469507084,-0.0183303003558929,0.0157584011264097
202502,NRP-M,2026-12-01,2572020.008360129,-77342.04841955467,-47145.89927460733,40530.92299689054,2447532.060665967,-0.0300705469507084,-0.0183303003558929,0.0157584011264097
202502,NRP-M,2027-01-01,2447532.060665967,-73598.62774362005,-44863.99780268466,38569.191981722426,2329069.4351196624,-0.0300705469507084,-0.0183303003558929,0.0157584011264097
202502,NRP-M,2027-02-01,2329069.4351196624,-70036.3918002257,-42692.54229547322,36702.410409876094,2216340.5010239636,-0.0300705469507084,-0.0183303003558929,0.0157584011264097
202502,NRP-M,2027-03-01,2216340.5010239636,-66646.57109479768,-40626.1870746994,34925.98264784347,2109067.7428544667,-0.0300705469507084,-0.0183303003558929,0.0157584011264097
202502,NRP-M,2027-04-01,2109067.7428544667,-63420.82058372983,-38659.84519744747,33235.53549467219,2006987.0770732893,-0.0300705469507084,-0.0183303003558929,0.0157584011264097
202502,NRP-M,2027-05-01,2006987.0770732893,-60351.199130597364,-36788.67593314897,31626.907416041435,1909847.202009543,-0.0300705469507084,-0.0183303003558929,0.0157584011264097
202502,NRP-M,2027-06-01,1909847.202009543,-57430.149956707035,-35008.07284669659,30096.1382994176,1817408.9792061395,-0.0300705469507084,-0.0183303003558929,0.0157584011264097
202502,NRP-M,2027-07-01,1817408.9792061395,-54650.48203785725,-33313.65245834525,28639.45970506913,1729444.844709937,-0.0300705469507084,-0.0183303003558929,0.0157584011264097
202502,NRP-M,2027-08-01,1729444.844709937,-52005.35240151076,-31701.243452483697,27253.285588940522,1645738.2488559424,-0.0300705469507084,-0.0183303003558929,0.0157584011264097
202502,NRP-M,2027-09-01,1645738.2488559424,-49488.249280799246,-30166.87640871064,25934.203474547012,1566083.1231664326,-0.0300705469507084,-0.0183303003558929,0.0157584011264097
202502,NRP-M,2027-10-01,1566083.1231664326,-47092.97608388826,-28706.77402993552,24678.96605215713,1490283.373052609,-0.0300705469507084,-0.0183303003558929,0.0157584011264097
202502,NRP-M,2027-11-01,1490283.373052609,-44813.63613923856,-27317.341843447506,23484.48318458188,1418152.395069923,-0.0300705469507084,-0.0183303003558929,0.0157584011264097
202502,NRP-M,2027-12-01,1418152.395069923,-42644.61817920969,-25995.15935206058,22347.814299890488,1349512.6175386526,-0.0300705469507084,-0.0183303003558929,0.0157584011264097
202502,NRP-S,2025-10-01,2387772.2100000004,-114777.1773162033,-52720.10808645869,42656.26353406562,2220274.9245973383,-0.0480687298543454,-0.0220792033116336,0.0178644610048735
202502,NRP-S,2025-11-01,2220274.9245973383,-106725.79555284655,-49021.901467906595,39664.0148105676,2064527.2275765853,-0.0480687298543454,-0.0220792033116336,0.0178644610048735
202502,NRP-S,2025-12-01,2064527.2275765853,-99239.20157931953,-45583.116400066676,36881.6661505415,1919704.909597199,-0.0480687298543454,-0.0220792033116336,0.0178644610048735
202502,NRP-S,2026-01-01,1919704.909597199,-92277.77669948831,-42385.55499733776,34294.493498363365,1785041.577900373,-0.0480687298543454,-0.0220792033116336,0.0178644610048735
202502,NRP-S,2026-02-01,1785041.577900373,-85804.68138686747,-39412.29591818158,31888.805660479073,1659824.6005953238,-0.0480687298543454,-0.0220792033116336,0.0178644610048735
202502,NRP-S,2026-03-01,1659824.6005953238,-79785.66033161337,-36647.60481819519,29651.871852264892,1543391.3354455153,-0.0480687298543454,-0.0220792033116336,0.0178644610048735
202502,NRP-S,2026-04-01,1543391.3354455153,-74188.86116306785,-34076.85108471523,27571.854327326044,1435125.6231977323,-0.0480687298543454,-0.0220792033116336,0.0178644610048735
202502,NRP-S,2026-05-01,1435125.6231977323,-68984.66588854088,-31686.430412317604,25637.745732710668,1334454.5268968737,-0.0480687298543454,-0.0220792033116336,0.0178644610048735
202502,NRP-S,2026-06-01,1334454.5268968737,-64145.53415631412,-29463.692809485903,23839.310858526114,1240845.2999310738,-0.0480687298543454,-0.0220792033116336,0.0178644610048735
202502,NRP-S,2026-07-01,1240845.2999310738,-59645.857513420975,-27396.87565546315,22167.03247369923,1153802.5667621896,-0.0480687298543454,-0.0220792033116336,0.0178644610048735
202502,NRP-S,2026-08-01,1153802.5667621896,-55461.82388694201,-25475.041453027083,20612.060961246087,1072865.7014222203,-0.0480687298543454,-0.0220792033116336,0.0178644610048735
202502,NRP-S,2026-09-01,1072865.7014222203,-51571.2915716575,-23688.01994777959,19166.16748652351,997606.3899027832,-0.0480687298543454,-0.0220792033116336,0.0178644610048735
202502,NRP-S,2026-10-01,997606.3899027832,-47953.67205720565,-22026.35430764837,17821.7004506309,927626.3635379291,-0.0480687298543454,-0.0220792033116336,0.0178644610048735
202502,NRP-S,2026-11-01,927626.3635379291,-44589.82107467351,-20481.251077785277,16571.544998515943,862555.2913854703,-0.0480687298543454,-0.0220792033116336,0.0178644610048735
202502,NRP-S,2026-12-01,862555.2913854703,-41461.93728604435,-19044.53364602516,15409.085367503032,802048.8204534008,-0.0480687298543454,-0.0220792033116336,0.0178644610048735
202502,NRP-S,2027-01-01,802048.8204534008,-38553.4680803709,-17708.59897264655,14328.169876994565,745786.7534003834,-0.0480687298543454,-0.0220792033116336,0.0178644610048735
202502,NRP-S,2027-02-01,745786.7534003834,-35849.02197815234,-16466.377355450215,13323.078374072358,693471.3540667809,-0.0480687298543454,-0.0220792033116336,0.0178644610048735
202502,NRP-S,2027-03-01,693471.3540667809,-33334.2871803632,-15311.295017234304,12388.49196272283,644825.7718691834,-0.0480687298543454,-0.0220792033116336,0.0178644610048735
202502,NRP-S,2027-04-01,644825.7718691834,-30995.95583109953,-14237.239317680765,11519.464856494482,599592.5767204032,-0.0480687298543454,-0.0220792033116336,0.0178644610048735
202502,NRP-S,2027-05-01,599592.5767204032,-28821.653593043928,-13238.52640555605,10711.398205633264,557532.3967218032,-0.0480687298543454,-0.0220792033116336,0.0178644610048735
202502,NRP-S,2027-06-01,557532.3967218032,-26799.874163066084,-12309.871140043057,9960.015760190316,518422.6514186941,-0.0480687298543454,-0.0220792033116336,0.0178644610048735
202502,NRP-S,2027-07-01,518422.6514186941,-24919.91838141868,-11446.359122029502,9261.341240312388,482056.37391524593,-0.0480687298543454,-0.0220792033116336,0.0178644610048735
202502,NRP-S,2027-08-01,482056.37391524593,-23171.83761229727,-10643.420687343583,8611.67729395963,448241.1156156051,-0.0480687298543454,-0.0220792033116336,0.0178644610048735
202502,NRP-S,2027-09-01,448241.1156156051,-21546.381096136924,-9896.806724310407,8007.585930695971,416797.92779515777,-0.0480687298543454,-0.0220792033116336,0.0178644610048735
202502,NRP-S,2027-10-01,416797.92779515777,-20034.946995036396,-9202.56618765687,7445.870328008677,387560.4146124645,-0.0480687298543454,-0.0220792033116336,0.0178644610048735
202502,NRP-S,2027-11-01,387560.4146124645,-18629.53687224465,-8557.025189769616,6923.557913876977,360373.8525504502,-0.0480687298543454,-0.0220792033116336,0.0178644610048735
202502,NRP-S,2027-12-01,360373.8525504502,-17322.713364817293,-7956.767558658058,6437.88463606355,335094.37162697484,-0.0480687298543454,-0.0220792033116336,0.0178644610048735
202503,NON PRIME,2025-10-01,7538149.369999999,-402511.3314978008,-270458.67563091055,262050.09902116618,6865179.362871288,-0.0533965714582014,-0.0358786569960089,0.0347631873764749
202503,NON PRIME,2025-11-01,6865179.362871288,-366577.0404229263,-246313.4155765379,238655.51656460317,6252288.906871824,-0.0533965714582014,-0.0358786569960089,0.0347631873764749
202503,NON PRIME,2025-12-01,6252288.906871824,-333850.7913931012,-224323.7291296056,217349.49080144064,5694114.386349116,-0.0533965714582014,-0.0358786569960089,0.0347631873764749
202503,NON PRIME,2026-01-01,5694114.386349116,-304046.1857218632,-204297.17696385967,197945.56535573574,5185771.023663394,-0.0533965714582014,-0.0358786569960089,0.0347631873764749
202503,NON PRIME,2026-02-01,5185771.023663394,-276902.3930309126,-186058.4998178609,180273.92978710463,4722810.13081462,-0.0533965714582014,-0.0358786569960089,0.0347631873764749
202503,NON PRIME,2026-03-01,4722810.13081462,-252181.86863356037,-169448.0847407737,164179.93352102258,4301180.177440287,-0.0533965714582014,-0.0358786569960089,0.0347631873764749
202503,NON PRIME,2026-04-01,4301180.177440287,-229668.27469928964,-154320.56826441275,149522.73244833623,3917191.334476584,-0.0533965714582014,-0.0358786569960089,0.0347631873764749
202503,NON PRIME,2026-05-01,3917191.334476584,-209164.58700682622,-140543.56427742375,136174.05634991327,3567483.183192334,-0.0533965714582014,-0.0358786569960089,0.0347631873764749
202503,NON PRIME,2026-06-01,3567483.183192334,-190491.37071726125,-127996.50546878774,124017.08635973824,3248995.307006285,-0.0533965714582014,-0.0358786569960089,0.0347631873764749
202503,NON PRIME,2026-07-01,3248995.307006285,-173485.2100779221,-116569.58820172114,112945.43264274708,2958940.5087266415,-0.0533965714582014,-0.0358786569960089,0.0347631873764749
202503,NON PRIME,2026-08-01,2958940.5087266415,-157997.2783147889,-106162.81158419925,102862.20334070621,2694780.4188276534,-0.0533965714582014,-0.0358786569960089,0.0347631873764749
202503,NON PRIME,2026-09-01,2694780.4188276534,-143892.0351980927,-96685.10232667859,93679.15663816122,2454203.281302882,-0.0533965714582014,-0.0358786569960089,0.0347631873764749
202503,NON PRIME,2026-10-01,2454203.281302882,-131046.04088304169,-88053.51772834564,85315.92852789162,2235103.722691495,-0.0533965714582014,-0.0358786569960089,0.0347631873764749
202503,NON PRIME,2026-11-01,2235103.722691495,-119346.87564518837,-80192.51981695075,77699.32951778104,2035564.3272293562,-0.0533965714582014,-0.0358786569960089,0.0347631873764749
202503,NON PRIME,2026-12-01,2035564.3272293562,-108692.15605666797,-73033.3142899737,70762.70412434218,1853838.8568827147,-0.0533965714582014,-0.0358786569960089,0.0347631873764749
202503,NON PRIME,2027-01-01,1853838.8568827147,-98988.63899352826,-66513.24847196815,64445.347547603844,1688336.9694172184,-0.0533965714582014,-0.0358786569960089,0.0347631873764749
202503,NON PRIME,2027-02-01,1688336.9694172184,-90151.4056330097,-60575.26301940155,58691.97442248053,1537610.300764807,-0.0533965714582014,-0.0358786569960089,0.0347631873764749
202503,NON PRIME,2027-03-01,1537610.300764807,-82103.11829965457,-55167.39257467059,53452.23499748491,1400339.7898904819,-0.0533965714582014,-0.0358786569960089,0.0347631873764749
202503,NON PRIME,2027-04-01,1400339.7898904819,-74773.34365664984,-50242.310999343776,48680.27450669631,1275324.1352344882,-0.0533965714582014,-0.0358786569960089,0.0347631873764749
202503,NON PRIME,2027-05-01,1275324.1352344882,-68097.93631941725,-45756.91720680987,44334.33187889733,1161469.281708261,-0.0533965714582014,-0.0358786569960089,0.0347631873764749
202503,NON PRIME,2027-06-01,1161469.281708261,-62018.47749724101,-41671.957969811534,40376.37427204399,1057778.8462412085,-0.0533965714582014,-0.0358786569960089,0.0347631873764749
202503,NON PRIME,2027-07-01,1057778.8462412085,-56481.76375029252,-37951.68440192236,36771.76423475456,963345.3980889936,-0.0533965714582014,-0.0358786569960089,0.0347631873764749
202503,NON PRIME,2027-08-01,963345.3980889936,-51439.34138798842,-34563.53910671865,33488.95658203249,877342.5175942866,-0.0533965714582014,-0.0358786569960089,0.0347631873764749
202503,NON PRIME,2027-09-01,877342.5175942866,-46847.082434041644,-31477.871256780312,30499.222332478414,799017.5639034646,-0.0533965714582014,-0.0358786569960089,0.0347631873764749
202503,NON PRIME,2027-10-01,799017.5639034646,-42664.79844732935,-28667.677109079028,27776.397291070647,727685.0883470562,-0.0533965714582014,-0.0358786569960089,0.0347631873764749
202503,NON PRIME,2027-11-01,727685.0883470562,-38855.88881899118,-26108.363685914464,25296.653077275405,662720.8358421506,-0.0533965714582014,-0.0358786569960089,0.0347631873764749
202503,NON PRIME,2027-12-01,662720.8358421506,-35387.02046788435,-23777.533553288846,23038.288594674745,603556.2818209773,-0.0533965714582014,-0.0358786569960089,0.0347631873764749
202503,NRP-L,2025-10-01,83860.81,-1878.3228052226311,-1288.6029344640156,1494.765573978304,80693.88426031335,-0.022398099961384,-0.0153659729075359,0.0178243636566151
202503,NRP-L,2025-11-01,80693.88426031335,-1807.3896859348495,-1239.9400393478124,1438.3171379206344,77646.5545350307,-0.022398099961384,-0.0153659729075359,0.0178243636566151
202503,NRP-L,2025-12-01,77646.5545350307,-1739.1352901326718,-1193.1148533487903,1384.0004247155832,74714.30439154923,-0.022398099961384,-0.0153659729075359,0.0178243636566151
202503,NRP-L,2026-01-01,74714.30439154923,-1673.4584583071914,-1148.057977085936,1331.734931826008,71892.78795615611,-0.022398099961384,-0.0153659729075359,0.0178243636566151
202503,NRP-L,2026-02-01,71892.78795615611,-1610.2618511445685,-1104.702631981518,1281.4431968184447,69177.82347303003,-0.022398099961384,-0.0153659729075359,0.0178243636566151
202503,NRP-L,2026-03-01,69177.82347303003,-1549.4518052599033,-1062.9845612888805,1233.0506825564114,66565.38710648126,-0.022398099961384,-0.0153659729075359,0.0178243636566151
202503,NRP-L,2026-04-01,66565.38710648126,-1490.9381943791889,-1022.8419348578304,1186.4856667292797,64051.606977244235,-0.022398099961384,-0.0153659729075359,0.0178243636566151
202503,NRP-L,2026-05-01,64051.606977244235,-1434.6342957635973,-984.2152574964723,1141.6791355529863,61632.75742398416,-0.022398099961384,-0.0153659729075359,0.0178243636566151
202503,NRP-L,2026-06-01,61632.75742398416,-1380.4566616781292,-947.0472807936727,1098.5646814850377,59305.25348151236,-0.022398099961384,-0.0153659729075359,0.0178243636566151
202503,NRP-L,2026-07-01,59305.25348151236,-1328.3249957141304,-911.2829182714679,1057.078404802215,57065.64556752676,-0.022398099961384,-0.0153659729075359,0.0178243636566151
202503,NRP-L,2026-08-01,57065.64556752676,-1278.1620337823742,-876.8691637416622,1017.1588188951024,54910.61437000272,-0.022398099961384,-0.0153659729075359,0.0178243636566151
202503,NRP-L,2026-09-01,54910.61437000272,-1229.8934296003297,-843.7550127456132,978.7467591390832,52836.965927656776,-0.022398099961384,-0.0153659729075359,0.0178243636566151
202503,NRP-L,2026-10-01,52836.965927656776,-1183.447644503897,-811.8913869607715,941.7852952067357,50841.62689619211,-0.022398099961384,-0.0153659729075359,0.0178243636566151
202503,NRP-L,2026-11-01,50841.62689619211,-1138.7558414203004,-781.2310614619364,906.2196466916713,48921.63999330987,-0.022398099961384,-0.0153659729075359,0.0178243636566151
202503,NRP-L,2026-12-01,48921.63999330987,-1095.751782844996,-751.7285947294242,871.9971019187602,47074.15961573546,-0.022398099961384,-0.0153659729075359,0.0178243636566151
202503,NRP-L,2027-01-01,47074.15961573546,-1054.3717326713886,-723.3402613004116,839.0669398204133,45296.447621763655,-0.022398099961384,-0.0153659729075359,0.0178243636566151
202503,NRP-L,2027-02-01,45296.447621763655,-1014.554361727857,-696.0239869636392,807.3803547631335,43585.86927307215,-0.022398099961384,-0.0153659729075359,0.0178243636566151
202503,NRP-L,2027-03-01,43585.86927307215,-976.2406568820855,-669.7392864014281,776.890384212924,41939.88932978864,-0.022398099961384,-0.0153659729075359,0.0178243636566151
202503,NRP-L,2027-04-01,41939.88932978864,-939.3738335779882,-644.4472031865862,747.551839132344,40356.068293024065,-0.022398099961384,-0.0153659729075359,0.0178243636566151
202503,NRP-L,2027-05-01,40356.068293024065,-903.8992516755925,-620.1102520452763,719.3212370060551,38832.0587893032,-0.022398099961384,-0.0153659729075359,0.0178243636566151
202503,NRP-L,2027-06-01,38832.0587893032,-869.7643344691533,-596.6923633002742,692.1567373955968,37365.60209153377,-0.022398099961384,-0.0153659729075359,0.0178243636566151
202503,NRP-L,2027-07-01,37365.60209153377,-836.9184907634725,-574.1588294122747,666.0180799278756,35954.524771358025,-0.022398099961384,-0.0153659729075359,0.0178243636566151
202503,NRP-L,2027-08-01,35954.524771358025,-805.3130398929343,-552.4762535400158,640.8665246254612,34596.735477925075,-0.022398099961384,-0.0153659729075359,0.0178243636566151
202503,NRP-L,2027-09-01,34596.735477925075,-774.9011395721261,-531.6125000429828,616.6647944902539,33290.22183830997,-0.022398099961384,-0.0153659729075359,0.0178243636566151
202503,NRP-L,2027-10-01,33290.22183830997,-745.6377164711154,-511.5366468533309,593.3770202554265,32033.04747498552,-0.022398099961384,-0.0153659729075359,0.0178243636566151
202503,NRP-L,2027-11-01,32033.04747498552,-717.479399412485,-492.21893964643874,570.9686872237579,30823.349135926597,-0.022398099961384,-0.0153659729075359,0.0178243636566151
202503,NRP-L,2027-12-01,30823.349135926597,-690.3844550911231,-473.6307477421682,549.4065841135684,29659.333933093305,-0.022398099961384,-0.0153659729075359,0.0178243636566151
202503,NRP-M,2025-10-01,6162266.5200000005,-138954.780030366,-103928.00338147242,103708.71841766723,5919383.736588162,-0.0225492973371697,-0.0168652237036759,0.0168296385885087
202503,NRP-M,2025-11-01,5919383.736588162,-133477.9439291331,-99831.7309054603,99621.08895347496,5686074.061753569,-0.0225492973371697,-0.0168652237036759,0.0168296385885087
202503,NRP-M,2025-12-01,5686074.061753569,-128216.97469964947,-95896.911047143,95694.57144680628,5461960.176006777,-0.0225492973371697,-0.0168652237036759,0.0168296385885087
202503,NRP-M,2026-01-01,5461960.176006777,-123163.36405255657,-92117.1802289233,91922.81574702144,5246679.631725297,-0.0225492973371697,-0.0168652237036759,0.0168296385885087
202503,NRP-M,2026-02-01,5246679.631725297,-118308.93904864576,-88486.42569056703,88299.72199162668,5039884.266986084,-0.0225492973371697,-0.0168652237036759,0.0168296385885087
202503,NRP-M,2026-03-01,5039884.266986084,-113645.84888119278,-84998.77560335695,84819.4307412869,4841239.642501535,-0.0225492973371697,-0.0168652237036759,0.0168296385885087
202503,NRP-M,2026-04-01,4841239.642501535,-109166.55217926025,-81648.58957389233,81476.3135036619,4650424.500748382,-0.0225492973371697,-0.0168652237036759,0.0168296385885087
202503,NRP-M,2026-05-01,4650424.500748382,-104863.80481143422,-78430.44952217677,78264.96363074127,4467130.246414771,-0.0225492973371697,-0.0168652237036759,0.0168296385885087
202503,NRP-M,2026-06-01,4467130.246414771,-100730.64817027084,-75339.15091924198,75180.18757495642,4291060.4473252585,-0.0225492973371697,-0.0168652237036759,0.0168296385885087
202503,NRP-M,2026-07-01,4291060.4473252585,-96760.39791850568,-72369.69437013606,72216.99648992858,4121930.355036617,-0.0225492973371697,-0.0168652237036759,0.0168296385885087
202503,NRP-M,2026-08-01,4121930.355036617,-92946.63317882615,-69517.27752866477,69370.59816226961,3959466.4443291263,-0.0225492973371697,-0.0168652237036759,0.0168296385885087
202503,NRP-M,2026-09-01,3959466.4443291263,-89283.18614972355,-66777.28733080892,66636.38926138681,3803405.970848594,-0.0225492973371697,-0.0168652237036759,0.0168296385885087
202503,NRP-M,2026-10-01,3803405.970848594,-85764.13213063154,-64145.29253425816,64009.9478947579,3653496.546183704,-0.0225492973371697,-0.0168652237036759,0.0168296385885087
202503,NRP-M,2026-11-01,3653496.546183704,-82383.7799402189,-61617.03655199544,61487.02645663652,3509495.729691489,-0.0225492973371697,-0.0168652237036759,0.0168296385885087
202503,NRP-M,2026-12-01,3509495.729691489,-79136.66271234074,-59188.43056834226,59063.54475862239,3371170.6364108063,-0.0225492973371697,-0.0168652237036759,0.0168296385885087
202503,NRP-M,2027-01-01,3371170.6364108063,-76017.52905476288,-56855.546926331706,56735.58343098674,3238297.560429712,-0.0225492973371697,-0.0168652237036759,0.0168296385885087
202503,NRP-M,2027-02-01,3238297.560429712,-73021.33455636085,-54614.61277571502,54499.37758408146,3110661.613097636,-0.0225492973371697,-0.0168652237036759,0.0168296385885087
202503,NRP-M,2027-03-01,3110661.613097636,-70143.23362905854,-52462.003971328966,52351.310719580695,2988056.3754972485,-0.0225492973371697,-0.0168652237036759,0.0168296385885087
202503,NRP-M,2027-04-01,2988056.3754972485,-67378.57167131305,-50394.23921195609,50287.90888170794,2870283.5646139793,-0.0225492973371697,-0.0168652237036759,0.0168296385885087
202503,NRP-M,2027-05-01,2870283.5646139793,-64722.87754047196,-48407.97441019904,48305.83503898973,2757152.7126633083,-0.0225492973371697,-0.0168652237036759,0.0168296385885087
202503,NRP-M,2027-06-01,2757152.7126633083,-62171.85632182896,-46499.99728426354,46401.88368744985,2648480.859057216,-0.0225492973371697,-0.0168652237036759,0.0168296385885087
202503,NRP-M,2027-07-01,2648480.859057216,-59721.382382683805,-44667.22216290367,44572.975666515995,2544092.2545116283,-0.0225492973371697,-0.0168652237036759,0.0168296385885087
202503,NRP-M,2027-08-01,2544092.2545116283,-57367.49270017312,-42906.684995127776,42816.153179255,2443818.0768163274,-0.0225492973371697,-0.0168652237036759,0.0168296385885087
202503,NRP-M,2027-09-01,2443818.0768163274,-55106.38045208159,-41215.53855659438,41128.575008883185,2347496.1578076514,-0.0225492973371697,-0.0168652237036759,0.0168296385885087
202503,NRP-M,2027-10-01,2347496.1578076514,-52934.388860268176,-39591.04784494571,39507.51192381556,2254970.7211024375,-0.0225492973371697,-0.0168652237036759,0.0168296385885087
202503,NRP-M,2027-11-01,2254970.7211024375,-50848.00527675083,-38030.58565663197,37950.34226382287,2166092.1301690545,-0.0225492973371697,-0.0168652237036759,0.0168296385885087
202503,NRP-M,2027-12-01,2166092.1301690545,-48843.85550288531,-36531.628338072966,36454.54770015813,2080716.6463280963,-0.0225492973371697,-0.0168652237036759,0.0168296385885087
202503,NRP-S,2025-10-01,2647482.4199999995,-120918.5296990001,-56288.7225405204,56402.97412177768,2470275.167760479,-0.0456730246008584,-0.0212612261805011,0.0213043809831144
202503,NRP-S,2025-11-01,2470275.167760479,-112824.93850801395,-52521.07906983084,52627.68330709608,2304929.150182634,-0.0456730246008584,-0.0212612261805011,0.0213043809831144
202503,NRP-S,2025-12-01,2304929.150182634,-105273.08577952709,-49005.61999206318,49105.088754576944,2150650.4444110435,-0.0456730246008584,-0.0212612261805011,0.0213043809831144
202503,NRP-S,2026-01-01,2150650.4444110435,-98226.71065543263,-45725.46553381841,45818.27642923717,2006698.2682217925,-0.0456730246008584,-0.0212612261805011,0.0213043809831144
202503,NRP-S,2026-02-01,2006698.2682217925,-91651.97937099387,-42664.86575668339,42751.464424352955,1872381.4230941155,-0.0456730246008584,-0.0212612261805011,0.0213043809831144
202503,NRP-S,2026-03-01,1872381.4230941155,-85517.32279916778,-39809.124932572515,39889.92718330295,1747054.9753623751,-0.0456730246008584,-0.0212612261805011,0.0213043809831144
202503,NRP-S,2026-04-01,1747054.9753623751,-79793.28486877782,-37144.53098094924,37219.92479356558,1630117.1595126481,-0.0456730246008584,-0.0212612261805011,0.0213043809831144
202503,NRP-S,2026-05-01,1630117.1595126481,-74452.38112870259,-34658.289629114406,34728.63701336973,1521006.4887548313,-0.0456730246008584,-0.0212612261805011,0.0213043809831144
202503,NRP-S,2026-06-01,1521006.4887548313,-69468.96677896466,-32338.462979426273,32404.101714222033,1419199.0589964401,-0.0456730246008584,-0.0212612261805011,0.0213043809831144
202503,NRP-S,2026-07-01,1419199.0589964401,-64819.1135350595,-30173.91218847764,30235.15744373761,1324206.0332729032,-0.0456730246008584,-0.0212612261805011,0.0213043809831144
202503,NRP-S,2026-08-01,1324206.0332729032,-60480.49473427842,-28154.24398299936,28211.389832984594,1235571.2945556254,-0.0456730246008584,-0.0212612261805011,0.0213043809831144
202503,NRP-S,2026-09-01,1235571.2945556254,-56432.27813235354,-26269.760755681702,26323.081591012906,1152869.2556675903,-0.0456730246008584,-0.0212612261805011,0.0213043809831144
202503,NRP-S,2026-10-01,1152869.2556675903,-52655.02587567916,-24511.41400129459,24561.165846461863,1075702.8157906164,-0.0456730246008584,-0.0212612261805011,0.0213043809831144
202503,NRP-S,2026-11-01,1075702.8157906164,-49130.60116881748,-22870.760869526206,22917.182612212222,1003701.4537522728,-0.0456730246008584,-0.0212612261805011,0.0213043809831144
202503,NRP-S,2026-12-01,1003701.4537522728,-45842.08118914489,-21339.923625924836,21383.238164044196,936519.448937203,-0.0456730246008584,-0.0212612261805011,0.0213043809831144
202503,NRP-S,2027-01-01,936519.448937203,-42773.67583049122,-19911.551826292125,19951.967138254528,873834.2212804197,-0.0456730246008584,-0.0212612261805011,0.0213043809831144
202503,NRP-S,2027-02-01,873834.2212804197,-39910.65188561255,-18578.787022905053,18616.497166241155,815344.7823719021,-0.0456730246008584,-0.0212612261805011,0.0213043809831144
202503,NRP-S,2027-03-01,815344.7823719021,-37239.26230345342,-17335.22983310046,17370.4158762455,760770.2902353483,-0.0456730246008584,-0.0212612261805011,0.0213043809831144
202503,NRP-S,2027-04-01,760770.2902353483,-34746.680181521246,-16174.909212099208,16207.740103808377,709848.7008417279,-0.0456730246008584,-0.0212612261805011,0.0213043809831144
202503,NRP-S,2027-05-01,709848.7008417279,-32420.937176431613,-15092.253782530839,15122.887163100972,662335.5098827654,-0.0456730246008584,-0.0212612261805011,0.0213043809831144
202503,NRP-S,2027-06-01,662335.5098827654,-30250.86603689763,-14082.065082994997,14110.648041187766,618002.5787628727,-0.0456730246008584,-0.0212612261805011,0.0213043809831144
202503,NRP-S,2027-07-01,618002.5787628727,-28226.046983230615,-13139.492607210383,13166.162386511405,576637.0391724317,-0.0456730246008584,-0.0212612261805011,0.0213043809831144
202503,NRP-S,2027-08-01,576637.0391724317,-26336.75767588862,-12260.010513899544,12284.895171504548,538040.2709826436,-0.0456730246008584,-0.0212612261805011,0.0213043809831144
202503,NRP-S,2027-09-01,538040.2709826436,-24573.9265328428,-11439.395895580088,11462.61491727235,502026.9485542207,-0.0456730246008584,-0.0212612261805011,0.0213043809831144
202503,NRP-S,2027-10-01,502026.9485542207,-22929.089171610794,-10673.708501918078,10695.373375789492,468424.1508806919,-0.0456730246008584,-0.0212612261805011,0.0213043809831144
202503,NRP-S,2027-11-01,468424.1508806919,-21394.347766810046,-9959.271820283564,9979.486572054122,437070.5312935983,-0.0456730246008584,-0.0212612261805011,0.0213043809831144
202503,NRP-S,2027-12-01,437070.5312935983,-19962.333128082766,-9292.655422664979,9311.517115171042,407815.54274285055,-0.0456730246008584,-0.0212612261805011,0.0213043809831144
202504,NON PRIME,2025-10-01,9246422.14,-520760.3495566605,-340776.506058031,329486.0011064393,8384885.28438531,-0.0563202005783245,-0.0368549586962759,0.0356338912627711
202504,NON PRIME,2025-11-01,8384885.28438531,-472238.4210428221,-309024.6008290322,298786.0904745956,7603622.262513455,-0.0563202005783245,-0.0368549586962759,0.0356338912627711
202504,NON PRIME,2025-12-01,7603622.262513455,-428237.5309465713,-280231.1844270173,270946.64890559,6895153.547139866,-0.0563202005783245,-0.0368549586962759,0.0356338912627711
202504,NON PRIME,2026-01-01,6895153.547139866,-388336.4307932629,-254120.59918432002,245701.15173889243,6252696.517162283,-0.0563202005783245,-0.0368549586962759,0.0356338912627711
202504,NON PRIME,2026-02-01,6252696.517162283,-352153.12200197077,-230442.8718803641,222807.90779166835,5670100.523279948,-0.0563202005783245,-0.0368549586962759,0.0356338912627711
202504,NON PRIME,2026-03-01,5670100.523279948,-319341.19877038937,-208971.32058921485,202047.74549553916,5141788.003920345,-0.0563202005783245,-0.0368549586962759,0.0356338912627711
202504,NON PRIME,2026-04-01,5141788.003920345,-289586.53171201656,-189500.3845094912,183221.91462791842,4662701.087698838,-0.0563202005783245,-0.0368549586962759,0.0356338912627711
202504,NON PRIME,2026-05-01,4662701.087698838,-262604.2604959704,-171843.65600022138,166150.18354986492,4228253.171202647,-0.0563202005783245,-0.0368549586962759,0.0356338912627711
202504,NON PRIME,2026-06-01,4228253.171202647,-238136.06669806968,-155832.09598207113,150669.11373410217,3834285.008522506,-0.0563202005783245,-0.0368549586962759,0.0356338912627711
202504,NON PRIME,2026-07-01,3834285.008522506,-215947.7007544502,-141312.41561884683,136630.49506416434,3477024.892149209,-0.0563202005783245,-0.0368549586962759,0.0356338912627711
202504,NON PRIME,2026-08-01,3477024.892149209,-195826.73934167056,-128145.60878608226,123899.92692479331,3153052.544021456,-0.0563202005783245,-0.0368549586962759,0.0356338912627711
202504,NON PRIME,2026-09-01,3153052.544021456,-177580.55171328475,-116205.6212770984,112355.53149946434,2859266.371031073,-0.0563202005783245,-0.0368549586962759,0.0356338912627711
202504,NON PRIME,2026-10-01,2859266.371031073,-161034.45552332804,-105378.14400600088,101886.78695661937,2592853.771501744,-0.0563202005783245,-0.0368549586962759,0.0356338912627711
202504,NON PRIME,2026-11-01,2592853.771501744,-146030.04448124339,-95559.51865417996,92393.4693539591,2351264.208366321,-0.0563202005783245,-0.0368549586962759,0.0356338912627711
202504,NON PRIME,2026-12-01,2351264.208366321,-132423.67182782656,-86655.7452833726,83784.69313097105,2132184.7912551216,-0.0563202005783245,-0.0368549586962759,0.0356338912627711
202504,NON PRIME,2027-01-01,2132184.7912551216,-120085.0751135414,-78581.58241453515,75978.04100371929,1933518.133727045,-0.0563202005783245,-0.0368549586962759,0.0356338912627711
202504,NON PRIME,2027-02-01,1933518.133727045,-108896.12911333483,-71259.7309570107,68898.77493182562,1753362.2736566993,-0.0563202005783245,-0.0368549586962759,0.0356338912627711
202504,NON PRIME,2027-03-01,1753362.2736566993,-98749.7149388124,-64620.094175226055,62479.120603727926,1589992.4645426609,-0.0563202005783245,-0.0368549586962759,0.0356338912627711
202504,NON PRIME,2027-04-01,1589992.4645426609,-89548.69452106717,-58599.10660810969,56657.618590138605,1441844.6634134839,-0.0563202005783245,-0.0368549586962759,0.0356338912627711
202504,NON PRIME,2027-05-01,1441844.6634134839,-81204.9806462342,-53139.12551654977,51378.53595388288,1307500.5572507,-0.0563202005783245,-0.0368549586962759,0.0356338912627711
202504,NON PRIME,2027-06-01,1307500.5572507,-73638.69364063047,-48187.879032832265,46591.33268308406,1185673.9845772372,-0.0563202005783245,-0.0368549586962759,0.0356338912627711
202504,NON PRIME,2027-07-01,1185673.9845772372,-66777.39663189123,-43697.965728842944,42250.177839521806,1075198.6222165031,-0.0563202005783245,-0.0368549586962759,0.0356338912627711
202504,NON PRIME,2027-08-01,1075198.6222165031,-60555.4020647716,-39626.40081208198,38313.51078994417,975016.8193396495,-0.0563202005783245,-0.0368549586962759,0.0356338912627711
202504,NON PRIME,2027-09-01,975016.8193396495,-54913.14283244904,-35934.204604937084,34743.643319722,884169.4719022634,-0.0563202005783245,-0.0368549586962759,0.0356338912627711
202504,NON PRIME,2027-10-01,884169.4719022634,-49796.60200276672,-32586.029367465988,31506.398819626997,801786.8405320307,-0.0563202005783245,-0.0368549586962759,0.0356338912627711
202504,NON PRIME,2027-11-01,801786.8405320307,-45156.795679825045,-29549.82089102554,28570.78509143917,727080.2239611801,-0.0563202005783245,-0.0368549586962759,0.0356338912627711
202504,NON PRIME,2027-12-01,727080.2239611801,-40949.30405002676,-26796.511622968323,25908.697639943948,659334.4082881849,-0.0563202005783245,-0.0368549586962759,0.0356338912627711
202504,NRP-L,2025-10-01,62697.2,-1886.7984185919668,-928.0411787190798,1043.0683493918805,59882.36040268895,-0.0300938226681888,-0.0148019557287898,0.0166366017843202
202504,NRP-L,2025-11-01,59882.36040268895,-1802.089134911092,-886.3760476160372,996.2389839246803,57193.89522016182,-0.0300938226681888,-0.0148019557287898,0.0166366017843202
202504,NRP-L,2025-12-01,57193.89522016182,-1721.1829404585208,-846.5815050058778,951.5120592719668,54626.13077469742,-0.0300938226681888,-0.0148019557287898,0.0166366017843202
202504,NRP-L,2026-01-01,54626.13077469742,-1643.9090925830349,-808.5735693621533,908.7931847168397,52173.648112752235,-0.0300938226681888,-0.0148019557287898,0.0166366017843202
202504,NRP-L,2026-02-01,52173.648112752235,-1570.104514257649,-772.272029574416,867.992207287108,49831.27156892017,-0.0300938226681888,-0.0148019557287898,0.0166366017843202
202504,NRP-L,2026-03-01,49831.27156892017,-1499.613449925442,-737.6002756724582,829.0230214984418,47594.057843322276,-0.0300938226681888,-0.0148019557287898,0.0166366017843202
202504,NRP-L,2026-04-01,47594.057843322276,-1432.2871367964608,-704.4851371503173,791.8033876392542,45457.2855693755,-0.0300938226681888,-0.0148019557287898,0.0166366017843202
202504,NRP-L,2026-05-01,45457.2855693755,-1367.983490902004,-672.8567285488515,756.2547582138253,43416.44534992464,-0.0300938226681888,-0.0148019557287898,0.0166366017843202
202504,NRP-L,2026-06-01,43416.44534992464,-1306.5668072437422,-642.6483019710063,722.3021121773967,41467.23024070989,-0.0300938226681888,-0.0148019557287898,0.0166366017843202
202504,NRP-L,2026-07-01,41467.23024070989,-1247.9074734048793,-613.7961062185213,689.8737966134107,39605.52666108649,-0.0300938226681888,-0.0148019557287898,0.0166366017843202
202504,NRP-L,2026-08-01,39605.52666108649,-1191.8816960189606,-586.2392522528064,658.9013755187729,37827.405712814725,-0.0300938226681888,-0.0148019557287898,0.0166366017843202
202504,NRP-L,2026-09-01,37827.405712814725,-1138.3712395190782,-559.9195846960539,629.3194853780176,36129.114888599586,-0.0300938226681888,-0.0148019557287898,0.0166366017843202
202504,NRP-L,2026-10-01,36129.114888599586,-1087.2631766161358,-534.7815591014115,601.0656972215854,34507.070152882035,-0.0300938226681888,-0.0148019557287898,0.0166366017843202
202504,NRP-L,2026-11-01,34507.070152882035,-1038.4496499795825,-510.7721247332037,574.0803848770996,32957.84837816925,-0.0300938226681888,-0.0148019557287898,0.0166366017843202
202504,NRP-L,2026-12-01,32957.84837816925,-991.8276446176792,-487.84061260982793,548.3065991356051,31478.180120941743,-0.0300938226681888,-0.0148019557287898,0.0166366017843202
202504,NRP-L,2027-01-01,31478.180120941743,-947.2987704769266,-465.93862857305083,523.689947567212,30064.942721891766,-0.0300938226681888,-0.0148019557287898,0.0166366017843202
202504,NRP-L,2027-02-01,30064.942721891766,-904.7690548018643,-445.019951158043,500.1784797325092,28715.153715931858,-0.0300938226681888,-0.0148019557287898,0.0166366017843202
202504,NRP-L,2027-03-01,28715.153715931858,-864.148743817036,-425.04043404861727,477.72257754750075,27425.964538066204,-0.0300938226681888,-0.0148019557287898,0.0166366017843202
202504,NRP-L,2027-04-01,27425.964538066204,-825.3521133125988,-405.95791291181496,456.27485057069475,26194.654511841793,-0.0300938226681888,-0.0148019557287898,0.0166366017843202
202504,NRP-L,2027-05-01,26194.654511841793,-788.2972877338385,-387.7321164152262,435.79003599135837,25018.625107692726,-0.0300938226681888,-0.0148019557287898,0.0166366017843202
202504,NRP-L,2027-06-01,25018.625107692726,-752.9060673928008,-370.32458123925664,416.22490310787896,23895.39445906067,-0.0300938226681888,-0.0148019557287898,0.0166366017843202
202504,NRP-L,2027-07-01,23895.39445906067,-719.103763437393,-353.6985709049851,397.5381620946438,22822.592124718292,-0.0300938226681888,-0.0148019557287898,0.0166366017843202
202504,NRP-L,2027-08-01,22822.592124718292,-686.8190402296746,-337.8189982463069,379.6903768649005,21797.95408624231,-0.0300938226681888,-0.0148019557287898,0.0166366017843202
202504,NRP-L,2027-09-01,21797.95408624231,-655.9837648006975,-322.65235136275135,362.6438818457086,20819.31797007886,-0.0300938226681888,-0.0148019557287898,0.0166366017843202
202504,NRP-L,2027-10-01,20819.31797007886,-626.5328630641897,-308.16662289670523,346.3627024893436,19884.618484117967,-0.0300938226681888,-0.0148019557287898,0.0166366017843202
202504,NRP-L,2027-11-01,19884.618484117967,-598.4041824856353,-294.3312424857895,330.81247935340343,18991.88305914654,-0.0300938226681888,-0.0148019557287898,0.0166366017843202
202504,NRP-L,2027-12-01,18991.88305914654,-571.5383609169351,-281.1170122478401,315.96039558939793,18139.227685981765,-0.0300938226681888,-0.0148019557287898,0.0166366017843202
202504,NRP-M,2025-10-01,7795952.799999999,-189750.8775803679,-128560.12714187702,128068.68526572433,7477641.795277754,-0.0243396647527635,-0.0164906241020183,0.0164275860246004
202504,NRP-M,2025-11-01,7477641.795277754,-182003.29443831314,-123310.98001546672,122839.60385307267,7172327.520823974,-0.0243396647527635,-0.0164906241020183,0.0164275860246004
202504,NRP-M,2025-12-01,7172327.520823974,-174572.04735387492,-118276.15708246898,117824.02734494474,6879479.31638763,-0.0243396647527635,-0.0164906241020183,0.0164275860246004
202504,NRP-M,2026-01-01,6879479.31638763,-167444.22023444556,-113446.90742415823,113013.23827441694,6598588.188729026,-0.0243396647527635,-0.0164906241020183,0.0164275860246004
202504,NRP-M,2026-02-01,6598588.188729026,-160607.42435520943,-108814.83742434815,108398.87511125821,6329165.926949468,-0.0243396647527635,-0.0164906241020183,0.0164275860246004
202504,NRP-M,2026-03-01,6329165.926949468,-154049.7768265637,-104371.89618062589,103972.91772893212,6070744.253942279,-0.0243396647527635,-0.0164906241020183,0.0164275860246004
202504,NRP-M,2026-04-01,6070744.253942279,-147759.87994072045,-100110.36151124965,99727.67346498536,5822874.012490309,-0.0243396647527635,-0.0164906241020183,0.0164275860246004
202504,NRP-M,2026-05-01,5822874.012490309,-141726.80136159295,-96022.82653338868,95655.76375059465,5585124.384595327,-0.0243396647527635,-0.0164906241020183,0.0164275860246004
202504,NRP-M,2026-06-01,5585124.384595327,-135940.0551235348,-92102.18678937783,91750.1112860331,5357082.1426824145,-0.0243396647527635,-0.0164906241020183,0.0164275860246004
202504,NRP-M,2026-07-01,5357082.1426824145,-130389.58340590594,-88341.62789861046,88003.92773976599,5138350.931377898,-0.0243396647527635,-0.0164906241020183,0.0164275860246004
202504,NRP-M,2026-08-01,5138350.931377898,-125065.73905178813,-84734.61371360855,84410.701949796,4928550.578612502,-0.0243396647527635,-0.0164906241020183,0.0164275860246004
202504,NRP-M,2026-09-01,4928550.578612502,-119959.26880046687,-81274.87495968356,80964.18860675095,4727316.4348523505,-0.0243396647527635,-0.0164906241020183,0.0164275860246004
202504,NRP-M,2026-10-01,4727316.4348523505,-115061.29720453537,-77956.3983384434,77658.39739904426,4534298.739309371,-0.0243396647527635,-0.0164906241020183,0.0164275860246004
202504,NRP-M,2026-11-01,4534298.739309371,-110363.31120366829,-74773.41607620631,74487.58260124184,4349162.012029497,-0.0243396647527635,-0.0164906241020183,0.0164275860246004
202504,NRP-M,2026-12-01,4349162.012029497,-105857.14532825234,-71720.39589915602,71446.23308753871,4171584.4708020883,-0.0243396647527635,-0.0164906241020183,0.0164275860246004
202504,NRP-M,2027-01-01,4171584.4708020883,-101534.96750715717,-68792.03141781417,68529.06275298844,4001257.471877117,-0.0243396647527635,-0.0164906241020183,0.0164275860246004
202504,NRP-M,2027-02-01,4001257.471877117,-97389.26545497906,-65983.2329041176,65731.00132583645,3837884.9735180205,-0.0243396647527635,-0.0164906241020183,0.0164275860246004
202504,NRP-M,2027-03-01,3837884.9735180205,-93412.83361509725,-63289.118445070126,63047.18555498851,3681183.0214578533,-0.0243396647527635,-0.0164906241020183,0.0164275860246004
202504,NRP-M,2027-04-01,3681183.0214578533,-89598.76063584916,-60705.00545759342,60472.9507572973,3530879.2553644106,-0.0243396647527635,-0.0164906241020183,0.0164275860246004
202504,NRP-M,2027-05-01,3530879.2553644106,-85940.41735805698,-58226.402549828774,58003.82270997585,3386712.4354565246,-0.0243396647527635,-0.0164906241020183,0.0164275860246004
202504,NRP-M,2027-06-01,3386712.4354565246,-82431.445293027,-55849.00171474446,55635.50987404599,3248431.988448753,-0.0243396647527635,-0.0164906241020183,0.0164275860246004
202504,NRP-M,2027-07-01,3248431.988448753,-79065.74557099557,-53568.670842480235,53363.89593530562,3115797.5720352773,-0.0243396647527635,-0.0164906241020183,0.0164275860246004
202504,NRP-M,2027-08-01,3115797.5720352773,-75837.46834081314,-51381.44653841504,51185.032649850575,2988578.6571560493,-0.0243396647527635,-0.0164906241020183,0.0164275860246004
202504,NRP-M,2027-09-01,2988578.6571560493,-72741.00260244237,-49283.52723447503,49095.132981715746,2866554.127319132,-0.0243396647527635,-0.0164906241020183,0.0164275860246004
202504,NRP-M,2027-10-01,2866554.127319132,-69770.96645459821,-47271.26658170891,47090.564520708365,2749511.894282825,-0.0243396647527635,-0.0164906241020183,0.0164275860246004
202504,NRP-M,2027-11-01,2749511.894282825,-66922.19774057968,-45341.16711264634,45167.8431689931,2637248.529429599,-0.0243396647527635,-0.0164906241020183,0.0164275860246004
202504,NRP-M,2027-12-01,2637248.529429599,-64189.74507603499,-43489.874162424065,43323.627085455635,2529568.91019114,-0.0243396647527635,-0.0164906241020183,0.0164275860246004
202504,NRP-S,2025-10-01,2373847.23,-116068.03805411872,-50272.04380373914,48634.202027889056,2207507.1481421418,-0.0488944851156739,-0.021177455384835,0.020487502908049
202504,NRP-S,2025-11-01,2207507.1481421418,-107934.92539757969,-46749.38414148455,45226.30911710108,2052822.8386030777,-0.0488944851156739,-0.021177455384835,0.020487502908049
202504,NRP-S,2025-12-01,2052822.8386030777,-100371.71572719363,-43473.56407748701,42057.21387558995,1908977.5587983972,-0.0488944851156739,-0.021177455384835,0.020487502908049
202504,NRP-S,2026-01-01,1908977.5587983972,-93338.47483482373,-40427.28708210429,39110.18328728244,1775211.7968814692,-0.0488944851156739,-0.021177455384835,0.020487502908049
202504,NRP-S,2026-02-01,1775211.7968814692,-86798.06677978972,-37594.468627090086,36369.65685101199,1650819.2614745894,-0.0488944851156739,-0.021177455384835,0.020487502908049
202504,NRP-S,2026-03-01,1650819.2614745894,-80715.95780883709,-34960.15125830438,33821.16442012395,1535143.1524074478,-0.0488944851156739,-0.021177455384835,0.020487502908049
202504,NRP-S,2026-04-01,1535143.1524074478,-75060.03401581467,-32510.425619443682,31451.249799219095,1427572.6927721894,-0.0488944851156739,-0.021177455384835,0.020487502908049
202504,NRP-S,2026-05-01,1427572.6927721894,-69800.43177829233,-30232.357009791802,29247.39969462157,1327539.9039841052,-0.0488944851156739,-0.021177455384835,0.020487502908049
202504,NRP-S,2026-06-01,1327539.9039841052,-64909.38007581399,-28113.917088211525,27197.97764342544,1234516.6068200797,-0.0488944851156739,-0.021177455384835,0.020487502908049
202504,NRP-S,2026-07-01,1234516.6068200797,-60361.05385721664,-26143.920362770128,25292.162572261164,1148011.632600093,-0.0488944851156739,-0.021177455384835,0.020487502908049
202504,NRP-S,2026-08-01,1148011.632600093,-56131.43768278575,-24311.965130660057,23519.891661368485,1067568.2297866473,-0.0488944851156739,-0.021177455384835,0.020487502908049
202504,NRP-S,2026-09-01,1067568.2297866473,-52198.19892126956,-22608.378556574,21871.807212294658,992761.6523088038,-0.0488944851156739,-0.021177455384835,0.020487502908049
202504,NRP-S,2026-10-01,992761.6523088038,-48540.56983222463,-21024.165599544765,20339.207238676147,923196.9168770344,-0.0488944851156739,-0.021177455384835,0.020487502908049
202504,NRP-S,2026-11-01,923196.9168770344,-45139.23791108019,-19550.961518580618,18913.99951922011,858506.7174473736,-0.0488944851156739,-0.021177455384835,0.020487502908049
202504,NRP-S,2026-12-01,858506.7174473736,-41976.24391793667,-18180.9877063229,17588.658870282667,798349.4858231139,-0.0488944851156739,-0.021177455384835,0.020487502908049
202504,NRP-S,2027-01-01,798349.4858231139,-39034.887051684156,-16907.010617524957,16356.18741244047,742407.5881539048,-0.0488944851156739,-0.021177455384835,0.020487502908049
202504,NRP-S,2027-02-01,742407.5881539048,-36299.636768754455,-15722.303575492275,15210.077621260767,690385.6478096581,-0.0488944851156739,-0.021177455384835,0.020487502908049
202504,NRP-S,2027-03-01,690385.6478096581,-33756.05078090421,-14620.611254819441,14144.277967175662,642008.9857739344,-0.0488944851156739,-0.021177455384835,0.020487502908049
202504,NRP-S,2027-04-01,642008.9857739344,-31390.698799052534,-13596.116652890663,13153.16096303707,597022.1703219912,-0.0488944851156739,-0.021177455384835,0.020487502908049
202504,NRP-S,2027-05-01,597022.1703219912,-29191.091620535928,-12643.41037575133,12231.49345064152,555187.6683257039,-0.0488944851156739,-0.021177455384835,0.020487502908049
202504,NRP-S,2027-06-01,555187.6683257039,-27145.61518535683,-11757.462076178166,11374.408969335802,516284.59106416896,-0.0488944851156739,-0.021177455384835,0.020487502908049
202504,NRP-S,2027-07-01,516284.59106416896,-25243.469253238796,-10933.59389313922,10577.38206080805,480107.5279177909,-0.0488944851156739,-0.021177455384835,0.020487502908049
202504,NRP-S,2027-08-01,480107.5279177909,-23474.61037769942,-10167.45575240244,9836.204374391957,446465.46178768907,-0.0488944851156739,-0.021177455384835,0.020487502908049
202504,NRP-S,2027-09-01,446465.46178768907,-21829.69887604064,-9455.00239787854,9146.962446718719,415180.76051376987,-0.0488944851156739,-0.021177455384835,0.020487502908049
202504,NRP-S,2027-10-01,415180.76051376987,-20300.049515254694,-8792.472032422225,8506.017038391856,386088.238966093,-0.0488944851156739,-0.021177455384835,0.020487502908049
202504,NRP-S,2027-11-01,386088.238966093,-18877.585653464383,-8176.366455313948,7909.983918581347,359034.2868573147,-0.0488944851156739,-0.021177455384835,0.020487502908049
202504,NRP-S,2027-12-01,359034.2868573147,-17554.796594761567,-7603.432591546833,7355.715996078533,333876.0576710063,-0.0488944851156739,-0.021177455384835,0.020487502908049
202504,PRIME,2025-10-01,4661.92,-56.711860263960666,-49.03427048195621,51.91125700744119,4556.173869254084,-0.0121649149414749,-0.0105180420260228,0.011135166842726
202504,PRIME,2025-11-01,4556.173869254084,-55.425467578046515,-47.92202823468136,50.7337561986127,4452.826373441356,-0.0121649149414749,-0.0105180420260228,0.011135166842726
202504,PRIME,2025-12-01,4452.826373441356,-54.16825408207024,-46.835014930438874,49.58296458996005,4351.823104428847,-0.0121649149414749,-0.0105180420260228,0.011135166842726
202504,PRIME,2026-01-01,4351.823104428847,-52.93955790572216,-45.77265830219962,48.45827633784502,4253.1108882209255,-0.0121649149414749,-0.0105180420260228,0.011135166842726
202504,PRIME,2026-02-01,4253.1108882209255,-51.73873219186832,-44.734399063642854,47.35909934095458,4156.637756965414,-0.0121649149414749,-0.0105180420260228,0.011135166842726
202504,PRIME,2026-03-01,4156.637756965414,-50.565144756007285,-43.719690614715375,46.28485492858425,4062.352921594691,-0.0121649149414749,-0.0105180420260228,0.011135166842726
202504,PRIME,2026-04-01,4062.352921594691,-49.418177753451474,-42.727998753869464,45.2349775559923,3970.20674508737,-0.0121649149414749,-0.0105180420260228,0.011135166842726
202504,PRIME,2026-05-01,3970.20674508737,-48.29722735405778,-41.75880139682815,44.208914506664,3880.1507163364845,-0.0121649149414749,-0.0105180420260228,0.011135166842726
202504,PRIME,2026-06-01,3880.1507163364845,-47.20170342433624,-40.811588301729614,43.20612560132956,3792.1374246104187,-0.0121649149414749,-0.0105180420260228,0.011135166842726
202504,PRIME,2026-07-01,3792.1374246104187,-46.131029216769434,-39.88586080050625,42.2260829135823,3706.120534593143,-0.0121649149414749,-0.0105180420260228,0.011135166842726
202504,PRIME,2026-08-01,3706.120534593143,-45.084641066179074,-38.98113153635676,41.268270491947526,3622.0547619906074,-0.0121649149414749,-0.0105180420260228,0.011135166842726
202504,PRIME,2026-09-01,3622.0547619906074,-44.06198809297985,-38.09692420717322,40.33218408825562,3539.8958496904543,-0.0121649149414749,-0.0105180420260228,0.011135166842726
202504,PRIME,2026-10-01,3539.8958496904543,-43.06253191316439,-37.232773314787885,39.41733089217653,3459.600544462502,-0.0121649149414749,-0.0105180420260228,0.011135166842726
202504,PRIME,2026-11-01,3459.600544462502,-42.08574635486659,-36.38822391990796,38.52322927177567,3381.126574187728,-0.0121649149414749,-0.0105180420260228,0.011135166842726
202504,PRIME,2026-12-01,3381.126574187728,-41.131117181354135,-35.56283140260902,37.64940851995494,3304.432625603765,-0.0121649149414749,-0.0105180420260228,0.011135166842726
202504,PRIME,2027-01-01,3304.432625603765,-40.19814182030437,-34.75616122826126,36.79540860664506,3229.478322555199,-0.0121649149414749,-0.0105180420260228,0.011135166842726
202504,PRIME,2027-02-01,3229.478322555199,-39.28632909922104,-33.9677887187652,35.96077993661903,3156.224204737213,-0.0121649149414749,-0.0105180420260228,0.011135166842726
202504,PRIME,2027-03-01,3156.224204737213,-38.395198986852456,-33.19729882897639,35.14508311279905,3084.631706921384,-0.0121649149414749,-0.0105180420260228,0.011135166842726
202504,PRIME,2027-04-01,3084.631706921384,-37.524282340475175,-32.444285928201566,34.3478887049323,3014.6631386527074,-0.0121649149414749,-0.0105180420260228,0.011135166842726
202504,PRIME,2027-05-01,3014.6631386527074,-36.67312065890994,-31.708353586650976,33.568777023513924,2946.2816644071468,-0.0121649149414749,-0.0105180420260228,0.011135166842726
202504,PRIME,2027-06-01,2946.2816644071468,-35.841265841140036,-30.989114366734775,32.807337898838036,2879.4512841992723,-0.0121649149414749,-0.0105180420260228,0.011135166842726
202504,PRIME,2027-07-01,2879.4512841992723,-35.028279950404816,-30.286189619093268,32.06317046506054,2814.136814629774,-0.0121649149414749,-0.0105180420260228,0.011135166842726
202504,PRIME,2027-08-01,2814.136814629774,-34.23373498364432,-29.5992092832539,31.335882949160027,2750.303870362876,-0.0121649149414749,-0.0105180420260228,0.011135166842726
202504,PRIME,2027-09-01,2750.303870362876,-33.457212646173595,-28.927811692809893,30.625092464685682,2687.9188460238925,-0.0121649149414749,-0.0105180420260228,0.011135166842726
202504,PRIME,2027-10-01,2687.9188460238925,-32.69830413146802,-28.27164338501801,29.93042481018358,2626.9488985074067,-0.0121649149414749,-0.0105180420260228,0.011135166842726
202504,PRIME,2027-11-01,2626.9488985074067,-31.956609905943782,-27.63035891471521,29.251514272195266,2567.3619296867478,-0.0121649149414749,-0.0105180420260228,0.011135166842726
202504,PRIME,2027-12-01,2567.3619296867478,-31.23173949862015,-27.003620672456208,28.588003432724914,2509.1265695156712,-0.0121649149414749,-0.0105180420260228,0.011135166842726
202505,NON PRIME,2025-10-01,9953254.19,-536389.3292371494,-361223.70633678464,341884.20306679746,9055641.154426064,-0.0538908500675144,-0.0362920206237378,0.0343489874306925
202505,NON PRIME,2025-11-01,9055641.154426064,-488016.19971838803,-328647.5155375995,311052.1041902426,8238977.439170077,-0.0538908500675144,-0.0362920206237378,0.0343489874306925
202505,NON PRIME,2025-12-01,8238977.439170077,-444005.4978839484,-299009.1391408709,283000.5324998121,7495962.802145258,-0.0538908500675144,-0.0362920206237378,0.0343489874306925
202505,NON PRIME,2026-01-01,7495962.802145258,-403963.8074820752,-272043.63661022705,257478.73207182597,6819955.358052956,-0.0538908500675144,-0.0362920206237378,0.0343489874306925
202505,NON PRIME,2026-02-01,6819955.358052956,-367533.19166797335,-247509.96050742897,234258.56087164496,6204912.205877554,-0.0538908500675144,-0.0362920206237378,0.0343489874306925
202505,NON PRIME,2026-03-01,6204912.205877554,-334387.9933690373,-225188.80174419057,213132.45136823857,5645335.410764325,-0.0538908500675144,-0.0362920206237378,0.0343489874306925
202505,NON PRIME,2026-04-01,5645335.410764325,-304231.92420233006,-204880.6291553762,193911.55506638708,5136222.857406619,-0.0538908500675144,-0.0362920206237378,0.0343489874306925
202505,NON PRIME,2026-05-01,5136222.857406619,-276795.4159218405,-186403.9058691145,176424.05437029546,4673023.535615664,-0.0538908500675144,-0.0362920206237378,0.0343489874306925
202505,NON PRIME,2026-06-01,4673023.535615664,-251833.2107198298,-169593.4665297758,160513.62668819266,4251596.858366059,-0.0538908500675144,-0.0362920206237378,0.0343489874306925
202505,NON PRIME,2026-07-01,4251596.858366059,-229122.16884172056,-154299.04086763985,146038.0470483875,3868175.648656699,-0.0538908500675144,-0.0362920206237378,0.0343489874306925
202505,NON PRIME,2026-08-01,3868175.648656699,-208459.27391656843,-140383.91041728924,132867.91673541977,3519332.464322841,-0.0538908500675144,-0.0362920206237378,0.0343489874306925
202505,NON PRIME,2026-09-01,3519332.464322841,-189659.81817255818,-127723.6863769945,120885.50658145332,3201948.959773288,-0.0538908500675144,-0.0362920206237378,0.0343489874306925
202505,NON PRIME,2026-10-01,3201948.959773288,-172555.75131497596,-116205.19768424796,109983.7045729716,2913188.0107740643,-0.0538908500675144,-0.0362920206237378,0.0343489874306925
202505,NON PRIME,2026-11-01,2913188.0107740643,-156994.17830710564,-105725.47936783804,100065.05836532242,2650468.3530991203,-0.0538908500675144,-0.0362920206237378,0.0343489874306925
202505,NON PRIME,2026-12-01,2650468.3530991203,-142835.9926255565,-96190.85213323763,91040.90414604993,2411441.508340326,-0.0538908500675144,-0.0362920206237378,0.0343489874306925
202505,NON PRIME,2027-01-01,2411441.508340326,-129954.63277254929,-87516.08495362451,82830.57405983203,2193970.790614153,-0.0538908500675144,-0.0362920206237378,0.0343489874306925
202505,NON PRIME,2027-02-01,2193970.790614153,-118234.95092949334,-79623.63318084716,75360.67511011202,1996112.2065038122,-0.0538908500675144,-0.0362920206237378,0.0343489874306925
202505,NON PRIME,2027-03-01,1996112.2065038122,-107572.18363863228,-72442.94536573112,68564.43309145131,1816097.0774994488,-0.0538908500675144,-0.0362920206237378,0.0343489874306925
202505,NON PRIME,2027-04-01,1816097.0774994488,-97871.01531157388,-65909.83259131994,62381.09568794595,1652316.229596555,-0.0538908500675144,-0.0362920206237378,0.0343489874306925
202505,NON PRIME,2027-05-01,1652316.229596555,-89044.72619330864,-59965.894681454854,56755.38940194129,1503305.6087217915,-0.0538908500675144,-0.0362920206237378,0.0343489874306925
202505,NON PRIME,2027-06-01,1503305.6087217915,-81014.41716527953,-54557.99815551197,51637.02545847435,1367733.193401,-0.0538908500675144,-0.0362920206237378,0.0343489874306925
202505,NON PRIME,2027-07-01,1367733.193401,-73708.30445793597,-49637.80126267985,46980.250268671865,1244387.0876803843,-0.0538908500675144,-0.0362920206237378,0.0343489874306925
202505,NON PRIME,2027-08-01,1244387.0876803843,-67061.07796813449,-45161.321850009524,42743.436433649564,1132164.6878622402,-0.0538908500675144,-0.0362920206237378,0.0343489874306925
202505,NON PRIME,2027-09-01,1132164.6878622402,-61013.31744531823,-41088.54420136409,38888.71063285399,1030062.826215558,-0.0538908500675144,-0.0362920206237378,0.0343489874306925
202505,NON PRIME,2027-10-01,1030062.826215558,-55510.961327702775,-37383.06133276068,35381.61507050179,937168.8035550945,-0.0538908500675144,-0.0362920206237378,0.0343489874306925
202505,NON PRIME,2027-11-01,937168.8035550945,-50504.82348033946,-34011.749546545165,32190.79945375107,852652.2305282098,-0.0538908500675144,-0.0362920206237378,0.0343489874306925
202505,NON PRIME,2027-12-01,852652.2305282098,-45950.15351512748,-30944.472335205828,29287.740749165405,775757.6046778765,-0.0538908500675144,-0.0362920206237378,0.0343489874306925
202505,NRP-L,2025-10-01,16425.98,-556.4667769047255,-246.36198727364464,259.47598892925794,15623.151235821628,-0.0338772345336306,-0.0149983128722697,0.0157966823854198
202505,NRP-L,2025-11-01,15623.151235821628,-529.26915857031,-234.3209102856398,246.79395793165307,14859.561166965677,-0.0338772345336306,-0.0149983128722697,0.0157966823854198
202505,NRP-L,2025-12-01,14859.561166965677,-503.4008387201258,-222.8683475267803,234.73176814127478,14133.29198071877,-0.0338772345336306,-0.0149983128722697,0.0157966823854198
202505,NRP-L,2026-01-01,14133.29198071877,-478.7968471630903,-211.97553504196046,223.2591244798151,13442.51959851372,-0.0338772345336306,-0.0149983128722697,0.0157966823854198
202505,NRP-L,2026-02-01,13442.51959851372,-455.3953891617751,-201.61511473012604,212.3472125575021,12785.509094621819,-0.0338772345336306,-0.0149983128722697,0.0157966823854198
202505,NRP-L,2026-03-01,12785.509094621819,-433.13769023037037,-191.76106563238775,201.96862630363714,12160.61033875906,-0.0338772345336306,-0.0149983128722697,0.0157966823854198
202505,NRP-L,2026-04-01,12160.61033875906,-411.96784851823367,-182.38863857846601,192.09729913422913,11566.253851662359,-0.0338772345336306,-0.0149983128722697,0.0157966823854198
202505,NRP-L,2026-05-01,11566.253851662359,-391.832694408274,-173.47429402732655,182.7084384838487,11000.946863226758,-0.0338772345336306,-0.0149983128722697,0.0157966823854198
202505,NRP-L,2026-06-01,11000.946863226758,-372.68165697754074,-164.99564294588887,173.77846353727332,10463.269563303329,-0.0338772345336306,-0.0149983128722697,0.0157966823854198
202505,NRP-L,2026-07-01,10463.269563303329,-354.4666369846255,-156.9313905773201,165.28494600453283,9951.871535741384,-0.0338772345336306,-0.0149983128722697,0.0157966823854198
202505,NRP-L,2026-08-01,9951.871535741384,-337.1418860648734,-149.26128295768444,157.20655379060662,9465.468366718826,-0.0338772345336306,-0.0149983128722697,0.0157966823854198
202505,NRP-L,2026-09-01,9465.468366718826,-320.663891829995,-141.96605604662062,149.5229974182956,9002.838418842211,-0.0338772345336306,-0.0149983128722697,0.0157966823854198
202505,NRP-L,2026-10-01,9002.838418842211,-304.99126858349763,-135.02738734428533,142.2149790697054,8562.819762914429,-0.0338772345336306,-0.0149983128722697,0.0157966823854198
202505,NRP-L,2026-11-01,8562.819762914429,-290.08465337745923,-128.42784987304486,135.2641441183549,8144.307259663926,-0.0338772345336306,-0.0149983128722697,0.0157966823854198
202505,NRP-L,2026-12-01,8144.307259663926,-275.9066071495851,-122.15086840833703,128.65303503017972,7746.249784106003,-0.0338772345336306,-0.0149983128722697,0.0157966823854198
202505,NRP-L,2027-01-01,7746.249784106003,-262.4215206922444,-116.18067784877346,122.36504751764923,7367.647585564985,-0.0338772345336306,-0.0149983128722697,0.0157966823854198
202505,NRP-L,2027-02-01,7367.647585564985,-249.5955252173222,-110.5022836209261,116.38438883687512,7007.549776726736,-0.0338772345336306,-0.0149983128722697,0.0157966823854198
202505,NRP-L,2027-03-01,7007.549776726736,-237.39640729226235,-105.10142401935127,110.69603812297169,6665.051945415122,-0.0338772345336306,-0.0149983128722697,0.0157966823854198
202505,NRP-L,2027-04-01,6665.051945415122,-225.79352793365896,-99.96453438726583,105.28570866404702,6339.293883094197,-0.0338772345336306,-0.0149983128722697,0.0157966823854198
202505,NRP-L,2027-05-01,6339.293883094197,-214.7577456551919,-95.07871304791226,100.13981201907357,6029.457424391093,-0.0338772345336306,-0.0149983128722697,0.0157966823854198
202505,NRP-L,2027-06-01,6029.457424391093,-204.26134327663732,-90.43168890104704,95.24542388951741,5734.764392213408,-0.0338772345336306,-0.0149983128722697,0.0157966823854198
202505,NRP-L,2027-07-01,5734.764392213408,-194.27795831012716,-86.0117906031683,90.59025165901024,5454.474643300113,-0.0338772345336306,-0.0149983128722697,0.0157966823854198
202505,NRP-L,2027-08-01,5454.474643300113,-184.782516748819,-81.80791725407677,86.16260351953784,5187.884209297217,-0.0338772345336306,-0.0149983128722697,0.0157966823854198
202505,NRP-L,2027-09-01,5187.884209297217,-175.75117009168056,-77.80951051614717,81.95135910660288,4934.32352868939,-0.0338772345336306,-0.0149983128722697,0.0157966823854198
202505,NRP-L,2027-10-01,4934.32352868939,-167.16123544622218,-74.00652809628532,77.94594156961016,4693.155765146882,-0.0338772345336306,-0.0149983128722697,0.0157966823854198
202505,NRP-L,2027-11-01,4693.155765146882,-158.99113855874148,-70.38941852396924,74.13629100732713,4463.775208064171,-0.0338772345336306,-0.0149983128722697,0.0157966823854198
202505,NRP-L,2027-12-01,4463.775208064171,-151.22035962899565,-66.94909716202721,70.5128392017009,4245.605751273149,-0.0338772345336306,-0.0149983128722697,0.0157966823854198
202505,NRP-M,2025-10-01,7268939.299999999,-194792.87697091242,-117301.69495474469,120932.61420283896,6956844.728074342,-0.0267979782099587,-0.0161373881543824,0.016636899719721
202505,NRP-M,2025-11-01,6956844.728074342,-186429.37343300227,-112265.30370670455,115740.32810664256,6658150.050934635,-0.0267979782099587,-0.0161373881543824,0.016636899719721
202505,NRP-M,2025-12-01,6658150.050934635,-178424.95998358176,-107445.15176205317,110770.9747162548,6372279.939189,-0.0267979782099587,-0.0161373881543824,0.016636899719721
202505,NRP-M,2026-01-01,6372279.939189,-170764.21895814379,-102831.95480707719,106014.98233427724,6098683.765423778,-0.0267979782099587,-0.0161373881543824,0.016636899719721
202505,NRP-M,2026-02-01,6098683.765423778,-163432.39465525528,-98416.82715347395,101463.19022764589,5836834.543615049,-0.0267979782099587,-0.0161373881543824,0.016636899719721
202505,NRP-M,2026-03-01,5836834.543615049,-156415.3649149303,-94191.2646232235,97106.83098272707,5586227.9140768945,-0.0267979782099587,-0.0161373881543824,0.016636899719721
202505,NRP-M,2026-04-01,5586227.9140768945,-149699.61391729565,-90147.12816830479,92937.51361800352,5346381.171991294,-0.0267979782099587,-0.0161373881543824,0.016636899719721
202505,NRP-M,2026-05-01,5346381.171991294,-143272.20614915615,-86276.62819370542,88947.20742182361,5116832.337648433,-0.0267979782099587,-0.0161373881543824,0.016636899719721
202505,NRP-M,2026-06-01,5116832.337648433,-137120.76148831475,-82572.30955352863,85128.22648408257,4897139.26660659,-0.0267979782099587,-0.0161373881543824,0.016636899719721
202505,NRP-M,2026-07-01,4897139.26660659,-131233.43135765652,-79027.0371912981,81473.21489204188,4686878.798057635,-0.0267979782099587,-0.0161373881543824,0.016636899719721
202505,NRP-M,2026-08-01,4686878.798057635,-125598.87590306593,-75633.98239680131,77975.13256177137,4485645.939757768,-0.0267979782099587,-0.0161373881543824,0.016636899719721
202505,NRP-M,2026-09-01,4485645.939757768,-120206.24215121838,-72386.60965300052,74627.24167792367,4293053.087953549,-0.0267979782099587,-0.0161373881543824,0.016636899719721
202505,NRP-M,2026-10-01,4293053.087953549,-115045.14310517511,-69278.66404767639,71423.09371572178,4108729.280800697,-0.0267979782099587,-0.0161373881543824,0.016636899719721
202505,NRP-M,2026-11-01,4108729.280800697,-110105.63773751636,-66304.15922555729,68356.51702016259,3932319.483837623,-0.0267979782099587,-0.0161373881543824,0.016636899719721
202505,NRP-M,2026-12-01,3932319.483837623,-105378.21184247667,-63457.36585772838,65421.604918511584,3763483.906137418,-0.0267979782099587,-0.0161373881543824,0.016636899719721
202505,NRP-M,2027-01-01,3763483.906137418,-100853.75971020079,-60732.80060611078,62612.70434319211,3601897.345821107,-0.0267979782099587,-0.0161373881543824,0.016636899719721
202505,NRP-M,2027-02-01,3601897.345821107,-96523.56658782209,-58125.21556175494,59924.404943154994,3447248.5636715298,-0.0267979782099587,-0.0161373881543824,0.016636899719721
202505,NRP-M,2027-03-01,3447248.5636715298,-92379.29189358107,-55629.588136604696,57351.528662755496,3299239.6836413443,-0.0267979782099587,-0.0161373881543824,0.016636899719721
202505,NRP-M,2027-04-01,3299239.6836413443,-88412.95315165177,-53241.11138926217,54889.11976806509,3157585.6191004305,-0.0267979782099587,-0.0161373881543824,0.016636899719721
202505,NRP-M,2027-05-01,3157585.6191004305,-84616.91061673229,-50955.18476611951,52532.435301407015,3022013.523717579,-0.0267979782099587,-0.0161373881543824,0.016636899719721
202505,NRP-M,2027-06-01,3022013.523717579,-80983.85255878419,-48767.40524002348,50276.93594573007,2892262.2659187713,-0.0267979782099587,-0.0161373881543824,0.016636899719721
202505,NRP-M,2027-07-01,2892262.2659187713,-77506.78117957701,-46673.558829404785,48118.277281223636,2768081.9259097893,-0.0267979782099587,-0.0161373881543824,0.016636899719721
202505,NRP-M,2027-08-01,2768081.9259097893,-74178.99913391104,-44669.61248153666,46052.30141733334,2649233.3142943415,-0.0267979782099587,-0.0161373881543824,0.016636899719721
202505,NRP-M,2027-09-01,2649233.3142943415,-70994.09662955643,-42751.70630428874,44075.02898405907,2535487.5113604963,-0.0267979782099587,-0.0161373881543824,0.016636899719721
202505,NRP-M,2027-10-01,2535487.5113604963,-67945.93908106099,-40916.146131413385,42182.65146710954,2426625.4261480216,-0.0267979782099587,-0.0161373881543824,0.016636899719721
202505,NRP-M,2027-11-01,2426625.4261480216,-65028.65529364643,-39159.39640704423,40371.523872149875,2322437.3744473313,-0.0267979782099587,-0.0161373881543824,0.016636899719721
202505,NRP-M,2027-12-01,2322437.3744473313,-62236.62615443328,-37478.07337570133,38638.15770401239,2222722.6749171964,-0.0267979782099587,-0.0161373881543824,0.016636899719721
202505,NRP-S,2025-10-01,2437021.07,-114412.84776069838,-49303.530075475406,49920.76805461077,2273304.692163826,-0.046947828711509,-0.0202310643442551,0.0204843399464785
202505,NRP-S,2025-11-01,2273304.692163826,-106726.719296777,-45991.3735012634,46567.146116208474,2120586.5993657853,-0.046947828711509,-0.0202310643442551,0.0204843399464785
202505,NRP-S,2025-12-01,2120586.5993657853,-99556.93643494626,-42901.72393933431,43438.81678735556,1978127.9389915047,-0.046947828711509,-0.0202310643442551,0.0204843399464785
202505,NRP-S,2026-01-01,1978127.9389915047,-92868.8116492235,-40019.63361490586,40520.64515992886,1845239.4937273753,-0.046947828711509,-0.0202310643442551,0.0204843399464785
202505,NRP-S,2026-02-01,1845239.4937273753,-86629.9876832244,-37331.15892815923,37798.51307217944,1721278.3471159916,-0.046947828711509,-0.0202310643442551,0.0204843399464785
202505,NRP-S,2026-03-01,1721278.3471159916,-80810.2810052309,-34823.29299487669,35259.25080483659,1605644.773115884,-0.046947828711509,-0.0202310643442551,0.0204843399464785
202505,NRP-S,2026-04-01,1605644.773115884,-75381.53577977426,-32483.90271892433,32890.573365792116,1497779.3346171856,-0.046947828711509,-0.0202310643442551,0.0204843399464785
202505,NRP-S,2026-05-01,1497779.3346171856,-70317.48764924555,-30301.67009213587,30681.021055108806,1397160.176875804,-0.046947828711509,-0.0202310643442551,0.0204843399464785
202505,NRP-S,2026-06-01,1397160.176875804,-65593.63666650686,-28266.037437605228,28619.904022806,1303300.5027716921,-0.046947828711509,-0.0202310643442551,0.0204843399464785
202505,NRP-S,2026-07-01,1303300.5027716921,-61187.128763748966,-26367.156331474125,26697.250551191686,1215746.217676469,-0.046947828711509,-0.0202310643442551,0.0204843399464785
202505,NRP-S,2026-08-01,1215746.217676469,-57076.6451841398,-24595.83995609741,24903.75881153024,1134073.7325362319,-0.046947828711509,-0.0202310643442551,0.0204843399464785
202505,NRP-S,2026-09-01,1134073.7325362319,-53242.299341332684,-22943.518654070056,23230.75186164391,1057887.9145408291,-0.046947828711509,-0.0202310643442551,0.0204843399464785
202505,NRP-S,2026-10-01,1057887.9145408291,-49665.54060783832,-21402.198468085357,21670.13566672554,986820.1754649054,-0.046947828711509,-0.0202310643442551,0.0204843399464785
202505,NRP-S,2026-11-01,986820.1754649054,-46329.06456678764,-19964.42246603961,20214.359940266684,920526.6884320781,-0.046947828711509,-0.0202310643442551,0.0204843399464785
202505,NRP-S,2026-12-01,920526.6884320781,-43216.72929288182,-18623.234664273437,18856.381615648785,858686.7244749229,-0.046947828711509,-0.0202310643442551,0.0204843399464785
202505,NRP-S,2027-01-01,858686.7244749229,-40313.477257495404,-17372.146374409815,17589.63077167244,801001.1008430177,-0.046947828711509,-0.0202310643442551,0.0204843399464785
202505,NRP-S,2027-02-01,801001.1008430177,-37605.26248010814,-16205.104810974259,16407.978847171882,747190.7335519353,-0.046947828711509,-0.0202310643442551,0.0204843399464785
202505,NRP-S,2027-03-01,747190.7335519353,-35078.98257362302,-15116.46380792037,15305.708990936482,696995.2871703919,-0.046947828711509,-0.0202310643442551,0.0204843399464785
202505,NRP-S,2027-04-01,696995.2871703919,-32722.415354804587,-14100.95650238676,14277.488403491712,650171.9153132006,-0.046947828711509,-0.0202310643442551,0.0204843399464785
202505,NRP-S,2027-05-01,650171.9153132006,-30524.159713157875,-13153.669853528938,13318.34253692863,606494.0857465137,-0.046947828711509,-0.0202310643442551,0.0204843399464785
202505,NRP-S,2027-06-01,606494.0857465137,-28473.580452170576,-12270.020873147889,12423.631027960268,565750.4844211952,-0.046947828711509,-0.0202310643442551,0.0204843399464785
202505,NRP-S,2027-07-01,565750.4844211952,-26560.756836059514,-11445.734453118694,11589.025247768652,527743.9931320171,-0.046947828711509,-0.0202310643442551,0.0204843399464785
202505,NRP-S,2027-08-01,527743.9931320171,-24776.43459308972,-10676.82268234796,10810.487360028254,492290.7358565794,-0.046947828711509,-0.0202310643442551,0.0204843399464785
202505,NRP-S,2027-09-01,492290.7358565794,-23111.98114325741,-9959.565553195149,10084.250785788225,459219.18916012684,-0.046947828711509,-0.0202310643442551,0.0204843399464785
202505,NRP-S,2027-10-01,459219.18916012684,-21559.343833727686,-9290.49296401518,9406.801980702254,428369.352362384,-0.046947828711509,-0.0202310643442551,0.0204843399464785
202505,NRP-S,2027-11-01,428369.352362384,-20111.010979969247,-8666.367930750275,8774.863436443906,399591.97345166444,-0.046947828711509,-0.0202310643442551,0.0204843399464785
202505,NRP-S,2027-12-01,399591.97345166444,-18759.975524102596,-8084.170926348499,8185.377824068107,372747.8270012134,-0.046947828711509,-0.0202310643442551,0.0204843399464785
202506,NON PRIME,2025-10-01,10973736.760000002,-610336.3355855356,-416627.7928732589,389795.6070423677,9946772.631541206,-0.0556179129255453,-0.0379659000379793,0.035520772510527
202506,NON PRIME,2025-11-01,9946772.631541206,-553218.7341112558,-377638.1754296017,353317.04785891116,9015915.72200035,-0.0556179129255453,-0.0379659000379793,0.035520772510527
202506,NON PRIME,2025-12-01,9015915.72200035,-501446.4155702703,-342297.3550523112,320252.2913352582,8172171.951377768,-0.0556179129255453,-0.0379659000379793,0.035520772510527
202506,NON PRIME,2026-01-01,8172171.951377768,-454519.1480043123,-310263.8633991866,290281.8608017992,7407388.93997427,-0.0556179129255453,-0.0379659000379793,0.035520772510527
202506,NON PRIME,2026-02-01,7407388.93997427,-411983.51306913624,-281228.1880374966,263116.1774338198,6714177.238867637,-0.0556179129255453,-0.0379659000379793,0.035520772510527
202506,NON PRIME,2026-03-01,6714177.238867637,-373428.52503801836,-254909.78188812453,238492.76229717565,6085838.931941493,-0.0556179129255453,-0.0379659000379793,0.035520772510527
202506,NON PRIME,2026-04-01,6085838.931941493,-338481.6597956156,-231054.35253733344,216173.7002372024,5516302.919608545,-0.0556179129255453,-0.0379659000379793,0.035520772510527
202506,NON PRIME,2026-05-01,5516302.919608545,-306805.25545371935,-209431.40522507136,195943.34110657102,5000066.258929754,-0.0556179129255453,-0.0379659000379793,0.035520772510527
202506,NON PRIME,2026-06-01,5000066.258929754,-278093.24981111207,-189832.01576980014,177606.2161210056,4532140.993348842,-0.0556179129255453,-0.0379659000379793,0.035520772510527
202506,NON PRIME,2026-07-01,4532140.993348842,-252068.22313437023,-172066.8119115103,160985.14921037806,4108005.9583029607,-0.0556179129255453,-0.0379659000379793,0.035520772510527
202506,NON PRIME,2026-08-01,4108005.9583029607,-228478.71768651533,-155964.14356835355,145919.54511676895,3723563.0970480917,-0.0556179129255453,-0.0379659000379793,0.035520772510527
202506,NON PRIME,2026-09-01,3723563.0970480917,-207096.80810439456,-141368.42432763646,132263.83769883864,3375097.8646160606,-0.0556179129255453,-0.0379659000379793,0.035520772510527
202506,NON PRIME,2026-10-01,3375097.8646160606,-187715.89914940993,-128138.62814641075,119886.08344979255,3059243.3373202397,-0.0556179129255453,-0.0379659000379793,0.035520772510527
202506,NON PRIME,2026-11-01,3059243.3373202397,-170148.7295531317,-116146.92673655441,108666.68663929765,2772947.6810305533,-0.0556179129255453,-0.0379659000379793,0.035520772510527
202506,NON PRIME,2026-12-01,2772947.6810305533,-154225.56267065008,-105277.45446855249,98497.24376147968,2513444.663891351,-0.0556179129255453,-0.0379659000379793,0.035520772510527
202506,NON PRIME,2027-01-01,2513444.663891351,-139792.54645948563,-95425.1888602915,89279.49612388268,2278226.9285715735,-0.0556179129255453,-0.0379659000379793,0.035520772510527
202506,NON PRIME,2027-02-01,2278226.9285715735,-126710.22693792629,-86494.93583398096,80924.3804571475,2065021.765799666,-0.0556179129255453,-0.0379659000379793,0.035520772510527
202506,NON PRIME,2027-03-01,2065021.765799666,-114852.20075960162,-78400.40993660162,73351.16837225671,1871769.155103463,-0.0556179129255453,-0.0379659000379793,0.035520772510527
202506,NON PRIME,2027-04-01,1871769.155103463,-104103.89388526589,-71063.40063683104,66486.68635065143,1696601.860581366,-0.0556179129255453,-0.0379659000379793,0.035520772510527
202506,NON PRIME,2027-05-01,1696601.860581366,-94361.45455113257,-64413.016643081835,60264.60873064755,1537827.3893871517,-0.0556179129255453,-0.0379659000379793,0.035520772510527
202506,NON PRIME,2027-06-01,1537827.3893871517,-85530.74983745324,-58385.00094113927,54624.81685887864,1393911.6386085593,-0.0556179129255453,-0.0379659000379793,0.035520772510527
202506,NON PRIME,2027-07-01,1393911.6386085593,-77526.45614203502,-52921.10993318848,49512.81821479056,1263464.0725333358,-0.0556179129255453,-0.0379659000379793,0.035520772510527
202506,NON PRIME,2027-08-01,1263464.0725333358,-70271.23477071391,-47968.55067937885,44879.21989568061,1145224.287083243,-0.0556179129255453,-0.0379659000379793,0.035520772510527
202506,NON PRIME,2027-09-01,1145224.287083243,-63694.9846792155,-43479.47080446851,40679.25137501434,1038049.8315995589,-0.0556179129255453,-0.0379659000379793,0.035520772510527
202506,NON PRIME,2027-10-01,1038049.8315995589,-57734.16514628123,-39410.4961409501,36872.3319228388,940905.1703123276,-0.0556179129255453,-0.0379659000379793,0.035520772510527
202506,NON PRIME,2027-11-01,940905.1703123276,-52331.181833626404,-35722.31164129572,33421.67850864285,852851.6768374055,-0.0556179129255453,-0.0379659000379793,0.035520772510527
202506,NON PRIME,2027-12-01,852851.6768374055,-47433.83030074812,-32379.281510031964,30293.95039816297,773038.5650266254,-0.0556179129255453,-0.0379659000379793,0.035520772510527
202506,NRP-L,2025-10-01,29971.3,-509.4997965717337,-449.9966040092385,475.7015206915082,29011.80359941903,-0.0169995894930061,-0.0150142504332224,0.0158719014754618
202506,NRP-L,2025-11-01,29011.80359941903,-493.18875164184027,-435.5904847611404,460.47248835542683,28083.024363016048,-0.0169995894930061,-0.0150142504332224,0.0158719014754618
202506,NRP-L,2025-12-01,28083.024363016048,-477.39988589336195,-421.6455607086089,445.73099582278405,27183.978916414075,-0.0169995894930061,-0.0150142504332224,0.0158719014754618
202506,NRP-L,2026-01-01,27183.978916414075,-462.11648236557204,-408.1470672224786,431.461435072355,26313.715366826025,-0.0169995894930061,-0.0150142504332224,0.0158719014754618
202506,NRP-L,2026-02-01,26313.715366826025,-447.3223592718489,-395.0807123460586,417.6486977556078,25471.312295208118,-0.0169995894930061,-0.0150142504332224,0.0158719014754618
202506,NRP-L,2026-03-01,25471.312295208118,-433.001852866697,-382.43266166307154,404.278159200262,24655.877780678347,-0.0169995894930061,-0.0150142504332224,0.0158719014754618
202506,NRP-L,2026-04-01,24655.877780678347,-419.1398008612622,-370.18952365002843,391.33566292595447,23866.548456167056,-0.0169995894930061,-0.0150142504332224,0.0158719014754618
202506,NRP-L,2026-05-01,23866.548456167056,-405.7215263697785,-358.3383354975296,378.8075056556184,23102.488594299746,-0.0169995894930061,-0.0150142504332224,0.0158719014754618
202506,NRP-L,2026-06-01,23102.488594299746,-392.73282236995124,-346.86654938548054,366.6804228067055,22362.889222544312,-0.0169995894930061,-0.0150142504332224,0.0158719014754618
202506,NRP-L,2026-07-01,22362.889222544312,-380.15993666082363,-335.7620191976905,354.94157444688983,21646.9672666858,-0.0169995894930061,-0.0150142504332224,0.0158719014754618
202506,NRP-L,2026-08-01,21646.9672666858,-367.9895573021989,-325.0129876617884,343.5785316993836,20953.96472172181,-0.0169995894930061,-0.0150142504332224,0.0158719014754618
202506,NRP-L,2026-09-01,20953.96472172181,-356.2087985202026,-314.60807390083863,332.5792635834709,20283.14784930077,-0.0169995894930061,-0.0150142504332224,0.0158719014754618
202506,NRP-L,2026-10-01,20283.14784930077,-344.80518706406264,-304.5362613834781,321.9321242763267,19633.80640085323,-0.0169995894930061,-0.0150142504332224,0.0158719014754618
202506,NRP-L,2026-11-01,19633.80640085323,-333.7666489996605,-294.7868862598154,311.6258407826337,19005.252865593757,-0.0169995894930061,-0.0150142504332224,0.0158719014754618
202506,NRP-L,2026-12-01,19005.252865593757,-323.0814969258717,-285.3496260707423,301.64950099894213,18396.82174259714,-0.0169995894930061,-0.0150142504332224,0.0158719014754618
202506,NRP-L,2027-01-01,18396.82174259714,-312.7384176001605,-276.2144888187044,291.99254216013526,17807.868836178277,-0.0169995894930061,-0.0150142504332224,0.0158719014754618
202506,NRP-L,2027-02-01,17807.868836178277,-302.726459960327,-267.37180238835737,282.6447396557682,17237.770573829595,-0.0169995894930061,-0.0150142504332224,0.0158719014754618
202506,NRP-L,2027-03-01,17237.770573829595,-293.03502352972333,-258.81220430590935,273.59619620443794,16685.923345993964,-0.0169995894930061,-0.0150142504332224,0.0158719014754618
202506,NRP-L,2027-04-01,16685.923345993964,-283.6538471936642,-250.52663182630565,264.8373313747241,16151.742866973993,-0.0169995894930061,-0.0150142504332224,0.0158719014754618
202506,NRP-L,2027-05-01,16151.742866973993,-274.5729983351473,-242.5063123377611,256.3588714416041,15634.663556301086,-0.0169995894930061,-0.0150142504332224,0.0158719014754618
202506,NRP-L,2027-06-01,15634.663556301086,-265.7828623183813,-234.74275407348006,248.15183956760401,15134.137939909224,-0.0169995894930061,-0.0150142504332224,0.0158719014754618
202506,NRP-L,2027-07-01,15134.137939909224,-257.2741323089858,-227.22773712072964,240.2075462982876,14649.63607047951,-0.0169995894930061,-0.0150142504332224,0.0158719014754618
202506,NRP-L,2027-08-01,14649.63607047951,-249.03779942008666,-219.95330471774747,232.51758036202213,14180.644966341675,-0.0169995894930061,-0.0150142504332224,0.0158719014754618
202506,NRP-L,2027-09-01,14180.644966341675,-241.06514317387177,-212.91175482926855,225.07379976427836,13726.668068338535,-0.0169995894930061,-0.0150142504332224,0.0158719014754618
202506,NRP-L,2027-10-01,13726.668068338535,-233.3477222685101,-206.09563199175193,217.86832316703675,13287.224714078273,-0.0169995894930061,-0.0150142504332224,0.0158719014754618
202506,NRP-L,2027-11-01,13287.224714078273,-225.877365640656,-199.4977194196731,210.89352154417142,12861.849629017945,-0.0169995894930061,-0.0150142504332224,0.0158719014754618
202506,NRP-L,2027-12-01,12861.849629017945,-218.64616381407785,-193.11103136452405,204.1420101039777,12450.092433839343,-0.0169995894930061,-0.0150142504332224,0.0158719014754618
202506,NRP-M,2025-10-01,7085059.32,-187787.01945570938,-123464.55154811939,118554.65087853711,6773807.748996171,-0.0265046502752089,-0.0174260434488669,0.0167330498622469
202506,NRP-M,2025-11-01,6773807.748996171,-179537.40541864352,-118040.66814827858,113346.46282122735,6476229.675429249,-0.0265046502752089,-0.0174260434488669,0.0167330498622469
202506,NRP-M,2025-12-01,6476229.675429249,-171650.20264918188,-112855.05970887128,108367.07407832067,6191724.4130711965,-0.0265046502752089,-0.0174260434488669,0.0167330498622469
202506,NRP-M,2026-01-01,6191724.4130711965,-164109.49016892514,-107897.25864558858,103606.43333721174,5919717.664256683,-0.0265046502752089,-0.0174260434488669,0.0167330498622469
202506,NRP-M,2026-02-01,5919717.664256683,-156900.04641909985,-103157.25722236183,99054.93084643081,5659660.360615221,-0.0265046502752089,-0.0174260434488669,0.0167330498622469
202506,NRP-M,2026-03-01,5659660.360615221,-150007.31853456912,-98625.48734991055,94703.37901755676,5411027.554730741,-0.0265046502752089,-0.0174260434488669,0.0167330498622469
202506,NRP-M,2026-04-01,5411027.554730741,-143417.39296765707,-94292.80127175392,90542.9938793014,5173317.36049133,-0.0265046502752089,-0.0174260434488669,0.0167330498622469
202506,NRP-M,2026-05-01,5173317.36049133,-137116.9674024895,-90150.45309869935,86565.37734632894,4946049.9399901405,-0.0265046502752089,-0.0174260434488669,0.0167330498622469
202506,NRP-M,2026-06-01,4946049.9399901405,-131093.32390315662,-86190.08115453372,82762.5002670183,4728766.53493245,-0.0265046502752089,-0.0174260434488669,0.0167330498622469
202506,NRP-M,2026-07-01,4728766.53493245,-125334.303241496,-82403.69109728067,79126.68621594919,4521028.5405936735,-0.0265046502752089,-0.0174260434488669,0.0167330498622469
202506,NRP-M,2026-08-01,4521028.5405936735,-119828.28035267339,-78783.63978195268,75650.59599839526,4322416.620459047,-0.0265046502752089,-0.0174260434488669,0.0167330498622469
202506,NRP-M,2026-09-01,4322416.620459047,-114564.1408690174,-75322.61983222379,72327.21283554596,4132529.8597578057,-0.0265046502752089,-0.0174260434488669,0.0167330498622469
202506,NRP-M,2026-10-01,4132529.8597578057,-109531.25868473871,-72013.64488987936,69149.82820055155,3950984.9561831877,-0.0265046502752089,-0.0174260434488669,0.0167330498622469
202506,NRP-M,2026-11-01,3950984.9561831877,-104719.47450624694,-68850.03551226771,66112.02827680066,3777415.446164673,-0.0265046502752089,-0.0174260434488669,0.0167330498622469
202506,NRP-M,2026-12-01,3777415.446164673,-100119.07534476685,-65825.40568928655,63207.68101109509,3611470.9651306197,-0.0265046502752089,-0.0174260434488669,0.0167330498622469
202506,NRP-M,2027-01-01,3611470.9651306197,-95720.77490985823,-62933.64995268746,60430.92373558759,3452816.5402680743,-0.0265046502752089,-0.0174260434488669,0.0167330498622469
202506,NRP-M,2027-02-01,3452816.5402680743,-91515.69486426206,-60168.931051677755,57776.15133349651,3301131.914352135,-0.0265046502752089,-0.0174260434488669,0.0167330498622469
202506,NRP-M,2027-03-01,3301131.914352135,-87495.34690223419,-57525.66816994147,55238.00492470883,3156110.8992799595,-0.0265046502752089,-0.0174260434488669,0.0167330498622469
202506,NRP-M,2027-04-01,3156110.8992799595,-83651.61561519039,-54998.52566029496,52811.36104843246,3017460.758004474,-0.0265046502752089,-0.0174260434488669,0.0167330498622469
202506,NRP-M,2027-05-01,3017460.758004474,-79976.74211007533,-52582.40227423682,50491.32132106218,2884901.6136201615,-0.0265046502752089,-0.0174260434488669,0.0167330498622469
202506,NRP-M,2027-06-01,2884901.6136201615,-76463.30834738821,-50272.42086465117,48273.2025483827,2758165.8844081224,-0.0265046502752089,-0.0174260434488669,0.0167330498622469
202506,NRP-M,2027-07-01,2758165.8844081224,-73104.22216724954,-48063.918540878345,46152.527272149426,2636997.743699995,-0.0265046502752089,-0.0174260434488669,0.0167330498622469
202506,NRP-M,2027-08-01,2636997.743699995,-69892.70297328332,-45952.43725628009,44125.014731964584,2521152.6034704316,-0.0265046502752089,-0.0174260434488669,0.0167330498622469
202506,NRP-M,2027-09-01,2521152.6034704316,-66822.2680454162,-43933.71480929964,42186.57222420432,2410396.620615716,-0.0265046502752089,-0.0174260434488669,0.0167330498622469
202506,NRP-M,2027-10-01,2410396.620615716,-63886.719453964935,-42003.67623985142,40333.286840554196,2304506.2249219,-0.0265046502752089,-0.0174260434488669,0.0167330498622469
202506,NRP-M,2027-11-01,2304506.2249219,-61080.13154859685,-40158.42560367326,38561.417569476514,2203267.6677696295,-0.0265046502752089,-0.0174260434488669,0.0167330498622469
202506,NRP-M,2027-12-01,2203267.6677696295,-58396.83899690918,-38394.23810803721,36867.38774466565,2106476.5906646834,-0.0265046502752089,-0.0174260434488669,0.0167330498622469
202506,NRP-S,2025-10-01,2767480.41,-146219.00557368956,-61875.26079991526,57236.61966248005,2559386.1436263956,-0.0528347030191587,-0.0223579760768443,0.0206818517867955
202506,NRP-S,2025-11-01,2559386.1436263956,-135224.40680985045,-57222.69417060574,52932.844887659216,2366939.042645939,-0.0528347030191587,-0.0223579760768443,0.0206818517867955
202506,NRP-S,2025-12-01,2366939.042645939,-125056.52138265,-52919.96649082666,48952.68246838295,2188962.5547724627,-0.0528347030191587,-0.0223579760768443,0.0206818517867955
202506,NRP-S,2026-01-01,2188962.5547724627,-115653.18650146197,-48940.7724327107,45271.799124649304,2024368.59583829,-0.0528347030191587,-0.0223579760768443,0.0206818517867955
202506,NRP-S,2026-02-01,2024368.59583829,-106956.91356242735,-45260.784636467375,41867.69126097084,1872150.8976393952,-0.0528347030191587,-0.0223579760768443,0.0206818517867955
202506,NRP-S,2026-03-01,1872150.8976393952,-98914.53668382882,-41857.50498166418,38719.54738749413,1731378.8559739022,-0.0528347030191587,-0.0223579760768443,0.0206818517867955
202506,NRP-S,2026-04-01,1731378.8559739022,-91476.88766903186,-38710.12704181856,35808.1208860438,1601191.8412630516,-0.0528347030191587,-0.0223579760768443,0.0206818517867955
202506,NRP-S,2026-05-01,1601191.8412630516,-84598.49540983322,-35799.40888139758,33115.612343228626,1480793.9369718207,-0.0528347030191587,-0.0223579760768443,0.0206818517867955
202506,NRP-S,2026-06-01,1480793.9369718207,-78237.30789247695,-33107.55541755205,30625.560731236594,1369449.0736617916,-0.0528347030191587,-0.0223579760768443,0.0206818517867955
202506,NRP-S,2026-07-01,1369449.0736617916,-72354.43510678275,-30618.109627386926,28322.74277103757,1266476.528927622,-0.0528347030191587,-0.0223579760768443,0.0206818517867955
202506,NRP-S,2026-08-01,1266476.528927622,-66913.91128662585,-28315.851935648578,26193.0798627363,1171246.7657053475,-0.0528347030191587,-0.0223579760768443,0.0206818517867955
202506,NRP-S,2026-09-01,1171246.7657053475,-61882.47502819219,-26186.707167721423,24223.552014081593,1083177.583509434,-0.0528347030191587,-0.0223579760768443,0.0206818517867955
202506,NRP-S,2026-10-01,1083177.583509434,-57229.36594173092,-24217.658499077945,22402.11824092142,1001730.5590686252,-0.0528347030191587,-0.0223579760768443,0.0206818517867955
202506,NRP-S,2026-11-01,1001730.5590686252,-52926.13659360662,-22396.66787510019,20717.6429529611,926407.7545999184,-0.0528347030191587,-0.0223579760768443,0.0206818517867955
202506,NRP-S,2026-12-01,926407.7545999184,-48946.47858893234,-20712.60241474802,19159.82787477353,856748.673596238,-0.0528347030191587,-0.0223579760768443,0.0206818517867955
202506,NRP-S,2027-01-01,856748.673596238,-45266.061731515365,-19155.166348132774,17719.14908585103,792327.4455165899,-0.0528347030191587,-0.0223579760768443,0.0206818517867955
202506,NRP-S,2027-02-01,792327.4455165899,-41862.38527779767,-17714.838071887072,16386.7987947844,732750.2221669052,-0.0528347030191587,-0.0223579760768443,0.0206818517867955
202506,NRP-S,2027-03-01,732750.2221669052,-38714.64037541099,-16382.811937510012,15154.631491597409,677652.7698539841,-0.0528347030191587,-0.0223579760768443,0.0206818517867955
202506,NRP-S,2027-04-01,677652.7698539841,-35803.58284534555,-15150.944416802653,14015.114149031542,626698.242591836,-0.0528347030191587,-0.0223579760768443,0.0206818517867955
202506,NRP-S,2027-05-01,626698.242591836,-33111.415529968326,-14011.704315268635,12961.280168329564,579575.122746599,-0.0528347030191587,-0.0223579760768443,0.0206818517867955
202506,NRP-S,2027-06-01,579575.122746599,-30621.67948760901,-12958.12672910256,11986.686787958972,535995.3165298875,-0.0528347030191587,-0.0223579760768443,0.0206818517867955
202506,NRP-S,2027-07-01,535995.3165298875,-28319.15336851657,-11983.770464275813,11085.375694887674,495692.3926970951,-0.0528347030191587,-0.0223579760768443,0.0206818517867955
202506,NRP-S,2027-08-01,495692.3926970951,-26189.76035700721,-11082.678657395363,10251.836597603355,458419.95368269255,-0.0528347030191587,-0.0223579760768443,0.0206818517867955
202506,NRP-S,2027-09-01,458419.95368269255,-24220.48211088155,-10249.342357585712,9480.973538175105,423950.1292142253,-0.0528347030191587,-0.0223579760768443,0.0206818517867955
202506,NRP-S,2027-10-01,423950.1292142253,-22399.279171967548,-9478.666846746699,8768.073737401408,392072.18319551105,-0.0528347030191587,-0.0223579760768443,0.0206818517867955
202506,NRP-S,2027-11-01,392072.18319551105,-20715.01736120801,-8765.940492281352,8108.778782574894,362591.2253420217,-0.0528347030191587,-0.0223579760768443,0.0206818517867955
202506,NRP-S,2027-12-01,362591.2253420217,-19157.399708298566,-8106.805941870582,7499.057981716262,335327.0196918525,-0.0528347030191587,-0.0223579760768443,0.0206818517867955
202507,NON PRIME,2025-10-01,13508660.829999998,-858451.0286791777,-451428.3182466107,510402.23502683284,12198781.48307421,-0.0635481961892723,-0.0334176957973569,0.0377833333333333
202507,NON PRIME,2025-11-01,12198781.48307421,-775210.558956462,-407655.1686998042,460910.62703548686,11015915.755417943,-0.0635481961892723,-0.0334176957973569,0.0377833333333333
202507,NON PRIME,2025-12-01,11015915.755417943,-700041.5756297951,-368126.52164386783,416218.01695887424,9947747.65814428,-0.0635481961892723,-0.0334176957973569,0.0377833333333333
202507,NON PRIME,2026-01-01,9947747.65814428,-632161.4198211267,-332430.80510873505,375859.0656835511,8983155.433214419,-0.0635481961892723,-0.0334176957973569,0.0377833333333333
202507,NON PRIME,2026-02-01,8983155.433214419,-570863.3238686372,-300196.3555675333,339413.55611828447,8112095.753778247,-0.0635481961892723,-0.0334176957973569,0.0377833333333333
202507,NON PRIME,2026-03-01,8112095.753778247,-515509.0524672628,-271087.54817879206,306502.0178969212,7325499.153132193,-0.0635481961892723,-0.0334176957973569,0.0377833333333333
202507,NON PRIME,2026-04-01,7325499.153132193,-465522.25736759265,-244801.30226316722,276781.7763358444,6615175.593501434,-0.0635481961892723,-0.0334176957973569,0.0377833333333333
202507,NON PRIME,2026-05-01,6615175.593501434,-420382.4764423149,-221063.9256297308,249943.38450779562,5973729.191429388,-0.0635481961892723,-0.0334176957973569,0.0377833333333333
202507,NON PRIME,2026-06-01,5973729.191429388,-379619.71463853767,-199628.26489497809,225707.40128284018,5394481.211895872,-0.0635481961892723,-0.0334176957973569,0.0377833333333333
202507,NON PRIME,2026-07-01,5394481.211895872,-342809.5503929022,-180271.13212369345,203821.48178946553,4871400.529379276,-0.0635481961892723,-0.0334176957973569,0.0377833333333333
202507,NON PRIME,2026-08-01,4871400.529379276,-309568.7165575191,-162790.98099788,184057.75000171346,4399040.831823876,-0.0635481961892723,-0.0334176957973569,0.0377833333333333
202507,NON PRIME,2026-09-01,4399040.831823876,-279551.10982536327,-147005.80831804214,166210.42609574532,3972483.9136804705,-0.0635481961892723,-0.0334176957973569,0.0377833333333333
202507,NON PRIME,2026-10-01,3972483.9136804705,-252444.18710529475,-132751.25898726776,150093.68387189365,3587288.467587908,-0.0635481961892723,-0.0334176957973569,0.0377833333333333
202507,NON PRIME,2026-11-01,3587288.467587908,-227965.71132579033,-119878.9147472193,135539.71593369634,3239443.8415148985,-0.0635481961892723,-0.0334176957973569,0.0377833333333333
202507,NON PRIME,2026-12-01,3239443.8415148985,-205860.81278471867,-108254.74884836611,122396.98647857114,2925328.2798818136,-0.0635481961892723,-0.0334176957973569,0.0377833333333333
202507,NON PRIME,2027-01-01,2925328.2798818136,-185899.33544795593,-97757.73056449577,110528.6535082011,2641671.213869362,-0.0635481961892723,-0.0334176957973569,0.0377833333333333
202507,NON PRIME,2027-02-01,2641671.213869362,-167873.44056652332,-88278.56502172089,99811.14403069731,2385519.208281118,-0.0635481961892723,-0.0334176957973569,0.0377833333333333
202507,NON PRIME,2027-03-01,2385519.208281118,-151595.442661126,-79718.55522109008,90132.86741955482,2154205.2103989017,-0.0635481961892723,-0.0334176957973569,0.0377833333333333
202507,NON PRIME,2027-04-01,2154205.2103989017,-136895.855342382,-71988.57440619172,81393.0535329051,1945320.780650328,-0.0635481961892723,-0.0334176957973569,0.0377833333333333
202507,NON PRIME,2027-05-01,1945320.780650328,-123621.62661983537,-65008.13807604951,73500.70349557149,1756691.015954443,-0.0635481961892723,-0.0334176957973569,0.0377833333333333
202507,NON PRIME,2027-06-01,1756691.015954443,-111634.54532580501,-58704.56598111541,66373.64221947864,1586351.9046475226,-0.0635481961892723,-0.0334176957973569,0.0377833333333333
202507,NON PRIME,2027-07-01,1586351.9046475226,-100809.80206176655,-53012.22537706863,59937.66279726551,1432529.8772086874,-0.0635481961892723,-0.0334176957973569,0.0377833333333333
202507,NON PRIME,2027-08-01,1432529.8772086874,-91034.68968385182,-47871.847657184946,54125.75386053486,1293623.3398676505,-0.0635481961892723,-0.0334176957973569,0.0377833333333333
202507,NON PRIME,2027-09-01,1293623.3398676505,-82207.42979693113,-43229.91124805798,48877.40185799936,1168185.9988226613,-0.0635481961892723,-0.0334176957973569,0.0377833333333333
202507,NON PRIME,2027-10-01,1168185.9988226613,-74236.1130387435,-39038.08434338722,44137.96098884952,1054911.8014405305,-0.0635481961892723,-0.0334176957973569,0.0377833333333333
202507,NON PRIME,2027-11-01,1054911.8014405305,-67037.74212032149,-35252.721673581415,39858.084231094675,952621.3376466276,-0.0635481961892723,-0.0334176957973569,0.0377833333333333
202507,NON PRIME,2027-12-01,952621.3376466276,-60537.36765885489,-31834.410071546215,35993.20954074838,860249.5599162264,-0.0635481961892723,-0.0334176957973569,0.0377833333333333
202507,NRP-L,2025-10-01,114199.52,-2822.3304662788887,-1316.929633974966,1924.2619120000002,110060.25989974615,-0.0247140309020466,-0.0115318316046772,0.01685
202507,NRP-L,2025-11-01,110060.25989974615,-2720.032664249606,-1269.1963835308793,1854.5153793107227,106071.03085196565,-0.0247140309020466,-0.0115318316046772,0.01685
202507,NRP-L,2025-12-01,106071.03085196565,-2621.4427342874174,-1223.1932659193878,1787.2968698556213,102226.39485175886,-0.0247140309020466,-0.0115318316046772,0.01685
202507,NRP-L,2026-01-01,102226.39485175886,-2526.4262813711857,-1178.8575709837235,1722.5147532521369,98521.11099940396,-0.0247140309020466,-0.0115318316046772,0.01685
202507,NRP-L,2026-02-01,98521.11099940396,-2434.8537817432325,-1136.128861550837,1660.0807203399568,94950.12835610988,-0.0247140309020466,-0.0115318316046772,0.01685
202507,NRP-L,2026-03-01,94950.12835610988,-2346.6004063461905,-1094.9488910451448,1599.9096628004515,91508.57905871855,-0.0247140309020466,-0.0115318316046772,0.01685
202507,NRP-L,2026-04-01,91508.57905871855,-2261.5458506595446,-1055.2615240884327,1541.9195571394075,88191.77168397057,-0.0247140309020466,-0.0115318316046772,0.01685
202507,NRP-L,2026-05-01,88191.77168397057,-2179.574170703887,-1017.0126599776876,1486.031352874904,84995.184853289,-0.0247140309020466,-0.0115318316046772,0.01685
202507,NRP-L,2026-06-01,84995.184853289,-2100.5736249893475,-980.1501589365389,1432.1688647779197,81914.46106936311,-0.0247140309020466,-0.0115318316046772,0.01685
202507,NRP-L,2026-07-01,81914.46106936311,-2024.436522192733,-944.6237710397817,1380.2586690187684,78945.4007761306,-0.0247140309020466,-0.0115318316046772,0.01685
202507,NRP-L,2026-08-01,78945.4007761306,-1951.0590743557452,-910.3850677140908,1330.2300030778006,76083.95663406077,-0.0247140309020466,-0.0115318316046772,0.01685
202507,NRP-L,2026-09-01,76083.95663406077,-1880.3412554041513,-877.3873757215515,1282.014669283924,73326.22800293507,-0.0247140309020466,-0.0115318316046772,0.01685
202507,NRP-L,2026-10-01,73326.22800293507,-1812.186664795052,-845.5857135360129,1235.5469418494558,70668.455624604,-0.0247140309020466,-0.0115318316046772,0.01685
202507,NRP-L,2026-11-01,70668.455624604,-1746.502396106372,-814.9367300255367,1190.7634772745776,68107.01649847209,-0.0247140309020466,-0.0115318316046772,0.01685
202507,NRP-L,2026-12-01,68107.01649847209,-1683.1989103894368,-785.3986453573519,1147.6032279992548,65638.41894272531,-0.0247140309020466,-0.0115318316046772,0.01685
202507,NRP-L,2027-01-01,65638.41894272531,-1622.1899141119943,-756.9311940447624,1106.0073591849216,63259.297834568555,-0.0247140309020466,-0.0115318316046772,0.01685
202507,NRP-L,2027-02-01,63259.297834568555,-1563.3922415252966,-729.4955700583656,1065.9191685124802,60966.41002298489,-0.0247140309020466,-0.0115318316046772,0.01685
202507,NRP-L,2027-03-01,60966.41002298489,-1506.725741294892,-703.054373926766,1027.2840088872954,58756.629907763236,-0.0247140309020466,-0.0115318316046772,0.01685
202507,NRP-L,2027-04-01,58756.629907763236,-1452.113167240576,-677.5715617546657,990.0492139458105,56626.945178767994,-0.0247140309020466,-0.0115318316046772,0.01685
202507,NRP-L,2027-05-01,56626.945178767994,-1399.4800730365707,-653.01239608884,954.1640262622407,54574.45270964259,-0.0247140309020466,-0.0115318316046772,0.01685
202507,NRP-L,2027-06-01,54574.45270964259,-1348.7547107283876,-629.3433985650177,919.5795281574776,52596.35460034918,-0.0247140309020466,-0.0115318316046772,0.01685
202507,NRP-L,2027-07-01,52596.35460034918,-1299.8679329280303,-606.5323042711157,886.2485750158837,50689.954363150035,-0.0247140309020466,-0.0115318316046772,0.01685
202507,NRP-L,2027-08-01,50689.954363150035,-1252.7530985542217,-584.5480177646185,854.1257310190781,48852.6532468312,-0.0247140309020466,-0.0115318316046772,0.01685
202507,NRP-L,2027-09-01,48852.6532468312,-1207.3459819891534,-563.3605706841442,823.1672072091058,47081.94669415791,-0.0247140309020466,-0.0115318316046772,0.01685
202507,NRP-L,2027-10-01,47081.94669415791,-1163.5846855279292,-542.9410808974174,793.3308017965608,45375.42092773256,-0.0247140309020466,-0.0115318316046772,0.01685
202507,NRP-L,2027-11-01,45375.42092773256,-1121.4095550013544,-523.2617131299576,764.5758426322936,43730.74965960125,-0.0247140309020466,-0.0115318316046772,0.01685
202507,NRP-L,2027-12-01,43730.74965960125,-1080.763098457049,-504.2956410208164,736.8631317642811,42145.69092012339,-0.0247140309020466,-0.0115318316046772,0.01685
202507,NRP-M,2025-10-01,8680064.72,-164001.31370643692,-107470.72401314984,135047.3402686664,8408592.682280414,-0.0188940196872676,-0.0123813274992666,0.0155583333333333
202507,NRP-M,2025-11-01,8408592.682280414,-158872.1156812204,-104109.53980725039,130823.68781514584,8145611.026791942,-0.0188940196872676,-0.0123813274992666,0.0155583333333333
202507,NRP-M,2025-12-01,8145611.026791942,-153903.335105031,-100853.47780434832,126732.13155850438,7890854.213882564,-0.0188940196872676,-0.0123813274992666,0.0155583333333333
202507,NRP-M,2026-01-01,7890854.213882564,-149089.95486645564,-97699.25027104792,122768.54014432263,7644065.00874506,-0.0188940196872676,-0.0123813274992666,0.0155583333333333
202507,NRP-M,2026-02-01,7644065.00874506,-144427.11476598255,-94643.6722989568,118928.91142772498,7404994.2216801215,-0.0188940196872676,-0.0123813274992666,0.0155583333333333
202507,NRP-M,2026-03-01,7404994.2216801215,-139910.106608527,-91683.65858879835,115209.36843230632,7173400.456482796,-0.0188940196872676,-0.0123813274992666,0.0155583333333333
202507,NRP-M,2026-04-01,7173400.456482796,-135534.36944944033,-88816.22033510201,111606.1554354446,6949049.866698254,-0.0188940196872676,-0.0123813274992666,0.0155583333333333
202507,NRP-M,2026-05-01,6949049.866698254,-131295.4849892011,-86038.46220832599,108115.63417604678,6731715.919500727,-0.0188940196872676,-0.0123813274992666,0.0155583333333333
202507,NRP-M,2026-06-01,6731715.919500727,-127189.17311213944,-83347.5794313651,104734.2801808986,6521179.166957223,-0.0188940196872676,-0.0123813274992666,0.0155583333333333
202507,NRP-M,2026-07-01,6521179.166957223,-123211.28756468909,-80740.85494749191,101458.67920590924,6317227.024445042,-0.0188940196872676,-0.0123813274992666,0.0155583333333333
202507,NRP-M,2026-08-01,6317227.024445042,-119357.81176880353,-78215.65667687151,98285.52378865724,6119653.555999367,-0.0188940196872676,-0.0123813274992666,0.0155583333333333
202507,NRP-M,2026-09-01,6119653.555999367,-115624.8547663092,-75769.43485887958,95211.60990875661,5928259.266374177,-0.0188940196872676,-0.0123813274992666,0.0155583333333333
202507,NRP-M,2026-10-01,5928259.266374177,-112008.64729010027,-73399.71947754064,92233.83375267139,5742850.899606536,-0.0188940196872676,-0.0123813274992666,0.0155583333333333
202507,NRP-M,2026-11-01,5742850.899606536,-108505.53795820833,-71104.11776748634,89349.18857971151,5563241.243880841,-0.0188940196872676,-0.0123813274992666,0.0155583333333333
202507,NRP-M,2026-12-01,5563241.243880841,-105111.9895869037,-68880.31179791597,86554.76168604591,5389248.942496021,-0.0188940196872676,-0.0123813274992666,0.0155583333333333
202507,NRP-M,2027-01-01,5389248.942496021,-101824.57561910592,-66726.05613211943,83847.73146366709,5220698.310744796,-0.0188940196872676,-0.0123813274992666,0.0155583333333333
202507,NRP-M,2027-02-01,5220698.310744796,-98639.97666449686,-64639.175560199226,81225.36455133761,5057419.1585201,-0.0188940196872676,-0.0123813274992666,0.0155583333333333
202507,NRP-M,2027-03-01,5057419.1585201,-95554.97714784309,-62617.56290270266,78685.01307464173,4899246.618469554,-0.0188940196872676,-0.0123813274992666,0.0155583333333333
202507,NRP-M,2027-04-01,4899246.618469554,-92566.46206214296,-60659.17688294599,76224.11197235531,4746020.979524465,-0.0188940196872676,-0.0123813274992666,0.0155583333333333
202507,NRP-M,2027-05-01,4746020.979524465,-89671.4138233203,-58762.040065882466,73840.17640643465,4597587.525635262,-0.0188940196872676,-0.0123813274992666,0.0155583333333333
202507,NRP-M,2027-06-01,4597587.525635262,-86866.90922328856,-56924.23686143295,71530.79925300847,4453796.379550541,-0.0188940196872676,-0.0123813274992666,0.0155583333333333
202507,NRP-M,2027-07-01,4453796.379550541,-84150.11647830906,-55143.91159026313,69293.64867184035,4314502.351481969,-0.0188940196872676,-0.0123813274992666,0.0155583333333333
202507,NRP-M,2027-08-01,4314502.351481969,-81518.29236966267,-53419.2666100541,67126.46575180683,4179564.7925022515,-0.0188940196872676,-0.0123813274992666,0.0155583333333333
202507,NRP-M,2027-09-01,4179564.7925022515,-78968.77947374806,-51748.560500374624,65027.06223001406,4048847.452528129,-0.0188940196872676,-0.0123813274992666,0.0155583333333333
202507,NRP-M,2027-10-01,4048847.452528129,-76499.00347880973,-50130.10630432204,62993.31828225001,3922218.3427449972,-0.0188940196872676,-0.0123813274992666,0.0155583333333333
202507,NRP-M,2027-11-01,3922218.3427449972,-74106.47058558607,-48562.2698251565,61023.180382540784,3799549.602334255,-0.0188940196872676,-0.0123813274992666,0.0155583333333333
202507,NRP-M,2027-12-01,3799549.602334255,-71788.76498925319,-47043.46797620858,59114.65922965032,3680717.369368793,-0.0188940196872676,-0.0123813274992666,0.0155583333333333
202507,NRP-S,2025-10-01,3125154.64,-134288.0281641161,-54379.50509468187,66357.45018933323,2936487.106741202,-0.0429700426485507,-0.017400580566049,0.0212333333333333
202507,NRP-S,2025-11-01,2936487.106741202,-126180.9762135887,-51096.58048201442,62351.40956647142,2759209.5500455988,-0.0429700426485507,-0.017400580566049,0.0212333333333333
202507,NRP-S,2025-12-01,2759209.5500455988,-118563.35204174777,-48011.848074180256,58587.216112634786,2592634.349929671,-0.0429700426485507,-0.017400580566049,0.0212333333333333
202507,NRP-S,2026-01-01,2592634.349929671,-111405.60858857547,-45113.34288425732,55050.26936350659,2436115.398456838,-0.0429700426485507,-0.017400580566049,0.0212333333333333
202507,NRP-S,2026-02-01,2436115.398456838,-104679.98256848141,-42389.822259040775,51726.85029390011,2289045.593629316,-0.0429700426485507,-0.017400580566049,0.0212333333333333
202507,NRP-S,2026-03-01,2289045.593629316,-98360.38678272876,-39830.722271306375,48604.06810472906,2150854.484575281,-0.0429700426485507,-0.017400580566049,0.0212333333333333
202507,NRP-S,2026-04-01,2150854.484575281,-92422.30893302635,-37426.116744699975,45669.81022248173,2021006.0588975546,-0.0429700426485507,-0.017400580566049,0.0212333333333333
202507,NRP-S,2026-05-01,2021006.0588975546,-86842.71654380728,-35166.67875232008,42912.695317258,1898996.6636014273,-0.0429700426485507,-0.017400580566049,0.0212333333333333
202507,NRP-S,2026-06-01,1898996.6636014273,-81599.96762440882,-33043.64443965489,40322.02915713691,1784353.0515373636,-0.0429700426485507,-0.017400580566049,0.0212333333333333
202507,NRP-S,2026-07-01,1784353.0515373636,-76673.7267246321,-31048.77903155128,37887.76312764329,1676630.5457811803,-0.0429700426485507,-0.017400580566049,0.0212333333333333
202507,NRP-S,2026-08-01,1676630.5457811803,-72044.88605808016,-29174.344891364137,35600.45525542033,1575411.3148317358,-0.0429700426485507,-0.017400580566049,0.0212333333333333
202507,NRP-S,2026-09-01,1575411.3148317358,-67695.49138732902,-27413.07150839481,33451.23358492713,1480302.751936012,-0.0429700426485507,-0.017400580566049,0.0212333333333333
202507,NRP-S,2026-10-01,1480302.751936012,-63608.6723834574,-25758.127297206625,31431.761766107935,1390935.952255348,-0.0429700426485507,-0.017400580566049,0.0212333333333333
202507,NRP-S,2026-11-01,1390935.952255348,-59768.57718981478,-24203.09309943327,29534.206719555175,1306964.2819661,-0.0429700426485507,-0.017400580566049,0.0212333333333333
202507,NRP-S,2026-12-01,1306964.2819661,-56160.310936215756,-22741.937285299507,27751.208253746812,1228062.0337445848,-0.0429700426485507,-0.017400580566049,0.0212333333333333
202507,NRP-S,2027-01-01,1228062.0337445848,-52769.877965070715,-21368.992358278636,26075.850516509974,1153923.1634212353,-0.0429700426485507,-0.017400580566049,0.0212333333333333
202507,NRP-S,2027-02-01,1153923.1634212353,-49584.12754536102,-20078.932972141334,24501.635169977522,1084260.102903733,-0.0429700426485507,-0.017400580566049,0.0212333333333333
202507,NRP-S,2027-03-01,1084260.102903733,-46590.70286389538,-18866.755275128988,23022.456184989227,1018802.6447647087,-0.0429700426485507,-0.017400580566049,0.0212333333333333
202507,NRP-S,2027-04-01,1018802.6447647087,-43777.99309599578,-17727.757501132113,21632.576157170613,957296.8941675809,-0.0429700426485507,-0.017400580566049,0.0212333333333333
202507,NRP-S,2027-05-01,957296.8941675809,-41135.08836970608,-16657.521732591475,20326.604052824932,899504.2840652834,-0.0429700426485507,-0.017400580566049,0.0212333333333333
202507,NRP-S,2027-06-01,899504.2840652834,-38651.73744883929,-15651.89676438419,19099.474298319485,845200.6498520599,-0.0429700426485507,-0.017400580566049,0.0212333333333333
202507,NRP-S,2027-07-01,845200.6498520599,-36318.30797072578,-14706.98200222774,17946.42713185871,794175.3598791064,-0.0429700426485507,-0.017400580566049,0.0212333333333333
202507,NRP-S,2027-08-01,794175.3598791064,-34125.7490844333,-13819.11233314735,16862.990141432998,746230.4984615258,-0.0429700426485507,-0.017400580566049,0.0212333333333333
202507,NRP-S,2027-09-01,746230.4984615258,-32065.556344541008,-12984.843909322684,15844.960917333037,701180.0982076621,-0.0429700426485507,-0.017400580566049,0.0212333333333333
202507,NRP-S,2027-10-01,701180.0982076621,-30129.738724298208,-12200.940790172575,14888.390751942668,658849.4186931914,-0.0429700426485507,-0.017400580566049,0.0212333333333333
202507,NRP-S,2027-11-01,658849.4186931914,-28310.78762021927,-11464.362390865428,13989.569323585407,619074.2686821066,-0.0429700426485507,-0.017400580566049,0.0212333333333333
202507,NRP-S,2027-12-01,619074.2686821066,-26601.647727890457,-10772.251688570863,13145.010305016709,581700.3692656454,-0.0429700426485507,-0.017400580566049,0.0212333333333333
202507,PRIME,2025-10-01,9843.27,-145.6770480453149,-80.43685758254294,111.228951,9617.156094372143,-0.0147996598737325,-0.0081717617806423,0.0113
202507,PRIME,2025-11-01,9617.156094372143,-142.33063914930136,-78.58910861046145,108.67386386640521,9396.23634661238,-0.0147996598737325,-0.0081717617806423,0.0113
202507,PRIME,2025-12-01,9396.23634661238,-139.0611020230661,-76.7838050591291,106.1774707167199,9180.391439530185,-0.0147996598737325,-0.0081717617806423,0.0113
202507,PRIME,2026-01-01,9180.391439530185,-135.8666708127722,-75.01997189688852,103.73842326669109,8969.504796820524,-0.0147996598737325,-0.0081717617806423,0.0113
202507,PRIME,2026-02-01,8969.504796820524,-132.74562022875588,-73.29665648994573,101.35540420407192,8763.462520101823,-0.0147996598737325,-0.0081717617806423,0.0113
202507,PRIME,2026-03-01,8763.462520101823,-129.69626461370962,-71.61292808785933,99.02712647715059,8562.153327400254,-0.0147996598737325,-0.0081717617806423,0.0113
202507,PRIME,2026-04-01,8562.153327400254,-126.71695703227074,-69.9678773208487,96.75233259962286,8365.468493047134,-0.0147996598737325,-0.0081717617806423,0.0113
202507,PRIME,2026-05-01,8365.468493047134,-123.80608838152315,-68.3606157086499,94.52979397143261,8173.301788956961,-0.0147996598737325,-0.0081717617806423,0.0113
202507,PRIME,2026-06-01,8173.301788956961,-120.96208652193239,-66.79027518065384,92.35831021521365,7985.549427254375,-0.0147996598737325,-0.0081717617806423,0.0113
202507,PRIME,2026-07-01,7985.549427254375,-118.18341542824412,-65.25600760706732,90.23670852797443,7802.110004219063,-0.0147996598737325,-0.0081717617806423,0.0113
202507,PRIME,2026-08-01,7802.110004219063,-115.46857435988777,-63.75698434084428,88.1638430476754,7622.884445518331,-0.0147996598737325,-0.0081717617806423,0.0113
202507,PRIME,2026-09-01,7622.884445518331,-112.81609705043725,-62.29239577013937,86.13859423435713,7447.775952697754,-0.0147996598737325,-0.0081717617806423,0.0113
202507,PRIME,2026-10-01,7447.775952697754,-110.22455091569078,-60.86145088104231,84.15986826548462,7276.689950901021,-0.0147996598737325,-0.0081717617806423,0.0113
202507,PRIME,2026-11-01,7276.689950901021,-107.69253627994235,-59.46337683035686,82.22659644518153,7109.534037790722,-0.0147996598737325,-0.0081717617806423,0.0113
202507,PRIME,2026-12-01,7109.534037790722,-105.21868562002675,-58.09741852819376,80.33773462703516,6946.2179336425015,-0.0147996598737325,-0.0081717617806423,0.0113
202507,PRIME,2027-01-01,6946.2179336425015,-102.80166282673001,-56.76283823015193,78.49226265016026,6786.65343258562,-0.0147996598737325,-0.0081717617806423,0.0113
202507,PRIME,2027-02-01,6786.65343258562,-100.44016248316633,-55.45891513886804,76.6891837882175,6630.754354963586,-0.0147996598737325,-0.0081717617806423,0.0113
202507,PRIME,2027-03-01,6630.754354963586,-98.1329091597316,-54.18494501471892,74.92752421108851,6478.436500789135,-0.0147996598737325,-0.0081717617806423,0.0113
202507,PRIME,2027-04-01,6478.436500789135,-95.87865672525294,-52.940239795466695,73.20633245891722,6329.617604268416,-0.0147996598737325,-0.0081717617806423,0.0113
202507,PRIME,2027-05-01,6329.617604268416,-93.6761876739621,-51.72412722464132,71.52467892823309,6184.2172893698125,-0.0147996598737325,-0.0081717617806423,0.0113
202507,PRIME,2027-06-01,6184.2172893698125,-91.52431246792918,-50.53595048845956,69.88165536987887,6042.157026413423,-0.0147996598737325,-0.0081717617806423,0.0113
202507,PRIME,2027-07-01,6042.157026413423,-89.42186889460162,-49.375067861084545,68.27637439847167,5903.360089657737,-0.0147996598737325,-0.0081717617806423,0.0113
202507,PRIME,2027-08-01,5903.360089657737,-87.3677214391015,-48.2408523580342,66.70796901313243,5767.751515860601,-0.0147996598737325,-0.0081717617806423,0.0113
202507,PRIME,2027-09-01,5767.751515860601,-85.36076067094193,-47.132691397551355,65.17559212922478,5635.258063792107,-0.0147996598737325,-0.0081717617806423,0.0113
202507,PRIME,2027-10-01,5635.258063792107,-83.39990264483154,-46.049986469752675,63.67841612085081,5505.808174677522,-0.0147996598737325,-0.0081717617806423,0.0113
202507,PRIME,2027-11-01,5505.808174677522,-81.4840883152433,-44.99215281337772,62.215632373855996,5379.331933548902,-0.0147996598737325,-0.0081717617806423,0.0113
202507,PRIME,2027-12-01,5379.331933548902,-79.61228296443154,-43.95861909996356,60.78645084910259,5255.761031484507,-0.0147996598737325,-0.0081717617806423,0.0113
202508,NON PRIME,2025-10-01,10582346.66,-2116469.332,-1122892.0480238034,401423.6833026663,7342985.279976197,-0.2,-0.1061099285537678,0.0379333333333333
202508,NON PRIME,2025-11-01,7342985.279976197,-1468597.0559952394,-779163.6434296429,278543.9082870968,5095224.580551315,-0.2,-0.1061099285537678,0.0379333333333333
202508,NON PRIME,2025-12-01,5095224.580551315,-1019044.9161102631,-540653.9162077015,193278.85242224636,3535525.7482333505,-0.2,-0.1061099285537678,0.0379333333333333
202508,NON PRIME,2026-01-01,3535525.7482333505,-707105.1496466701,-375154.38454504724,134114.2767163183,2453266.214041633,-0.2,-0.1061099285537678,0.0379333333333333
202508,NON PRIME,2026-02-01,2453266.214041633,-490653.2428083266,-260315.90269533012,93060.56505264586,1702297.0685379764,-0.2,-0.1061099285537678,0.0379333333333333
202508,NON PRIME,2026-03-01,1702297.0685379764,-340459.4137075953,-180630.62031985304,64573.80213320717,1181207.034510528,-0.2,-0.1061099285537678,0.0379333333333333
202508,NON PRIME,2026-04-01,1181207.034510528,-236241.4069021056,-125337.79403912007,44807.12017576599,819627.8335693023,-0.2,-0.1061099285537678,0.0379333333333333
202508,NON PRIME,2026-05-01,819627.8335693023,-163925.5667138605,-86970.65086071816,31091.215820062174,568731.6159947237,-0.2,-0.1061099285537678,0.0379333333333333
202508,NON PRIME,2026-06-01,568731.6159947237,-113746.32319894475,-60348.071139469044,21573.885966733167,394637.22165630996,-0.2,-0.1061099285537678,0.0379333333333333
202508,NON PRIME,2026-07-01,394637.22165630996,-78927.444331262,-41874.92739460848,14969.905274829343,273834.8499304395,-0.2,-0.1061099285537678,0.0379333333333333
202508,NON PRIME,2026-08-01,273834.8499304395,-54766.969986087905,-29056.596361650663,10387.468640694662,190011.28358270094,-0.2,-0.1061099285537678,0.0379333333333333
202508,NON PRIME,2026-09-01,190011.28358270094,-38002.25671654019,-20162.08372537011,7207.761357237116,131846.94314079062,-0.2,-0.1061099285537678,0.0379333333333333
202508,NON PRIME,2026-10-01,131846.94314079062,-26369.388628158125,-13990.26971670198,5001.394043140653,91487.28479593052,-0.2,-0.1061099285537678,0.0379333333333333
202508,NON PRIME,2026-11-01,91487.28479593052,-18297.456959186104,-9707.709253274395,3470.4176699256277,63482.118583470015,-0.2,-0.1061099285537678,0.0379333333333333
202508,NON PRIME,2026-12-01,63482.118583470015,-12696.423716694004,-6736.083067333819,2408.0883649329603,44049.611799442195,-0.2,-0.1061099285537678,0.0379333333333333
202508,NON PRIME,2027-01-01,44049.611799442195,-8809.92235988844,-4674.101160860018,1670.9486075921723,30565.588278693736,-0.2,-0.1061099285537678,0.0379333333333333
202508,NON PRIME,2027-02-01,30565.588278693736,-6113.117655738748,-3243.312388456075,1159.4546487051146,21209.158234498915,-0.2,-0.1061099285537678,0.0379333333333333
202508,NON PRIME,2027-03-01,21209.158234498915,-4241.831646899783,-2250.5022649482357,804.5340690286581,14716.824322650895,-0.2,-0.1061099285537678,0.0379333333333333
202508,NON PRIME,2027-04-01,14716.824322650895,-2943.364864530179,-1561.6011774148387,558.2582026392234,10211.858280705877,-0.2,-0.1061099285537678,0.0379333333333333
202508,NON PRIME,2027-05-01,10211.858280705877,-2042.3716561411757,-1083.5795525669027,387.3698241147759,7085.907071997799,-0.2,-0.1061099285537678,0.0379333333333333
202508,NON PRIME,2027-06-01,7085.907071997799,-1417.1814143995598,-751.8850931483245,268.79207493111625,4916.840564449914,-0.2,-0.1061099285537678,0.0379333333333333
202508,NON PRIME,2027-07-01,4916.840564449914,-983.368112889983,-521.7256010040478,186.51215207813325,3411.7468505558836,-0.2,-0.1061099285537678,0.0379333333333333
202508,NON PRIME,2027-08-01,3411.7468505558836,-682.3493701111768,-362.0202145560271,129.4189305310864,2367.37726588868,-0.2,-0.1061099285537678,0.0379333333333333
202508,NON PRIME,2027-09-01,2367.37726588868,-473.47545317773603,-251.202232543262,89.80251095271052,1642.6995801676821,-0.2,-0.1061099285537678,0.0379333333333333
202508,NON PRIME,2027-10-01,1642.6995801676821,-328.53991603353643,-174.3067350868971,62.31307074102735,1139.8529290472486,-0.2,-0.1061099285537678,0.0379333333333333
202508,NON PRIME,2027-11-01,1139.8529290472486,-227.97058580944974,-120.94971286300651,43.23842110852559,790.9326303747923,-0.2,-0.1061099285537678,0.0379333333333333
202508,NON PRIME,2027-12-01,790.9326303747923,-158.18652607495846,-83.92580489991285,30.002711112217096,548.820299399921,-0.2,-0.1061099285537678,0.0379333333333333
202508,NRP-L,2025-10-01,46868.77,-9373.753999999999,-1562.8571201826755,717.8733271666634,35932.15887981732,-0.2,-0.0333453837210295,0.0153166666666666
202508,NRP-L,2025-11-01,35932.15887981732,-7186.431775963464,-1198.1716257725059,550.3609001758662,27547.555478081347,-0.2,-0.0333453837210295,0.0153166666666666
202508,NRP-L,2025-12-01,27547.555478081347,-5509.51109561627,-918.5838079929707,421.93672473927745,21119.46057447211,-0.2,-0.0333453837210295,0.0153166666666666
202508,NRP-L,2026-01-01,21119.46057447211,-4223.892114894422,-704.2365168369265,323.4797377989964,16191.33194274076,-0.2,-0.0333453837210295,0.0153166666666666
202508,NRP-L,2026-02-01,16191.33194274076,-3238.2663885481525,-539.9061765852526,247.99723425631157,12413.159377607355,-0.2,-0.0333453837210295,0.0153166666666666
202508,NRP-L,2026-03-01,12413.159377607355,-2482.631875521471,-413.921562636613,190.1282244670185,9516.605939449271,-0.2,-0.0333453837210295,0.0153166666666666
202508,NRP-L,2026-04-01,9516.605939449271,-1903.3211878898544,-317.3348767727644,145.76268097256403,7295.949874786652,-0.2,-0.0333453837210295,0.0153166666666666
202508,NRP-L,2026-05-01,7295.949874786652,-1459.1899749573304,-243.28624818415804,111.74963224881506,5593.473651645163,-0.2,-0.0333453837210295,0.0153166666666666
202508,NRP-L,2026-06-01,5593.473651645163,-1118.6947303290326,-186.51652524757606,85.67337143103137,4288.262396068554,-0.2,-0.0333453837210295,0.0153166666666666
202508,NRP-L,2026-07-01,4288.262396068554,-857.6524792137109,-142.99375509336733,65.68188569978307,3287.616161761476,-0.2,-0.0333453837210295,0.0153166666666666
202508,NRP-L,2026-08-01,3287.616161761476,-657.5232323522953,-109.62682244139461,50.35532087764639,2520.4661069677863,-0.2,-0.0333453837210295,0.0153166666666666
202508,NRP-L,2026-09-01,2520.4661069677863,-504.0932213935573,-84.04590949269021,38.605139205056425,1932.3269760815388,-0.2,-0.0333453837210295,0.0153166666666666
202508,NRP-L,2026-10-01,1932.3269760815388,-386.4653952163078,-64.4341844919355,29.596808183648772,1481.4273963732956,-0.2,-0.0333453837210295,0.0153166666666666
202508,NRP-L,2026-11-01,1481.4273963732956,-296.2854792746591,-49.39876498691321,22.690529621117545,1135.7431521117232,-0.2,-0.0333453837210295,0.0153166666666666
202508,NRP-L,2026-12-01,1135.7431521117232,-227.14863042234467,-37.87179121569699,17.395799279844486,870.7227304736816,-0.2,-0.0333453837210295,0.0153166666666666
202508,NRP-L,2027-01-01,870.7227304736816,-174.14454609473634,-29.03458356226746,13.336569821755166,667.5436008166778,-0.2,-0.0333453837210295,0.0153166666666666
202508,NRP-L,2027-02-01,667.5436008166778,-133.50872016333557,-22.25949751974986,10.224542819175403,511.7753831335924,-0.2,-0.0333453837210295,0.0153166666666666
202508,NRP-L,2027-03-01,511.7753831335924,-102.35507662671849,-17.06534652956653,7.838692951662823,392.35495997730743,-0.2,-0.0333453837210295,0.0153166666666666
202508,NRP-L,2027-04-01,392.35495997730743,-78.47099199546149,-13.083226695292488,6.009570136985733,300.8007412865535,-0.2,-0.0333453837210295,0.0153166666666666
202508,NRP-L,2027-05-01,300.8007412865535,-60.1601482573107,-10.030316141770246,4.607264687372358,230.61027688747254,-0.2,-0.0333453837210295,0.0153166666666666
202508,NRP-L,2027-06-01,230.61027688747254,-46.12205537749451,-7.689788172825632,3.532180740993106,176.79843333715237,-0.2,-0.0333453837210295,0.0153166666666666
202508,NRP-L,2027-07-01,176.79843333715237,-35.35968666743047,-5.8954116009042,2.7079626706140387,135.5433350688177,-0.2,-0.0333453837210295,0.0153166666666666
202508,NRP-L,2027-08-01,135.5433350688177,-27.10866701376354,-4.5197445186978005,2.076072082137382,103.91492353635635,-0.2,-0.0333453837210295,0.0153166666666666
202508,NRP-L,2027-09-01,103.91492353635635,-20.78298470727127,-3.4650829996612424,1.5916302454985178,79.66685582942384,-0.2,-0.0333453837210295,0.0153166666666666
202508,NRP-L,2027-10-01,79.66685582942384,-15.933371165884768,-2.6565218774800736,1.2202306751206697,61.076962786059,-0.2,-0.0333453837210295,0.0153166666666666
202508,NRP-L,2027-11-01,61.076962786059,-12.2153925572118,-2.036634760616176,0.9354954800064663,46.824935468231025,-0.2,-0.0333453837210295,0.0153166666666666
202508,NRP-L,2027-12-01,46.824935468231025,-9.364987093646205,-1.5613954409006077,0.7172019282550688,35.898552933684215,-0.2,-0.0333453837210295,0.0153166666666666
202508,NRP-M,2025-10-01,7533596.42,-1506719.284,-303349.4680745007,118654.143615,5723527.667925499,-0.2,-0.0402662222878274,0.01575
202508,NRP-M,2025-11-01,5723527.667925499,-1144705.5335851,-230464.8373472185,90145.56076982661,4348357.296993181,-0.2,-0.0402662222878274,0.01575
202508,NRP-M,2025-12-01,4348357.296993181,-869671.4593986362,-175091.92150762372,68486.6274276426,3303593.9160869215,-0.2,-0.0402662222878274,0.01575
202508,NRP-M,2026-01-01,3303593.9160869215,-660718.7832173844,-133023.2469738702,52031.604178369016,2509851.8858956667,-0.2,-0.0402662222878274,0.01575
202508,NRP-M,2026-02-01,2509851.8858956667,-501970.37717913336,-101062.25394699772,39530.16720285675,1906819.2547695357,-0.2,-0.0402662222878274,0.01575
202508,NRP-M,2026-03-01,1906819.2547695357,-381363.8509539072,-76780.40797525951,30032.403262620188,1448674.995840369,-0.2,-0.0402662222878274,0.01575
202508,NRP-M,2026-04-01,1448674.995840369,-289734.9991680738,-58332.66940532573,22816.631184485814,1100607.3272669695,-0.2,-0.0402662222878274,0.01575
202508,NRP-M,2026-05-01,1100607.3272669695,-220121.4654533939,-44317.29929134339,17334.56540445477,836168.5625222322,-0.2,-0.0402662222878274,0.01575
202508,NRP-M,2026-06-01,836168.5625222322,-167233.71250444645,-33669.349208613305,13169.654859725157,635265.5008091725,-0.2,-0.0402662222878274,0.01575
202508,NRP-M,2026-07-01,635265.5008091725,-127053.1001618345,-25579.741867370136,10005.431637744467,482632.65877996787,-0.2,-0.0402662222878274,0.01575
202508,NRP-M,2026-08-01,482632.65877996787,-96526.53175599358,-19433.793921799337,7601.464375784494,366672.333102175,-0.2,-0.0402662222878274,0.01575
202508,NRP-M,2026-09-01,366672.333102175,-73334.46662043499,-14764.50967148847,5775.089246359256,278573.3568102515,-0.2,-0.0402662222878274,0.01575
202508,NRP-M,2026-10-01,278573.3568102515,-55714.6713620503,-11217.096708787843,4387.530369761461,211641.58873941336,-0.2,-0.0402662222878274,0.01575
202508,NRP-M,2026-11-01,211641.58873941336,-42328.31774788268,-8522.007257530166,3333.3550226457605,160791.2637340005,-0.2,-0.0402662222878274,0.01575
202508,NRP-M,2026-12-01,160791.2637340005,-32158.252746800103,-6474.456767453944,2532.462403810508,122158.55421974645,-0.2,-0.0402662222878274,0.01575
202508,NRP-M,2027-01-01,122158.55421974645,-24431.71084394929,-4918.863498571926,1923.9972289610066,92807.97987722524,-0.2,-0.0402662222878274,0.01575
202508,NRP-M,2027-02-01,92807.97987722524,-18561.59597544505,-3737.0267478205637,1461.7256830662975,70509.35715395963,-0.2,-0.0402662222878274,0.01575
202508,NRP-M,2027-03-01,70509.35715395963,-14101.871430791927,-2839.1454485331515,1110.5223751748642,53568.34027463455,-0.2,-0.0402662222878274,0.01575
202508,NRP-M,2027-04-01,53568.34027463455,-10713.668054926911,-2156.994697088412,843.7013593254942,40697.67752261923,-0.2,-0.0402662222878274,0.01575
202508,NRP-M,2027-05-01,40697.67752261923,-8139.535504523847,-1638.7417297241027,640.988420981253,30919.400288371282,-0.2,-0.0402662222878274,0.01575
202508,NRP-M,2027-06-01,30919.400288371282,-6183.880057674257,-1245.0074450178727,486.9805545418477,23490.51278567915,-0.2,-0.0402662222878274,0.01575
202508,NRP-M,2027-07-01,23490.51278567915,-4698.1025571358305,-945.8742094832083,369.97557637444663,17846.536019060113,-0.2,-0.0402662222878274,0.01575
202508,NRP-M,2027-08-01,17846.536019060113,-3569.3072038120226,-718.6125864111928,281.0829423001968,13558.616228836898,-0.2,-0.0402662222878274,0.01575
202508,NRP-M,2027-09-01,13558.616228836898,-2711.72324576738,-545.9542549856906,213.54820560418113,10300.938728083827,-0.2,-0.0402662222878274,0.01575
202508,NRP-M,2027-10-01,10300.938728083827,-2060.1877456167654,-414.7798885983134,162.23978496732028,7825.971093868748,-0.2,-0.0402662222878274,0.01575
202508,NRP-M,2027-11-01,7825.971093868748,-1565.1942187737495,-315.1222916838307,123.25904472843277,5945.654583411168,-0.2,-0.0402662222878274,0.01575
202508,NRP-M,2027-12-01,5945.654583411168,-1189.1309166822336,-239.40904910227388,93.64405968872589,4517.11461762666,-0.2,-0.0402662222878274,0.01575
202508,NRP-S,2025-10-01,3257214.8600000003,-651442.9720000001,-224271.94683697284,66800.04808716656,2381499.9411630277,-0.2,-0.0688539001805281,0.0205083333333333
202508,NRP-S,2025-11-01,2381499.9411630277,-476299.98823260557,-163975.55922877265,48840.59462668501,1741224.3937016493,-0.2,-0.0688539001805281,0.0205083333333333
202508,NRP-S,2025-12-01,1741224.3937016493,-348244.8787403299,-119890.09059583393,35709.610274164595,1273089.4243654856,-0.2,-0.0688539001805281,0.0205083333333333
202508,NRP-S,2026-01-01,1273089.4243654856,-254617.88487309712,-87657.17214614712,26108.94227802879,930814.3673462414,-0.2,-0.0688539001805281,0.0205083333333333
202508,NRP-S,2026-02-01,930814.3673462414,-186162.8734692483,-64090.19953585952,19089.45131699247,680561.2943411336,-0.2,-0.0688539001805281,0.0205083333333333
202508,NRP-S,2026-03-01,680561.2943411336,-136112.25886822672,-46859.29942729542,13957.177878112723,497589.7360456115,-0.2,-0.0688539001805281,0.0205083333333333
202508,NRP-S,2026-04-01,497589.7360456115,-99517.9472091223,-34260.99401653986,10204.736170068732,363810.7948199493,-0.2,-0.0688539001805281,0.0205083333333333
202508,NRP-S,2026-05-01,363810.7948199493,-72762.15896398986,-25049.79215113138,7461.153050432448,265998.84370482806,-0.2,-0.0688539001805281,0.0205083333333333
202508,NRP-S,2026-06-01,265998.84370482806,-53199.768740965614,-18315.05783258813,5455.19295297984,194484.01713127433,-0.2,-0.0688539001805281,0.0205083333333333
202508,NRP-S,2026-07-01,194484.01713127433,-38896.80342625487,-13390.98310226488,3988.543051333878,142196.2306027546,-0.2,-0.0688539001805281,0.0205083333333333
202508,NRP-S,2026-08-01,142196.2306027546,-28439.24612055092,-9790.76506796942,2916.2076959448204,103966.21941423426,-0.2,-0.0688539001805281,0.0205083333333333
202508,NRP-S,2026-09-01,103966.21941423426,-20793.243882846855,-7158.479693694569,2132.173883153584,76014.49583769284,-0.2,-0.0688539001805281,0.0205083333333333
202508,NRP-S,2026-10-01,76014.49583769284,-15202.89916753857,-5233.894508681672,1558.9306188046814,55577.702161472596,-0.2,-0.0688539001805281,0.0205083333333333
202508,NRP-S,2026-11-01,55577.702161472596,-11115.54043229452,-3826.741556889155,1139.8060418281987,40635.42017228893,-0.2,-0.0688539001805281,0.0205083333333333
202508,NRP-S,2026-12-01,40635.42017228893,-8127.0840344577855,-2797.9071643365996,833.3647420333573,29710.42897349454,-0.2,-0.0688539001805281,0.0205083333333333
202508,NRP-S,2027-01-01,29710.42897349454,-5942.085794698909,-2045.678910861663,609.3113808647495,21722.66426793397,-0.2,-0.0688539001805281,0.0205083333333333
202508,NRP-S,2027-02-01,21722.66426793397,-4344.532853586795,-1495.69015715945,445.49563969487843,15882.441257187726,-0.2,-0.0688539001805281,0.0205083333333333
202508,NRP-S,2027-03-01,15882.441257187726,-3176.4882514375454,-1093.568024945505,325.72239944949104,11612.384980804674,-0.2,-0.0688539001805281,0.0205083333333333
202508,NRP-S,2027-04-01,11612.384980804674,-2322.476996160935,-799.5579963261888,238.15066198133545,8490.349988317552,-0.2,-0.0688539001805281,0.0205083333333333
202508,NRP-S,2027-05-01,8490.349988317552,-1698.0699976635105,-584.5937105933647,174.12292767707882,6207.686280060677,-0.2,-0.0688539001805281,0.0205083333333333
202508,NRP-S,2027-06-01,6207.686280060677,-1241.5372560121355,-427.42341147933166,127.30929946024416,4538.72561256921,-0.2,-0.0688539001805281,0.0205083333333333
202508,NRP-S,2027-07-01,4538.72561256921,-907.745122513842,-312.50896027464665,93.08169777110673,3318.4715297807215,-0.2,-0.0688539001805281,0.0205083333333333
202508,NRP-S,2027-08-01,3318.4715297807215,-663.6943059561444,-228.4897074634462,68.05632028991951,2426.2875163611307,-0.2,-0.0688539001805281,0.0205083333333333
202508,NRP-S,2027-09-01,2426.2875163611307,-485.25750327222613,-167.05935846079075,49.75911314803944,1773.9706546281138,-0.2,-0.0688539001805281,0.0205083333333333
202508,NRP-S,2027-10-01,1773.9706546281138,-354.79413092562277,-122.14479837695025,36.38118150866484,1297.0317253255407,-0.2,-0.0688539001805281,0.0205083333333333
202508,NRP-S,2027-11-01,1297.0317253255407,-259.40634506510816,-89.30569294654292,26.599958966884586,948.3196873138897,-0.2,-0.0688539001805281,0.0205083333333333
202508,NRP-S,2027-12-01,948.3196873138897,-189.66393746277797,-65.29550908954019,19.448456253995655,693.3602407615715,-0.2,-0.0688539001805281,0.0205083333333333
202508,PRIME,2025-10-01,30052.62,0.0,0.0,337.84153649999797,30052.62,0.0,0.0,0.0112416666666666
202508,PRIME,2025-11-01,30052.62,0.0,0.0,337.84153649999797,30052.62,0.0,0.0,0.0112416666666666
202508,PRIME,2025-12-01,30052.62,0.0,0.0,337.84153649999797,30052.62,0.0,0.0,0.0112416666666666
202508,PRIME,2026-01-01,30052.62,0.0,0.0,337.84153649999797,30052.62,0.0,0.0,0.0112416666666666
202508,PRIME,2026-02-01,30052.62,0.0,0.0,337.84153649999797,30052.62,0.0,0.0,0.0112416666666666
202508,PRIME,2026-03-01,30052.62,0.0,0.0,337.84153649999797,30052.62,0.0,0.0,0.0112416666666666
202508,PRIME,2026-04-01,30052.62,0.0,0.0,337.84153649999797,30052.62,0.0,0.0,0.0112416666666666
202508,PRIME,2026-05-01,30052.62,0.0,0.0,337.84153649999797,30052.62,0.0,0.0,0.0112416666666666
202508,PRIME,2026-06-01,30052.62,0.0,0.0,337.84153649999797,30052.62,0.0,0.0,0.0112416666666666
202508,PRIME,2026-07-01,30052.62,0.0,0.0,337.84153649999797,30052.62,0.0,0.0,0.0112416666666666
202508,PRIME,2026-08-01,30052.62,0.0,0.0,337.84153649999797,30052.62,0.0,0.0,0.0112416666666666
202508,PRIME,2026-09-01,30052.62,0.0,0.0,337.84153649999797,30052.62,0.0,0.0,0.0112416666666666
202508,PRIME,2026-10-01,30052.62,0.0,0.0,337.84153649999797,30052.62,0.0,0.0,0.0112416666666666
202508,PRIME,2026-11-01,30052.62,0.0,0.0,337.84153649999797,30052.62,0.0,0.0,0.0112416666666666
202508,PRIME,2026-12-01,30052.62,0.0,0.0,337.84153649999797,30052.62,0.0,0.0,0.0112416666666666
202508,PRIME,2027-01-01,30052.62,0.0,0.0,337.84153649999797,30052.62,0.0,0.0,0.0112416666666666
202508,PRIME,2027-02-01,30052.62,0.0,0.0,337.84153649999797,30052.62,0.0,0.0,0.0112416666666666
202508,PRIME,2027-03-01,30052.62,0.0,0.0,337.84153649999797,30052.62,0.0,0.0,0.0112416666666666
202508,PRIME,2027-04-01,30052.62,0.0,0.0,337.84153649999797,30052.62,0.0,0.0,0.0112416666666666
202508,PRIME,2027-05-01,30052.62,0.0,0.0,337.84153649999797,30052.62,0.0,0.0,0.0112416666666666
202508,PRIME,2027-06-01,30052.62,0.0,0.0,337.84153649999797,30052.62,0.0,0.0,0.0112416666666666
202508,PRIME,2027-07-01,30052.62,0.0,0.0,337.84153649999797,30052.62,0.0,0.0,0.0112416666666666
202508,PRIME,2027-08-01,30052.62,0.0,0.0,337.84153649999797,30052.62,0.0,0.0,0.0112416666666666
202508,PRIME,2027-09-01,30052.62,0.0,0.0,337.84153649999797,30052.62,0.0,0.0,0.0112416666666666
202508,PRIME,2027-10-01,30052.62,0.0,0.0,337.84153649999797,30052.62,0.0,0.0,0.0112416666666666
202508,PRIME,2027-11-01,30052.62,0.0,0.0,337.84153649999797,30052.62,0.0,0.0,0.0112416666666666
202508,PRIME,2027-12-01,30052.62,0.0,0.0,337.84153649999797,30052.62,0.0,0.0,0.0112416666666666
202509,NON PRIME,2025-10-01,11481431.49,-206665.76682,-42481.296513,435528.9678539996,11232284.426667,-0.018,-0.0037,0.0379333333333333
202509,NON PRIME,2025-11-01,11232284.426667,-202181.11968000597,-41559.4523786679,426077.98925156775,10988543.854608325,-0.018,-0.0037,0.0379333333333333
202509,NON PRIME,2025-12-01,10988543.854608325,-197793.78938294985,-40657.6122620508,416832.09688480874,10750092.452963324,-0.018,-0.0037,0.0379333333333333
202509,NON PRIME,2026-01-01,10750092.452963324,-193501.66415333984,-39775.342075964305,407786.8403824084,10516815.44673402,-0.018,-0.0037,0.0379333333333333
202509,NON PRIME,2026-02-01,10516815.44673402,-189302.67804121235,-38912.21715291588,398937.86594611016,10288600.551539892,-0.018,-0.0037,0.0379333333333333
202509,NON PRIME,2026-03-01,10288600.551539892,-185194.80992771804,-38067.8220406976,390280.9142550796,10065337.919571476,-0.018,-0.0037,0.0379333333333333
202509,NON PRIME,2026-04-01,10065337.919571476,-181176.08255228656,-37241.75030241446,381811.8184157443,9846920.086716775,-0.018,-0.0037,0.0379333333333333
202509,NON PRIME,2026-05-01,9846920.086716775,-177244.56156090193,-36433.60432085207,373526.50195612264,9633241.92083502,-0.018,-0.0037,0.0379333333333333
202509,NON PRIME,2026-06-01,9633241.92083502,-173398.35457503036,-35642.99510708958,365420.97686367476,9424200.5711529,-0.018,-0.0037,0.0379333333333333
202509,NON PRIME,2026-07-01,9424200.5711529,-169635.61028075218,-34869.54211326573,357491.34166573297,9219695.418758882,-0.018,-0.0037,0.0379333333333333
202509,NON PRIME,2026-08-01,9219695.418758882,-165954.51753765988,-34112.87304940786,349733.7795515866,9019628.028171815,-0.018,-0.0037,0.0379333333333333
202509,NON PRIME,2026-09-01,9019628.028171815,-162353.30450709266,-33372.62370423572,342144.5565353172,8823902.099960485,-0.018,-0.0037,0.0379333333333333
202509,NON PRIME,2026-10-01,8823902.099960485,-158830.23779928873,-32648.437769853797,334720.0196585008,8632423.424391342,-0.018,-0.0037,0.0379333333333333
202509,NON PRIME,2026-11-01,8632423.424391342,-155383.62163904414,-31939.966670247966,327456.5952319113,8445099.836082049,-0.018,-0.0037,0.0379333333333333
202509,NON PRIME,2026-12-01,8445099.836082049,-152011.79704947685,-31246.86939350358,320350.7871153788,8261841.169639069,-0.018,-0.0037,0.0379333333333333
202509,NON PRIME,2027-01-01,8261841.169639069,-148713.14105350323,-30568.812327664557,313399.17503497505,8082559.216257901,-0.018,-0.0037,0.0379333333333333
202509,NON PRIME,2027-02-01,8082559.216257901,-145486.06589264222,-29905.469100154234,306598.4129367161,7907167.681265105,-0.018,-0.0037,0.0379333333333333
202509,NON PRIME,2027-03-01,7907167.681265105,-142329.01826277186,-29256.52042068089,299945.2273759894,7735582.142581652,-0.018,-0.0037,0.0379333333333333
202509,NON PRIME,2027-04-01,7735582.142581652,-139240.4785664697,-28621.653927552114,293436.4159419304,7567720.01008763,-0.018,-0.0037,0.0379333333333333
202509,NON PRIME,2027-05-01,7567720.01008763,-136218.96018157733,-28000.56403732423,287068.84571599046,7403500.485868729,-0.018,-0.0037,0.0379333333333333
202509,NON PRIME,2027-06-01,7403500.485868729,-133263.0087456371,-27392.951797714297,280839.4517639535,7242844.5253253775,-0.018,-0.0037,0.0379333333333333
202509,NON PRIME,2027-07-01,7242844.5253253775,-130371.20145585679,-26798.524743703896,274745.23566067574,7085674.799125817,-0.018,-0.0037,0.0379333333333333
202509,NON PRIME,2027-08-01,7085674.799125817,-127542.14638426469,-26216.996756765522,268783.2640468391,6931915.655984787,-0.018,-0.0037,0.0379333333333333
202509,NON PRIME,2027-09-01,6931915.655984787,-124774.48180772616,-25648.087927143715,262950.6672170227,6781493.086249917,-0.018,-0.0037,0.0379333333333333
202509,NON PRIME,2027-10-01,6781493.086249917,-122066.87555249849,-25091.524419124693,257244.63773841326,6634334.686278294,-0.018,-0.0037,0.0379333333333333
202509,NON PRIME,2027-11-01,6634334.686278294,-119418.02435300928,-24547.03833922969,251662.4290994897,6490369.623586055,-0.018,-0.0037,0.0379333333333333
202509,NON PRIME,2027-12-01,6490369.623586055,-116826.65322454898,-24014.367607268403,246201.3543880308,6349528.602754237,-0.018,-0.0037,0.0379333333333333
202509,NRP-L,2025-10-01,15353.37,-299.390715,-138.18033,235.16245049999898,14915.798955000002,-0.0195,-0.009,0.0153166666666666
202509,NRP-L,2025-11-01,14915.798955000002,-290.85807962250004,-134.242190595,228.46032066074903,14490.698684782503,-0.0195,-0.009,0.0153166666666666
202509,NRP-L,2025-12-01,14490.698684782503,-282.5686243532588,-130.4162881630425,221.9492015219177,14077.713772266203,-0.0195,-0.009,0.0153166666666666
202509,NRP-L,2026-01-01,14077.713772266203,-274.51541855919095,-126.69942395039581,215.62364927854307,13676.498929756615,-0.0195,-0.009,0.0153166666666666
202509,NRP-L,2026-02-01,13676.498929756615,-266.691729130254,-123.08849036780953,209.4783752741046,13286.718710258552,-0.0195,-0.009,0.0153166666666666
202509,NRP-L,2026-03-01,13286.718710258552,-259.09101485004174,-119.58046839232696,203.5082415787926,12908.047227016183,-0.0195,-0.009,0.0153166666666666
202509,NRP-L,2026-04-01,12908.047227016183,-251.70692092681557,-116.17242504314564,197.708256693797,12540.167881046222,-0.0195,-0.009,0.0153166666666666
202509,NRP-L,2026-05-01,12540.167881046222,-244.53327368040132,-112.86151092941599,192.0735713780238,12182.773096436405,-0.0195,-0.009,0.0153166666666666
202509,NRP-L,2026-06-01,12182.773096436405,-237.5640753805099,-109.64495786792764,186.59947459375013,11835.564063187969,-0.0195,-0.009,0.0153166666666666
202509,NRP-L,2026-07-01,11835.564063187969,-230.7934992321654,-106.5200765686917,181.28138956782826,11498.250487387111,-0.0195,-0.009,0.0153166666666666
202509,NRP-L,2026-08-01,11498.250487387111,-224.21588450404866,-103.484254386484,176.11486996514515,11170.55034849658,-0.0195,-0.009,0.0153166666666666
202509,NRP-L,2026-09-01,11170.55034849658,-217.8257317956833,-100.53495313646921,171.09559617113854,10852.189663564426,-0.0195,-0.009,0.0153166666666666
202509,NRP-L,2026-10-01,10852.189663564426,-211.6176984395063,-97.66970697207982,166.21937168026108,10542.90225815284,-0.0195,-0.009,0.0153166666666666
202509,NRP-L,2026-11-01,10542.90225815284,-205.5865940339804,-94.88612032337556,161.48211958737363,10242.429543795484,-0.0195,-0.009,0.0153166666666666
202509,NRP-L,2026-12-01,10242.429543795484,-199.72737610401194,-92.18186589415936,156.8798791791335,9950.520301797313,-0.0195,-0.009,0.0153166666666666
202509,NRP-L,2027-01-01,9950.520301797313,-194.0351458850476,-89.5546827161758,152.40880262252819,9666.93047319609,-0.0195,-0.009,0.0153166666666666
202509,NRP-L,2027-02-01,9666.93047319609,-188.50514422732374,-87.0023742587648,148.06515174778613,9391.42295471,-0.0195,-0.009,0.0153166666666666
202509,NRP-L,2027-03-01,9391.42295471,-183.132747616845,-84.52280659239,143.8452949229742,9123.767400500767,-0.0195,-0.009,0.0153166666666666
202509,NRP-L,2027-04-01,9123.767400500767,-177.91346430976495,-82.1139066045069,139.74570401766945,8863.740029586495,-0.0195,-0.009,0.0153166666666666
202509,NRP-L,2027-05-01,8863.740029586495,-172.84293057693665,-79.77366026627845,135.7629514531659,8611.12343874328,-0.0195,-0.009,0.0153166666666666
202509,NRP-L,2027-06-01,8611.12343874328,-167.91690705549397,-77.50011094868951,131.89370733675065,8365.706420739096,-0.0195,-0.009,0.0153166666666666
202509,NRP-L,2027-07-01,8365.706420739096,-163.13127520441236,-75.29135778665186,128.13473667765325,8127.2837877480315,-0.0195,-0.009,0.0153166666666666
202509,NRP-L,2027-08-01,8127.2837877480315,-158.48203386108662,-73.14555408973227,124.48289668234014,7895.656199797212,-0.0195,-0.009,0.0153166666666666
202509,NRP-L,2027-09-01,7895.656199797212,-153.96529589604563,-71.0609057981749,120.93513412689344,7670.6299981029915,-0.0195,-0.009,0.0153166666666666
202509,NRP-L,2027-10-01,7670.6299981029915,-149.57728496300834,-69.03566998292692,117.48848280427697,7452.017043157056,-0.0195,-0.009,0.0153166666666666
202509,NRP-L,2027-11-01,7452.017043157056,-145.3143323415626,-67.06815338841349,114.14006104435508,7239.63455742708,-0.0195,-0.009,0.0153166666666666
202509,NRP-L,2027-12-01,7239.63455742708,-141.17287386982807,-65.15671101684372,110.88706930459095,7033.304972540408,-0.0195,-0.009,0.0153166666666666
202509,NRP-M,2025-10-01,8727304.43,-112582.227147,-13963.687088,137455.0447725,8600758.515765,-0.0129,-0.0016,0.01575
202509,NRP-M,2025-11-01,8600758.515765,-110949.7848533685,-13761.213625224002,135461.94662329875,8476047.517286407,-0.0129,-0.0016,0.01575
202509,NRP-M,2025-12-01,8476047.517286407,-109341.01297299465,-13561.676027658252,133497.7483972609,8353144.828285754,-0.0129,-0.0016,0.01575
202509,NRP-M,2026-01-01,8353144.828285754,-107755.56828488622,-13365.031725257206,131562.03104550063,8232024.22827561,-0.0129,-0.0016,0.01575
202509,NRP-M,2026-02-01,8232024.22827561,-106193.11254475536,-13171.238765240976,129654.38159534086,8112659.876965614,-0.0129,-0.0016,0.01575
202509,NRP-M,2026-03-01,8112659.876965614,-104653.31241285642,-12980.255803144983,127774.39306220842,7995026.308749613,-0.0129,-0.0016,0.01575
202509,NRP-M,2026-04-01,7995026.308749613,-103135.83938287,-12792.042093999382,125921.6643628064,7879098.427272744,-0.0129,-0.0016,0.01575
202509,NRP-M,2026-05-01,7879098.427272744,-101640.36971181839,-12606.55748363639,124095.80022954571,7764851.500077289,-0.0129,-0.0016,0.01575
202509,NRP-M,2026-06-01,7764851.500077289,-100166.58435099703,-12423.762400123662,122296.4111262173,7652261.153326169,-0.0129,-0.0016,0.01575
202509,NRP-M,2026-07-01,7652261.153326169,-98714.16887790758,-12243.61784532187,120523.11316488715,7541303.366602939,-0.0129,-0.0016,0.01575
202509,NRP-M,2026-08-01,7541303.366602939,-97282.81342917791,-12066.085386564702,118775.52802399629,7431954.467787196,-0.0129,-0.0016,0.01575
202509,NRP-M,2026-09-01,7431954.467787196,-95872.21263445483,-11891.127148459515,117053.28286764833,7324191.128004282,-0.0129,-0.0016,0.01575
202509,NRP-M,2026-10-01,7324191.128004282,-94482.06555125523,-11718.705804806852,115356.01026606745,7217990.35664822,-0.0129,-0.0016,0.01575
202509,NRP-M,2026-11-01,7217990.35664822,-93112.07560076204,-11548.784570637152,113683.34811720946,7113329.496476821,-0.0129,-0.0016,0.01575
202509,NRP-M,2026-12-01,7113329.496476821,-91761.95050455099,-11381.327194362913,112034.93956950992,7010186.218777907,-0.0129,-0.0016,0.01575
202509,NRP-M,2027-01-01,7010186.218777907,-90431.402222235,-11216.297950044653,110410.43294575204,6908538.518605628,-0.0129,-0.0016,0.01575
202509,NRP-M,2027-02-01,6908538.518605628,-89120.1468900126,-11053.661629769005,108809.48166803864,6808364.7100858465,-0.0129,-0.0016,0.01575
202509,NRP-M,2027-03-01,6808364.7100858465,-87827.90476010741,-10893.383536137355,107231.74418385209,6709643.421789601,-0.0129,-0.0016,0.01575
202509,NRP-M,2027-04-01,6709643.421789601,-86554.40014108586,-10735.429474863362,105676.88389318623,6612353.592173653,-0.0129,-0.0016,0.01575
202509,NRP-M,2027-05-01,6612353.592173653,-85299.36133904012,-10579.765747477844,104144.56907673503,6516474.465087134,-0.0129,-0.0016,0.01575
202509,NRP-M,2027-06-01,6516474.465087134,-84062.52059962404,-10426.359144139415,102634.47282512237,6421985.585343371,-0.0129,-0.0016,0.01575
202509,NRP-M,2027-07-01,6421985.585343371,-82843.6140509295,-10275.176936549395,101146.27296915809,6328866.794355893,-0.0129,-0.0016,0.01575
202509,NRP-M,2027-08-01,6328866.794355893,-81642.38164719101,-10126.186870969428,99679.65201110531,6237098.225837732,-0.0129,-0.0016,0.01575
202509,NRP-M,2027-09-01,6237098.225837732,-80458.56711330674,-9979.357161340371,98234.29705694427,6146660.301563085,-0.0129,-0.0016,0.01575
202509,NRP-M,2027-10-01,6146660.301563085,-79291.9178901638,-9834.656482500937,96809.89974961859,6057533.72719042,-0.0129,-0.0016,0.01575
202509,NRP-M,2027-11-01,6057533.72719042,-78142.18508075642,-9692.053963504672,95406.15620324912,5969699.488146159,-0.0129,-0.0016,0.01575
202509,NRP-M,2027-12-01,5969699.488146159,-77009.12339708545,-9551.519181033855,94022.766938302,5883138.845568039,-0.0129,-0.0016,0.01575
202509,NRP-S,2025-10-01,3314123.22,-55677.270096,-8285.308050000001,67967.1437034999,3250160.6418540003,-0.0168,-0.0025,0.0205083333333333
202509,NRP-S,2025-11-01,3250160.6418540003,-54602.6987831472,-8125.401604635001,66655.37783002235,3187432.541466218,-0.0168,-0.0025,0.0205083333333333
202509,NRP-S,2025-12-01,3187432.541466218,-53548.86669663246,-7968.581353665545,65368.92903790291,3125915.09341592,-0.0168,-0.0025,0.0205083333333333
202509,NRP-S,2026-01-01,3125915.09341592,-52515.373569387455,-7814.787733539801,64107.308707471384,3065584.9321129927,-0.0168,-0.0025,0.0205083333333333
202509,NRP-S,2026-02-01,3065584.9321129927,-51501.82685949827,-7663.962330282482,62870.03764941719,3006419.1429232117,-0.0168,-0.0025,0.0205083333333333
202509,NRP-S,2026-03-01,3006419.1429232117,-50507.841601109954,-7516.047857308029,61656.64592278343,2948395.253464794,-0.0168,-0.0025,0.0205083333333333
202509,NRP-S,2026-04-01,2948395.253464794,-49533.04025820853,-7370.988133661985,60466.67265647371,2891491.225072923,-0.0168,-0.0025,0.0205083333333333
202509,NRP-S,2026-05-01,2891491.225072923,-48577.05258122511,-7228.728062682308,59299.66587420376,2835685.4444290157,-0.0168,-0.0025,0.0205083333333333
202509,NRP-S,2026-06-01,2835685.4444290157,-47639.51546640746,-7089.21361107254,58155.182322831635,2780956.715351536,-0.0168,-0.0025,0.0205083333333333
202509,NRP-S,2026-07-01,2780956.715351536,-46720.0728179058,-6952.39178837884,57032.78730400099,2727284.2507452513,-0.0168,-0.0025,0.0205083333333333
202509,NRP-S,2026-08-01,2727284.2507452513,-45818.37541252022,-6818.210626863129,55932.05450903377,2674647.6647058683,-0.0168,-0.0025,0.0205083333333333
202509,NRP-S,2026-09-01,2674647.6647058683,-44934.080767058585,-6686.619161764671,54852.565857009424,2623026.964777045,-0.0168,-0.0025,0.0205083333333333
202509,NRP-S,2026-10-01,2623026.964777045,-44066.85300825435,-6557.567411942612,53793.91133596914,2572402.544356848,-0.0168,-0.0025,0.0205083333333333
202509,NRP-S,2026-11-01,2572402.544356848,-43216.362745195045,-6431.00636089212,52755.68884718494,2522755.1752507607,-0.0168,-0.0025,0.0205083333333333
202509,NRP-S,2026-12-01,2522755.1752507607,-42382.28694421278,-6306.887938126902,51737.50405243426,2474066.000368421,-0.0168,-0.0025,0.0205083333333333
202509,NRP-S,2027-01-01,2474066.000368421,-41564.30880618947,-6185.1650009210525,50738.97022422228,2426316.5265613105,-0.0168,-0.0025,0.0205083333333333
202509,NRP-S,2027-02-01,2426316.5265613105,-40762.11764623001,-6065.791316403276,49759.70809889479,2379488.6175986775,-0.0168,-0.0025,0.0205083333333333
202509,NRP-S,2027-03-01,2379488.6175986775,-39975.40877565778,-5948.721543996694,48799.34573258613,2333564.487279023,-0.0168,-0.0025,0.0205083333333333
202509,NRP-S,2027-04-01,2333564.487279023,-39203.88338628758,-5833.911218197558,47857.518359947215,2288526.692674538,-0.0168,-0.0025,0.0205083333333333
202509,NRP-S,2027-05-01,2288526.692674538,-38447.24843693224,-5721.3167316863455,46933.86825560024,2244358.1275059194,-0.0168,-0.0025,0.0205083333333333
202509,NRP-S,2027-06-01,2244358.1275059194,-37705.21654209944,-5610.8953187647985,46028.04459826715,2201042.015645055,-0.0168,-0.0025,0.0205083333333333
202509,NRP-S,2027-07-01,2201042.015645055,-36977.50586283692,-5502.605039112638,45139.703337520594,2158561.9047431056,-0.0168,-0.0025,0.0205083333333333
202509,NRP-S,2027-08-01,2158561.9047431056,-36263.83999968417,-5396.404761857764,44268.50706310645,2116901.6599815637,-0.0168,-0.0025,0.0205083333333333
202509,NRP-S,2027-09-01,2116901.6599815637,-35563.947887690265,-5292.254149953909,43414.1248767885,2076045.4579439196,-0.0168,-0.0025,0.0205083333333333
202509,NRP-S,2027-10-01,2076045.4579439196,-34877.56369345784,-5190.113644859799,42576.23226666648,2035977.780605602,-0.0168,-0.0025,0.0205083333333333
202509,NRP-S,2027-11-01,2035977.780605602,-34204.426714174115,-5089.944451514005,41754.51098391982,1996683.409439914,-0.0168,-0.0025,0.0205083333333333
202509,NRP-S,2027-12-01,1996683.409439914,-33544.281278590555,-4991.708523599785,40948.648921930166,1958147.4196377234,-0.0168,-0.0025,0.0205083333333333
202509,PRIME,2025-10-01,24414.84,-183.1113,-107.425296,274.4634929999984,24124.303404,-0.0075,-0.0044,0.0112416666666666
202509,PRIME,2025-11-01,24124.303404,-180.93227552999997,-106.1469349776,271.19737743329836,23837.224193492395,-0.0075,-0.0044,0.0112416666666666
202509,PRIME,2025-12-01,23837.224193492395,-178.77918145119295,-104.88378645136655,267.97012864184205,23553.561225589834,-0.0075,-0.0044,0.0112416666666666
202509,PRIME,2026-01-01,23553.561225589834,-176.65170919192374,-103.63566939259528,264.78128411100414,23273.273847005315,-0.0075,-0.0044,0.0112416666666666
202509,PRIME,2026-02-01,23273.273847005315,-174.54955385253987,-102.4024049268234,261.6303868300832,22996.321888225953,-0.0075,-0.0044,0.0112416666666666
202509,PRIME,2026-03-01,22996.321888225953,-172.47241416169464,-101.1838163081942,258.5169852268052,22722.665657756064,-0.0075,-0.0044,0.0112416666666666
202509,PRIME,2026-04-01,22722.665657756064,-170.41999243317048,-99.9797288941267,255.44063310260623,22452.26593642877,-0.0075,-0.0044,0.0112416666666666
202509,PRIME,2026-05-01,22452.26593642877,-168.39199452321574,-98.78997012028658,252.40088956868522,22185.083971785265,-0.0075,-0.0044,0.0112416666666666
202509,PRIME,2026-06-01,22185.083971785265,-166.38812978838948,-97.61436947585517,249.39731898281786,21921.081472521022,-0.0075,-0.0044,0.0112416666666666
202509,PRIME,2026-07-01,21921.081472521022,-164.40811104390767,-96.45275847909251,246.42949088692234,21660.220602998023,-0.0075,-0.0044,0.0112416666666666
202509,PRIME,2026-08-01,21660.220602998023,-162.45165452248517,-95.3049706531913,243.49697994536797,21402.463977822343,-0.0075,-0.0044,0.0112416666666666
202509,PRIME,2026-09-01,21402.463977822343,-160.51847983366756,-94.17084150241831,240.59936588401806,21147.774656486257,-0.0075,-0.0044,0.0112416666666666
202509,PRIME,2026-10-01,21147.774656486257,-158.6083099236469,-93.05020848853954,237.73623342999826,20896.11613807407,-0.0075,-0.0044,0.0112416666666666
202509,PRIME,2026-11-01,20896.11613807407,-156.72087103555552,-91.94291100752592,234.90717225218128,20647.45235603099,-0.0075,-0.0044,0.0112416666666666
202509,PRIME,2026-12-01,20647.45235603099,-154.8558926702324,-90.84879036653636,232.1117769023803,20401.74767299422,-0.0075,-0.0044,0.0112416666666666
202509,PRIME,2027-01-01,20401.74767299422,-153.01310754745666,-89.76768976117458,229.349646757242,20158.96687568559,-0.0075,-0.0044,0.0112416666666666
202509,PRIME,2027-02-01,20158.96687568559,-151.19225156764193,-88.6994542530166,226.62038596083082,19919.075169864933,-0.0075,-0.0044,0.0112416666666666
202509,PRIME,2027-03-01,19919.075169864933,-149.393063773987,-87.6439307474057,223.92360336789696,19682.03817534354,-0.0075,-0.0044,0.0112416666666666
202509,PRIME,2027-04-01,19682.03817534354,-147.61528631507653,-86.60096797151158,221.25891248781898,19447.82192105695,-0.0075,-0.0044,0.0112416666666666
202509,PRIME,2027-05-01,19447.82192105695,-145.85866440792714,-85.57041645265059,218.62593142921392,19216.392840196375,-0.0075,-0.0044,0.0112416666666666
202509,PRIME,2027-06-01,19216.392840196375,-144.1229463014728,-84.55212849686406,216.0242828452063,18987.71776539804,-0.0075,-0.0044,0.0112416666666666
202509,PRIME,2027-07-01,18987.71776539804,-142.4078832404853,-83.54595816775138,213.45359387934835,18761.763923989805,-0.0075,-0.0044,0.0112416666666666
202509,PRIME,2027-08-01,18761.763923989805,-140.71322942992353,-82.55176126555514,210.91349611218413,18538.498933294326,-0.0075,-0.0044,0.0112416666666666
202509,PRIME,2027-09-01,18538.498933294326,-139.03874199970744,-81.56939530649504,208.40362550844912,18317.890795988125,-0.0075,-0.0044,0.0112416666666666
202509,PRIME,2027-10-01,18317.890795988125,-137.38418096991094,-80.59871950234776,205.92362236489862,18099.907895515866,-0.0075,-0.0044,0.0112416666666666
202509,PRIME,2027-11-01,18099.907895515866,-135.749309216369,-79.63959474026981,203.4731312587563,17884.518991559227,-0.0075,-0.0044,0.0112416666666666
202509,PRIME,2027-12-01,17884.518991559227,-134.1338924366942,-78.69188356286061,201.0518009967771,17671.693215559673,-0.0075,-0.0044,0.0112416666666666
